,date,money,clear_money
0,2025-01-20 00:00:00,0.0,0.0
1,2025-01-20 04:00:00,0.0,-53.12394999999378
2,2025-01-20 08:00:00,-4936.399999999994,-4989.523949999988
3,2025-01-20 12:00:00,-4373.399999999994,-4426.523949999988
4,2025-01-20 16:00:00,930.9000000000087,877.776050000015
5,2025-01-20 20:00:00,2019.6000000000058,1966.476050000012
6,2025-01-21 00:00:00,-1239.199999999997,-1292.3239499999909
7,2025-01-21 04:00:00,-2573.699999999997,-2626.823949999991
8,2025-01-21 08:00:00,-4000.2999999999884,-4053.423949999982
9,2025-01-21 12:00:00,-3325.199999999997,-3378.323949999991
10,2025-01-21 16:00:00,-4267.199999999997,-4320.323949999991
11,2025-01-21 20:00:00,-2522.899999999994,-2576.023949999988
12,2025-01-22 00:00:00,-2318.7999999999884,-2371.923949999982
13,2025-01-22 04:00:00,742.0,688.8760500000062
14,2025-01-22 08:00:00,-133.39999999999418,-186.52394999998796
15,2025-01-22 12:00:00,-659.6999999999971,-712.8239499999909
16,2025-01-22 16:00:00,-1184.0999999999913,-1237.223949999985
17,2025-01-22 20:00:00,-1164.0,-1217.1239499999938
18,2025-01-23 00:00:00,-2109.899999999994,-2163.023949999988
19,2025-01-23 04:00:00,-1647.8999999999942,-1701.023949999988
20,2025-01-23 08:00:00,-2583.0,-2636.123949999994
21,2025-01-23 12:00:00,-3830.899999999994,-3884.023949999988
22,2025-01-23 16:00:00,-3579.5,-3683.9581499999913
23,2025-01-23 20:00:00,-3579.5,-3683.9581499999913
24,2025-01-24 00:00:00,-3579.5,-3683.9581499999913
25,2025-01-24 04:00:00,-3579.5,-3683.9581499999913
26,2025-01-24 08:00:00,-3579.5,-3683.9581499999913
27,2025-01-24 12:00:00,-3579.5,-3683.9581499999913
28,2025-01-24 16:00:00,-3579.5,-3683.9581499999913
29,2025-01-24 20:00:00,-3579.5,-3683.9581499999913
30,2025-01-25 00:00:00,-3579.5,-3683.9581499999913
31,2025-01-25 04:00:00,-3579.5,-3683.9581499999913
32,2025-01-25 08:00:00,-3579.5,-3683.9581499999913
33,2025-01-25 12:00:00,-3579.5,-3683.9581499999913
34,2025-01-25 16:00:00,-3579.5,-3683.9581499999913
35,2025-01-25 20:00:00,-3579.5,-3683.9581499999913
36,2025-01-26 00:00:00,-3579.5,-3683.9581499999913
37,2025-01-26 04:00:00,-3579.5,-3683.9581499999913
38,2025-01-26 08:00:00,-3579.5,-3683.9581499999913
39,2025-01-26 12:00:00,-3579.5,-3736.476399999985
40,2025-01-26 16:00:00,-3652.300000000003,-3809.276399999988
41,2025-01-26 20:00:00,-3840.399999999994,-3997.376399999979
42,2025-01-27 00:00:00,-3696.100000000006,-3853.076399999991
43,2025-01-27 04:00:00,-3565.899999999994,-3722.876399999979
44,2025-01-27 08:00:00,-6055.899999999994,-6212.876399999979
45,2025-01-27 12:00:00,-7266.800000000003,-7423.776399999988
46,2025-01-27 16:00:00,-9619.699999999997,-9776.676399999982
47,2025-01-27 20:00:00,-9916.0,-10122.326399999976
48,2025-01-28 00:00:00,-9916.0,-10122.326399999976
49,2025-01-28 04:00:00,-9916.0,-10122.326399999976
50,2025-01-28 08:00:00,-9916.0,-10122.326399999976
51,2025-01-28 12:00:00,-9916.0,-10122.326399999976
52,2025-01-28 16:00:00,-9916.0,-10122.326399999976
53,2025-01-28 20:00:00,-9916.0,-10122.326399999976
54,2025-01-29 00:00:00,-9916.0,-10122.326399999976
55,2025-01-29 04:00:00,-9916.0,-10122.326399999976
56,2025-01-29 08:00:00,-9916.0,-10122.326399999976
57,2025-01-29 12:00:00,-9916.0,-10122.326399999976
58,2025-01-29 16:00:00,-9916.0,-10173.687999999966
59,2025-01-29 20:00:00,-9787.5,-10045.187999999966
60,2025-01-30 00:00:00,-9127.0,-9384.687999999966
61,2025-01-30 04:00:00,-10743.300000000003,-11000.987999999968
62,2025-01-30 08:00:00,-10891.0,-11148.687999999966
63,2025-01-30 12:00:00,-12348.5,-12606.187999999966
64,2025-01-30 16:00:00,-12277.900000000009,-12535.587999999974
65,2025-01-30 20:00:00,-12444.699999999997,-12702.387999999963
66,2025-01-31 00:00:00,-12712.199999999997,-12969.887999999963
67,2025-01-31 04:00:00,-12852.600000000006,-13110.287999999971
68,2025-01-31 08:00:00,-11869.699999999997,-12127.387999999963
69,2025-01-31 12:00:00,-11479.5,-11737.187999999966
70,2025-01-31 16:00:00,-11352.900000000009,-11610.587999999974
71,2025-01-31 20:00:00,-11884.699999999997,-12142.387999999963
72,2025-02-01 00:00:00,-12599.800000000003,-12857.487999999968
73,2025-02-01 04:00:00,-9468.600000000006,-9726.287999999971
74,2025-02-01 08:00:00,-9572.5,-9830.187999999966
75,2025-02-01 12:00:00,-9396.699999999997,-9705.48994999996
76,2025-02-01 16:00:00,-9396.699999999997,-9705.48994999996
77,2025-02-01 20:00:00,-9396.699999999997,-9705.48994999996
78,2025-02-02 00:00:00,-9396.699999999997,-9705.48994999996
79,2025-02-02 04:00:00,-9396.699999999997,-9756.29999999996
80,2025-02-02 08:00:00,-8380.199999999997,-8739.79999999996
81,2025-02-02 12:00:00,-6937.399999999994,-7296.999999999956
82,2025-02-02 16:00:00,-7362.799999999988,-7722.3999999999505
83,2025-02-02 20:00:00,-6588.199999999997,-6997.205799999952
84,2025-02-03 00:00:00,-6588.199999999997,-6997.205799999952
85,2025-02-03 04:00:00,-6588.199999999997,-6997.205799999952
86,2025-02-03 08:00:00,-6588.199999999997,-6997.205799999952
87,2025-02-03 12:00:00,-6588.199999999997,-6997.205799999952
88,2025-02-03 16:00:00,-6588.199999999997,-7044.841349999944
89,2025-02-03 20:00:00,-6387.899999999994,-6844.541349999941
90,2025-02-04 00:00:00,-10119.799999999988,-10576.441349999935
91,2025-02-04 04:00:00,-13148.999999999985,-13605.641349999933
92,2025-02-04 08:00:00,-12610.799999999988,-13067.441349999935
93,2025-02-04 12:00:00,-11914.199999999997,-12370.841349999944
94,2025-02-04 16:00:00,-9722.199999999997,-10178.841349999944
95,2025-02-04 20:00:00,-10241.099999999991,-10697.741349999938
96,2025-02-05 00:00:00,-10627.699999999997,-11084.341349999944
97,2025-02-05 04:00:00,-10128.899999999994,-10585.541349999941
98,2025-02-05 08:00:00,-9026.999999999985,-9483.641349999933
99,2025-02-05 12:00:00,-9306.599999999991,-9763.241349999938
100,2025-02-05 16:00:00,-9131.999999999985,-9588.641349999933
101,2025-02-05 20:00:00,-9478.799999999988,-9935.441349999935
102,2025-02-06 00:00:00,-9380.399999999994,-9837.041349999941
103,2025-02-06 04:00:00,-8644.199999999997,-9100.841349999944
104,2025-02-06 08:00:00,-7870.299999999988,-8326.941349999935
105,2025-02-06 12:00:00,-8622.699999999997,-9079.341349999944
106,2025-02-06 16:00:00,-9481.999999999985,-9938.641349999933
107,2025-02-06 20:00:00,-10143.399999999994,-10600.041349999941
108,2025-02-07 00:00:00,-8602.699999999997,-9059.341349999944
109,2025-02-07 04:00:00,-7263.199999999997,-7719.841349999944
110,2025-02-07 08:00:00,-7832.199999999997,-8288.841349999944
111,2025-02-07 12:00:00,-8727.299999999988,-9183.941349999935
112,2025-02-07 16:00:00,-8022.199999999997,-8478.841349999944
113,2025-02-07 20:00:00,-9020.899999999994,-9477.541349999941
114,2025-02-08 00:00:00,-9574.199999999997,-10030.841349999944
115,2025-02-08 04:00:00,-8157.199999999997,-8613.841349999944
116,2025-02-08 08:00:00,-7771.599999999991,-8228.241349999938
117,2025-02-08 12:00:00,-7977.099999999991,-8482.07134999994
118,2025-02-08 16:00:00,-7977.099999999991,-8482.07134999994
119,2025-02-08 20:00:00,-7977.099999999991,-8482.07134999994
120,2025-02-09 00:00:00,-7977.099999999991,-8529.97034999993
121,2025-02-09 04:00:00,-8729.099999999991,-9281.97034999993
122,2025-02-09 08:00:00,-8590.999999999985,-9143.870349999925
123,2025-02-09 12:00:00,-9457.499999999985,-10010.370349999925
124,2025-02-09 16:00:00,-9199.099999999991,-9751.97034999993
125,2025-02-09 20:00:00,-8690.299999999988,-9243.170349999928
126,2025-02-10 00:00:00,-8617.099999999991,-9169.97034999993
127,2025-02-10 04:00:00,-8190.499999999985,-8743.370349999925
128,2025-02-10 08:00:00,-8602.699999999997,-9155.570349999936
129,2025-02-10 12:00:00,-8949.099999999991,-9501.97034999993
130,2025-02-10 16:00:00,-9565.399999999994,-10118.270349999933
131,2025-02-10 20:00:00,-9806.299999999988,-10359.170349999928
132,2025-02-11 00:00:00,-9366.799999999988,-9919.670349999928
133,2025-02-11 04:00:00,-9522.699999999997,-10075.570349999936
134,2025-02-11 08:00:00,-9558.299999999988,-10111.170349999928
135,2025-02-11 12:00:00,-9744.599999999991,-10297.47034999993
136,2025-02-11 16:00:00,-10410.199999999997,-10963.070349999936
137,2025-02-11 20:00:00,-10279.099999999991,-10831.97034999993
138,2025-02-12 00:00:00,-9142.399999999994,-9695.270349999933
139,2025-02-12 04:00:00,-7167.099999999991,-7719.9703499999305
140,2025-02-12 08:00:00,-7910.499999999985,-8463.370349999925
141,2025-02-12 12:00:00,-7430.499999999985,-7983.370349999925
142,2025-02-12 16:00:00,-8204.899999999994,-8757.770349999933
143,2025-02-12 20:00:00,-8241.499999999985,-8794.370349999925
144,2025-02-13 00:00:00,-7941.199999999997,-8494.070349999936
145,2025-02-13 04:00:00,-9335.699999999997,-9888.570349999936
146,2025-02-13 08:00:00,-9995.399999999994,-10548.270349999933
147,2025-02-13 12:00:00,-9642.499999999985,-10195.370349999925
148,2025-02-13 16:00:00,-8197.599999999991,-8750.47034999993
149,2025-02-13 20:00:00,-8062.699999999997,-8615.570349999936
150,2025-02-14 00:00:00,-8122.599999999991,-8675.47034999993
151,2025-02-14 04:00:00,-7766.899999999994,-8319.770349999933
152,2025-02-14 08:00:00,-8739.699999999997,-9292.570349999936
153,2025-02-14 12:00:00,-9273.999999999985,-9826.870349999925
154,2025-02-14 16:00:00,-9068.999999999985,-9621.870349999925
155,2025-02-14 20:00:00,-9023.699999999997,-9576.570349999936
156,2025-02-15 00:00:00,-9065.599999999991,-9618.47034999993
157,2025-02-15 04:00:00,-10077.399999999994,-10630.270349999933
158,2025-02-15 08:00:00,-9624.199999999997,-10177.070349999936
159,2025-02-15 12:00:00,-9798.499999999985,-10351.370349999925
160,2025-02-15 16:00:00,-9491.499999999985,-10044.370349999925
161,2025-02-15 20:00:00,-9748.499999999985,-10301.370349999925
162,2025-02-16 00:00:00,-9773.599999999991,-10326.47034999993
163,2025-02-16 04:00:00,-9675.999999999985,-10228.870349999925
164,2025-02-16 08:00:00,-9717.099999999991,-10269.97034999993
165,2025-02-16 12:00:00,-9683.999999999985,-10236.870349999925
166,2025-02-16 16:00:00,-9386.499999999985,-9939.370349999925
167,2025-02-16 20:00:00,-9472.199999999997,-10025.070349999936
168,2025-02-17 00:00:00,-9028.999999999985,-9581.870349999925
169,2025-02-17 04:00:00,-9200.599999999991,-9753.47034999993
170,2025-02-17 08:00:00,-8246.099999999991,-8798.97034999993
171,2025-02-17 12:00:00,-8350.599999999991,-8951.556099999929
172,2025-02-17 16:00:00,-8350.599999999991,-8951.556099999929
173,2025-02-17 20:00:00,-8350.599999999991,-8951.556099999929
174,2025-02-18 00:00:00,-8350.599999999991,-8951.556099999929
175,2025-02-18 04:00:00,-8350.599999999991,-8951.556099999929
176,2025-02-18 08:00:00,-8350.599999999991,-8951.556099999929
177,2025-02-18 12:00:00,-8350.599999999991,-8951.556099999929
178,2025-02-18 16:00:00,-8350.599999999991,-8951.556099999929
179,2025-02-18 20:00:00,-8350.599999999991,-8951.556099999929
180,2025-02-19 00:00:00,-8350.599999999991,-8951.556099999929
181,2025-02-19 04:00:00,-8350.599999999991,-8951.556099999929
182,2025-02-19 08:00:00,-8350.599999999991,-8951.556099999929
183,2025-02-19 12:00:00,-8350.599999999991,-8951.556099999929
184,2025-02-19 16:00:00,-8350.599999999991,-8999.37629999993
185,2025-02-19 20:00:00,-9102.199999999997,-9750.976299999937
186,2025-02-20 00:00:00,-8605.599999999991,-9302.32399999992
187,2025-02-20 04:00:00,-8605.599999999991,-9350.40394999992
188,2025-02-20 08:00:00,-9043.699999999997,-9788.503949999926
189,2025-02-20 12:00:00,-9463.099999999991,-10207.90394999992
190,2025-02-20 16:00:00,-9271.5,-10016.303949999929
191,2025-02-20 20:00:00,-9610.300000000003,-10355.103949999932
192,2025-02-21 00:00:00,-9316.199999999997,-10061.003949999926
193,2025-02-21 04:00:00,-10815.699999999997,-11560.503949999926
194,2025-02-21 08:00:00,-10698.599999999991,-11443.40394999992
195,2025-02-21 12:00:00,-10551.800000000003,-11345.65699999992
196,2025-02-21 16:00:00,-10551.800000000003,-11345.65699999992
197,2025-02-21 20:00:00,-10551.800000000003,-11345.65699999992
198,2025-02-22 00:00:00,-10551.800000000003,-11345.65699999992
199,2025-02-22 04:00:00,-10551.800000000003,-11345.65699999992
200,2025-02-22 08:00:00,-10551.800000000003,-11345.65699999992
201,2025-02-22 12:00:00,-10551.800000000003,-11345.65699999992
202,2025-02-22 16:00:00,-10551.800000000003,-11345.65699999992
203,2025-02-22 20:00:00,-10551.800000000003,-11345.65699999992
204,2025-02-23 00:00:00,-10551.800000000003,-11345.65699999992
205,2025-02-23 04:00:00,-10551.800000000003,-11345.65699999992
206,2025-02-23 08:00:00,-10551.800000000003,-11345.65699999992
207,2025-02-23 12:00:00,-10551.800000000003,-11345.65699999992
208,2025-02-23 16:00:00,-10551.800000000003,-11345.65699999992
209,2025-02-23 20:00:00,-10551.800000000003,-11345.65699999992
210,2025-02-24 00:00:00,-10551.800000000003,-11345.65699999992
211,2025-02-24 04:00:00,-10551.800000000003,-11393.51024999992
212,2025-02-24 08:00:00,-10039.900000000009,-10881.610249999925
213,2025-02-24 12:00:00,-10870.199999999997,-11711.910249999914
214,2025-02-24 16:00:00,-10424.100000000006,-11265.810249999922
215,2025-02-24 20:00:00,-10483.5,-11325.210249999916
216,2025-02-25 00:00:00,-11962.400000000009,-12804.110249999925
217,2025-02-25 04:00:00,-12342.199999999997,-13183.910249999914
218,2025-02-25 08:00:00,-14743.800000000003,-15631.267499999914
219,2025-02-25 12:00:00,-14743.800000000003,-15631.267499999914
220,2025-02-25 16:00:00,-14743.800000000003,-15631.267499999914
221,2025-02-25 20:00:00,-14743.800000000003,-15631.267499999914
222,2025-02-26 00:00:00,-14743.800000000003,-15674.87094999991
223,2025-02-26 04:00:00,-15451.200000000012,-16382.270949999918
224,2025-02-26 08:00:00,-16176.000000000015,-17107.07094999992
225,2025-02-26 12:00:00,-16388.70000000001,-17319.77094999992
226,2025-02-26 16:00:00,-16219.200000000012,-17150.27094999992
227,2025-02-26 20:00:00,-16106.900000000009,-17037.970949999915
228,2025-02-27 00:00:00,-15073.300000000003,-16004.37094999991
229,2025-02-27 04:00:00,-11368.900000000009,-12299.970949999915
230,2025-02-27 08:00:00,-11745.400000000009,-12676.470949999915
231,2025-02-27 12:00:00,-12710.900000000009,-13641.970949999915
232,2025-02-27 16:00:00,-13764.800000000003,-14695.87094999991
233,2025-02-27 20:00:00,-14192.200000000012,-15123.270949999918
234,2025-02-28 00:00:00,-13009.900000000009,-13940.970949999915
235,2025-02-28 04:00:00,-11620.900000000009,-12551.970949999915
236,2025-02-28 08:00:00,-12205.000000000015,-13136.070949999921
237,2025-02-28 12:00:00,-7966.100000000006,-8897.170949999912
238,2025-02-28 16:00:00,-6696.800000000003,-7627.8709499999095
239,2025-02-28 20:00:00,-8011.200000000012,-8942.270949999918
240,2025-03-01 00:00:00,-11485.000000000015,-12416.070949999921
241,2025-03-01 04:00:00,-11930.200000000012,-12861.270949999918
242,2025-03-01 08:00:00,-11836.500000000015,-12767.570949999921
243,2025-03-01 12:00:00,-12816.200000000012,-13747.270949999918
244,2025-03-01 16:00:00,-12244.200000000012,-13175.270949999918
245,2025-03-01 20:00:00,-12130.500000000015,-13061.570949999921
246,2025-03-02 00:00:00,-12292.000000000015,-13223.070949999921
247,2025-03-02 04:00:00,-12968.100000000006,-13899.170949999912
248,2025-03-02 08:00:00,-13544.600000000006,-14475.670949999912
249,2025-03-02 12:00:00,-13348.800000000003,-14279.87094999991
250,2025-03-02 16:00:00,-13728.300000000003,-14659.37094999991
251,2025-03-02 20:00:00,-13583.900000000009,-14514.970949999915
252,2025-03-03 00:00:00,-14927.000000000015,-15858.070949999921
253,2025-03-03 04:00:00,-21004.20000000001,-21935.27094999992
254,2025-03-03 08:00:00,-21759.70000000001,-22690.77094999992
255,2025-03-03 12:00:00,-20196.90000000001,-21127.970949999915
256,2025-03-03 16:00:00,-19854.90000000001,-20785.970949999915
257,2025-03-03 20:00:00,-20236.90000000001,-21214.320949999907
258,2025-03-04 00:00:00,-20236.90000000001,-21214.320949999907
259,2025-03-04 04:00:00,-20236.90000000001,-21214.320949999907
260,2025-03-04 08:00:00,-20236.90000000001,-21214.320949999907
261,2025-03-04 12:00:00,-20236.90000000001,-21214.320949999907
262,2025-03-04 16:00:00,-20236.90000000001,-21214.320949999907
263,2025-03-04 20:00:00,-20236.90000000001,-21214.320949999907
264,2025-03-05 00:00:00,-20236.90000000001,-21214.320949999907
265,2025-03-05 04:00:00,-20236.90000000001,-21214.320949999907
266,2025-03-05 08:00:00,-20236.90000000001,-21214.320949999907
267,2025-03-05 12:00:00,-20236.90000000001,-21214.320949999907
268,2025-03-05 16:00:00,-20236.90000000001,-21214.320949999907
269,2025-03-05 20:00:00,-20236.90000000001,-21214.320949999907
270,2025-03-06 00:00:00,-20236.90000000001,-21214.320949999907
271,2025-03-06 04:00:00,-20236.90000000001,-21259.176549999902
272,2025-03-06 08:00:00,-19382.0,-20404.276549999893
273,2025-03-06 12:00:00,-18384.90000000001,-19407.176549999902
274,2025-03-06 16:00:00,-18636.800000000003,-19659.076549999896
275,2025-03-06 20:00:00,-18628.90000000001,-19651.176549999902
276,2025-03-07 00:00:00,-19170.20000000001,-20192.476549999905
277,2025-03-07 04:00:00,-21459.600000000006,-22481.8765499999
278,2025-03-07 08:00:00,-20060.300000000003,-21082.576549999896
279,2025-03-07 12:00:00,-22989.600000000006,-24011.8765499999
280,2025-03-07 16:00:00,-21639.300000000003,-22661.576549999896
281,2025-03-07 20:00:00,-21019.300000000003,-22041.576549999896
282,2025-03-08 00:00:00,-21523.20000000001,-22545.476549999905
283,2025-03-08 04:00:00,-22160.90000000001,-23183.176549999902
284,2025-03-08 08:00:00,-23194.300000000003,-24216.576549999896
285,2025-03-08 12:00:00,-24068.100000000006,-25090.3765499999
286,2025-03-08 16:00:00,-23788.90000000001,-24811.176549999902
287,2025-03-08 20:00:00,-24024.20000000001,-25046.476549999905
288,2025-03-09 00:00:00,-23588.100000000006,-24610.3765499999
289,2025-03-09 04:00:00,-23757.600000000006,-24779.8765499999
290,2025-03-09 08:00:00,-23763.40000000001,-24785.676549999902
291,2025-03-09 12:00:00,-23871.0,-24893.276549999893
292,2025-03-09 16:00:00,-23979.20000000001,-25001.476549999905
293,2025-03-09 20:00:00,-24958.0,-25980.276549999893
294,2025-03-10 00:00:00,-26917.600000000006,-27939.8765499999
295,2025-03-10 04:00:00,-27343.20000000001,-28365.476549999905
296,2025-03-10 08:00:00,-29259.300000000003,-30281.576549999896
297,2025-03-10 12:00:00,-27948.0,-29011.276599999896
298,2025-03-10 16:00:00,-27948.0,-29011.276599999896
299,2025-03-10 20:00:00,-27948.0,-29011.276599999896
300,2025-03-11 00:00:00,-27948.0,-29011.276599999896
301,2025-03-11 04:00:00,-27948.0,-29050.79514999989
302,2025-03-11 08:00:00,-27478.699999999997,-28581.495149999886
303,2025-03-11 12:00:00,-28397.5,-29500.29514999989
304,2025-03-11 16:00:00,-29296.899999999994,-30399.695149999883
305,2025-03-11 20:00:00,-30595.5,-31698.29514999989
306,2025-03-12 00:00:00,-30101.59999999999,-31204.39514999988
307,2025-03-12 04:00:00,-31971.0,-33073.79514999989
308,2025-03-12 08:00:00,-31806.899999999994,-32909.69514999988
309,2025-03-12 12:00:00,-31009.09999999999,-32111.89514999988
310,2025-03-12 16:00:00,-31313.79999999999,-32416.595149999877
311,2025-03-12 20:00:00,-31882.899999999994,-32985.69514999988
312,2025-03-13 00:00:00,-30599.0,-31701.79514999989
313,2025-03-13 04:00:00,-31788.199999999997,-32890.995149999886
314,2025-03-13 08:00:00,-32551.59999999999,-33654.39514999988
315,2025-03-13 12:00:00,-32448.0,-33550.79514999989
316,2025-03-13 16:00:00,-32029.399999999994,-33132.19514999988
317,2025-03-13 20:00:00,-31850.399999999994,-32953.19514999988
318,2025-03-14 00:00:00,-29926.899999999994,-31029.695149999883
319,2025-03-14 04:00:00,-29088.79999999999,-30191.595149999877
320,2025-03-14 08:00:00,-29996.29999999999,-31099.095149999877
321,2025-03-14 12:00:00,-30772.399999999994,-31875.195149999883
322,2025-03-14 16:00:00,-31035.399999999994,-32138.195149999883
323,2025-03-14 20:00:00,-32113.699999999997,-33216.495149999886
324,2025-03-15 00:00:00,-33603.09999999999,-34705.89514999988
325,2025-03-15 04:00:00,-33419.0,-34521.79514999989
326,2025-03-15 08:00:00,-32850.7,-33953.495149999886
327,2025-03-15 12:00:00,-33350.79999999999,-34453.59514999988
328,2025-03-15 16:00:00,-32707.899999999994,-33810.69514999988
329,2025-03-15 20:00:00,-32965.7,-34068.495149999886
330,2025-03-16 00:00:00,-33206.7,-34351.64304999988
331,2025-03-16 04:00:00,-33206.7,-34351.64304999988
332,2025-03-16 08:00:00,-33206.7,-34351.64304999988
333,2025-03-16 12:00:00,-33206.7,-34351.64304999988
334,2025-03-16 16:00:00,-33206.7,-34351.64304999988
335,2025-03-16 20:00:00,-33206.7,-34351.64304999988
336,2025-03-17 00:00:00,-33206.7,-34351.64304999988
337,2025-03-17 04:00:00,-33206.7,-34351.64304999988
338,2025-03-17 08:00:00,-33206.7,-34351.64304999988
339,2025-03-17 12:00:00,-33206.7,-34351.64304999988
340,2025-03-17 16:00:00,-33206.7,-34351.64304999988
341,2025-03-17 20:00:00,-33206.7,-34351.64304999988
342,2025-03-18 00:00:00,-33206.7,-34351.64304999988
343,2025-03-18 04:00:00,-33206.7,-34393.86114999988
344,2025-03-18 08:00:00,-33680.0,-34867.16114999988
345,2025-03-18 12:00:00,-34535.29999999999,-35722.46114999987
346,2025-03-18 16:00:00,-34518.09999999999,-35705.261149999875
347,2025-03-18 20:00:00,-35092.899999999994,-36280.06114999988
348,2025-03-19 00:00:00,-36075.09999999999,-37262.261149999875
349,2025-03-19 04:00:00,-35369.5,-36556.66114999988
350,2025-03-19 08:00:00,-34976.79999999999,-36163.96114999987
351,2025-03-19 12:00:00,-34634.5,-35821.66114999988
352,2025-03-19 16:00:00,-34490.399999999994,-35677.56114999988
353,2025-03-19 20:00:00,-33794.5,-34981.66114999988
354,2025-03-20 00:00:00,-32949.59999999999,-34136.761149999875
355,2025-03-20 04:00:00,-32260.399999999994,-33447.56114999988
356,2025-03-20 08:00:00,-30833.09999999999,-32020.261149999875
357,2025-03-20 12:00:00,-31793.399999999994,-32980.56114999988
358,2025-03-20 16:00:00,-31878.199999999997,-33065.36114999988
359,2025-03-20 20:00:00,-32180.699999999997,-33367.86114999988
360,2025-03-21 00:00:00,-33000.79999999999,-34187.96114999987
361,2025-03-21 04:00:00,-33513.59999999999,-34700.761149999875
362,2025-03-21 08:00:00,-33459.29999999999,-34646.46114999987
363,2025-03-21 12:00:00,-33233.0,-34420.16114999988
364,2025-03-21 16:00:00,-33753.29999999999,-34940.46114999987
365,2025-03-21 20:00:00,-33636.899999999994,-34824.06114999988
366,2025-03-22 00:00:00,-34117.0,-35304.16114999988
367,2025-03-22 04:00:00,-33717.899999999994,-34947.02364999987
368,2025-03-22 08:00:00,-33717.899999999994,-34947.02364999987
369,2025-03-22 12:00:00,-33717.899999999994,-34947.02364999987
370,2025-03-22 16:00:00,-33717.899999999994,-34947.02364999987
371,2025-03-22 20:00:00,-33717.899999999994,-34947.02364999987
372,2025-03-23 00:00:00,-33717.899999999994,-34947.02364999987
373,2025-03-23 04:00:00,-33717.899999999994,-34947.02364999987
374,2025-03-23 08:00:00,-33717.899999999994,-34947.02364999987
375,2025-03-23 12:00:00,-33717.899999999994,-34947.02364999987
376,2025-03-23 16:00:00,-33717.899999999994,-34947.02364999987
377,2025-03-23 20:00:00,-33717.899999999994,-34989.34939999986
378,2025-03-24 00:00:00,-33221.399999999994,-34492.84939999986
379,2025-03-24 04:00:00,-33402.7,-34674.149399999864
380,2025-03-24 08:00:00,-32325.199999999997,-33596.649399999864
381,2025-03-24 12:00:00,-31866.79999999999,-33138.249399999855
382,2025-03-24 16:00:00,-31541.79999999999,-32813.249399999855
383,2025-03-24 20:00:00,-30725.899999999994,-31997.34939999986
384,2025-03-25 00:00:00,-30085.79999999999,-31357.249399999855
385,2025-03-25 04:00:00,-30207.09999999999,-31478.549399999858
386,2025-03-25 08:00:00,-30906.0,-32177.449399999867
387,2025-03-25 12:00:00,-31892.0,-33163.44939999987
388,2025-03-25 16:00:00,-31965.0,-33236.44939999987
389,2025-03-25 20:00:00,-31046.09999999999,-32317.549399999858
390,2025-03-26 00:00:00,-30646.399999999994,-31917.84939999986
391,2025-03-26 04:00:00,-30318.0,-31589.449399999867
392,2025-03-26 08:00:00,-30999.59999999999,-32271.049399999858
393,2025-03-26 12:00:00,-31248.79999999999,-32520.249399999855
394,2025-03-26 16:00:00,-30262.699999999997,-31534.149399999864
395,2025-03-26 20:00:00,-30454.5,-31769.90684999987
396,2025-03-27 00:00:00,-30454.5,-31769.90684999987
397,2025-03-27 04:00:00,-30454.5,-31769.90684999987
398,2025-03-27 08:00:00,-30454.5,-31769.90684999987
399,2025-03-27 12:00:00,-30454.5,-31769.90684999987
400,2025-03-27 16:00:00,-30454.5,-31769.90684999987
401,2025-03-27 20:00:00,-30454.5,-31813.357199999868
402,2025-03-28 00:00:00,-30424.0,-31782.857199999868
403,2025-03-28 04:00:00,-30329.399999999994,-31688.25719999986
404,2025-03-28 08:00:00,-30164.0,-31522.857199999868
405,2025-03-28 12:00:00,-30608.399999999994,-31967.25719999986
406,2025-03-28 16:00:00,-32180.09999999999,-33538.95719999986
407,2025-03-28 20:00:00,-32141.199999999997,-33500.057199999865
408,2025-03-29 00:00:00,-33344.09999999999,-34702.95719999986
409,2025-03-29 04:00:00,-33594.5,-34953.35719999987
410,2025-03-29 08:00:00,-32974.399999999994,-34333.25719999986
411,2025-03-29 12:00:00,-33229.5,-34588.35719999987
412,2025-03-29 16:00:00,-33659.2,-35018.057199999865
413,2025-03-29 20:00:00,-35100.09999999999,-36500.08474999985
414,2025-03-30 00:00:00,-35100.09999999999,-36500.08474999985
415,2025-03-30 04:00:00,-35100.09999999999,-36500.08474999985
416,2025-03-30 08:00:00,-35100.09999999999,-36500.08474999985
417,2025-03-30 12:00:00,-35100.09999999999,-36500.08474999985
418,2025-03-30 16:00:00,-35100.09999999999,-36500.08474999985
419,2025-03-30 20:00:00,-35100.09999999999,-36500.08474999985
420,2025-03-31 00:00:00,-35100.09999999999,-36541.43469999984
421,2025-03-31 04:00:00,-34910.8,-36352.13469999985
422,2025-03-31 08:00:00,-34753.0,-36194.33469999985
423,2025-03-31 12:00:00,-33891.7,-35333.034699999844
424,2025-03-31 16:00:00,-34295.399999999994,-35736.73469999984
425,2025-03-31 20:00:00,-34571.7,-36013.034699999844
426,2025-04-01 00:00:00,-35773.59999999999,-37214.93469999984
427,2025-04-01 04:00:00,-34826.899999999994,-36268.23469999984
428,2025-04-01 08:00:00,-34917.7,-36359.034699999844
429,2025-04-01 12:00:00,-35330.09999999999,-36771.43469999984
430,2025-04-01 16:00:00,-35815.399999999994,-37256.73469999984
431,2025-04-01 20:00:00,-36280.09999999999,-37721.43469999984
432,2025-04-02 00:00:00,-37645.59999999999,-39086.93469999984
433,2025-04-02 04:00:00,-37311.899999999994,-38753.23469999984
434,2025-04-02 08:00:00,-37521.09999999999,-38962.43469999984
435,2025-04-02 12:00:00,-36909.7,-38351.034699999844
436,2025-04-02 16:00:00,-36790.0,-38231.33469999985
437,2025-04-02 20:00:00,-36928.59999999999,-38369.93469999984
438,2025-04-03 00:00:00,-39109.7,-40551.034699999844
439,2025-04-03 04:00:00,-39254.399999999994,-40695.73469999984
440,2025-04-03 08:00:00,-34885.3,-36326.63469999985
441,2025-04-03 12:00:00,-35849.2,-37290.534699999844
442,2025-04-03 16:00:00,-35823.899999999994,-37265.23469999984
443,2025-04-03 20:00:00,-35458.3,-36899.63469999985
444,2025-04-04 00:00:00,-34402.0,-35843.33469999985
445,2025-04-04 04:00:00,-34377.59999999999,-35818.93469999984
446,2025-04-04 08:00:00,-35581.7,-37023.034699999844
447,2025-04-04 12:00:00,-35188.09999999999,-36629.43469999984
448,2025-04-04 16:00:00,-36368.399999999994,-37809.73469999984
449,2025-04-04 20:00:00,-35033.899999999994,-36475.23469999984
450,2025-04-05 00:00:00,-35222.2,-36663.534699999844
451,2025-04-05 04:00:00,-36372.09999999999,-37855.42064999984
452,2025-04-05 08:00:00,-36372.09999999999,-37855.42064999984
453,2025-04-05 12:00:00,-36372.09999999999,-37855.42064999984
454,2025-04-05 16:00:00,-36372.09999999999,-37855.42064999984
455,2025-04-05 20:00:00,-36372.09999999999,-37855.42064999984
456,2025-04-06 00:00:00,-36372.09999999999,-37855.42064999984
457,2025-04-06 04:00:00,-36372.09999999999,-37855.42064999984
458,2025-04-06 08:00:00,-36372.09999999999,-37855.42064999984
459,2025-04-06 12:00:00,-36372.09999999999,-37855.42064999984
460,2025-04-06 16:00:00,-36372.09999999999,-37855.42064999984
461,2025-04-06 20:00:00,-36372.09999999999,-37855.42064999984
462,2025-04-07 00:00:00,-36372.09999999999,-37855.42064999984
463,2025-04-07 04:00:00,-36372.09999999999,-37855.42064999984
464,2025-04-07 08:00:00,-36372.09999999999,-37855.42064999984
465,2025-04-07 12:00:00,-36372.09999999999,-37894.25544999984
466,2025-04-07 16:00:00,-33786.59999999999,-35308.75544999984
467,2025-04-07 20:00:00,-35358.39999999998,-36880.555449999825
468,2025-04-08 00:00:00,-37147.09999999999,-38669.25544999984
469,2025-04-08 04:00:00,-36788.79999999999,-38310.955449999834
470,2025-04-08 08:00:00,-37842.499999999985,-39364.65544999983
471,2025-04-08 12:00:00,-38571.69999999998,-40093.85544999983
472,2025-04-08 16:00:00,-38151.09999999999,-39673.25544999984
473,2025-04-08 20:00:00,-38652.19999999998,-40174.35544999983
474,2025-04-09 00:00:00,-37162.499999999985,-38684.65544999983
475,2025-04-09 04:00:00,-35532.499999999985,-37054.65544999983
476,2025-04-09 08:00:00,-35000.39999999998,-36522.555449999825
477,2025-04-09 12:00:00,-33742.499999999985,-35264.65544999983
478,2025-04-09 16:00:00,-36353.89999999998,-37876.055449999825
479,2025-04-09 20:00:00,-34906.59999999999,-36428.75544999984
480,2025-04-10 00:00:00,-35940.09999999999,-37462.25544999984
481,2025-04-10 04:00:00,-40993.89999999998,-42516.055449999825
482,2025-04-10 08:00:00,-41290.499999999985,-42812.65544999983
483,2025-04-10 12:00:00,-40434.29999999999,-41956.455449999834
484,2025-04-10 16:00:00,-40264.09999999999,-41786.25544999984
485,2025-04-10 20:00:00,-40541.69999999998,-42063.85544999983
486,2025-04-11 00:00:00,-37434.19999999998,-38956.35544999983
487,2025-04-11 04:00:00,-38313.59999999999,-39835.75544999984
488,2025-04-11 08:00:00,-38262.69999999998,-39784.85544999983
489,2025-04-11 12:00:00,-39499.39999999998,-41021.555449999825
490,2025-04-11 16:00:00,-39916.09999999999,-41438.25544999984
491,2025-04-11 20:00:00,-40799.09999999999,-42321.25544999984
492,2025-04-12 00:00:00,-41189.19999999998,-42711.35544999983
493,2025-04-12 04:00:00,-42511.999999999985,-44034.15544999983
494,2025-04-12 08:00:00,-42080.79999999999,-43602.955449999834
495,2025-04-12 12:00:00,-41642.79999999999,-43164.955449999834
496,2025-04-12 16:00:00,-42387.89999999998,-43910.055449999825
497,2025-04-12 20:00:00,-42186.499999999985,-43708.65544999983
498,2025-04-13 00:00:00,-43676.59999999999,-45198.75544999984
499,2025-04-13 04:00:00,-43594.29999999999,-45116.455449999834
500,2025-04-13 08:00:00,-43940.29999999999,-45462.455449999834
501,2025-04-13 12:00:00,-44091.29999999999,-45613.455449999834
502,2025-04-13 16:00:00,-43080.89999999998,-44603.055449999825
503,2025-04-13 20:00:00,-43193.09999999999,-44715.25544999984
504,2025-04-14 00:00:00,-42522.59999999999,-44044.75544999984
505,2025-04-14 04:00:00,-42652.39999999998,-44174.555449999825
506,2025-04-14 08:00:00,-42416.19999999998,-43938.35544999983
507,2025-04-14 12:00:00,-43238.89999999998,-44761.055449999825
508,2025-04-14 16:00:00,-43246.69999999998,-44768.85544999983
509,2025-04-14 20:00:00,-43593.999999999985,-45116.15544999983
510,2025-04-15 00:00:00,-42756.89999999998,-44279.055449999825
511,2025-04-15 04:00:00,-43575.09999999999,-45097.25544999984
512,2025-04-15 08:00:00,-43256.39999999998,-44778.555449999825
513,2025-04-15 12:00:00,-44054.39999999998,-45619.231399999815
514,2025-04-15 16:00:00,-44054.39999999998,-45619.231399999815
515,2025-04-15 20:00:00,-44054.39999999998,-45619.231399999815
516,2025-04-16 00:00:00,-44054.39999999998,-45661.667349999814
517,2025-04-16 04:00:00,-44971.69999999997,-46578.9673499998
518,2025-04-16 08:00:00,-45317.59999999998,-46924.86734999981
519,2025-04-16 12:00:00,-45272.299999999974,-46879.56734999981
520,2025-04-16 16:00:00,-45601.299999999974,-47208.56734999981
521,2025-04-16 20:00:00,-44917.799999999974,-46525.06734999981
522,2025-04-17 00:00:00,-44115.59999999998,-45722.86734999981
523,2025-04-17 04:00:00,-44640.299999999974,-46247.56734999981
524,2025-04-17 08:00:00,-44936.299999999974,-46543.56734999981
525,2025-04-17 12:00:00,-44972.99999999997,-46580.267349999805
526,2025-04-17 16:00:00,-44297.299999999974,-45904.56734999981
527,2025-04-17 20:00:00,-44394.49999999997,-46001.767349999805
528,2025-04-18 00:00:00,-44430.799999999974,-46038.06734999981
529,2025-04-18 04:00:00,-44128.799999999974,-45736.06734999981
530,2025-04-18 08:00:00,-44011.299999999974,-45618.56734999981
531,2025-04-18 12:00:00,-44135.99999999997,-45743.267349999805
532,2025-04-18 16:00:00,-44303.39999999998,-45910.667349999814
533,2025-04-18 20:00:00,-44296.89999999998,-45904.167349999814
534,2025-04-19 00:00:00,-44593.99999999997,-46201.267349999805
535,2025-04-19 04:00:00,-44397.19999999997,-46004.4673499998
536,2025-04-19 08:00:00,-44505.299999999974,-46112.56734999981
537,2025-04-19 12:00:00,-44080.99999999997,-45688.267349999805
538,2025-04-19 16:00:00,-43751.799999999974,-45359.06734999981
539,2025-04-19 20:00:00,-43746.99999999997,-45354.267349999805
540,2025-04-20 00:00:00,-43779.99999999997,-45387.267349999805
541,2025-04-20 04:00:00,-43871.99999999997,-45479.267349999805
542,2025-04-20 08:00:00,-43879.39999999998,-45486.667349999814
543,2025-04-20 12:00:00,-43809.69999999997,-45416.9673499998
544,2025-04-20 16:00:00,-44189.799999999974,-45797.06734999981
545,2025-04-20 20:00:00,-44841.69999999997,-46448.9673499998
546,2025-04-21 00:00:00,-44621.799999999974,-46229.06734999981
547,2025-04-21 04:00:00,-44317.49999999997,-45924.767349999805
548,2025-04-21 08:00:00,-43787.49999999997,-45394.767349999805
549,2025-04-21 12:00:00,-41759.69999999997,-43366.9673499998
550,2025-04-21 16:00:00,-41525.69999999997,-43132.9673499998
551,2025-04-21 20:00:00,-41989.89999999998,-43597.167349999814
552,2025-04-22 00:00:00,-40928.89999999998,-42536.167349999814
553,2025-04-22 04:00:00,-41557.19999999997,-43164.4673499998
554,2025-04-22 08:00:00,-41460.299999999974,-43067.56734999981
555,2025-04-22 12:00:00,-40815.299999999974,-42422.56734999981
556,2025-04-22 16:00:00,-40491.39999999998,-42098.667349999814
557,2025-04-22 20:00:00,-40353.59999999998,-41960.86734999981
558,2025-04-23 00:00:00,-38045.09999999998,-39652.36734999981
559,2025-04-23 04:00:00,-37569.89999999998,-39177.167349999814
560,2025-04-23 08:00:00,-35521.39999999998,-37128.667349999814
561,2025-04-23 12:00:00,-35800.299999999974,-37407.56734999981
562,2025-04-23 16:00:00,-34823.799999999974,-36431.06734999981
563,2025-04-23 20:00:00,-35501.09999999998,-37108.36734999981
564,2025-04-24 00:00:00,-35785.99999999997,-37393.267349999805
565,2025-04-24 04:00:00,-35489.99999999997,-37097.267349999805
566,2025-04-24 08:00:00,-35294.19999999997,-36901.4673499998
567,2025-04-24 12:00:00,-36293.39999999998,-37900.667349999814
568,2025-04-24 16:00:00,-36760.299999999974,-38367.56734999981
569,2025-04-24 20:00:00,-36351.19999999997,-37958.4673499998
570,2025-04-25 00:00:00,-35781.49999999997,-37388.767349999805
571,2025-04-25 04:00:00,-35428.799999999974,-37036.06734999981
572,2025-04-25 08:00:00,-34994.69999999997,-36601.9673499998
573,2025-04-25 12:00:00,-35663.39999999998,-37270.667349999814
574,2025-04-25 16:00:00,-35192.299999999974,-36799.56734999981
575,2025-04-25 20:00:00,-34323.99999999997,-35931.267349999805
576,2025-04-26 00:00:00,-33926.49999999997,-35533.767349999805
577,2025-04-26 04:00:00,-33697.09999999998,-35304.36734999981
578,2025-04-26 08:00:00,-34334.49999999997,-35941.767349999805
579,2025-04-26 12:00:00,-34241.299999999974,-35848.56734999981
580,2025-04-26 16:00:00,-34406.19999999997,-36013.4673499998
581,2025-04-26 20:00:00,-34830.69999999997,-36437.9673499998
582,2025-04-27 00:00:00,-34601.299999999974,-36208.56734999981
583,2025-04-27 04:00:00,-34665.299999999974,-36272.56734999981
584,2025-04-27 08:00:00,-34350.59999999998,-35957.86734999981
585,2025-04-27 12:00:00,-34804.59999999998,-36411.86734999981
586,2025-04-27 16:00:00,-34898.69999999997,-36505.9673499998
587,2025-04-27 20:00:00,-35055.19999999997,-36662.4673499998
588,2025-04-28 00:00:00,-35068.59999999998,-36675.86734999981
589,2025-04-28 04:00:00,-34537.39999999998,-36144.667349999814
590,2025-04-28 08:00:00,-35229.19999999997,-36836.4673499998
591,2025-04-28 12:00:00,-35126.39999999998,-36733.667349999814
592,2025-04-28 16:00:00,-34284.69999999997,-35891.9673499998
593,2025-04-28 20:00:00,-33650.19999999997,-35257.4673499998
594,2025-04-29 00:00:00,-35153.49999999997,-36760.767349999805
595,2025-04-29 04:00:00,-34185.39999999998,-35792.667349999814
596,2025-04-29 08:00:00,-33957.299999999974,-35564.56734999981
597,2025-04-29 12:00:00,-34326.39999999998,-35933.667349999814
598,2025-04-29 16:00:00,-34048.299999999974,-35655.56734999981
599,2025-04-29 20:00:00,-33839.39999999998,-35446.667349999814
600,2025-04-30 00:00:00,-34135.59999999998,-35742.86734999981
601,2025-04-30 04:00:00,-33675.799999999974,-35283.06734999981
602,2025-04-30 08:00:00,-34726.19999999997,-36333.4673499998
603,2025-04-30 12:00:00,-33936.99999999997,-35544.267349999805
604,2025-04-30 16:00:00,-34348.69999999997,-35955.9673499998
605,2025-04-30 20:00:00,-33799.799999999974,-35407.06734999981
606,2025-05-01 00:00:00,-34977.89999999998,-36585.167349999814
607,2025-05-01 04:00:00,-34808.09999999998,-36415.36734999981
608,2025-05-01 08:00:00,-34801.19999999997,-36408.4673499998
609,2025-05-01 12:00:00,-34188.799999999974,-35796.06734999981
610,2025-05-01 16:00:00,-33947.69999999997,-35554.9673499998
611,2025-05-01 20:00:00,-32796.39999999998,-34403.667349999814
612,2025-05-02 00:00:00,-32132.39999999998,-33739.667349999814
613,2025-05-02 04:00:00,-32467.199999999968,-34074.4673499998
614,2025-05-02 08:00:00,-32502.99999999997,-34110.267349999805
615,2025-05-02 12:00:00,-31871.39999999998,-33478.667349999814
616,2025-05-02 16:00:00,-32624.299999999974,-34231.56734999981
617,2025-05-02 20:00:00,-32050.599999999977,-33657.86734999981
618,2025-05-03 00:00:00,-31656.199999999968,-33263.4673499998
619,2025-05-03 04:00:00,-32069.49999999997,-33676.767349999805
620,2025-05-03 08:00:00,-32095.099999999977,-33702.36734999981
621,2025-05-03 12:00:00,-32634.199999999968,-34241.4673499998
622,2025-05-03 16:00:00,-32635.49999999997,-34242.767349999805
623,2025-05-03 20:00:00,-33030.69999999997,-34637.9673499998
624,2025-05-04 00:00:00,-32567.599999999977,-34174.86734999981
625,2025-05-04 04:00:00,-32614.299999999974,-34221.56734999981
626,2025-05-04 08:00:00,-33122.99999999997,-34730.267349999805
627,2025-05-04 12:00:00,-33246.299999999974,-34853.56734999981
628,2025-05-04 16:00:00,-33084.19999999997,-34691.4673499998
629,2025-05-04 20:00:00,-33550.299999999974,-35157.56734999981
630,2025-05-05 00:00:00,-33505.19999999997,-35112.4673499998
631,2025-05-05 04:00:00,-33392.39999999998,-34999.667349999814
632,2025-05-05 08:00:00,-34696.09999999998,-36303.36734999981
633,2025-05-05 12:00:00,-34925.19999999997,-36532.4673499998
634,2025-05-05 16:00:00,-34229.89999999998,-35837.167349999814
635,2025-05-05 20:00:00,-34940.299999999974,-36547.56734999981
636,2025-05-06 00:00:00,-35200.299999999974,-36807.56734999981
637,2025-05-06 04:00:00,-34630.799999999974,-36238.06734999981
638,2025-05-06 08:00:00,-34229.59999999998,-35836.86734999981
639,2025-05-06 12:00:00,-34507.99999999997,-36115.267349999805
640,2025-05-06 16:00:00,-34576.299999999974,-36183.56734999981
641,2025-05-06 20:00:00,-35155.99999999997,-36763.267349999805
642,2025-05-07 00:00:00,-34413.09999999998,-36020.36734999981
643,2025-05-07 04:00:00,-34015.49999999997,-35622.767349999805
644,2025-05-07 08:00:00,-32127.39999999998,-33734.667349999814
645,2025-05-07 12:00:00,-32472.49999999997,-34079.767349999805
646,2025-05-07 16:00:00,-31986.299999999974,-33593.56734999981
647,2025-05-07 20:00:00,-31926.299999999974,-33582.06734999981
648,2025-05-08 00:00:00,-31926.299999999974,-33582.06734999981
649,2025-05-08 04:00:00,-31926.299999999974,-33582.06734999981
650,2025-05-08 08:00:00,-31926.299999999974,-33582.06734999981
651,2025-05-08 12:00:00,-31926.299999999974,-33582.06734999981
652,2025-05-08 16:00:00,-31926.299999999974,-33582.06734999981
653,2025-05-08 20:00:00,-31926.299999999974,-33631.7522499998
654,2025-05-09 00:00:00,-30565.299999999974,-32270.7522499998
655,2025-05-09 04:00:00,-30041.89999999998,-31747.352249999807
656,2025-05-09 08:00:00,-28067.99999999997,-29773.4522499998
657,2025-05-09 12:00:00,-28876.599999999977,-30582.052249999804
658,2025-05-09 16:00:00,-27698.699999999983,-29404.15224999981
659,2025-05-09 20:00:00,-28381.599999999977,-30087.052249999804
660,2025-05-10 00:00:00,-28443.199999999983,-30148.65224999981
661,2025-05-10 04:00:00,-28150.599999999977,-29856.052249999804
662,2025-05-10 08:00:00,-28354.199999999983,-30059.65224999981
663,2025-05-10 12:00:00,-28116.699999999983,-29822.15224999981
664,2025-05-10 16:00:00,-27574.39999999998,-29279.852249999807
665,2025-05-10 20:00:00,-27921.49999999997,-29678.63954999979
666,2025-05-11 00:00:00,-27921.49999999997,-29678.63954999979
667,2025-05-11 04:00:00,-27921.49999999997,-29678.63954999979
668,2025-05-11 08:00:00,-27921.49999999997,-29678.63954999979
669,2025-05-11 12:00:00,-27921.499999999985,-29730.613449999786
670,2025-05-11 16:00:00,-28541.399999999994,-30350.513449999795
671,2025-05-11 20:00:00,-27255.59999999999,-29064.713449999792
672,2025-05-12 00:00:00,-27786.29999999999,-29595.41344999979
673,2025-05-12 04:00:00,-27495.499999999985,-29304.613449999786
674,2025-05-12 08:00:00,-27796.59999999999,-29605.713449999792
675,2025-05-12 12:00:00,-27805.29999999999,-29614.41344999979
676,2025-05-12 16:00:00,-27443.09999999999,-29252.213449999792
677,2025-05-12 20:00:00,-28164.199999999983,-29973.313449999783
678,2025-05-13 00:00:00,-29387.59999999999,-31196.713449999792
679,2025-05-13 04:00:00,-30056.499999999985,-31865.613449999786
680,2025-05-13 08:00:00,-29129.999999999985,-30939.113449999786
681,2025-05-13 12:00:00,-30187.999999999985,-31997.113449999786
682,2025-05-13 16:00:00,-29245.29999999999,-31054.41344999979
683,2025-05-13 20:00:00,-28183.79999999999,-29992.91344999979
684,2025-05-14 00:00:00,-28236.199999999983,-30045.313449999783
685,2025-05-14 04:00:00,-27124.59999999999,-28933.713449999792
686,2025-05-14 08:00:00,-27787.29999999999,-29596.41344999979
687,2025-05-14 12:00:00,-28320.09999999999,-30129.213449999792
688,2025-05-14 16:00:00,-28207.09999999999,-30016.213449999792
689,2025-05-14 20:00:00,-27965.899999999994,-29775.013449999795
690,2025-05-15 00:00:00,-28407.899999999994,-30217.013449999795
691,2025-05-15 04:00:00,-28590.59999999999,-30399.713449999792
692,2025-05-15 08:00:00,-28411.199999999983,-30220.313449999783
693,2025-05-15 12:00:00,-29163.199999999983,-30972.313449999783
694,2025-05-15 16:00:00,-30135.399999999994,-31944.513449999795
695,2025-05-15 20:00:00,-29533.999999999985,-31343.113449999786
696,2025-05-16 00:00:00,-28658.09999999999,-30467.213449999792
697,2025-05-16 04:00:00,-28762.29999999999,-30571.41344999979
698,2025-05-16 08:00:00,-28154.79999999999,-29963.91344999979
699,2025-05-16 12:00:00,-27890.29999999999,-29699.41344999979
700,2025-05-16 16:00:00,-28222.699999999983,-30031.813449999783
701,2025-05-16 20:00:00,-28254.79999999999,-30063.91344999979
702,2025-05-17 00:00:00,-27725.29999999999,-29534.41344999979
703,2025-05-17 04:00:00,-27894.999999999985,-29704.113449999786
704,2025-05-17 08:00:00,-28457.09999999999,-30266.213449999792
705,2025-05-17 12:00:00,-28404.59999999999,-30213.713449999792
706,2025-05-17 16:00:00,-28469.899999999994,-30279.013449999795
707,2025-05-17 20:00:00,-28925.09999999999,-30734.213449999792
708,2025-05-18 00:00:00,-28969.29999999999,-30778.41344999979
709,2025-05-18 04:00:00,-28769.199999999983,-30578.313449999783
710,2025-05-18 08:00:00,-28789.699999999983,-30598.813449999783
711,2025-05-18 12:00:00,-28625.09999999999,-30434.213449999792
712,2025-05-18 16:00:00,-27976.29999999999,-29785.41344999979
713,2025-05-18 20:00:00,-28100.29999999999,-29909.41344999979
714,2025-05-19 00:00:00,-26385.09999999999,-28194.213449999792
715,2025-05-19 04:00:00,-28035.29999999999,-29844.41344999979
716,2025-05-19 08:00:00,-25461.699999999983,-27270.813449999783
717,2025-05-19 12:00:00,-28299.899999999994,-30109.013449999795
718,2025-05-19 16:00:00,-28702.29999999999,-30511.41344999979
719,2025-05-19 20:00:00,-28957.29999999999,-30766.41344999979
720,2025-05-20 00:00:00,-27128.899999999994,-28938.013449999795
721,2025-05-20 04:00:00,-26411.499999999985,-28220.613449999786
722,2025-05-20 08:00:00,-26337.699999999983,-28146.813449999783
723,2025-05-20 12:00:00,-26149.29999999999,-27958.41344999979
724,2025-05-20 16:00:00,-26889.199999999983,-28698.313449999783
725,2025-05-20 20:00:00,-26710.09999999999,-28519.213449999792
726,2025-05-21 00:00:00,-26574.79999999999,-28383.91344999979
727,2025-05-21 04:00:00,-24897.09999999999,-26706.213449999792
728,2025-05-21 08:00:00,-25069.199999999983,-26878.313449999783
729,2025-05-21 12:00:00,-25078.29999999999,-26887.41344999979
730,2025-05-21 16:00:00,-25405.699999999983,-27214.813449999783
731,2025-05-21 20:00:00,-25378.399999999994,-27187.513449999795
732,2025-05-22 00:00:00,-22932.699999999983,-24741.813449999783
733,2025-05-22 04:00:00,-23321.999999999985,-25131.113449999786
734,2025-05-22 08:00:00,-22259.79999999999,-24068.91344999979
735,2025-05-22 12:00:00,-20113.399999999994,-21922.513449999795
736,2025-05-22 16:00:00,-20863.499999999985,-22672.613449999786
737,2025-05-22 20:00:00,-20925.199999999983,-22734.313449999783
738,2025-05-23 00:00:00,-20618.699999999983,-22427.813449999783
739,2025-05-23 04:00:00,-20733.199999999983,-22542.313449999783
740,2025-05-23 08:00:00,-20206.59999999999,-22015.713449999792
741,2025-05-23 12:00:00,-20825.29999999999,-22634.41344999979
742,2025-05-23 16:00:00,-21184.09999999999,-22993.213449999792
743,2025-05-23 20:00:00,-22836.09999999999,-24645.213449999792
744,2025-05-24 00:00:00,-22976.899999999994,-24786.013449999795
745,2025-05-24 04:00:00,-23209.899999999994,-25019.013449999795
746,2025-05-24 08:00:00,-24597.79999999999,-26406.91344999979
747,2025-05-24 12:00:00,-23562.499999999985,-25371.613449999786
748,2025-05-24 16:00:00,-24318.699999999983,-26127.813449999783
749,2025-05-24 20:00:00,-22717.09999999999,-24526.213449999792
750,2025-05-25 00:00:00,-22980.09999999999,-24789.213449999792
751,2025-05-25 04:00:00,-22956.59999999999,-24765.713449999792
752,2025-05-25 08:00:00,-24170.399999999994,-25979.513449999795
753,2025-05-25 12:00:00,-23823.899999999994,-25633.013449999795
754,2025-05-25 16:00:00,-24232.199999999983,-26041.313449999783
755,2025-05-25 20:00:00,-24655.29999999999,-26464.41344999979
756,2025-05-26 00:00:00,-24941.399999999994,-26750.513449999795
757,2025-05-26 04:00:00,-24212.999999999985,-26022.113449999786
758,2025-05-26 08:00:00,-22913.399999999994,-24722.513449999795
759,2025-05-26 12:00:00,-22282.29999999999,-24091.41344999979
760,2025-05-26 16:00:00,-21819.399999999994,-23628.513449999795
761,2025-05-26 20:00:00,-22132.59999999999,-23941.713449999792
762,2025-05-27 00:00:00,-21906.09999999999,-23715.213449999792
763,2025-05-27 04:00:00,-22794.999999999985,-24604.113449999786
764,2025-05-27 08:00:00,-22482.499999999985,-24291.613449999786
765,2025-05-27 12:00:00,-23024.399999999994,-24833.513449999795
766,2025-05-27 16:00:00,-22381.29999999999,-24190.41344999979
767,2025-05-27 20:00:00,-22327.499999999985,-24136.613449999786
768,2025-05-28 00:00:00,-21777.999999999985,-23587.113449999786
769,2025-05-28 04:00:00,-22046.499999999985,-23910.524849999783
770,2025-05-28 08:00:00,-22046.499999999985,-23910.524849999783
771,2025-05-28 12:00:00,-22046.499999999985,-23910.524849999783
772,2025-05-28 16:00:00,-22046.499999999985,-23910.524849999783
773,2025-05-28 20:00:00,-22046.499999999985,-23910.524849999783
774,2025-05-29 00:00:00,-22046.499999999985,-23910.524849999783
775,2025-05-29 04:00:00,-22046.499999999985,-23963.97189999977
776,2025-05-29 08:00:00,-22875.499999999985,-24792.97189999977
777,2025-05-29 12:00:00,-23148.799999999974,-25066.27189999976
778,2025-05-29 16:00:00,-22991.799999999974,-24909.27189999976
779,2025-05-29 20:00:00,-23892.39999999998,-25809.871899999765
780,2025-05-30 00:00:00,-22124.89999999998,-24042.371899999765
781,2025-05-30 04:00:00,-20851.599999999977,-22769.071899999763
782,2025-05-30 08:00:00,-20692.299999999974,-22609.77189999976
783,2025-05-30 12:00:00,-21131.199999999983,-23048.67189999977
784,2025-05-30 16:00:00,-20149.89999999998,-22067.371899999765
785,2025-05-30 20:00:00,-20979.799999999974,-22897.27189999976
786,2025-05-31 00:00:00,-20656.39999999998,-22573.871899999765
787,2025-05-31 04:00:00,-19749.999999999985,-21667.47189999977
788,2025-05-31 08:00:00,-19102.39999999998,-21019.871899999765
789,2025-05-31 12:00:00,-18792.499999999985,-20709.97189999977
790,2025-05-31 16:00:00,-18852.999999999985,-20770.47189999977
791,2025-05-31 20:00:00,-18613.299999999974,-20530.77189999976
792,2025-06-01 00:00:00,-19649.499999999985,-21566.97189999977
793,2025-06-01 04:00:00,-19806.299999999974,-21723.77189999976
794,2025-06-01 08:00:00,-19697.099999999977,-21614.571899999763
795,2025-06-01 12:00:00,-19488.799999999974,-21406.27189999976
796,2025-06-01 16:00:00,-19383.39999999998,-21300.871899999765
797,2025-06-01 20:00:00,-19190.39999999998,-21107.871899999765
798,2025-06-02 00:00:00,-19816.39999999998,-21733.871899999765
799,2025-06-02 04:00:00,-20227.599999999977,-22145.071899999763
800,2025-06-02 08:00:00,-20735.699999999983,-22653.17189999977
801,2025-06-02 12:00:00,-19934.199999999983,-21851.67189999977
802,2025-06-02 16:00:00,-20498.799999999974,-22416.27189999976
803,2025-06-02 20:00:00,-19152.39999999998,-21069.871899999765
804,2025-06-03 00:00:00,-19549.199999999983,-21518.870299999762
805,2025-06-03 04:00:00,-19549.199999999983,-21571.05349999976
806,2025-06-03 08:00:00,-20997.09999999999,-23018.95349999977
807,2025-06-03 12:00:00,-20631.59999999999,-22653.45349999977
808,2025-06-03 16:00:00,-20317.199999999983,-22339.05349999976
809,2025-06-03 20:00:00,-20422.899999999994,-22444.753499999773
810,2025-06-04 00:00:00,-21738.899999999994,-23760.753499999773
811,2025-06-04 04:00:00,-21354.59999999999,-23376.45349999977
812,2025-06-04 08:00:00,-20512.899999999994,-22534.753499999773
813,2025-06-04 12:00:00,-20657.699999999983,-22679.55349999976
814,2025-06-04 16:00:00,-20442.999999999985,-22464.853499999765
815,2025-06-04 20:00:00,-20226.899999999994,-22248.753499999773
816,2025-06-05 00:00:00,-20437.499999999985,-22459.353499999765
817,2025-06-05 04:00:00,-20053.199999999983,-22075.05349999976
818,2025-06-05 08:00:00,-19824.59999999999,-21846.45349999977
819,2025-06-05 12:00:00,-20174.199999999983,-22196.05349999976
820,2025-06-05 16:00:00,-19655.79999999999,-21677.653499999768
821,2025-06-05 20:00:00,-19955.499999999985,-21977.353499999765
822,2025-06-06 00:00:00,-19673.29999999999,-21695.153499999768
823,2025-06-06 04:00:00,-17055.699999999983,-19077.55349999976
824,2025-06-06 08:00:00,-16641.399999999994,-18663.253499999773
825,2025-06-06 12:00:00,-17627.699999999983,-19649.55349999976
826,2025-06-06 16:00:00,-18279.59999999999,-20301.45349999977
827,2025-06-06 20:00:00,-19048.79999999999,-21070.653499999768
828,2025-06-07 00:00:00,-20218.199999999983,-22240.05349999976
829,2025-06-07 04:00:00,-19359.699999999983,-21381.55349999976
830,2025-06-07 08:00:00,-19422.79999999999,-21444.653499999768
831,2025-06-07 12:00:00,-20005.199999999983,-22027.05349999976
832,2025-06-07 16:00:00,-19996.399999999994,-22018.253499999773
833,2025-06-07 20:00:00,-20277.29999999999,-22299.153499999768
834,2025-06-08 00:00:00,-20690.699999999983,-22712.55349999976
835,2025-06-08 04:00:00,-20876.999999999985,-22898.853499999765
836,2025-06-08 08:00:00,-20690.29999999999,-22712.153499999768
837,2025-06-08 12:00:00,-20619.199999999983,-22641.05349999976
838,2025-06-08 16:00:00,-20563.199999999983,-22637.74369999976
839,2025-06-08 20:00:00,-20563.199999999983,-22690.553299999752
840,2025-06-09 00:00:00,-20264.89999999998,-22392.25329999975
841,2025-06-09 04:00:00,-19939.799999999974,-22067.153299999743
842,2025-06-09 08:00:00,-20505.89999999998,-22633.25329999975
843,2025-06-09 12:00:00,-20565.39999999998,-22692.75329999975
844,2025-06-09 16:00:00,-20665.699999999983,-22793.053299999752
845,2025-06-09 20:00:00,-18474.499999999985,-20601.853299999755
846,2025-06-10 00:00:00,-18618.099999999977,-20745.453299999746
847,2025-06-10 04:00:00,-17667.299999999974,-19794.653299999743
848,2025-06-10 08:00:00,-15954.499999999985,-18081.853299999755
849,2025-06-10 12:00:00,-16656.599999999977,-18783.953299999746
850,2025-06-10 16:00:00,-17004.39999999998,-19131.75329999975
851,2025-06-10 20:00:00,-16684.299999999974,-18811.653299999743
852,2025-06-11 00:00:00,-17207.099999999977,-19334.453299999746
853,2025-06-11 04:00:00,-16722.39999999998,-18849.75329999975
854,2025-06-11 08:00:00,-15946.999999999985,-18074.353299999755
855,2025-06-11 12:00:00,-16518.299999999974,-18645.653299999743
856,2025-06-11 16:00:00,-16785.499999999985,-18912.853299999755
857,2025-06-11 20:00:00,-16982.299999999974,-19109.653299999743
858,2025-06-12 00:00:00,-16487.599999999977,-18614.953299999746
859,2025-06-12 04:00:00,-17497.89999999998,-19625.25329999975
860,2025-06-12 08:00:00,-17582.39999999998,-19709.75329999975
861,2025-06-12 12:00:00,-18361.89999999998,-20489.25329999975
862,2025-06-12 16:00:00,-18605.39999999998,-20732.75329999975
863,2025-06-12 20:00:00,-19319.499999999985,-21446.853299999755
864,2025-06-13 00:00:00,-19221.799999999974,-21349.153299999743
865,2025-06-13 04:00:00,-19432.799999999974,-21560.153299999743
866,2025-06-13 08:00:00,-20572.89999999998,-22700.25329999975
867,2025-06-13 12:00:00,-21948.499999999985,-24075.853299999755
868,2025-06-13 16:00:00,-21350.999999999985,-23478.353299999755
869,2025-06-13 20:00:00,-21192.499999999985,-23319.853299999755
870,2025-06-14 00:00:00,-20790.499999999985,-22917.853299999755
871,2025-06-14 04:00:00,-21132.39999999998,-23259.75329999975
872,2025-06-14 08:00:00,-20155.099999999977,-22282.453299999746
873,2025-06-14 12:00:00,-20992.999999999985,-23120.353299999755
874,2025-06-14 16:00:00,-21157.299999999974,-23284.653299999743
875,2025-06-14 20:00:00,-21151.799999999974,-23331.668599999743
876,2025-06-15 00:00:00,-21151.799999999974,-23331.668599999743
877,2025-06-15 04:00:00,-21151.799999999974,-23331.668599999743
878,2025-06-15 08:00:00,-21151.799999999974,-23331.668599999743
879,2025-06-15 12:00:00,-21151.799999999974,-23331.668599999743
880,2025-06-15 16:00:00,-21151.799999999974,-23331.668599999743
881,2025-06-15 20:00:00,-21151.799999999974,-23331.668599999743
882,2025-06-16 00:00:00,-21151.799999999974,-23384.431599999734
883,2025-06-16 04:00:00,-21425.799999999974,-23658.431599999734
884,2025-06-16 08:00:00,-21143.199999999968,-23375.83159999973
885,2025-06-16 12:00:00,-20812.199999999968,-23044.83159999973
886,2025-06-16 16:00:00,-19653.99999999997,-21940.14349999973
887,2025-06-16 20:00:00,-19653.99999999997,-21940.14349999973
888,2025-06-17 00:00:00,-19653.99999999997,-21940.14349999973
889,2025-06-17 04:00:00,-19653.99999999997,-21940.14349999973
890,2025-06-17 08:00:00,-19653.99999999997,-21940.14349999973
891,2025-06-17 12:00:00,-19653.99999999997,-21940.14349999973
892,2025-06-17 16:00:00,-19653.99999999997,-21940.14349999973
893,2025-06-17 20:00:00,-19653.99999999997,-21940.14349999973
894,2025-06-18 00:00:00,-19653.99999999997,-21940.14349999973
895,2025-06-18 04:00:00,-19653.99999999997,-21940.14349999973
896,2025-06-18 08:00:00,-19653.99999999997,-21940.14349999973
897,2025-06-18 12:00:00,-19653.99999999997,-21940.14349999973
898,2025-06-18 16:00:00,-19653.99999999997,-21940.14349999973
899,2025-06-18 20:00:00,-19653.99999999997,-21940.14349999973
900,2025-06-19 00:00:00,-19653.99999999997,-21940.14349999973
901,2025-06-19 04:00:00,-19653.99999999997,-21940.14349999973
902,2025-06-19 08:00:00,-19653.99999999997,-21940.14349999973
903,2025-06-19 12:00:00,-19653.99999999997,-21940.14349999973
904,2025-06-19 16:00:00,-19653.99999999997,-21992.436449999717
905,2025-06-19 20:00:00,-19785.799999999974,-22124.23644999972
906,2025-06-20 00:00:00,-19123.199999999983,-21461.63644999973
907,2025-06-20 04:00:00,-19270.699999999983,-21609.13644999973
908,2025-06-20 08:00:00,-19675.199999999983,-22013.63644999973
909,2025-06-20 12:00:00,-19623.199999999983,-21961.63644999973
910,2025-06-20 16:00:00,-20831.599999999977,-23170.036449999723
911,2025-06-20 20:00:00,-20996.699999999983,-23335.13644999973
912,2025-06-21 00:00:00,-19236.599999999977,-21575.036449999723
913,2025-06-21 04:00:00,-18331.99999999997,-20670.436449999717
914,2025-06-21 08:00:00,-18314.199999999983,-20652.63644999973
915,2025-06-21 12:00:00,-18502.599999999977,-20841.036449999723
916,2025-06-21 16:00:00,-18470.299999999974,-20808.73644999972
917,2025-06-21 20:00:00,-18895.599999999977,-21234.036449999723
918,2025-06-22 00:00:00,-18584.799999999974,-20923.23644999972
919,2025-06-22 04:00:00,-17275.599999999977,-19614.036449999723
920,2025-06-22 08:00:00,-17147.89999999998,-19486.336449999726
921,2025-06-22 12:00:00,-17408.099999999977,-19746.536449999723
922,2025-06-22 16:00:00,-17467.099999999977,-19805.536449999723
923,2025-06-22 20:00:00,-17761.799999999974,-20100.23644999972
924,2025-06-23 00:00:00,-13917.99999999997,-16256.436449999717
925,2025-06-23 04:00:00,-13897.799999999974,-16236.23644999972
926,2025-06-23 08:00:00,-15972.799999999974,-18311.23644999972
927,2025-06-23 12:00:00,-16172.49999999997,-18510.936449999717
928,2025-06-23 16:00:00,-16942.599999999977,-19281.036449999723
929,2025-06-23 20:00:00,-16316.599999999977,-18655.036449999723
930,2025-06-24 00:00:00,-16437.799999999974,-18776.23644999972
931,2025-06-24 04:00:00,-18182.299999999974,-20520.73644999972
932,2025-06-24 08:00:00,-20358.99999999997,-22697.436449999717
933,2025-06-24 12:00:00,-19938.099999999977,-22276.536449999723
934,2025-06-24 16:00:00,-19959.89999999998,-22298.336449999726
935,2025-06-24 20:00:00,-20202.699999999983,-22593.703749999724
936,2025-06-25 00:00:00,-20202.699999999983,-22593.703749999724
937,2025-06-25 04:00:00,-20202.699999999983,-22593.703749999724
938,2025-06-25 08:00:00,-20202.699999999983,-22593.703749999724
939,2025-06-25 12:00:00,-20202.699999999983,-22593.703749999724
940,2025-06-25 16:00:00,-20202.699999999983,-22646.977499999717
941,2025-06-25 20:00:00,-20791.499999999985,-23235.77749999972
942,2025-06-26 00:00:00,-20637.79999999999,-23082.077499999723
943,2025-06-26 04:00:00,-21353.39999999998,-23797.677499999714
944,2025-06-26 08:00:00,-20935.199999999983,-23379.477499999717
945,2025-06-26 12:00:00,-21464.499999999985,-23908.77749999972
946,2025-06-26 16:00:00,-21423.699999999983,-23867.977499999717
947,2025-06-26 20:00:00,-20927.999999999985,-23372.27749999972
948,2025-06-27 00:00:00,-20915.199999999983,-23359.477499999717
949,2025-06-27 04:00:00,-21131.29999999999,-23575.577499999723
950,2025-06-27 08:00:00,-20568.89999999998,-23013.177499999714
951,2025-06-27 12:00:00,-21083.199999999983,-23581.19149999971
952,2025-06-27 16:00:00,-21083.199999999983,-23581.19149999971
953,2025-06-27 20:00:00,-21083.199999999983,-23634.663349999697
954,2025-06-28 00:00:00,-21400.79999999999,-23952.263349999703
955,2025-06-28 04:00:00,-20887.59999999999,-23439.063349999706
956,2025-06-28 08:00:00,-21150.199999999983,-23701.663349999697
957,2025-06-28 12:00:00,-21387.499999999985,-23992.587349999696
958,2025-06-28 16:00:00,-21387.499999999985,-23992.587349999696
959,2025-06-28 20:00:00,-21387.499999999985,-23992.587349999696
960,2025-06-29 00:00:00,-21387.499999999985,-23992.587349999696
961,2025-06-29 04:00:00,-21387.499999999985,-23992.587349999696
962,2025-06-29 08:00:00,-21387.499999999985,-24046.207849999686
963,2025-06-29 12:00:00,-21471.999999999985,-24130.707849999686
964,2025-06-29 16:00:00,-21261.29999999999,-23920.00784999969
965,2025-06-29 20:00:00,-20180.199999999983,-22838.907849999683
966,2025-06-30 00:00:00,-20941.59999999999,-23600.307849999692
967,2025-06-30 04:00:00,-21281.999999999985,-23940.707849999686
968,2025-06-30 08:00:00,-20318.699999999983,-22977.407849999683
969,2025-06-30 12:00:00,-20161.79999999999,-22820.50784999969
970,2025-06-30 16:00:00,-21065.89999999998,-23724.60784999968
971,2025-06-30 20:00:00,-21020.39999999998,-23679.10784999968
972,2025-07-01 00:00:00,-21102.89999999998,-23761.60784999968
973,2025-07-01 04:00:00,-20938.89999999998,-23597.60784999968
974,2025-07-01 08:00:00,-21541.09999999999,-24199.807849999692
975,2025-07-01 12:00:00,-21479.09999999999,-24137.807849999692
976,2025-07-01 16:00:00,-21493.59999999999,-24152.307849999692
977,2025-07-01 20:00:00,-22071.699999999983,-24730.407849999683
978,2025-07-02 00:00:00,-22720.199999999983,-25378.907849999683
979,2025-07-02 04:00:00,-23288.39999999998,-25947.10784999968
980,2025-07-02 08:00:00,-22990.59999999999,-25649.307849999692
981,2025-07-02 12:00:00,-22488.499999999985,-25200.27784999968
982,2025-07-02 16:00:00,-22488.499999999985,-25200.27784999968
983,2025-07-02 20:00:00,-22488.499999999985,-25200.27784999968
984,2025-07-03 00:00:00,-22488.499999999985,-25254.62549999966
985,2025-07-03 04:00:00,-21561.899999999994,-24328.02549999967
986,2025-07-03 08:00:00,-22383.79999999999,-25149.925499999663
987,2025-07-03 12:00:00,-22588.999999999985,-25355.12549999966
988,2025-07-03 16:00:00,-21948.79999999999,-24714.925499999663
989,2025-07-03 20:00:00,-21632.79999999999,-24398.925499999663
990,2025-07-04 00:00:00,-22093.999999999985,-24860.12549999966
991,2025-07-04 04:00:00,-21439.899999999994,-24260.89744999967
992,2025-07-04 08:00:00,-21439.899999999994,-24260.89744999967
993,2025-07-04 12:00:00,-21439.899999999994,-24315.495249999658
994,2025-07-04 16:00:00,-21974.5,-24850.095249999664
995,2025-07-04 20:00:00,-21793.199999999997,-24668.79524999966
996,2025-07-05 00:00:00,-23100.800000000003,-25976.395249999667
997,2025-07-05 04:00:00,-23205.899999999994,-26081.495249999658
998,2025-07-05 08:00:00,-22700.100000000006,-25575.69524999967
999,2025-07-05 12:00:00,-22542.0,-25417.595249999664
1000,2025-07-05 16:00:00,-22634.600000000006,-25510.19524999967
1001,2025-07-05 20:00:00,-22576.399999999994,-25451.995249999658
1002,2025-07-06 00:00:00,-22622.800000000003,-25498.395249999667
1003,2025-07-06 04:00:00,-22543.399999999994,-25418.995249999658
1004,2025-07-06 08:00:00,-22482.100000000006,-25357.69524999967
1005,2025-07-06 12:00:00,-22639.199999999997,-25514.79524999966
1006,2025-07-06 16:00:00,-22644.199999999997,-25519.79524999966
1007,2025-07-06 20:00:00,-22618.199999999997,-25493.79524999966
1008,2025-07-07 00:00:00,-21778.699999999997,-24654.29524999966
1009,2025-07-07 04:00:00,-22141.699999999997,-25017.29524999966
1010,2025-07-07 08:00:00,-21489.699999999997,-24365.29524999966
1011,2025-07-07 12:00:00,-21286.600000000006,-24162.19524999967
1012,2025-07-07 16:00:00,-21619.199999999997,-24494.79524999966
1013,2025-07-07 20:00:00,-22035.600000000006,-24911.19524999967
1014,2025-07-08 00:00:00,-22386.5,-25262.095249999664
1015,2025-07-08 04:00:00,-22635.600000000006,-25511.19524999967
1016,2025-07-08 08:00:00,-22431.600000000006,-25307.19524999967
1017,2025-07-08 12:00:00,-22782.899999999994,-25658.495249999658
1018,2025-07-08 16:00:00,-22194.800000000003,-25124.615599999655
1019,2025-07-08 20:00:00,-22194.800000000003,-25124.615599999655
1020,2025-07-09 00:00:00,-22194.800000000003,-25124.615599999655
1021,2025-07-09 04:00:00,-22194.800000000003,-25124.615599999655
1022,2025-07-09 08:00:00,-22194.800000000003,-25124.615599999655
1023,2025-07-09 12:00:00,-22194.800000000003,-25124.615599999655
1024,2025-07-09 16:00:00,-22194.800000000003,-25124.615599999655
1025,2025-07-09 20:00:00,-22194.800000000003,-25124.615599999655
1026,2025-07-10 00:00:00,-22194.800000000003,-25124.615599999655
1027,2025-07-10 04:00:00,-22194.800000000003,-25180.474999999642
1028,2025-07-10 08:00:00,-22713.70000000001,-25699.37499999965
1029,2025-07-10 12:00:00,-22885.40000000001,-25871.074999999648
1030,2025-07-10 16:00:00,-22727.5,-25713.17499999964
1031,2025-07-10 20:00:00,-22941.40000000001,-25927.074999999648
1032,2025-07-11 00:00:00,-22563.600000000006,-25549.274999999645
1033,2025-07-11 04:00:00,-20667.5,-23653.17499999964
1034,2025-07-11 08:00:00,-17934.40000000001,-20920.074999999648
1035,2025-07-11 12:00:00,-17074.100000000006,-20059.774999999645
1036,2025-07-11 16:00:00,-16390.90000000001,-19376.574999999648
1037,2025-07-11 20:00:00,-16123.5,-19109.17499999964
1038,2025-07-12 00:00:00,-17003.300000000003,-19988.974999999642
1039,2025-07-12 04:00:00,-15840.900000000009,-18826.574999999648
1040,2025-07-12 08:00:00,-16413.600000000006,-19399.274999999645
1041,2025-07-12 12:00:00,-16183.600000000006,-19169.274999999645
1042,2025-07-12 16:00:00,-16223.900000000009,-19209.574999999648
1043,2025-07-12 20:00:00,-16140.0,-19125.67499999964
1044,2025-07-13 00:00:00,-16838.0,-19823.67499999964
1045,2025-07-13 04:00:00,-16387.90000000001,-19373.574999999648
1046,2025-07-13 08:00:00,-16524.300000000003,-19509.974999999642
1047,2025-07-13 12:00:00,-16202.100000000006,-19187.774999999645
1048,2025-07-13 16:00:00,-15963.600000000006,-18949.274999999645
1049,2025-07-13 20:00:00,-15877.5,-18863.17499999964
1050,2025-07-14 00:00:00,-15303.0,-18288.67499999964
1051,2025-07-14 04:00:00,-14990.600000000006,-17976.274999999645
1052,2025-07-14 08:00:00,-14875.300000000003,-17860.974999999642
1053,2025-07-14 12:00:00,-13180.400000000009,-16166.074999999648
1054,2025-07-14 16:00:00,-11182.600000000006,-14168.274999999645
1055,2025-07-14 20:00:00,-12439.100000000006,-15424.774999999645
1056,2025-07-15 00:00:00,-14050.5,-17036.17499999964
1057,2025-07-15 04:00:00,-13993.600000000006,-16979.274999999645
1058,2025-07-15 08:00:00,-14097.100000000006,-17082.774999999645
1059,2025-07-15 12:00:00,-16704.40000000001,-19690.074999999648
1060,2025-07-15 16:00:00,-17136.5,-20122.17499999964
1061,2025-07-15 20:00:00,-16803.20000000001,-19788.87499999965
1062,2025-07-16 00:00:00,-17520.600000000006,-20506.274999999645
1063,2025-07-16 04:00:00,-17484.70000000001,-20470.37499999965
1064,2025-07-16 08:00:00,-16175.100000000006,-19160.774999999645
1065,2025-07-16 12:00:00,-16436.0,-19421.67499999964
1066,2025-07-16 16:00:00,-15732.400000000009,-18718.074999999648
1067,2025-07-16 20:00:00,-15158.5,-18144.17499999964
1068,2025-07-17 00:00:00,-14857.600000000006,-17843.274999999645
1069,2025-07-17 04:00:00,-14726.900000000009,-17712.574999999648
1070,2025-07-17 08:00:00,-15322.900000000009,-18308.574999999648
1071,2025-07-17 12:00:00,-15822.700000000012,-18808.37499999965
1072,2025-07-17 16:00:00,-15619.700000000012,-18664.521949999646
1073,2025-07-17 20:00:00,-15619.700000000012,-18664.521949999646
1074,2025-07-18 00:00:00,-15619.700000000012,-18664.521949999646
1075,2025-07-18 04:00:00,-15619.699999999997,-18723.996349999637
1076,2025-07-18 08:00:00,-15391.899999999994,-18496.196349999635
1077,2025-07-18 12:00:00,-14355.699999999997,-17459.996349999637
1078,2025-07-18 16:00:00,-15211.899999999994,-18316.196349999635
1079,2025-07-18 20:00:00,-15393.0,-18497.29634999964
1080,2025-07-19 00:00:00,-16738.5,-19842.79634999964
1081,2025-07-19 04:00:00,-17206.899999999994,-20311.196349999635
1082,2025-07-19 08:00:00,-16672.100000000006,-19776.396349999646
1083,2025-07-19 12:00:00,-16273.300000000003,-19377.596349999643
1084,2025-07-19 16:00:00,-16433.5,-19537.79634999964
1085,2025-07-19 20:00:00,-16268.5,-19372.79634999964
1086,2025-07-20 00:00:00,-16542.899999999994,-19647.196349999635
1087,2025-07-20 04:00:00,-16590.199999999997,-19694.496349999637
1088,2025-07-20 08:00:00,-16754.100000000006,-19858.396349999646
1089,2025-07-20 12:00:00,-16634.399999999994,-19738.696349999635
1090,2025-07-20 16:00:00,-16584.199999999997,-19688.496349999637
1091,2025-07-20 20:00:00,-16699.300000000003,-19803.596349999643
1092,2025-07-21 00:00:00,-15899.199999999997,-19003.496349999637
1093,2025-07-21 04:00:00,-16437.300000000003,-19541.596349999643
1094,2025-07-21 08:00:00,-17352.5,-20456.79634999964
1095,2025-07-21 12:00:00,-16193.699999999997,-19297.996349999637
1096,2025-07-21 16:00:00,-15216.300000000003,-18320.596349999643
1097,2025-07-21 20:00:00,-16523.5,-19627.79634999964
1098,2025-07-22 00:00:00,-16264.399999999994,-19368.696349999635
1099,2025-07-22 04:00:00,-17843.800000000003,-20948.096349999643
1100,2025-07-22 08:00:00,-17238.300000000003,-20342.596349999643
1101,2025-07-22 12:00:00,-17391.5,-20495.79634999964
1102,2025-07-22 16:00:00,-16609.0,-19713.29634999964
1103,2025-07-22 20:00:00,-15426.300000000003,-18530.596349999643
1104,2025-07-23 00:00:00,-15668.699999999997,-18772.996349999637
1105,2025-07-23 04:00:00,-15282.0,-18386.29634999964
1106,2025-07-23 08:00:00,-14574.800000000003,-17739.09319999964
1107,2025-07-23 12:00:00,-14574.800000000003,-17739.09319999964
1108,2025-07-23 16:00:00,-14574.800000000003,-17739.09319999964
1109,2025-07-23 20:00:00,-14574.800000000003,-17739.09319999964
1110,2025-07-24 00:00:00,-14574.800000000003,-17739.09319999964
1111,2025-07-24 04:00:00,-14574.800000000003,-17739.09319999964
1112,2025-07-24 08:00:00,-14574.800000000003,-17739.09319999964
1113,2025-07-24 12:00:00,-14574.800000000003,-17739.09319999964
1114,2025-07-24 16:00:00,-14574.800000000003,-17739.09319999964
1115,2025-07-24 20:00:00,-14574.800000000003,-17798.372199999634
1116,2025-07-25 00:00:00,-15090.900000000009,-18314.47219999964
1117,2025-07-25 04:00:00,-14918.800000000003,-18201.82319999962
1118,2025-07-25 08:00:00,-14918.800000000003,-18201.82319999962
1119,2025-07-25 12:00:00,-14918.800000000003,-18259.515499999616
1120,2025-07-25 16:00:00,-14823.0,-18163.715499999613
1121,2025-07-25 20:00:00,-16038.800000000003,-19379.515499999616
1122,2025-07-26 00:00:00,-15221.599999999991,-18562.315499999604
1123,2025-07-26 04:00:00,-16183.800000000003,-19524.515499999616
1124,2025-07-26 08:00:00,-17117.699999999997,-20458.41549999961
1125,2025-07-26 12:00:00,-16990.0,-20330.715499999613
1126,2025-07-26 16:00:00,-16822.300000000003,-20163.015499999616
1127,2025-07-26 20:00:00,-17292.199999999997,-20632.91549999961
1128,2025-07-27 00:00:00,-17645.300000000003,-20986.015499999616
1129,2025-07-27 04:00:00,-17743.199999999997,-21083.91549999961
1130,2025-07-27 08:00:00,-17423.399999999994,-20764.115499999607
1131,2025-07-27 12:00:00,-17696.199999999997,-21036.91549999961
1132,2025-07-27 16:00:00,-17617.800000000003,-20958.515499999616
1133,2025-07-27 20:00:00,-17587.59999999999,-20928.315499999604
1134,2025-07-28 00:00:00,-18115.0,-21455.715499999613
1135,2025-07-28 04:00:00,-18487.5,-21828.215499999613
1136,2025-07-28 08:00:00,-18957.59999999999,-22298.315499999604
1137,2025-07-28 12:00:00,-18803.899999999994,-22144.615499999607
1138,2025-07-28 16:00:00,-18407.399999999994,-21748.115499999607
1139,2025-07-28 20:00:00,-18347.5,-21688.215499999613
1140,2025-07-29 00:00:00,-17687.0,-21027.715499999613
1141,2025-07-29 04:00:00,-17584.199999999997,-20924.91549999961
1142,2025-07-29 08:00:00,-17575.59999999999,-20916.315499999604
1143,2025-07-29 12:00:00,-18279.800000000003,-21620.515499999616
1144,2025-07-29 16:00:00,-18390.399999999994,-21731.115499999607
1145,2025-07-29 20:00:00,-18094.199999999997,-21434.91549999961
1146,2025-07-30 00:00:00,-16879.899999999994,-20220.615499999607
1147,2025-07-30 04:00:00,-17019.09999999999,-20359.815499999604
1148,2025-07-30 08:00:00,-17431.199999999997,-20771.91549999961
1149,2025-07-30 12:00:00,-17640.699999999997,-20981.41549999961
1150,2025-07-30 16:00:00,-17617.300000000003,-20958.015499999616
1151,2025-07-30 20:00:00,-17060.899999999994,-20460.3788499996
1152,2025-07-31 00:00:00,-17060.899999999994,-20460.3788499996
1153,2025-07-31 04:00:00,-17060.899999999994,-20460.3788499996
1154,2025-07-31 08:00:00,-17060.899999999994,-20460.3788499996
1155,2025-07-31 12:00:00,-17060.899999999994,-20460.3788499996
1156,2025-07-31 16:00:00,-17060.899999999994,-20460.3788499996
1157,2025-07-31 20:00:00,-17060.899999999994,-20460.3788499996
1158,2025-08-01 00:00:00,-17060.899999999994,-20460.3788499996
1159,2025-08-01 04:00:00,-17060.899999999994,-20460.3788499996
1160,2025-08-01 08:00:00,-17060.899999999994,-20460.3788499996
1161,2025-08-01 12:00:00,-17060.899999999994,-20460.3788499996
1162,2025-08-01 16:00:00,-17060.899999999994,-20460.3788499996
1163,2025-08-01 20:00:00,-17060.899999999994,-20460.3788499996
1164,2025-08-02 00:00:00,-17060.899999999994,-20460.3788499996
1165,2025-08-02 04:00:00,-17060.899999999994,-20460.3788499996
1166,2025-08-02 08:00:00,-17060.899999999994,-20460.3788499996
1167,2025-08-02 12:00:00,-17060.899999999994,-20517.30879999959
1168,2025-08-02 16:00:00,-17120.899999999994,-20577.30879999959
1169,2025-08-02 20:00:00,-16933.5,-20389.908799999597
1170,2025-08-03 00:00:00,-15999.600000000006,-19456.008799999603
1171,2025-08-03 04:00:00,-15376.5,-18832.908799999597
1172,2025-08-03 08:00:00,-15709.800000000003,-19166.2087999996
1173,2025-08-03 12:00:00,-16751.899999999994,-20208.30879999959
1174,2025-08-03 16:00:00,-16848.199999999997,-20304.608799999594
1175,2025-08-03 20:00:00,-17011.100000000006,-20467.508799999603
1176,2025-08-04 00:00:00,-17105.300000000003,-20561.7087999996
1177,2025-08-04 04:00:00,-17460.0,-20916.408799999597
1178,2025-08-04 08:00:00,-17351.800000000003,-20808.2087999996
1179,2025-08-04 12:00:00,-17721.199999999997,-21177.608799999594
1180,2025-08-04 16:00:00,-17808.0,-21264.408799999597
1181,2025-08-04 20:00:00,-17651.0,-21107.408799999597
1182,2025-08-05 00:00:00,-17967.300000000003,-21423.7087999996
1183,2025-08-05 04:00:00,-17925.0,-21381.408799999597
1184,2025-08-05 08:00:00,-18203.100000000006,-21659.508799999603
1185,2025-08-05 12:00:00,-17416.0,-20872.408799999597
1186,2025-08-05 16:00:00,-17125.699999999997,-20582.108799999594
1187,2025-08-05 20:00:00,-17983.0,-21439.408799999597
1188,2025-08-06 00:00:00,-16072.800000000003,-19529.2087999996
1189,2025-08-06 04:00:00,-16774.100000000006,-20230.508799999603
1190,2025-08-06 08:00:00,-17270.600000000006,-20727.008799999603
1191,2025-08-06 12:00:00,-16671.100000000006,-20127.508799999603
1192,2025-08-06 16:00:00,-17380.199999999997,-20836.608799999594
1193,2025-08-06 20:00:00,-17389.0,-20845.408799999597
1194,2025-08-07 00:00:00,-18567.300000000003,-22023.7087999996
1195,2025-08-07 04:00:00,-18416.100000000006,-21872.508799999603
1196,2025-08-07 08:00:00,-18142.0,-21598.408799999597
1197,2025-08-07 12:00:00,-17701.800000000003,-21158.2087999996
1198,2025-08-07 16:00:00,-17952.100000000006,-21408.508799999603
1199,2025-08-07 20:00:00,-19670.100000000006,-23126.508799999603
1200,2025-08-08 00:00:00,-19835.600000000006,-23292.008799999603
1201,2025-08-08 04:00:00,-20608.600000000006,-24123.71259999959
1202,2025-08-08 08:00:00,-20608.600000000006,-24123.71259999959
1203,2025-08-08 12:00:00,-20608.600000000006,-24123.71259999959
1204,2025-08-08 16:00:00,-20608.600000000006,-24123.71259999959
1205,2025-08-08 20:00:00,-20608.600000000006,-24123.71259999959
1206,2025-08-09 00:00:00,-20608.600000000006,-24123.71259999959
1207,2025-08-09 04:00:00,-20608.600000000006,-24123.71259999959
1208,2025-08-09 08:00:00,-20608.600000000006,-24123.71259999959
1209,2025-08-09 12:00:00,-20608.600000000006,-24123.71259999959
1210,2025-08-09 16:00:00,-20608.600000000006,-24123.71259999959
1211,2025-08-09 20:00:00,-20608.600000000006,-24123.71259999959
1212,2025-08-10 00:00:00,-20608.600000000006,-24123.71259999959
1213,2025-08-10 04:00:00,-20608.600000000006,-24123.71259999959
1214,2025-08-10 08:00:00,-20608.600000000006,-24123.71259999959
1215,2025-08-10 12:00:00,-20608.600000000006,-24123.71259999959
1216,2025-08-10 16:00:00,-20608.600000000006,-24182.59759999957
1217,2025-08-10 20:00:00,-20082.70000000001,-23656.697599999578
1218,2025-08-11 00:00:00,-19612.600000000006,-23186.59759999957
1219,2025-08-11 04:00:00,-19754.100000000006,-23328.09759999957
1220,2025-08-11 08:00:00,-19123.300000000003,-22697.29759999957
1221,2025-08-11 12:00:00,-16678.5,-20252.497599999566
1222,2025-08-11 16:00:00,-16843.800000000003,-20417.79759999957
1223,2025-08-11 20:00:00,-17833.600000000006,-21407.59759999957
1224,2025-08-12 00:00:00,-18107.40000000001,-21681.397599999575
1225,2025-08-12 04:00:00,-19343.300000000003,-22917.29759999957
1226,2025-08-12 08:00:00,-19736.70000000001,-23310.697599999578
1227,2025-08-12 12:00:00,-19565.5,-23139.497599999566
1228,2025-08-12 16:00:00,-19446.70000000001,-23020.697599999578
1229,2025-08-12 20:00:00,-19914.5,-23488.497599999566
1230,2025-08-13 00:00:00,-18490.600000000006,-22064.59759999957
1231,2025-08-13 04:00:00,-18778.300000000003,-22352.29759999957
1232,2025-08-13 08:00:00,-18297.600000000006,-21871.59759999957
1233,2025-08-13 12:00:00,-18942.600000000006,-22516.59759999957
1234,2025-08-13 16:00:00,-18838.300000000003,-22412.29759999957
1235,2025-08-13 20:00:00,-17840.100000000006,-21414.09759999957
1236,2025-08-14 00:00:00,-17481.40000000001,-21055.397599999575
1237,2025-08-14 04:00:00,-15658.700000000012,-19232.697599999578
1238,2025-08-14 08:00:00,-15054.700000000012,-18628.697599999578
1239,2025-08-14 12:00:00,-14973.400000000009,-18547.397599999575
1240,2025-08-14 16:00:00,-16636.20000000001,-20210.197599999578
1241,2025-08-14 20:00:00,-17430.70000000001,-21004.697599999578
1242,2025-08-15 00:00:00,-20192.70000000001,-23766.697599999578
1243,2025-08-15 04:00:00,-20489.100000000006,-24063.09759999957
1244,2025-08-15 08:00:00,-20136.40000000001,-23710.397599999575
1245,2025-08-15 12:00:00,-19460.5,-23034.497599999566
1246,2025-08-15 16:00:00,-19470.300000000003,-23044.29759999957
1247,2025-08-15 20:00:00,-19428.600000000006,-23002.59759999957
1248,2025-08-16 00:00:00,-21161.800000000003,-24735.79759999957
1249,2025-08-16 04:00:00,-21478.600000000006,-25052.59759999957
1250,2025-08-16 08:00:00,-21099.40000000001,-24673.397599999575
1251,2025-08-16 12:00:00,-20993.600000000006,-24567.59759999957
1252,2025-08-16 16:00:00,-20828.70000000001,-24402.697599999578
1253,2025-08-16 20:00:00,-21038.20000000001,-24612.197599999578
1254,2025-08-17 00:00:00,-20751.70000000001,-24384.511049999564
1255,2025-08-17 04:00:00,-20751.70000000001,-24384.511049999564
1256,2025-08-17 08:00:00,-20751.70000000001,-24384.511049999564
1257,2025-08-17 12:00:00,-20751.70000000001,-24384.511049999564
1258,2025-08-17 16:00:00,-20751.70000000001,-24384.511049999564
1259,2025-08-17 20:00:00,-20751.70000000001,-24384.511049999564
1260,2025-08-18 00:00:00,-20751.70000000001,-24384.511049999564
1261,2025-08-18 04:00:00,-20751.70000000001,-24384.511049999564
1262,2025-08-18 08:00:00,-20751.70000000001,-24384.511049999564
1263,2025-08-18 12:00:00,-20751.70000000001,-24442.143499999554
1264,2025-08-18 16:00:00,-20640.000000000015,-24330.443499999557
1265,2025-08-18 20:00:00,-20386.800000000017,-24077.24349999956
1266,2025-08-19 00:00:00,-21586.20000000001,-25276.643499999554
1267,2025-08-19 04:00:00,-21760.20000000001,-25450.643499999554
1268,2025-08-19 08:00:00,-21670.400000000023,-25360.843499999566
1269,2025-08-19 12:00:00,-20243.400000000023,-23933.843499999566
1270,2025-08-19 16:00:00,-20415.500000000015,-24105.943499999557
1271,2025-08-19 20:00:00,-20947.800000000017,-24638.24349999956
1272,2025-08-20 00:00:00,-19216.800000000017,-22907.24349999956
1273,2025-08-20 04:00:00,-18565.10000000002,-22255.543499999563
1274,2025-08-20 08:00:00,-18311.000000000015,-22001.443499999557
1275,2025-08-20 12:00:00,-18952.20000000001,-22642.643499999554
1276,2025-08-20 16:00:00,-18923.500000000015,-22613.943499999557
1277,2025-08-20 20:00:00,-19114.300000000017,-22804.74349999956
1278,2025-08-21 00:00:00,-18783.800000000017,-22474.24349999956
1279,2025-08-21 04:00:00,-19703.10000000002,-23393.543499999563
1280,2025-08-21 08:00:00,-19707.300000000017,-23397.74349999956
1281,2025-08-21 12:00:00,-19398.900000000023,-23089.343499999566
1282,2025-08-21 16:00:00,-19323.60000000002,-23014.043499999563
1283,2025-08-21 20:00:00,-18587.000000000015,-22277.443499999557
1284,2025-08-22 00:00:00,-18235.70000000001,-21926.143499999554
1285,2025-08-22 04:00:00,-17639.60000000002,-21330.043499999563
1286,2025-08-22 08:00:00,-17949.000000000015,-21639.443499999557
1287,2025-08-22 12:00:00,-18376.70000000001,-22067.143499999554
1288,2025-08-22 16:00:00,-18526.900000000023,-22217.343499999566
1289,2025-08-22 20:00:00,-17759.60000000002,-21450.043499999563
1290,2025-08-23 00:00:00,-21806.10000000002,-25496.543499999563
1291,2025-08-23 04:00:00,-22112.300000000017,-25802.74349999956
1292,2025-08-23 08:00:00,-22384.300000000017,-26074.74349999956
1293,2025-08-23 12:00:00,-21009.300000000017,-24699.74349999956
1294,2025-08-23 16:00:00,-21256.70000000001,-24947.143499999554
1295,2025-08-23 20:00:00,-20753.500000000015,-24443.943499999557
1296,2025-08-24 00:00:00,-20263.300000000017,-23953.74349999956
1297,2025-08-24 04:00:00,-20591.70000000001,-24282.143499999554
1298,2025-08-24 08:00:00,-20863.900000000023,-24612.032049999558
1299,2025-08-24 12:00:00,-20863.900000000023,-24612.032049999558
1300,2025-08-24 16:00:00,-20863.900000000023,-24612.032049999558
1301,2025-08-24 20:00:00,-20863.900000000023,-24669.38304999954
1302,2025-08-25 00:00:00,-21193.300000000017,-24998.783049999533
1303,2025-08-25 04:00:00,-23009.50000000003,-26814.983049999544
1304,2025-08-25 08:00:00,-22119.60000000002,-25925.083049999535
1305,2025-08-25 12:00:00,-22698.200000000026,-26503.68304999954
1306,2025-08-25 16:00:00,-24096.200000000026,-27901.68304999954
1307,2025-08-25 20:00:00,-24382.200000000026,-28243.27489999954
1308,2025-08-26 00:00:00,-24382.200000000026,-28243.27489999954
1309,2025-08-26 04:00:00,-24382.200000000026,-28243.27489999954
1310,2025-08-26 08:00:00,-24382.200000000026,-28243.27489999954
1311,2025-08-26 12:00:00,-24382.200000000026,-28243.27489999954
1312,2025-08-26 16:00:00,-24382.200000000026,-28298.39699999953
1313,2025-08-26 20:00:00,-23980.200000000026,-27896.39699999953
1314,2025-08-27 00:00:00,-23762.600000000035,-27678.79699999954
1315,2025-08-27 04:00:00,-25191.50000000003,-29107.696999999534
1316,2025-08-27 08:00:00,-25847.900000000023,-29764.09699999953
1317,2025-08-27 12:00:00,-25511.700000000026,-29427.89699999953
1318,2025-08-27 16:00:00,-24826.00000000003,-28742.196999999534
1319,2025-08-27 20:00:00,-25408.800000000032,-29324.996999999537
1320,2025-08-28 00:00:00,-26103.100000000035,-30019.29699999954
1321,2025-08-28 04:00:00,-26170.800000000032,-30086.996999999537
1322,2025-08-28 08:00:00,-25332.900000000023,-29249.09699999953
1323,2025-08-28 12:00:00,-26092.100000000035,-30008.29699999954
1324,2025-08-28 16:00:00,-27217.200000000026,-31133.39699999953
1325,2025-08-28 20:00:00,-27014.50000000003,-30930.696999999534
1326,2025-08-29 00:00:00,-26771.100000000035,-30687.29699999954
1327,2025-08-29 04:00:00,-26002.700000000026,-29918.89699999953
1328,2025-08-29 08:00:00,-26645.300000000032,-30561.496999999537
1329,2025-08-29 12:00:00,-25786.600000000035,-29702.79699999954
1330,2025-08-29 16:00:00,-24107.00000000003,-28023.196999999534
1331,2025-08-29 20:00:00,-24185.800000000032,-28101.996999999537
1332,2025-08-30 00:00:00,-22472.400000000023,-26388.59699999953
1333,2025-08-30 04:00:00,-22293.50000000003,-26209.696999999534
1334,2025-08-30 08:00:00,-22470.400000000023,-26386.59699999953
1335,2025-08-30 12:00:00,-22505.900000000023,-26422.09699999953
1336,2025-08-30 16:00:00,-22604.600000000035,-26520.79699999954
1337,2025-08-30 20:00:00,-22776.600000000035,-26692.79699999954
1338,2025-08-31 00:00:00,-22947.800000000032,-26863.996999999537
1339,2025-08-31 04:00:00,-22907.400000000023,-26823.59699999953
1340,2025-08-31 08:00:00,-22895.900000000023,-26812.09699999953
1341,2025-08-31 12:00:00,-23313.400000000023,-27229.59699999953
1342,2025-08-31 16:00:00,-22794.900000000023,-26711.09699999953
1343,2025-08-31 20:00:00,-22488.00000000003,-26404.196999999534
1344,2025-09-01 00:00:00,-22896.200000000026,-26812.39699999953
1345,2025-09-01 04:00:00,-23015.200000000026,-26931.39699999953
1346,2025-09-01 08:00:00,-22346.400000000023,-26262.59699999953
1347,2025-09-01 12:00:00,-21757.100000000035,-25673.29699999954
1348,2025-09-01 16:00:00,-23528.300000000032,-27444.496999999537
1349,2025-09-01 20:00:00,-22859.900000000023,-26776.09699999953
1350,2025-09-02 00:00:00,-22876.00000000003,-26792.196999999534
1351,2025-09-02 04:00:00,-23316.700000000026,-27232.89699999953
1352,2025-09-02 08:00:00,-23325.900000000023,-27242.09699999953
1353,2025-09-02 12:00:00,-24424.00000000003,-28340.196999999534
1354,2025-09-02 16:00:00,-24328.100000000035,-28244.29699999954
1355,2025-09-02 20:00:00,-23836.600000000035,-27752.79699999954
1356,2025-09-03 00:00:00,-24927.900000000023,-28844.09699999953
1357,2025-09-03 04:00:00,-24880.900000000023,-28797.09699999953
1358,2025-09-03 08:00:00,-25326.00000000003,-29242.196999999534
1359,2025-09-03 12:00:00,-25129.700000000026,-29045.89699999953
1360,2025-09-03 16:00:00,-25179.50000000003,-29095.696999999534
1361,2025-09-03 20:00:00,-25529.600000000035,-29445.79699999954
1362,2025-09-04 00:00:00,-26306.600000000035,-30222.79699999954
1363,2025-09-04 04:00:00,-26277.900000000023,-30194.09699999953
1364,2025-09-04 08:00:00,-25797.800000000032,-29769.826899999534
1365,2025-09-04 12:00:00,-25797.800000000032,-29769.826899999534
1366,2025-09-04 16:00:00,-25797.800000000032,-29825.03554999955
1367,2025-09-04 20:00:00,-25451.20000000004,-29478.435549999558
1368,2025-09-05 00:00:00,-26767.100000000035,-30794.335549999552
1369,2025-09-05 04:00:00,-26461.20000000004,-30488.435549999558
1370,2025-09-05 08:00:00,-25535.70000000004,-29562.935549999558
1371,2025-09-05 12:00:00,-24948.20000000004,-28975.435549999558
1372,2025-09-05 16:00:00,-23315.00000000003,-27342.235549999546
1373,2025-09-05 20:00:00,-23915.50000000003,-27942.735549999546
1374,2025-09-06 00:00:00,-25541.00000000003,-29568.235549999546
1375,2025-09-06 04:00:00,-24665.00000000003,-28692.235549999546
1376,2025-09-06 08:00:00,-25600.20000000004,-29627.435549999558
1377,2025-09-06 12:00:00,-25181.100000000035,-29208.335549999552
1378,2025-09-06 16:00:00,-25435.20000000004,-29462.435549999558
1379,2025-09-06 20:00:00,-25482.20000000004,-29509.435549999558
1380,2025-09-07 00:00:00,-25891.00000000003,-29918.235549999546
1381,2025-09-07 04:00:00,-26228.400000000038,-30255.635549999555
1382,2025-09-07 08:00:00,-26079.800000000032,-30107.03554999955
1383,2025-09-07 12:00:00,-25635.300000000032,-29662.53554999955
1384,2025-09-07 16:00:00,-25504.300000000032,-29531.53554999955
1385,2025-09-07 20:00:00,-24965.600000000035,-28992.835549999552
1386,2025-09-08 00:00:00,-24938.900000000038,-28966.135549999555
1387,2025-09-08 04:00:00,-24998.100000000035,-29025.335549999552
1388,2025-09-08 08:00:00,-25139.100000000035,-29166.335549999552
1389,2025-09-08 12:00:00,-25210.20000000004,-29237.435549999558
1390,2025-09-08 16:00:00,-24978.70000000004,-29005.935549999558
1391,2025-09-08 20:00:00,-24193.100000000035,-28220.335549999552
1392,2025-09-09 00:00:00,-23641.50000000003,-27668.735549999546
1393,2025-09-09 04:00:00,-24164.100000000035,-28191.335549999552
1394,2025-09-09 08:00:00,-24202.50000000003,-28229.735549999546
1395,2025-09-09 12:00:00,-24557.50000000003,-28584.735549999546
1396,2025-09-09 16:00:00,-23265.00000000003,-27292.235549999546
1397,2025-09-09 20:00:00,-23817.70000000004,-27844.935549999558
1398,2025-09-10 00:00:00,-25385.00000000003,-29412.235549999546
1399,2025-09-10 04:00:00,-24972.800000000032,-29000.03554999955
1400,2025-09-10 08:00:00,-24715.20000000004,-28742.435549999558
1401,2025-09-10 12:00:00,-24716.20000000004,-28743.435549999558
1402,2025-09-10 16:00:00,-23715.00000000003,-27742.235549999546
1403,2025-09-10 20:00:00,-23948.70000000004,-27975.935549999558
1404,2025-09-11 00:00:00,-22413.800000000032,-26441.03554999955
1405,2025-09-11 04:00:00,-22689.900000000038,-26717.135549999555
1406,2025-09-11 08:00:00,-22318.300000000032,-26345.53554999955
1407,2025-09-11 12:00:00,-21860.70000000004,-25887.935549999558
1408,2025-09-11 16:00:00,-22175.100000000035,-26202.335549999552
1409,2025-09-11 20:00:00,-22254.20000000004,-26281.435549999558
1410,2025-09-12 00:00:00,-22092.800000000032,-26120.03554999955
1411,2025-09-12 04:00:00,-21844.600000000035,-25871.835549999552
1412,2025-09-12 08:00:00,-20788.100000000035,-24815.335549999552
1413,2025-09-12 12:00:00,-21076.800000000032,-25104.03554999955
1414,2025-09-12 16:00:00,-21166.100000000035,-25193.335549999552
1415,2025-09-12 20:00:00,-21352.100000000035,-25379.335549999552
1416,2025-09-13 00:00:00,-21150.20000000004,-25177.435549999558
1417,2025-09-13 04:00:00,-19654.00000000003,-23681.235549999546
1418,2025-09-13 08:00:00,-20236.70000000004,-24263.935549999558
1419,2025-09-13 12:00:00,-20301.50000000003,-24328.735549999546
1420,2025-09-13 16:00:00,-20499.600000000035,-24526.835549999552
1421,2025-09-13 20:00:00,-20302.20000000004,-24329.435549999558
1422,2025-09-14 00:00:00,-20493.800000000032,-24521.03554999955
1423,2025-09-14 04:00:00,-20463.70000000004,-24490.935549999558
1424,2025-09-14 08:00:00,-20352.400000000038,-24379.635549999555
1425,2025-09-14 12:00:00,-20589.100000000035,-24616.335549999552
1426,2025-09-14 16:00:00,-20469.100000000035,-24496.335549999552
1427,2025-09-14 20:00:00,-20465.100000000035,-24492.335549999552
1428,2025-09-15 00:00:00,-21052.900000000038,-25080.135549999555
1429,2025-09-15 04:00:00,-20617.70000000004,-24644.935549999558
1430,2025-09-15 08:00:00,-21005.100000000035,-25032.335549999552
1431,2025-09-15 12:00:00,-20827.50000000003,-24854.735549999546
1432,2025-09-15 16:00:00,-20445.600000000035,-24472.835549999552
1433,2025-09-15 20:00:00,-21206.100000000035,-25233.335549999552
1434,2025-09-16 00:00:00,-21426.70000000004,-25453.935549999558
1435,2025-09-16 04:00:00,-20968.400000000038,-24995.635549999555
1436,2025-09-16 08:00:00,-20914.50000000003,-24941.735549999546
1437,2025-09-16 12:00:00,-20964.20000000004,-24991.435549999558
1438,2025-09-16 16:00:00,-20415.70000000004,-24442.935549999558
1439,2025-09-16 20:00:00,-20992.900000000038,-25020.135549999555
1440,2025-09-17 00:00:00,-20337.20000000004,-24364.435549999558
1441,2025-09-17 04:00:00,-19457.100000000035,-23484.335549999552
1442,2025-09-17 08:00:00,-19467.800000000032,-23495.03554999955
1443,2025-09-17 12:00:00,-19895.00000000003,-23922.235549999546
1444,2025-09-17 16:00:00,-19094.600000000035,-23121.835549999552
1445,2025-09-17 20:00:00,-20015.00000000003,-24042.235549999546
1446,2025-09-18 00:00:00,-20390.00000000003,-24417.235549999546
1447,2025-09-18 04:00:00,-20627.50000000003,-24654.735549999546
1448,2025-09-18 08:00:00,-19812.600000000035,-23839.835549999552
1449,2025-09-18 12:00:00,-18683.900000000038,-22711.135549999555
1450,2025-09-18 16:00:00,-19181.50000000003,-23208.735549999546
1451,2025-09-18 20:00:00,-19200.100000000035,-23227.335549999552
1452,2025-09-19 00:00:00,-18684.800000000032,-22712.03554999955
1453,2025-09-19 04:00:00,-18812.100000000035,-22839.335549999552
1454,2025-09-19 08:00:00,-19198.00000000003,-23225.235549999546
1455,2025-09-19 12:00:00,-19300.900000000038,-23328.135549999555
1456,2025-09-19 16:00:00,-19365.00000000003,-23392.235549999546
1457,2025-09-19 20:00:00,-19872.00000000003,-23899.235549999546
1458,2025-09-20 00:00:00,-20388.20000000004,-24415.435549999558
1459,2025-09-20 04:00:00,-21132.70000000004,-25159.935549999558
1460,2025-09-20 08:00:00,-20645.600000000035,-24672.835549999552
1461,2025-09-20 12:00:00,-20820.900000000038,-24848.135549999555
1462,2025-09-20 16:00:00,-20305.300000000032,-24332.53554999955
1463,2025-09-20 20:00:00,-20380.20000000004,-24407.435549999558
1464,2025-09-21 00:00:00,-20286.600000000035,-24313.835549999552
1465,2025-09-21 04:00:00,-20578.50000000003,-24605.735549999546
1466,2025-09-21 08:00:00,-20590.20000000004,-24617.435549999558
1467,2025-09-21 12:00:00,-20601.300000000032,-24628.53554999955
1468,2025-09-21 16:00:00,-20442.20000000004,-24469.435549999558
1469,2025-09-21 20:00:00,-20655.800000000032,-24683.03554999955
1470,2025-09-22 00:00:00,-20744.00000000003,-24771.235549999546
1471,2025-09-22 04:00:00,-20774.100000000035,-24801.335549999552
1472,2025-09-22 08:00:00,-21031.20000000004,-25058.435549999558
1473,2025-09-22 12:00:00,-21612.20000000004,-25639.435549999558
1474,2025-09-22 16:00:00,-23760.70000000004,-27844.162749999552
1475,2025-09-22 20:00:00,-23760.70000000004,-27844.162749999552
1476,2025-09-23 00:00:00,-23760.70000000004,-27844.162749999552
1477,2025-09-23 04:00:00,-23760.70000000004,-27844.162749999552
1478,2025-09-23 08:00:00,-23760.70000000004,-27844.162749999552
1479,2025-09-23 12:00:00,-23760.70000000004,-27844.162749999552
1480,2025-09-23 16:00:00,-23760.70000000004,-27844.162749999552
1481,2025-09-23 20:00:00,-23760.70000000004,-27844.162749999552
1482,2025-09-24 00:00:00,-23760.70000000004,-27844.162749999552
1483,2025-09-24 04:00:00,-23760.70000000004,-27844.162749999552
1484,2025-09-24 08:00:00,-23760.70000000004,-27844.162749999552
1485,2025-09-24 12:00:00,-23760.70000000004,-27844.162749999552
1486,2025-09-24 16:00:00,-23760.70000000004,-27900.43509999955
1487,2025-09-24 20:00:00,-24198.000000000044,-28337.735099999554
1488,2025-09-25 00:00:00,-24515.900000000038,-28655.63509999955
1489,2025-09-25 04:00:00,-24587.70000000004,-28727.43509999955
1490,2025-09-25 08:00:00,-24470.000000000044,-28609.735099999554
1491,2025-09-25 12:00:00,-23701.800000000047,-27841.535099999557
1492,2025-09-25 16:00:00,-22924.500000000044,-27064.235099999554
1493,2025-09-25 20:00:00,-22532.10000000005,-26671.83509999956
1494,2025-09-26 00:00:00,-22754.400000000038,-26894.13509999955
1495,2025-09-26 04:00:00,-20536.500000000044,-24676.235099999554
1496,2025-09-26 08:00:00,-20150.500000000044,-24290.235099999554
1497,2025-09-26 12:00:00,-20753.60000000005,-24893.33509999956
1498,2025-09-26 16:00:00,-20473.300000000047,-24613.035099999557
1499,2025-09-26 20:00:00,-20298.900000000038,-24438.63509999955
1500,2025-09-27 00:00:00,-20192.000000000044,-24331.735099999554
1501,2025-09-27 04:00:00,-20331.900000000038,-24471.63509999955
1502,2025-09-27 08:00:00,-20804.500000000044,-24944.235099999554
1503,2025-09-27 12:00:00,-20719.800000000047,-24859.535099999557
1504,2025-09-27 16:00:00,-20570.800000000047,-24710.535099999557
1505,2025-09-27 20:00:00,-20481.800000000047,-24621.535099999557
1506,2025-09-28 00:00:00,-20556.70000000004,-24696.43509999955
1507,2025-09-28 04:00:00,-20585.300000000047,-24725.035099999557
1508,2025-09-28 08:00:00,-20793.300000000047,-24933.035099999557
1509,2025-09-28 12:00:00,-20613.300000000047,-24753.035099999557
1510,2025-09-28 16:00:00,-20684.500000000044,-24824.235099999554
1511,2025-09-28 20:00:00,-20535.900000000038,-24675.63509999955
1512,2025-09-29 00:00:00,-21206.000000000044,-25345.735099999554
1513,2025-09-29 04:00:00,-21497.60000000005,-25637.33509999956
1514,2025-09-29 08:00:00,-23335.60000000005,-27475.33509999956
1515,2025-09-29 12:00:00,-23033.900000000038,-27173.63509999955
1516,2025-09-29 16:00:00,-23030.70000000004,-27170.43509999955
1517,2025-09-29 20:00:00,-23268.000000000044,-27407.735099999554
1518,2025-09-30 00:00:00,-24968.000000000044,-29107.735099999554
1519,2025-09-30 04:00:00,-25420.800000000047,-29617.637499999546
1520,2025-09-30 08:00:00,-25420.800000000047,-29617.637499999546
1521,2025-09-30 12:00:00,-25420.800000000047,-29617.637499999546
1522,2025-09-30 16:00:00,-25420.800000000047,-29617.637499999546
1523,2025-09-30 20:00:00,-25420.80000000006,-29674.13934999956
1524,2025-10-01 00:00:00,-25369.100000000064,-29622.439349999564
1525,2025-10-01 04:00:00,-24115.400000000052,-28425.893899999544
1526,2025-10-01 08:00:00,-24115.400000000052,-28425.893899999544
1527,2025-10-01 12:00:00,-24115.400000000052,-28425.893899999544
1528,2025-10-01 16:00:00,-24115.400000000052,-28425.893899999544
1529,2025-10-01 20:00:00,-24115.400000000052,-28425.893899999544
1530,2025-10-02 00:00:00,-24115.400000000052,-28484.57709999956
1531,2025-10-02 04:00:00,-24107.70000000004,-28476.877099999547
1532,2025-10-02 08:00:00,-22929.400000000052,-27298.57709999956
1533,2025-10-02 12:00:00,-22784.800000000047,-27153.977099999553
1534,2025-10-02 16:00:00,-23037.70000000004,-27406.877099999547
1535,2025-10-02 20:00:00,-22765.800000000047,-27134.977099999553
1536,2025-10-03 00:00:00,-21606.70000000004,-25975.877099999547
1537,2025-10-03 04:00:00,-20693.900000000052,-25063.07709999956
1538,2025-10-03 08:00:00,-21000.500000000044,-25369.67709999955
1539,2025-10-03 12:00:00,-21296.400000000052,-25665.57709999956
1540,2025-10-03 16:00:00,-21861.70000000004,-26230.877099999547
1541,2025-10-03 20:00:00,-21174.60000000005,-25543.777099999556
1542,2025-10-04 00:00:00,-19243.300000000047,-23612.477099999553
1543,2025-10-04 04:00:00,-18872.500000000044,-23241.67709999955
1544,2025-10-04 08:00:00,-19299.10000000005,-23668.277099999556
1545,2025-10-04 12:00:00,-19284.60000000005,-23653.777099999556
1546,2025-10-04 16:00:00,-19210.500000000044,-23579.67709999955
1547,2025-10-04 20:00:00,-19557.20000000004,-23926.377099999547
1548,2025-10-05 00:00:00,-19737.000000000044,-24106.17709999955
1549,2025-10-05 04:00:00,-19562.800000000047,-23931.977099999553
1550,2025-10-05 08:00:00,-19138.60000000005,-23507.777099999556
1551,2025-10-05 12:00:00,-17746.10000000005,-22115.277099999556
1552,2025-10-05 16:00:00,-16789.400000000052,-21158.57709999956
1553,2025-10-05 20:00:00,-18068.60000000005,-22437.777099999556
1554,2025-10-06 00:00:00,-18728.800000000047,-23097.977099999553
1555,2025-10-06 04:00:00,-18931.400000000052,-23300.57709999956
1556,2025-10-06 08:00:00,-18055.10000000005,-22424.277099999556
1557,2025-10-06 12:00:00,-17688.900000000052,-22058.07709999956
1558,2025-10-06 16:00:00,-18149.500000000044,-22518.67709999955
1559,2025-10-06 20:00:00,-17320.60000000005,-21689.777099999556
1560,2025-10-07 00:00:00,-16535.60000000005,-20904.777099999556
1561,2025-10-07 04:00:00,-16124.500000000044,-20493.67709999955
1562,2025-10-07 08:00:00,-16853.300000000047,-21222.477099999553
1563,2025-10-07 12:00:00,-17204.10000000005,-21573.277099999556
1564,2025-10-07 16:00:00,-17854.70000000004,-22223.877099999547
1565,2025-10-07 20:00:00,-17084.60000000005,-21453.777099999556
1566,2025-10-08 00:00:00,-19693.500000000044,-24062.67709999955
1567,2025-10-08 04:00:00,-19888.20000000004,-24257.377099999547
1568,2025-10-08 08:00:00,-20195.300000000047,-24564.477099999553
1569,2025-10-08 12:00:00,-20148.70000000004,-24517.877099999547
1570,2025-10-08 16:00:00,-19931.400000000052,-24300.57709999956
1571,2025-10-08 20:00:00,-18656.10000000005,-23025.277099999556
1572,2025-10-09 00:00:00,-19341.70000000004,-23710.877099999547
1573,2025-10-09 04:00:00,-18100.000000000044,-22469.17709999955
1574,2025-10-09 08:00:00,-18244.300000000047,-22613.477099999553
1575,2025-10-09 12:00:00,-19493.400000000052,-23862.57709999956
1576,2025-10-09 16:00:00,-19633.900000000052,-24003.07709999956
1577,2025-10-09 20:00:00,-18808.900000000052,-23178.07709999956
1578,2025-10-10 00:00:00,-20402.400000000052,-24771.57709999956
1579,2025-10-10 04:00:00,-20584.20000000004,-24953.377099999547
1580,2025-10-10 08:00:00,-19902.500000000044,-24271.67709999955
1581,2025-10-10 12:00:00,-20521.000000000044,-24890.17709999955
1582,2025-10-10 16:00:00,-20595.70000000004,-24964.877099999547
1583,2025-10-10 20:00:00,-19988.60000000005,-24357.777099999556
1584,2025-10-11 00:00:00,-22516.500000000044,-26945.15974999954
1585,2025-10-11 04:00:00,-22516.500000000044,-27003.46239999954
1586,2025-10-11 08:00:00,-18626.100000000035,-23113.06239999953
1587,2025-10-11 12:00:00,-18173.100000000035,-22660.06239999953
1588,2025-10-11 16:00:00,-16249.900000000038,-20736.862399999532
1589,2025-10-11 20:00:00,-18135.800000000047,-22622.76239999954
1590,2025-10-12 00:00:00,-17655.600000000035,-22142.56239999953
1591,2025-10-12 04:00:00,-17037.900000000038,-21524.862399999532
1592,2025-10-12 08:00:00,-16490.300000000047,-20977.26239999954
1593,2025-10-12 12:00:00,-16554.500000000044,-21041.46239999954
1594,2025-10-12 16:00:00,-17375.20000000004,-21862.162399999535
1595,2025-10-12 20:00:00,-17695.000000000044,-22181.96239999954
1596,2025-10-13 00:00:00,-19030.20000000004,-23517.162399999535
1597,2025-10-13 04:00:00,-20199.900000000038,-24686.862399999532
1598,2025-10-13 08:00:00,-20805.600000000035,-25292.56239999953
1599,2025-10-13 12:00:00,-20684.800000000047,-25171.76239999954
1600,2025-10-13 16:00:00,-21252.900000000038,-25739.862399999532
1601,2025-10-13 20:00:00,-20040.500000000044,-24527.46239999954
1602,2025-10-14 00:00:00,-20171.900000000038,-24658.862399999532
1603,2025-10-14 04:00:00,-21637.800000000047,-26124.76239999954
1604,2025-10-14 08:00:00,-21023.100000000035,-25510.06239999953
1605,2025-10-14 12:00:00,-19352.20000000004,-23839.162399999535
1606,2025-10-14 16:00:00,-17576.400000000038,-22063.362399999532
1607,2025-10-14 20:00:00,-17152.600000000035,-21639.56239999953
1608,2025-10-15 00:00:00,-18734.20000000004,-23221.162399999535
1609,2025-10-15 04:00:00,-18455.100000000035,-22942.06239999953
1610,2025-10-15 08:00:00,-18895.000000000044,-23381.96239999954
1611,2025-10-15 12:00:00,-17889.900000000038,-22376.862399999532
1612,2025-10-15 16:00:00,-18435.500000000044,-22922.46239999954
1613,2025-10-15 20:00:00,-17752.20000000004,-22239.162399999535
1614,2025-10-16 00:00:00,-16668.70000000004,-21155.662399999535
1615,2025-10-16 04:00:00,-17113.900000000038,-21600.862399999532
1616,2025-10-16 08:00:00,-16610.20000000004,-21097.162399999535
1617,2025-10-16 12:00:00,-17188.600000000035,-21675.56239999953
1618,2025-10-16 16:00:00,-16429.400000000038,-20916.362399999532
1619,2025-10-16 20:00:00,-17275.100000000035,-21762.06239999953
1620,2025-10-17 00:00:00,-14385.20000000004,-18872.162399999535
1621,2025-10-17 04:00:00,-14062.500000000044,-18549.46239999954
1622,2025-10-17 08:00:00,-14040.600000000035,-18527.56239999953
1623,2025-10-17 12:00:00,-15033.000000000044,-19519.96239999954
1624,2025-10-17 16:00:00,-11489.500000000044,-15976.462399999538
1625,2025-10-17 20:00:00,-11521.70000000004,-16008.662399999535
1626,2025-10-18 00:00:00,-12661.300000000047,-17148.26239999954
1627,2025-10-18 04:00:00,-12327.600000000035,-16814.56239999953
1628,2025-10-18 08:00:00,-12289.800000000047,-16776.76239999954
1629,2025-10-18 12:00:00,-12936.20000000004,-17423.162399999535
1630,2025-10-18 16:00:00,-12559.500000000044,-17046.46239999954
1631,2025-10-18 20:00:00,-13062.20000000004,-17549.162399999535
1632,2025-10-19 00:00:00,-12804.400000000038,-17291.362399999532
1633,2025-10-19 04:00:00,-12934.20000000004,-17421.162399999535
1634,2025-10-19 08:00:00,-13028.70000000004,-17515.662399999535
1635,2025-10-19 12:00:00,-13133.100000000035,-17620.06239999953
1636,2025-10-19 16:00:00,-12644.500000000044,-17131.46239999954
1637,2025-10-19 20:00:00,-13641.800000000047,-18128.76239999954
1638,2025-10-20 00:00:00,-14340.70000000004,-18827.662399999535
1639,2025-10-20 04:00:00,-14761.20000000004,-19248.162399999535
1640,2025-10-20 08:00:00,-14497.400000000038,-18984.362399999532
1641,2025-10-20 12:00:00,-16011.600000000035,-20498.56239999953
1642,2025-10-20 16:00:00,-17037.400000000038,-21524.362399999532
1643,2025-10-20 20:00:00,-16880.70000000004,-21367.662399999535
1644,2025-10-21 00:00:00,-16990.300000000047,-21477.26239999954
1645,2025-10-21 04:00:00,-16646.20000000004,-21133.162399999535
1646,2025-10-21 08:00:00,-16381.100000000035,-20868.06239999953
1647,2025-10-21 12:00:00,-14916.20000000004,-19403.162399999535
1648,2025-10-21 16:00:00,-13931.20000000004,-18418.162399999535
1649,2025-10-21 20:00:00,-14430.600000000035,-18917.56239999953
1650,2025-10-22 00:00:00,-19266.400000000038,-23810.039999999528
1651,2025-10-22 04:00:00,-19266.400000000038,-23810.039999999528
1652,2025-10-22 08:00:00,-19266.400000000038,-23810.039999999528
1653,2025-10-22 12:00:00,-19266.400000000038,-23810.039999999528
1654,2025-10-22 16:00:00,-19266.400000000038,-23810.039999999528
1655,2025-10-22 20:00:00,-19266.400000000038,-23810.039999999528
1656,2025-10-23 00:00:00,-19266.400000000038,-23810.039999999528
1657,2025-10-23 04:00:00,-19266.400000000038,-23810.039999999528
1658,2025-10-23 08:00:00,-19266.400000000038,-23863.805999999517
1659,2025-10-23 12:00:00,-18476.20000000004,-23073.60599999952
1660,2025-10-23 16:00:00,-17569.800000000032,-22167.20599999951
1661,2025-10-23 20:00:00,-17579.900000000038,-22177.305999999517
1662,2025-10-24 00:00:00,-16949.400000000038,-21546.805999999517
1663,2025-10-24 04:00:00,-16660.600000000035,-21258.005999999514
1664,2025-10-24 08:00:00,-16772.500000000044,-21369.905999999522
1665,2025-10-24 12:00:00,-16398.500000000044,-20995.905999999522
1666,2025-10-24 16:00:00,-15784.70000000004,-20382.10599999952
1667,2025-10-24 20:00:00,-15791.70000000004,-20389.10599999952
1668,2025-10-25 00:00:00,-16788.600000000035,-21386.005999999514
1669,2025-10-25 04:00:00,-16227.100000000035,-20824.505999999514
1670,2025-10-25 08:00:00,-15833.000000000044,-20430.405999999522
1671,2025-10-25 12:00:00,-15836.100000000035,-20433.505999999514
1672,2025-10-25 16:00:00,-15353.000000000044,-19950.405999999522
1673,2025-10-25 20:00:00,-15275.70000000004,-19873.10599999952
1674,2025-10-26 00:00:00,-15457.500000000044,-20054.905999999522
1675,2025-10-26 04:00:00,-15223.500000000044,-19820.905999999522
1676,2025-10-26 08:00:00,-15209.000000000044,-19806.405999999522
1677,2025-10-26 12:00:00,-15588.300000000032,-20185.70599999951
1678,2025-10-26 16:00:00,-15125.600000000035,-19723.005999999514
1679,2025-10-26 20:00:00,-13563.20000000004,-18160.60599999952
1680,2025-10-27 00:00:00,-13150.300000000032,-17747.70599999951
1681,2025-10-27 04:00:00,-13252.100000000035,-17849.505999999514
1682,2025-10-27 08:00:00,-12300.600000000035,-16898.005999999514
1683,2025-10-27 12:00:00,-11870.70000000004,-16468.10599999952
1684,2025-10-27 16:00:00,-11275.900000000038,-15873.305999999517
1685,2025-10-27 20:00:00,-11496.100000000035,-16151.157149999504
1686,2025-10-28 00:00:00,-11496.100000000035,-16151.157149999504
1687,2025-10-28 04:00:00,-11496.100000000035,-16151.157149999504
1688,2025-10-28 08:00:00,-11496.100000000035,-16151.157149999504
1689,2025-10-28 12:00:00,-11496.100000000035,-16151.157149999504
1690,2025-10-28 16:00:00,-11496.100000000035,-16151.157149999504
1691,2025-10-28 20:00:00,-11496.100000000035,-16151.157149999504
1692,2025-10-29 00:00:00,-11496.100000000035,-16151.157149999504
1693,2025-10-29 04:00:00,-11496.100000000035,-16151.157149999504
1694,2025-10-29 08:00:00,-11496.100000000035,-16151.157149999504
1695,2025-10-29 12:00:00,-11496.100000000035,-16151.157149999504
1696,2025-10-29 16:00:00,-11496.100000000035,-16151.157149999504
1697,2025-10-29 20:00:00,-11496.100000000035,-16207.699399999503
1698,2025-10-30 00:00:00,-13120.00000000003,-17831.599399999497
1699,2025-10-30 04:00:00,-13975.00000000003,-18686.599399999497
1700,2025-10-30 08:00:00,-14595.00000000003,-19306.599399999497
1701,2025-10-30 12:00:00,-13886.100000000035,-18597.699399999503
1702,2025-10-30 16:00:00,-13267.100000000035,-17978.699399999503
1703,2025-10-30 20:00:00,-14914.600000000035,-19681.0323999995
1704,2025-10-31 00:00:00,-14914.600000000035,-19734.867699999493
1705,2025-10-31 04:00:00,-13739.100000000035,-18559.367699999493
1706,2025-10-31 08:00:00,-15507.50000000003,-20327.767699999487
1707,2025-10-31 12:00:00,-16430.200000000026,-21250.467699999484
1708,2025-10-31 16:00:00,-16644.100000000035,-21464.367699999493
1709,2025-10-31 20:00:00,-17619.700000000026,-22439.967699999484
1710,2025-11-01 00:00:00,-17404.100000000035,-22224.367699999493
1711,2025-11-01 04:00:00,-17046.800000000032,-21867.06769999949
1712,2025-11-01 08:00:00,-16801.300000000032,-21621.56769999949
1713,2025-11-01 12:00:00,-17438.600000000035,-22258.867699999493
1714,2025-11-01 16:00:00,-17269.300000000032,-22089.56769999949
1715,2025-11-01 20:00:00,-17340.200000000026,-22160.467699999484
1716,2025-11-02 00:00:00,-17497.200000000026,-22317.467699999484
1717,2025-11-02 04:00:00,-17493.00000000003,-22313.267699999487
1718,2025-11-02 08:00:00,-17291.200000000026,-22111.467699999484
1719,2025-11-02 12:00:00,-17252.50000000003,-22072.767699999487
1720,2025-11-02 16:00:00,-18088.100000000035,-22908.367699999493
1721,2025-11-02 20:00:00,-18389.400000000023,-23209.66769999948
1722,2025-11-03 00:00:00,-17310.100000000035,-22130.367699999493
1723,2025-11-03 04:00:00,-17369.200000000026,-22189.467699999484
1724,2025-11-03 08:00:00,-17738.900000000023,-22559.16769999948
1725,2025-11-03 12:00:00,-15130.00000000003,-19950.267699999487
1726,2025-11-03 16:00:00,-14664.50000000003,-19484.767699999487
1727,2025-11-03 20:00:00,-14981.400000000023,-19801.66769999948
1728,2025-11-04 00:00:00,-12962.800000000032,-17783.06769999949
1729,2025-11-04 04:00:00,-14278.700000000026,-19098.967699999484
1730,2025-11-04 08:00:00,-13788.00000000003,-18608.267699999487
1731,2025-11-04 12:00:00,-14341.200000000026,-19161.467699999484
1732,2025-11-04 16:00:00,-11686.900000000023,-16507.16769999948
1733,2025-11-04 20:00:00,-11774.700000000026,-16594.967699999484
1734,2025-11-05 00:00:00,-10401.700000000026,-15221.967699999484
1735,2025-11-05 04:00:00,-7751.000000000029,-12571.267699999487
1736,2025-11-05 08:00:00,-8694.300000000032,-13514.56769999949
1737,2025-11-05 12:00:00,-9338.800000000032,-14159.06769999949
1738,2025-11-05 16:00:00,-9190.100000000035,-14010.367699999493
1739,2025-11-05 20:00:00,-9263.400000000023,-14083.667699999482
1740,2025-11-06 00:00:00,-10912.300000000032,-15732.56769999949
1741,2025-11-06 04:00:00,-11194.00000000003,-16014.267699999487
1742,2025-11-06 08:00:00,-11081.00000000003,-15901.267699999487
1743,2025-11-06 12:00:00,-10842.300000000032,-15662.56769999949
1744,2025-11-06 16:00:00,-10382.600000000035,-15202.867699999493
1745,2025-11-06 20:00:00,-10426.600000000035,-15246.867699999493
1746,2025-11-07 00:00:00,-9225.600000000035,-14045.867699999493
1747,2025-11-07 04:00:00,-8579.900000000023,-13400.167699999482
1748,2025-11-07 08:00:00,-8549.600000000035,-13369.867699999493
1749,2025-11-07 12:00:00,-9107.50000000003,-13927.767699999487
1750,2025-11-07 16:00:00,-9222.800000000032,-14043.06769999949
1751,2025-11-07 20:00:00,-7613.100000000035,-12433.367699999493
1752,2025-11-08 00:00:00,-8002.000000000029,-12822.267699999487
1753,2025-11-08 04:00:00,-10594.00000000003,-15414.267699999487
1754,2025-11-08 08:00:00,-10549.200000000026,-15369.467699999484
1755,2025-11-08 12:00:00,-9789.800000000032,-14610.06769999949
1756,2025-11-08 16:00:00,-9546.900000000023,-14367.167699999482
1757,2025-11-08 20:00:00,-9049.600000000035,-13869.867699999493
1758,2025-11-09 00:00:00,-8922.00000000003,-13793.10669999948
1759,2025-11-09 04:00:00,-8922.00000000003,-13844.073849999477
1760,2025-11-09 08:00:00,-9257.00000000003,-14179.073849999477
1761,2025-11-09 12:00:00,-8610.60000000002,-13532.673849999468
1762,2025-11-09 16:00:00,-8885.900000000023,-13807.973849999471
1763,2025-11-09 20:00:00,-9185.900000000023,-14107.973849999471
1764,2025-11-10 00:00:00,-10703.50000000003,-15625.573849999477
1765,2025-11-10 04:00:00,-11751.800000000032,-16673.87384999948
1766,2025-11-10 08:00:00,-11658.300000000032,-16580.37384999948
1767,2025-11-10 12:00:00,-12978.300000000032,-17900.37384999948
1768,2025-11-10 16:00:00,-13405.400000000023,-18327.47384999947
1769,2025-11-10 20:00:00,-13124.300000000032,-18046.37384999948
1770,2025-11-11 00:00:00,-12016.60000000002,-16938.673849999468
1771,2025-11-11 04:00:00,-12754.900000000023,-17676.97384999947
1772,2025-11-11 08:00:00,-12954.00000000003,-17929.056999999477
1773,2025-11-11 12:00:00,-12954.00000000003,-17929.056999999477
1774,2025-11-11 16:00:00,-12954.00000000003,-17929.056999999477
1775,2025-11-11 20:00:00,-12954.00000000003,-17929.056999999477
1776,2025-11-12 00:00:00,-12954.00000000003,-17929.056999999477
1777,2025-11-12 04:00:00,-12954.00000000003,-17929.056999999477
1778,2025-11-12 08:00:00,-12954.00000000003,-17929.056999999477
1779,2025-11-12 12:00:00,-12954.00000000003,-17929.056999999477
1780,2025-11-12 16:00:00,-12954.00000000003,-17929.056999999477
1781,2025-11-12 20:00:00,-12954.00000000003,-17929.056999999477
1782,2025-11-13 00:00:00,-12954.00000000003,-17929.056999999477
1783,2025-11-13 04:00:00,-12954.00000000003,-17929.056999999477
1784,2025-11-13 08:00:00,-12954.00000000003,-17979.859899999472
1785,2025-11-13 12:00:00,-12471.700000000026,-17497.55989999947
1786,2025-11-13 16:00:00,-11128.900000000038,-16154.75989999948
1787,2025-11-13 20:00:00,-11659.800000000032,-16685.659899999475
1788,2025-11-14 00:00:00,-13221.800000000032,-18247.659899999475
1789,2025-11-14 04:00:00,-15916.700000000026,-20942.55989999947
1790,2025-11-14 08:00:00,-14905.50000000003,-19931.359899999472
1791,2025-11-14 12:00:00,-15456.50000000003,-20482.359899999472
1792,2025-11-14 16:00:00,-17459.900000000038,-22485.75989999948
1793,2025-11-14 20:00:00,-18425.200000000026,-23499.127199999464
1794,2025-11-15 00:00:00,-18425.200000000026,-23499.127199999464
1795,2025-11-15 04:00:00,-18425.200000000026,-23499.127199999464
1796,2025-11-15 08:00:00,-18425.200000000026,-23499.127199999464
1797,2025-11-15 12:00:00,-18425.200000000026,-23499.127199999464
1798,2025-11-15 16:00:00,-18425.200000000026,-23499.127199999464
1799,2025-11-15 20:00:00,-18425.200000000026,-23499.127199999464
1800,2025-11-16 00:00:00,-18425.200000000026,-23499.127199999464
1801,2025-11-16 04:00:00,-18425.200000000026,-23499.127199999464
1802,2025-11-16 08:00:00,-18425.200000000026,-23499.127199999464
1803,2025-11-16 12:00:00,-18425.200000000026,-23499.127199999464
1804,2025-11-16 16:00:00,-18425.200000000026,-23499.127199999464
1805,2025-11-16 20:00:00,-18425.200000000026,-23499.127199999464
1806,2025-11-17 00:00:00,-18425.200000000026,-23499.127199999464
1807,2025-11-17 04:00:00,-18425.200000000026,-23546.124449999465
1808,2025-11-17 08:00:00,-18652.400000000023,-23773.32444999946
1809,2025-11-17 12:00:00,-19902.800000000032,-25023.72444999947
1810,2025-11-17 16:00:00,-20018.60000000002,-25139.52444999946
1811,2025-11-17 20:00:00,-19960.800000000032,-25081.72444999947
1812,2025-11-18 00:00:00,-18346.400000000023,-23467.32444999946
1813,2025-11-18 04:00:00,-16086.900000000023,-21207.82444999946
1814,2025-11-18 08:00:00,-16600.400000000023,-21721.32444999946
1815,2025-11-18 12:00:00,-15242.60000000002,-20363.52444999946
1816,2025-11-18 16:00:00,-14889.800000000032,-20010.72444999947
1817,2025-11-18 20:00:00,-15904.300000000032,-21025.22444999947
1818,2025-11-19 00:00:00,-17282.10000000002,-22403.02444999946
1819,2025-11-19 04:00:00,-17573.800000000032,-22694.72444999947
1820,2025-11-19 08:00:00,-17347.60000000002,-22468.52444999946
1821,2025-11-19 12:00:00,-16272.900000000023,-21393.82444999946
1822,2025-11-19 16:00:00,-16257.300000000032,-21378.22444999947
1823,2025-11-19 20:00:00,-15803.10000000002,-20924.02444999946
1824,2025-11-20 00:00:00,-14331.700000000026,-19452.624449999465
1825,2025-11-20 04:00:00,-13288.400000000023,-18409.32444999946
1826,2025-11-20 08:00:00,-15939.60000000002,-21060.52444999946
1827,2025-11-20 12:00:00,-16835.300000000032,-21956.22444999947
1828,2025-11-20 16:00:00,-16698.10000000002,-21819.02444999946
1829,2025-11-20 20:00:00,-16323.300000000032,-21444.22444999947
1830,2025-11-21 00:00:00,-14266.10000000002,-19387.02444999946
1831,2025-11-21 04:00:00,-11311.00000000003,-16431.924449999467
1832,2025-11-21 08:00:00,-11032.00000000003,-16152.924449999467
1833,2025-11-21 12:00:00,-10213.200000000026,-15334.124449999465
1834,2025-11-21 16:00:00,-8437.400000000023,-13558.324449999462
1835,2025-11-21 20:00:00,-6709.800000000032,-11830.72444999947
1836,2025-11-22 00:00:00,-7335.800000000032,-12456.72444999947
1837,2025-11-22 04:00:00,-8597.900000000023,-13718.824449999462
1838,2025-11-22 08:00:00,-9524.200000000026,-14645.124449999465
1839,2025-11-22 12:00:00,-8844.800000000032,-13965.72444999947
1840,2025-11-22 16:00:00,-8968.10000000002,-14089.024449999459
1841,2025-11-22 20:00:00,-8496.900000000023,-13617.824449999462
1842,2025-11-23 00:00:00,-8670.60000000002,-13791.524449999459
1843,2025-11-23 04:00:00,-8997.400000000023,-14118.324449999462
1844,2025-11-23 08:00:00,-9120.10000000002,-14241.024449999459
1845,2025-11-23 12:00:00,-10691.700000000026,-15812.624449999465
1846,2025-11-23 16:00:00,-10162.700000000026,-15283.624449999465
1847,2025-11-23 20:00:00,-10721.00000000003,-15841.924449999467
1848,2025-11-24 00:00:00,-11473.50000000003,-16594.424449999467
1849,2025-11-24 04:00:00,-11707.400000000023,-16828.32444999946
1850,2025-11-24 08:00:00,-11238.400000000023,-16359.324449999462
1851,2025-11-24 12:00:00,-11839.50000000003,-16960.424449999467
1852,2025-11-24 16:00:00,-11435.300000000032,-16556.22444999947
1853,2025-11-24 20:00:00,-10663.200000000026,-15784.124449999465
1854,2025-11-25 00:00:00,-11001.700000000026,-16122.624449999465
1855,2025-11-25 04:00:00,-12707.700000000026,-17828.624449999465
1856,2025-11-25 08:00:00,-12677.800000000032,-17798.72444999947
1857,2025-11-25 12:00:00,-12205.800000000032,-17326.72444999947
1858,2025-11-25 16:00:00,-11792.900000000023,-16913.82444999946
1859,2025-11-25 20:00:00,-11742.60000000002,-16863.52444999946
1860,2025-11-26 00:00:00,-11377.200000000026,-16498.124449999465
1861,2025-11-26 04:00:00,-11265.700000000026,-16386.624449999465
1862,2025-11-26 08:00:00,-11754.800000000032,-16875.72444999947
1863,2025-11-26 12:00:00,-11519.200000000026,-16640.124449999465
1864,2025-11-26 16:00:00,-12326.900000000023,-17447.82444999946
1865,2025-11-26 20:00:00,-11479.900000000023,-16600.82444999946
1866,2025-11-27 00:00:00,-11356.900000000023,-16477.82444999946
1867,2025-11-27 04:00:00,-14354.00000000003,-19519.886099999465
1868,2025-11-27 08:00:00,-14354.00000000003,-19519.886099999465
1869,2025-11-27 12:00:00,-14354.00000000003,-19519.886099999465
1870,2025-11-27 16:00:00,-14354.00000000003,-19565.566849999464
1871,2025-11-27 20:00:00,-14380.600000000035,-19592.16684999947
1872,2025-11-28 00:00:00,-14802.600000000035,-20014.16684999947
1873,2025-11-28 04:00:00,-14226.50000000003,-19438.066849999464
1874,2025-11-28 08:00:00,-14423.300000000032,-19634.866849999467
1875,2025-11-28 12:00:00,-14547.50000000003,-19759.066849999464
1876,2025-11-28 16:00:00,-14845.300000000032,-20056.866849999467
1877,2025-11-28 20:00:00,-14332.600000000035,-19544.16684999947
1878,2025-11-29 00:00:00,-13415.600000000035,-18627.16684999947
1879,2025-11-29 04:00:00,-14609.400000000023,-19820.96684999946
1880,2025-11-29 08:00:00,-14867.700000000026,-20079.26684999946
1881,2025-11-29 12:00:00,-15077.50000000003,-20289.066849999464
1882,2025-11-29 16:00:00,-15192.00000000003,-20403.566849999464
1883,2025-11-29 20:00:00,-15081.800000000032,-20293.366849999467
1884,2025-11-30 00:00:00,-14685.50000000003,-19897.066849999464
1885,2025-11-30 04:00:00,-15112.600000000035,-20324.16684999947
1886,2025-11-30 08:00:00,-14950.50000000003,-20162.066849999464
1887,2025-11-30 12:00:00,-14842.50000000003,-20054.066849999464
1888,2025-11-30 16:00:00,-14791.00000000003,-20002.566849999464
1889,2025-11-30 20:00:00,-14714.600000000035,-19926.16684999947
1890,2025-12-01 00:00:00,-14309.700000000026,-19521.26684999946
1891,2025-12-01 04:00:00,-14292.300000000032,-19503.866849999467
1892,2025-12-01 08:00:00,-15394.900000000023,-20606.46684999946
1893,2025-12-01 12:00:00,-19396.300000000032,-24607.866849999467
1894,2025-12-01 16:00:00,-19227.900000000023,-24439.46684999946
1895,2025-12-01 20:00:00,-19615.400000000023,-24826.96684999946
1896,2025-12-02 00:00:00,-21065.50000000003,-26277.066849999464
1897,2025-12-02 04:00:00,-20730.50000000003,-25942.066849999464
1898,2025-12-02 08:00:00,-19473.900000000023,-24685.46684999946
1899,2025-12-02 12:00:00,-18779.50000000003,-23991.066849999464
1900,2025-12-02 16:00:00,-18750.50000000003,-23962.066849999464
1901,2025-12-02 20:00:00,-18388.600000000035,-23643.830299999463
1902,2025-12-03 00:00:00,-18388.600000000035,-23643.830299999463
1903,2025-12-03 04:00:00,-18388.600000000035,-23643.830299999463
1904,2025-12-03 08:00:00,-18388.600000000035,-23643.830299999463
1905,2025-12-03 12:00:00,-18388.600000000035,-23643.830299999463
1906,2025-12-03 16:00:00,-18388.600000000035,-23643.830299999463
1907,2025-12-03 20:00:00,-18388.600000000035,-23643.830299999463
1908,2025-12-04 00:00:00,-18388.600000000035,-23643.830299999463
1909,2025-12-04 04:00:00,-18388.600000000035,-23643.830299999463
1910,2025-12-04 08:00:00,-18388.600000000035,-23690.51864999946
1911,2025-12-04 12:00:00,-18265.400000000038,-23567.318649999463
1912,2025-12-04 16:00:00,-18406.700000000026,-23708.61864999945
1913,2025-12-04 20:00:00,-18870.400000000038,-24172.318649999463
1914,2025-12-05 00:00:00,-18831.800000000032,-24133.718649999457
1915,2025-12-05 04:00:00,-19823.800000000032,-25125.718649999457
1916,2025-12-05 08:00:00,-19730.600000000035,-25032.51864999946
1917,2025-12-05 12:00:00,-19660.400000000038,-24962.318649999463
1918,2025-12-05 16:00:00,-19537.800000000032,-24839.718649999457
1919,2025-12-05 20:00:00,-20457.400000000038,-25759.318649999463
1920,2025-12-06 00:00:00,-21351.300000000032,-26653.218649999457
1921,2025-12-06 04:00:00,-22174.800000000032,-27476.718649999457
1922,2025-12-06 08:00:00,-22476.800000000032,-27778.718649999457
1923,2025-12-06 12:00:00,-22128.800000000032,-27430.718649999457
1924,2025-12-06 16:00:00,-22215.700000000026,-27517.61864999945
1925,2025-12-06 20:00:00,-22179.900000000038,-27481.818649999463
1926,2025-12-07 00:00:00,-22051.900000000038,-27353.818649999463
1927,2025-12-07 04:00:00,-22395.900000000038,-27697.818649999463
1928,2025-12-07 08:00:00,-22568.200000000026,-27870.11864999945
1929,2025-12-07 12:00:00,-22089.700000000026,-27391.61864999945
1930,2025-12-07 16:00:00,-22428.200000000026,-27730.11864999945
1931,2025-12-07 20:00:00,-22655.900000000038,-27957.818649999463
1932,2025-12-08 00:00:00,-22260.300000000032,-27562.218649999457
1933,2025-12-08 04:00:00,-20385.600000000035,-25687.51864999946
1934,2025-12-08 08:00:00,-21419.900000000038,-26721.818649999463
1935,2025-12-08 12:00:00,-20725.900000000038,-26027.818649999463
1936,2025-12-08 16:00:00,-20245.50000000003,-25547.418649999454
1937,2025-12-08 20:00:00,-19841.800000000032,-25143.718649999457
1938,2025-12-09 00:00:00,-21852.700000000026,-27154.61864999945
1939,2025-12-09 04:00:00,-21691.700000000026,-26993.61864999945
1940,2025-12-09 08:00:00,-21154.50000000003,-26456.418649999454
1941,2025-12-09 12:00:00,-21401.300000000032,-26703.218649999457
1942,2025-12-09 16:00:00,-21315.400000000038,-26617.318649999463
1943,2025-12-09 20:00:00,-21423.400000000038,-26725.318649999463
1944,2025-12-10 00:00:00,-19088.400000000038,-24390.318649999463
1945,2025-12-10 04:00:00,-18003.400000000038,-23305.318649999463
1946,2025-12-10 08:00:00,-19126.900000000038,-24428.818649999463
1947,2025-12-10 12:00:00,-19399.300000000032,-24701.218649999457
1948,2025-12-10 16:00:00,-19020.600000000035,-24322.51864999946
1949,2025-12-10 20:00:00,-19679.800000000032,-24981.718649999457
1950,2025-12-11 00:00:00,-19743.50000000003,-25045.418649999454
1951,2025-12-11 04:00:00,-18851.50000000003,-24153.418649999454
1952,2025-12-11 08:00:00,-19787.800000000032,-25089.718649999457
1953,2025-12-11 12:00:00,-21932.200000000026,-27234.11864999945
1954,2025-12-11 16:00:00,-21533.900000000038,-26835.818649999463
1955,2025-12-11 20:00:00,-21570.00000000003,-26871.918649999454
1956,2025-12-12 00:00:00,-21935.200000000026,-27237.11864999945
1957,2025-12-12 04:00:00,-20971.800000000032,-26273.718649999457
1958,2025-12-12 08:00:00,-19287.800000000032,-24589.718649999457
1959,2025-12-12 12:00:00,-19531.00000000003,-24832.918649999454
1960,2025-12-12 16:00:00,-19375.800000000032,-24677.718649999457
1961,2025-12-12 20:00:00,-19383.800000000032,-24685.718649999457
1962,2025-12-13 00:00:00,-21870.300000000032,-27172.218649999457
1963,2025-12-13 04:00:00,-21618.00000000003,-26919.918649999454
1964,2025-12-13 08:00:00,-21535.700000000026,-26837.61864999945
1965,2025-12-13 12:00:00,-21461.300000000032,-26763.218649999457
1966,2025-12-13 16:00:00,-21479.200000000026,-26826.26169999945
1967,2025-12-13 20:00:00,-21479.200000000026,-26826.26169999945
1968,2025-12-14 00:00:00,-21479.200000000026,-26826.26169999945
1969,2025-12-14 04:00:00,-21479.200000000026,-26826.26169999945
1970,2025-12-14 08:00:00,-21479.200000000026,-26826.26169999945
1971,2025-12-14 12:00:00,-21479.200000000026,-26826.26169999945
1972,2025-12-14 16:00:00,-21479.200000000026,-26826.26169999945
1973,2025-12-14 20:00:00,-21479.200000000026,-26870.91579999945
1974,2025-12-15 00:00:00,-21156.200000000026,-26547.91579999945
1975,2025-12-15 04:00:00,-20769.700000000026,-26161.41579999945
1976,2025-12-15 08:00:00,-20289.800000000032,-25681.515799999455
1977,2025-12-15 12:00:00,-21410.900000000023,-26802.615799999447
1978,2025-12-15 16:00:00,-21874.00000000003,-27265.715799999452
1979,2025-12-15 20:00:00,-21777.00000000003,-27168.715799999452
1980,2025-12-16 00:00:00,-19167.600000000035,-24559.31579999946
1981,2025-12-16 04:00:00,-18275.200000000026,-23666.91579999945
1982,2025-12-16 08:00:00,-18560.900000000023,-23952.615799999447
1983,2025-12-16 12:00:00,-18008.700000000026,-23400.41579999945
1984,2025-12-16 16:00:00,-18135.800000000032,-23527.515799999455
1985,2025-12-16 20:00:00,-19387.600000000035,-24779.31579999946
1986,2025-12-17 00:00:00,-20107.300000000032,-25499.015799999455
1987,2025-12-17 04:00:00,-19709.700000000026,-25101.41579999945
1988,2025-12-17 08:00:00,-19997.300000000032,-25389.015799999455
1989,2025-12-17 12:00:00,-19349.100000000035,-24740.81579999946
1990,2025-12-17 16:00:00,-19181.400000000023,-24573.115799999447
1991,2025-12-17 20:00:00,-19110.300000000032,-24502.015799999455
1992,2025-12-18 00:00:00,-19362.400000000023,-24754.115799999447
1993,2025-12-18 04:00:00,-18153.700000000026,-23545.41579999945
1994,2025-12-18 08:00:00,-18372.600000000035,-23764.31579999946
1995,2025-12-18 12:00:00,-18746.100000000035,-24137.81579999946
1996,2025-12-18 16:00:00,-18958.50000000003,-24350.215799999452
1997,2025-12-18 20:00:00,-19439.100000000035,-24830.81579999946
1998,2025-12-19 00:00:00,-20651.800000000032,-26043.515799999455
1999,2025-12-19 04:00:00,-16618.00000000003,-22009.715799999452
2000,2025-12-19 08:00:00,-17640.700000000026,-23032.41579999945
2001,2025-12-19 12:00:00,-19034.100000000035,-24425.81579999946
2002,2025-12-19 16:00:00,-20080.700000000026,-25472.41579999945
2003,2025-12-19 20:00:00,-20340.900000000023,-25732.615799999447
2004,2025-12-20 00:00:00,-20096.600000000035,-25488.31579999946
2005,2025-12-20 04:00:00,-19983.800000000032,-25375.515799999455
2006,2025-12-20 08:00:00,-20271.00000000003,-25662.715799999452
2007,2025-12-20 12:00:00,-20336.300000000032,-25728.015799999455
2008,2025-12-20 16:00:00,-20410.900000000023,-25802.615799999447
2009,2025-12-20 20:00:00,-20414.600000000035,-25806.31579999946
2010,2025-12-21 00:00:00,-20305.600000000035,-25697.31579999946
2011,2025-12-21 04:00:00,-20367.300000000032,-25759.015799999455
2012,2025-12-21 08:00:00,-20491.800000000032,-25883.515799999455
2013,2025-12-21 12:00:00,-20214.200000000026,-25605.91579999945
2014,2025-12-21 16:00:00,-20309.700000000026,-25701.41579999945
2015,2025-12-21 20:00:00,-20741.600000000035,-26133.31579999946
2016,2025-12-22 00:00:00,-20195.700000000026,-25587.41579999945
2017,2025-12-22 04:00:00,-20619.200000000026,-26010.91579999945
2018,2025-12-22 08:00:00,-20792.300000000032,-26184.015799999455
2019,2025-12-22 12:00:00,-20898.50000000003,-26290.215799999452
2020,2025-12-22 16:00:00,-21298.700000000026,-26690.41579999945
2021,2025-12-22 20:00:00,-22076.200000000026,-27467.91579999945
2022,2025-12-23 00:00:00,-21859.50000000003,-27251.215799999452
2023,2025-12-23 04:00:00,-20182.100000000035,-25573.81579999946
2024,2025-12-23 08:00:00,-20752.50000000003,-26144.215799999452
2025,2025-12-23 12:00:00,-20299.200000000026,-25690.91579999945
2026,2025-12-23 16:00:00,-19702.300000000032,-25094.015799999455
2027,2025-12-23 20:00:00,-19984.900000000023,-25420.522749999436
2028,2025-12-24 00:00:00,-19984.900000000023,-25464.22539999943
2029,2025-12-24 04:00:00,-19666.00000000003,-25145.325399999434
2030,2025-12-24 08:00:00,-19927.200000000026,-25406.52539999943
2031,2025-12-24 12:00:00,-20078.800000000032,-25558.125399999437
2032,2025-12-24 16:00:00,-20522.10000000002,-26001.425399999425
2033,2025-12-24 20:00:00,-20227.60000000002,-25706.925399999425
2034,2025-12-25 00:00:00,-20378.200000000026,-25857.52539999943
2035,2025-12-25 04:00:00,-19868.800000000032,-25391.886099999436
2036,2025-12-25 08:00:00,-19868.800000000032,-25391.886099999436
2037,2025-12-25 12:00:00,-19868.800000000032,-25435.79189999943
2038,2025-12-25 16:00:00,-19884.500000000044,-25451.49189999944
2039,2025-12-25 20:00:00,-20195.20000000004,-25762.191899999438
2040,2025-12-26 00:00:00,-19341.500000000044,-24908.49189999944
2041,2025-12-26 04:00:00,-19568.100000000035,-25135.091899999432
2042,2025-12-26 08:00:00,-20497.600000000035,-26108.183299999422
2043,2025-12-26 12:00:00,-20497.600000000035,-26108.183299999422
2044,2025-12-26 16:00:00,-20497.600000000035,-26108.183299999422
2045,2025-12-26 20:00:00,-20497.600000000035,-26152.43704999941
2046,2025-12-27 00:00:00,-21905.100000000035,-27603.4870499994
2047,2025-12-27 04:00:00,-21905.100000000035,-27603.4870499994
2048,2025-12-27 08:00:00,-21905.100000000035,-27603.4870499994
2049,2025-12-27 12:00:00,-21905.100000000035,-27647.223749999393
2050,2025-12-27 16:00:00,-21922.600000000035,-27664.723749999393
2051,2025-12-27 20:00:00,-21865.300000000047,-27607.423749999405
2052,2025-12-28 00:00:00,-21947.900000000038,-27690.023749999396
2053,2025-12-28 04:00:00,-21954.100000000035,-27696.223749999393
2054,2025-12-28 08:00:00,-22261.100000000035,-28003.223749999393
2055,2025-12-28 12:00:00,-22124.70000000004,-27866.8237499994
2056,2025-12-28 16:00:00,-22129.400000000038,-27871.523749999396
2057,2025-12-28 20:00:00,-22282.500000000044,-28024.623749999402
2058,2025-12-29 00:00:00,-22229.400000000038,-27971.523749999396
2059,2025-12-29 04:00:00,-21920.300000000047,-27662.423749999405
2060,2025-12-29 08:00:00,-22352.20000000004,-28094.3237499994
2061,2025-12-29 12:00:00,-24523.300000000047,-30310.469549999398
2062,2025-12-29 16:00:00,-24523.300000000047,-30310.469549999398
2063,2025-12-29 20:00:00,-24523.300000000047,-30354.234049999388
2064,2025-12-30 00:00:00,-24630.900000000052,-30461.834049999394
2065,2025-12-30 04:00:00,-24323.20000000004,-30154.134049999382
2066,2025-12-30 08:00:00,-24197.60000000005,-30028.53404999939
2067,2025-12-30 12:00:00,-24329.000000000044,-30159.934049999385
2068,2025-12-30 16:00:00,-24451.800000000047,-30282.734049999388
2069,2025-12-30 20:00:00,-24869.500000000044,-30700.434049999385
2070,2025-12-31 00:00:00,-25961.10000000005,-31836.51744999939
2071,2025-12-31 04:00:00,-25961.10000000005,-31836.51744999939
2072,2025-12-31 08:00:00,-25961.10000000005,-31836.51744999939
2073,2025-12-31 12:00:00,-25961.10000000005,-31880.723199999382
2074,2025-12-31 16:00:00,-26118.60000000005,-32038.223199999382
2075,2025-12-31 20:00:00,-26517.200000000055,-32436.823199999388
2076,2026-01-01 00:00:00,-25458.60000000005,-31378.223199999382
2077,2026-01-01 04:00:00,-25064.60000000005,-30984.223199999382
2078,2026-01-01 08:00:00,-25157.800000000047,-31077.42319999938
2079,2026-01-01 12:00:00,-25374.200000000055,-31293.823199999388
2080,2026-01-01 16:00:00,-25153.300000000047,-31072.92319999938
2081,2026-01-01 20:00:00,-25529.700000000055,-31449.323199999388
2082,2026-01-02 00:00:00,-25536.400000000052,-31456.023199999385
2083,2026-01-02 04:00:00,-25904.400000000052,-31824.023199999385
2084,2026-01-02 08:00:00,-26349.60000000005,-32269.223199999382
2085,2026-01-02 12:00:00,-26448.900000000052,-32412.97284999938
2086,2026-01-02 16:00:00,-26448.900000000052,-32412.97284999938
2087,2026-01-02 20:00:00,-26448.900000000052,-32412.97284999938
2088,2026-01-03 00:00:00,-26448.900000000052,-32412.97284999938
2089,2026-01-03 04:00:00,-26448.900000000052,-32412.97284999938
2090,2026-01-03 08:00:00,-26448.900000000052,-32412.97284999938
2091,2026-01-03 12:00:00,-26448.900000000052,-32458.112799999377
2092,2026-01-03 16:00:00,-27192.900000000052,-33202.11279999938
2093,2026-01-03 20:00:00,-27022.400000000052,-33031.61279999938
2094,2026-01-04 00:00:00,-26797.000000000044,-32806.21279999937
2095,2026-01-04 04:00:00,-26637.000000000044,-32646.212799999368
2096,2026-01-04 08:00:00,-26133.000000000044,-32142.212799999368
2097,2026-01-04 12:00:00,-25536.10000000005,-31545.312799999374
2098,2026-01-04 16:00:00,-25251.300000000047,-31260.51279999937
2099,2026-01-04 20:00:00,-25466.10000000005,-31475.312799999374
2100,2026-01-05 00:00:00,-25436.000000000044,-31445.212799999368
2101,2026-01-05 04:00:00,-25625.900000000052,-31635.112799999377
2102,2026-01-05 08:00:00,-25231.70000000004,-31240.912799999365
2103,2026-01-05 12:00:00,-23893.60000000005,-29902.812799999374
2104,2026-01-05 16:00:00,-24236.70000000004,-30245.912799999365
2105,2026-01-05 20:00:00,-23635.500000000044,-29644.712799999368
2106,2026-01-06 00:00:00,-22828.900000000052,-28838.112799999377
2107,2026-01-06 04:00:00,-22480.20000000004,-28489.412799999365
2108,2026-01-06 08:00:00,-22906.400000000052,-28915.612799999377
2109,2026-01-06 12:00:00,-23003.000000000044,-29012.212799999368
2110,2026-01-06 16:00:00,-23521.400000000052,-29530.612799999377
2111,2026-01-06 20:00:00,-22928.900000000052,-28938.112799999377
2112,2026-01-07 00:00:00,-23120.60000000005,-29129.812799999374
2113,2026-01-07 04:00:00,-24666.60000000005,-30675.812799999374
2114,2026-01-07 08:00:00,-23020.800000000047,-29030.01279999937
2115,2026-01-07 12:00:00,-23950.60000000005,-29959.812799999374
2116,2026-01-07 16:00:00,-23880.70000000004,-29889.912799999365
2117,2026-01-07 20:00:00,-24686.900000000052,-30696.112799999377
2118,2026-01-08 00:00:00,-25425.70000000004,-31434.912799999365
2119,2026-01-08 04:00:00,-25585.20000000004,-31594.412799999365
2120,2026-01-08 08:00:00,-25400.800000000047,-31410.01279999937
2121,2026-01-08 12:00:00,-25948.70000000004,-31957.912799999365
2122,2026-01-08 16:00:00,-26218.900000000052,-32228.112799999377
2123,2026-01-08 20:00:00,-26536.500000000044,-32545.712799999368
2124,2026-01-09 00:00:00,-25998.800000000047,-32008.01279999937
2125,2026-01-09 04:00:00,-25837.900000000052,-31847.112799999377
2126,2026-01-09 08:00:00,-25669.000000000044,-31678.212799999368
2127,2026-01-09 12:00:00,-25538.70000000004,-31547.912799999365
2128,2026-01-09 16:00:00,-26016.70000000004,-32025.912799999365
2129,2026-01-09 20:00:00,-26330.70000000004,-32339.912799999365
2130,2026-01-10 00:00:00,-25591.10000000005,-31600.312799999374
2131,2026-01-10 04:00:00,-26438.20000000004,-32447.412799999365
2132,2026-01-10 08:00:00,-26125.20000000004,-32134.412799999365
2133,2026-01-10 12:00:00,-26137.500000000044,-32146.712799999368
2134,2026-01-10 16:00:00,-26101.70000000004,-32110.912799999365
2135,2026-01-10 20:00:00,-26036.000000000044,-32045.212799999368
2136,2026-01-11 00:00:00,-26106.10000000005,-32115.312799999374
2137,2026-01-11 04:00:00,-26137.400000000052,-32146.612799999377
2138,2026-01-11 08:00:00,-26259.20000000004,-32268.412799999365
2139,2026-01-11 12:00:00,-26032.300000000047,-32041.51279999937
2140,2026-01-11 16:00:00,-26064.800000000047,-32074.01279999937
2141,2026-01-11 20:00:00,-26021.500000000044,-32030.712799999368
2142,2026-01-12 00:00:00,-25894.70000000004,-31949.329849999354
2143,2026-01-12 04:00:00,-25894.70000000004,-31949.329849999354
2144,2026-01-12 08:00:00,-25894.70000000004,-31949.329849999354
2145,2026-01-12 12:00:00,-25894.70000000004,-31949.329849999354
2146,2026-01-12 16:00:00,-25894.70000000004,-31949.329849999354
2147,2026-01-12 20:00:00,-25894.70000000004,-31949.329849999354
2148,2026-01-13 00:00:00,-25894.70000000004,-31949.329849999354
2149,2026-01-13 04:00:00,-25894.70000000004,-31949.329849999354
2150,2026-01-13 08:00:00,-25894.70000000004,-31994.956149999343
2151,2026-01-13 12:00:00,-26023.00000000003,-32123.25614999933
2152,2026-01-13 16:00:00,-26550.100000000035,-32650.356149999338
2153,2026-01-13 20:00:00,-26604.20000000004,-32704.456149999343
2154,2026-01-14 00:00:00,-28050.00000000003,-34196.96009999933
2155,2026-01-14 04:00:00,-28050.00000000003,-34244.04984999933
2156,2026-01-14 08:00:00,-26854.300000000032,-33048.34984999933
2157,2026-01-14 12:00:00,-26563.800000000032,-32757.84984999933
2158,2026-01-14 16:00:00,-27062.900000000023,-33256.94984999932
2159,2026-01-14 20:00:00,-27465.900000000023,-33659.94984999932
2160,2026-01-15 00:00:00,-25537.600000000035,-31731.649849999332
2161,2026-01-15 04:00:00,-25007.700000000026,-31201.749849999323
2162,2026-01-15 08:00:00,-25321.600000000035,-31515.649849999332
2163,2026-01-15 12:00:00,-26286.400000000023,-32480.44984999932
2164,2026-01-15 16:00:00,-25628.300000000032,-31822.34984999933
2165,2026-01-15 20:00:00,-25680.600000000035,-31874.649849999332
2166,2026-01-16 00:00:00,-25512.200000000026,-31706.249849999323
2167,2026-01-16 04:00:00,-26760.300000000032,-32954.34984999933
2168,2026-01-16 08:00:00,-26662.200000000026,-32856.24984999932
2169,2026-01-16 12:00:00,-26909.900000000023,-33103.94984999932
2170,2026-01-16 16:00:00,-26621.100000000035,-32815.14984999933
2171,2026-01-16 20:00:00,-26846.900000000023,-33040.94984999932
2172,2026-01-17 00:00:00,-27692.00000000003,-33886.04984999933
2173,2026-01-17 04:00:00,-27268.50000000003,-33462.54984999933
2174,2026-01-17 08:00:00,-26725.800000000032,-32919.84984999933
2175,2026-01-17 12:00:00,-26905.50000000003,-33099.54984999933
2176,2026-01-17 16:00:00,-27168.400000000023,-33362.44984999932
2177,2026-01-17 20:00:00,-26945.600000000035,-33139.64984999933
2178,2026-01-18 00:00:00,-26700.50000000003,-32894.54984999933
2179,2026-01-18 04:00:00,-26971.200000000026,-33165.24984999932
2180,2026-01-18 08:00:00,-27121.600000000035,-33315.64984999933
2181,2026-01-18 12:00:00,-27074.50000000003,-33268.54984999933
2182,2026-01-18 16:00:00,-27239.600000000035,-33433.64984999933
2183,2026-01-18 20:00:00,-27096.100000000035,-33290.14984999933
2184,2026-01-19 00:00:00,-27161.700000000026,-33355.74984999932
2185,2026-01-19 04:00:00,-26893.900000000023,-33087.94984999932
2186,2026-01-19 08:00:00,-28615.50000000003,-34809.54984999933
2187,2026-01-19 12:00:00,-29572.900000000023,-35813.278149999314
2188,2026-01-19 16:00:00,-29572.900000000023,-35813.278149999314
2189,2026-01-19 20:00:00,-29572.900000000023,-35859.846499999316
2190,2026-01-20 00:00:00,-29449.700000000026,-35736.64649999932
2191,2026-01-20 04:00:00,-29502.400000000023,-35789.346499999316
2192,2026-01-20 08:00:00,-29025.800000000032,-35312.746499999324
2193,2026-01-20 12:00:00,-28833.200000000026,-35120.14649999932
2194,2026-01-20 16:00:00,-27572.300000000032,-33859.246499999324
2195,2026-01-20 20:00:00,-27622.00000000003,-33908.94649999932
2196,2026-01-21 00:00:00,-27080.400000000023,-33367.346499999316
2197,2026-01-21 04:00:00,-26130.300000000032,-32417.246499999324
2198,2026-01-21 08:00:00,-24826.800000000032,-31113.746499999324
2199,2026-01-21 12:00:00,-25832.200000000026,-32119.14649999932
2200,2026-01-21 16:00:00,-25607.50000000003,-31894.44649999932
2201,2026-01-21 20:00:00,-25193.300000000032,-31480.246499999324
2202,2026-01-22 00:00:00,-26673.300000000032,-32960.246499999324
2203,2026-01-22 04:00:00,-26758.10000000002,-33045.04649999931
2204,2026-01-22 08:00:00,-25847.60000000002,-32134.546499999313
2205,2026-01-22 12:00:00,-26293.200000000026,-32580.14649999932
2206,2026-01-22 16:00:00,-26208.800000000032,-32495.746499999324
2207,2026-01-22 20:00:00,-26345.800000000032,-32632.746499999324
2208,2026-01-23 00:00:00,-25389.800000000032,-31676.746499999324
2209,2026-01-23 04:00:00,-26169.10000000002,-32456.046499999313
2210,2026-01-23 08:00:00,-25954.700000000026,-32241.64649999932
2211,2026-01-23 12:00:00,-26322.300000000032,-32609.246499999324
2212,2026-01-23 16:00:00,-25933.400000000023,-32220.346499999316
2213,2026-01-23 20:00:00,-25607.400000000023,-31894.346499999316
2214,2026-01-24 00:00:00,-26147.400000000023,-32434.346499999316
2215,2026-01-24 04:00:00,-26374.50000000003,-32661.44649999932
2216,2026-01-24 08:00:00,-25994.900000000023,-32281.846499999316
2217,2026-01-24 12:00:00,-26174.60000000002,-32461.546499999313
2218,2026-01-24 16:00:00,-26017.400000000023,-32304.346499999316
2219,2026-01-24 20:00:00,-25984.700000000026,-32271.64649999932
2220,2026-01-25 00:00:00,-25671.200000000026,-31958.14649999932
2221,2026-01-25 04:00:00,-25722.200000000026,-32009.14649999932
2222,2026-01-25 08:00:00,-25616.900000000023,-31903.846499999316
2223,2026-01-25 12:00:00,-25356.200000000026,-31643.14649999932
2224,2026-01-25 16:00:00,-25066.50000000003,-31353.44649999932
2225,2026-01-25 20:00:00,-24967.200000000026,-31254.14649999932
2226,2026-01-26 00:00:00,-24842.200000000026,-31129.14649999932
2227,2026-01-26 04:00:00,-22895.60000000002,-29182.546499999313
2228,2026-01-26 08:00:00,-23065.10000000002,-29352.046499999313
2229,2026-01-26 12:00:00,-23669.300000000032,-29956.246499999324
2230,2026-01-26 16:00:00,-24405.10000000002,-30692.046499999313
2231,2026-01-26 20:00:00,-24246.200000000026,-30533.14649999932
2232,2026-01-27 00:00:00,-24045.700000000026,-30332.64649999932
2233,2026-01-27 04:00:00,-24401.800000000032,-30688.746499999324
2234,2026-01-27 08:00:00,-24736.800000000032,-31023.746499999324
2235,2026-01-27 12:00:00,-25180.800000000032,-31467.746499999324
2236,2026-01-27 16:00:00,-24724.10000000002,-31011.046499999313
2237,2026-01-27 20:00:00,-24383.700000000026,-30714.62024999931
2238,2026-01-28 00:00:00,-24383.700000000026,-30714.62024999931
2239,2026-01-28 04:00:00,-24383.700000000026,-30714.62024999931
2240,2026-01-28 08:00:00,-24383.700000000026,-30759.219149999306
2241,2026-01-28 12:00:00,-24265.700000000026,-30641.219149999306
2242,2026-01-28 16:00:00,-24292.700000000026,-30668.219149999306
2243,2026-01-28 20:00:00,-25222.800000000017,-31598.319149999297
2244,2026-01-29 00:00:00,-24630.300000000017,-31005.819149999297
2245,2026-01-29 04:00:00,-24549.50000000003,-30925.01914999931
2246,2026-01-29 08:00:00,-24447.60000000002,-30823.1191499993
2247,2026-01-29 12:00:00,-23189.10000000002,-29564.6191499993
2248,2026-01-29 16:00:00,-23496.800000000017,-29872.319149999297
2249,2026-01-29 20:00:00,-22981.10000000002,-29356.6191499993
2250,2026-01-30 00:00:00,-20083.900000000023,-26459.419149999303
2251,2026-01-30 04:00:00,-19165.300000000017,-25540.819149999297
2252,2026-01-30 08:00:00,-19790.60000000002,-26166.1191499993
2253,2026-01-30 12:00:00,-17826.800000000017,-24202.319149999297
2254,2026-01-30 16:00:00,-17956.00000000003,-24331.51914999931
2255,2026-01-30 20:00:00,-18290.700000000026,-24666.219149999306
2256,2026-01-31 00:00:00,-18036.10000000002,-24411.6191499993
2257,2026-01-31 04:00:00,-19385.900000000023,-25761.419149999303
2258,2026-01-31 08:00:00,-19397.300000000017,-25772.819149999297
2259,2026-01-31 12:00:00,-19173.400000000023,-25548.919149999303
2260,2026-01-31 16:00:00,-18700.300000000017,-25075.819149999297
2261,2026-01-31 20:00:00,-18169.10000000002,-24544.6191499993
2262,2026-02-01 00:00:00,-16454.50000000003,-22830.01914999931
2263,2026-02-01 04:00:00,-12893.800000000017,-19269.319149999297
2264,2026-02-01 08:00:00,-13892.700000000026,-20268.219149999306
2265,2026-02-01 12:00:00,-14012.200000000026,-20387.719149999306
2266,2026-02-01 16:00:00,-13506.700000000026,-19882.219149999306
2267,2026-02-01 20:00:00,-13898.00000000003,-20273.51914999931
2268,2026-02-02 00:00:00,-12749.700000000026,-19125.219149999306
2269,2026-02-02 04:00:00,-12328.300000000017,-18703.819149999297
2270,2026-02-02 08:00:00,-12117.400000000023,-18492.919149999303
2271,2026-02-02 12:00:00,-11442.10000000002,-17817.6191499993
2272,2026-02-02 16:00:00,-11798.50000000003,-18174.01914999931
2273,2026-02-02 20:00:00,-12902.00000000003,-19277.51914999931
2274,2026-02-03 00:00:00,-13986.50000000003,-20362.01914999931
2275,2026-02-03 04:00:00,-13485.10000000002,-19860.6191499993
2276,2026-02-03 08:00:00,-13878.400000000023,-20253.919149999303
2277,2026-02-03 12:00:00,-13896.60000000002,-20272.1191499993
2278,2026-02-03 16:00:00,-13935.800000000017,-20311.319149999297
2279,2026-02-03 20:00:00,-13226.00000000003,-19601.51914999931
2280,2026-02-04 00:00:00,-13280.00000000003,-19655.51914999931
2281,2026-02-04 04:00:00,-10079.700000000026,-16455.219149999306
2282,2026-02-04 08:00:00,-10918.300000000017,-17293.819149999297
2283,2026-02-04 12:00:00,-11847.00000000003,-18260.849699999308
2284,2026-02-04 16:00:00,-11847.00000000003,-18260.849699999308
2285,2026-02-04 20:00:00,-11847.00000000003,-18260.849699999308
2286,2026-02-05 00:00:00,-11847.00000000003,-18297.903199999302
2287,2026-02-05 04:00:00,-11635.300000000032,-18086.203199999305
2288,2026-02-05 08:00:00,-10877.400000000023,-17328.303199999296
2289,2026-02-05 12:00:00,-8938.900000000023,-15389.803199999296
2290,2026-02-05 16:00:00,-8456.100000000035,-14907.003199999308
2291,2026-02-05 20:00:00,-8019.000000000029,-14469.903199999302
2292,2026-02-06 00:00:00,-5191.900000000023,-11642.803199999296
2293,2026-02-06 04:00:00,-2977.4000000000306,-9428.303199999304
2294,2026-02-06 08:00:00,-608.1000000000276,-7059.003199999301
2295,2026-02-06 12:00:00,-1878.1000000000276,-8329.0031999993
2296,2026-02-06 16:00:00,-2551.200000000026,-9002.1031999993
2297,2026-02-06 20:00:00,-4326.100000000035,-10777.003199999308
2298,2026-02-07 00:00:00,-6317.500000000029,-12768.403199999302
2299,2026-02-07 04:00:00,-8415.50000000003,-14866.403199999302
2300,2026-02-07 08:00:00,-8284.50000000003,-14735.403199999302
2301,2026-02-07 12:00:00,-8627.100000000035,-15078.003199999308
2302,2026-02-07 16:00:00,-5790.500000000029,-12241.403199999302
2303,2026-02-07 20:00:00,-5675.100000000035,-12126.003199999308
2304,2026-02-08 00:00:00,-6862.100000000035,-13313.003199999308
2305,2026-02-08 04:00:00,-7081.400000000023,-13532.303199999296
2306,2026-02-08 08:00:00,-6994.200000000026,-13445.1031999993
2307,2026-02-08 12:00:00,-6804.700000000026,-13255.6031999993
2308,2026-02-08 16:00:00,-7405.000000000029,-13855.903199999302
2309,2026-02-08 20:00:00,-8694.00000000003,-15144.903199999302
2310,2026-02-09 00:00:00,-8892.600000000035,-15343.503199999308
2311,2026-02-09 04:00:00,-9121.00000000003,-15571.903199999302
2312,2026-02-09 08:00:00,-8028.100000000035,-14479.003199999308
2313,2026-02-09 12:00:00,-9009.900000000023,-15460.803199999296
2314,2026-02-09 16:00:00,-8133.500000000029,-14584.403199999302
2315,2026-02-09 20:00:00,-6639.900000000023,-13090.803199999296
2316,2026-02-10 00:00:00,-7268.900000000023,-13719.803199999296
2317,2026-02-10 04:00:00,-8652.700000000026,-15103.6031999993
2318,2026-02-10 08:00:00,-7850.500000000029,-14301.403199999302
2319,2026-02-10 12:00:00,-7213.300000000032,-13664.203199999305
2320,2026-02-10 16:00:00,-6622.100000000035,-13073.003199999308
2321,2026-02-10 20:00:00,-6229.900000000023,-12680.803199999296
2322,2026-02-11 00:00:00,-6991.500000000029,-13442.403199999302
2323,2026-02-11 04:00:00,-6771.400000000023,-13222.303199999296
2324,2026-02-11 08:00:00,-6545.300000000032,-12996.203199999305
2325,2026-02-11 12:00:00,-5883.600000000035,-12334.503199999308
2326,2026-02-11 16:00:00,-4740.000000000029,-11190.903199999302
2327,2026-02-11 20:00:00,-4763.000000000029,-11213.903199999302
2328,2026-02-12 00:00:00,-4229.300000000032,-10680.203199999305
2329,2026-02-12 04:00:00,-5287.700000000026,-11738.6031999993
2330,2026-02-12 08:00:00,-4794.400000000023,-11245.303199999296
2331,2026-02-12 12:00:00,-5290.200000000026,-11774.878299999298
2332,2026-02-12 16:00:00,-5290.200000000026,-11774.878299999298
2333,2026-02-12 20:00:00,-5290.200000000026,-11774.878299999298
2334,2026-02-13 00:00:00,-5290.200000000026,-11774.878299999298
2335,2026-02-13 04:00:00,-5290.200000000026,-11774.878299999298
2336,2026-02-13 08:00:00,-5290.200000000026,-11774.878299999298
2337,2026-02-13 12:00:00,-5290.200000000026,-11774.878299999298
2338,2026-02-13 16:00:00,-5290.200000000026,-11774.878299999298
2339,2026-02-13 20:00:00,-5290.200000000026,-11808.447199999297
2340,2026-02-14 00:00:00,-3776.000000000029,-10294.2471999993
2341,2026-02-14 04:00:00,-3523.800000000032,-10042.047199999302
2342,2026-02-14 08:00:00,-3606.500000000029,-10124.7471999993
2343,2026-02-14 12:00:00,-3480.300000000032,-9998.547199999302
2344,2026-02-14 16:00:00,-3245.800000000032,-9798.638299999293
2345,2026-02-14 20:00:00,-3245.800000000032,-9833.870699999286
2346,2026-02-15 00:00:00,-2535.200000000026,-9123.27069999928
2347,2026-02-15 04:00:00,-2630.000000000029,-9218.070699999284
2348,2026-02-15 08:00:00,-2576.4000000000233,-9164.470699999278
2349,2026-02-15 12:00:00,-2707.000000000029,-9295.070699999284
2350,2026-02-15 16:00:00,-3565.000000000029,-10153.070699999284
2351,2026-02-15 20:00:00,-3049.700000000026,-9637.77069999928
2352,2026-02-16 00:00:00,-1849.100000000035,-8437.17069999929
2353,2026-02-16 04:00:00,-1044.600000000035,-7632.670699999289
2354,2026-02-16 08:00:00,-1577.9000000000233,-8165.970699999278
2355,2026-02-16 12:00:00,-1173.600000000035,-7761.670699999289
2356,2026-02-16 16:00:00,-1333.4000000000233,-7921.470699999278
2357,2026-02-16 20:00:00,-1550.4000000000233,-8138.470699999278
2358,2026-02-17 00:00:00,-286.5000000000291,-6874.5706999992835
2359,2026-02-17 04:00:00,-664.6000000000349,-7252.670699999289
2360,2026-02-17 08:00:00,-1643.500000000029,-8231.570699999284
2361,2026-02-17 12:00:00,-1224.600000000035,-7812.670699999289
2362,2026-02-17 16:00:00,-1134.4000000000233,-7722.470699999278
2363,2026-02-17 20:00:00,-605.4000000000233,-7193.470699999278
2364,2026-02-18 00:00:00,-144.60000000003492,-6732.670699999289
2365,2026-02-18 04:00:00,-547.9000000000233,-7169.854149999272
2366,2026-02-18 08:00:00,-547.9000000000233,-7169.854149999272
2367,2026-02-18 12:00:00,-547.9000000000233,-7169.854149999272
2368,2026-02-18 16:00:00,-547.9000000000233,-7169.854149999272
2369,2026-02-18 20:00:00,-547.9000000000233,-7203.526849999267
2370,2026-02-19 00:00:00,-873.5000000000291,-7529.126849999273
2371,2026-02-19 04:00:00,659.2999999999738,-5996.32684999927
2372,2026-02-19 08:00:00,374.699999999968,-6280.926849999276
2373,2026-02-19 12:00:00,-152.90000000002328,-6808.526849999267
2374,2026-02-19 16:00:00,-382.9000000000233,-7038.526849999267
2375,2026-02-19 20:00:00,328.5999999999767,-6327.026849999267
2376,2026-02-20 00:00:00,434.7999999999738,-6220.82684999927
2377,2026-02-20 04:00:00,-225.40000000002328,-6881.026849999267
2378,2026-02-20 08:00:00,-176.5000000000291,-6832.126849999273
2379,2026-02-20 12:00:00,-529.7000000000262,-7185.32684999927
2380,2026-02-20 16:00:00,-997.2000000000262,-7652.82684999927
2381,2026-02-20 20:00:00,-493.0000000000291,-7148.626849999273
2382,2026-02-21 00:00:00,-750.1000000000349,-7405.726849999279
2383,2026-02-21 04:00:00,-819.0000000000291,-7474.626849999273
2384,2026-02-21 08:00:00,-1181.800000000032,-7837.426849999276
2385,2026-02-21 12:00:00,-839.5000000000291,-7495.126849999273
2386,2026-02-21 16:00:00,-1023.5000000000291,-7679.126849999273
2387,2026-02-21 20:00:00,-1263.4000000000233,-7919.026849999267
2388,2026-02-22 00:00:00,-1774.000000000029,-8429.626849999273
2389,2026-02-22 04:00:00,-1718.800000000032,-8374.426849999276
2390,2026-02-22 08:00:00,-1135.600000000035,-7791.226849999279
2391,2026-02-22 12:00:00,-1213.000000000029,-7868.626849999273
2392,2026-02-22 16:00:00,-1175.500000000029,-7831.126849999273
2393,2026-02-22 20:00:00,-1385.9000000000233,-8041.526849999267
2394,2026-02-23 00:00:00,-862.4000000000233,-7518.026849999267
2395,2026-02-23 04:00:00,-604.7000000000262,-7260.32684999927
2396,2026-02-23 08:00:00,-816.0000000000291,-7471.626849999273
2397,2026-02-23 12:00:00,1903.499999999971,-4784.573849999266
2398,2026-02-23 16:00:00,1903.499999999971,-4817.53174999926
2399,2026-02-23 20:00:00,1648.499999999971,-5105.617149999256
2400,2026-02-24 00:00:00,1648.499999999971,-5105.617149999256
2401,2026-02-24 04:00:00,1648.499999999971,-5105.617149999256
2402,2026-02-24 08:00:00,1648.499999999971,-5105.617149999256
2403,2026-02-24 12:00:00,1648.499999999971,-5105.617149999256
2404,2026-02-24 16:00:00,1648.499999999971,-5105.617149999256
2405,2026-02-24 20:00:00,1648.499999999971,-5105.617149999256
2406,2026-02-25 00:00:00,1648.499999999971,-5105.617149999256
2407,2026-02-25 04:00:00,1648.4999999999636,-5137.81984999925
2408,2026-02-25 08:00:00,2022.5999999999622,-4763.719849999252
2409,2026-02-25 12:00:00,692.199999999968,-6094.119849999246
2410,2026-02-25 16:00:00,1052.7999999999665,-5733.5198499992475
2411,2026-02-25 20:00:00,657.199999999968,-6129.119849999246
2412,2026-02-26 00:00:00,-1308.4000000000378,-8094.719849999252
2413,2026-02-26 04:00:00,-2951.300000000032,-9737.619849999246
2414,2026-02-26 08:00:00,-1898.600000000035,-8684.919849999249
2415,2026-02-26 12:00:00,-2133.600000000035,-8919.919849999249
2416,2026-02-26 16:00:00,-1746.100000000035,-8532.419849999249
2417,2026-02-26 20:00:00,-1971.300000000032,-8757.619849999246
2418,2026-02-27 00:00:00,-1299.500000000029,-8085.819849999243
2419,2026-02-27 04:00:00,-1496.800000000032,-8283.119849999246
2420,2026-02-27 08:00:00,-1394.300000000032,-8180.619849999246
2421,2026-02-27 12:00:00,-1503.500000000029,-8289.819849999243
2422,2026-02-27 16:00:00,-1590.2000000000407,-8376.519849999255
2423,2026-02-27 20:00:00,-40.200000000040745,-6826.519849999255
2424,2026-02-28 00:00:00,-18.700000000040745,-6805.019849999255
2425,2026-02-28 04:00:00,688.4999999999636,-6097.81984999925
2426,2026-02-28 08:00:00,217.89999999996508,-6568.419849999249
2427,2026-02-28 12:00:00,290.09999999996217,-6496.219849999252
2428,2026-02-28 16:00:00,2265.4999999999636,-4520.81984999925
2429,2026-02-28 20:00:00,2243.4999999999636,-4542.81984999925
2430,2026-03-01 00:00:00,1253.899999999965,-5532.419849999249
2431,2026-03-01 04:00:00,-264.20000000004075,-7050.519849999255
2432,2026-03-01 08:00:00,-883.2000000000407,-7669.519849999255
2433,2026-03-01 12:00:00,-1420.800000000032,-8207.119849999246
2434,2026-03-01 16:00:00,-1060.000000000029,-7846.319849999243
2435,2026-03-01 20:00:00,-385.1000000000349,-7171.419849999249
2436,2026-03-02 00:00:00,-756.9000000000378,-7543.219849999252
2437,2026-03-02 04:00:00,127.89999999996508,-6658.419849999249
2438,2026-03-02 08:00:00,303.8999999999651,-6482.419849999249
2439,2026-03-02 12:00:00,-733.4000000000378,-7519.719849999252
2440,2026-03-02 16:00:00,72.59999999996217,-6713.719849999252
2441,2026-03-02 20:00:00,-276.0000000000291,-7062.319849999243
2442,2026-03-03 00:00:00,-3035.2000000000407,-9821.519849999255
2443,2026-03-03 04:00:00,-2874.500000000029,-9660.819849999243
2444,2026-03-03 08:00:00,-2747.900000000038,-9534.219849999252
2445,2026-03-03 12:00:00,-2295.400000000038,-9081.719849999252
2446,2026-03-03 16:00:00,-2084.400000000038,-8870.719849999252
2447,2026-03-03 20:00:00,-946.1000000000349,-7732.419849999249
2448,2026-03-04 00:00:00,-1638.600000000035,-8424.919849999249
2449,2026-03-04 04:00:00,-2342.000000000029,-9128.319849999243
2450,2026-03-04 08:00:00,-2241.400000000038,-9027.719849999252
2451,2026-03-04 12:00:00,-1646.2000000000407,-8432.519849999255
2452,2026-03-04 16:00:00,-3410.600000000035,-10196.919849999249
2453,2026-03-04 20:00:00,-5028.500000000029,-11814.819849999243
2454,2026-03-05 00:00:00,-7285.800000000032,-14108.789699999237
2455,2026-03-05 04:00:00,-7285.800000000032,-14108.789699999237
2456,2026-03-05 08:00:00,-7285.800000000032,-14145.110399999234
2457,2026-03-05 12:00:00,-7457.60000000002,-14316.910399999222
2458,2026-03-05 16:00:00,-7901.700000000026,-14761.010399999228
2459,2026-03-05 20:00:00,-7047.300000000032,-13906.610399999234
2460,2026-03-06 00:00:00,-8315.50000000003,-15174.81039999923
2461,2026-03-06 04:00:00,-9051.700000000026,-15911.010399999228
2462,2026-03-06 08:00:00,-9072.400000000023,-15931.710399999225
2463,2026-03-06 12:00:00,-8881.800000000032,-15741.110399999234
2464,2026-03-06 16:00:00,-8900.50000000003,-15759.81039999923
2465,2026-03-06 20:00:00,-9741.60000000002,-16600.910399999222
2466,2026-03-07 00:00:00,-11458.800000000032,-18318.110399999234
2467,2026-03-07 04:00:00,-11826.200000000026,-18685.510399999228
2468,2026-03-07 08:00:00,-11844.200000000026,-18703.510399999228
2469,2026-03-07 12:00:00,-11864.00000000003,-18723.31039999923
2470,2026-03-07 16:00:00,-12117.800000000032,-18977.110399999234
2471,2026-03-07 20:00:00,-11951.300000000032,-18810.610399999234
2472,2026-03-08 00:00:00,-12082.400000000023,-18941.710399999225
2473,2026-03-08 04:00:00,-12884.60000000002,-19743.910399999222
2474,2026-03-08 08:00:00,-12695.10000000002,-19554.410399999222
2475,2026-03-08 12:00:00,-12952.300000000032,-19811.610399999234
2476,2026-03-08 16:00:00,-12650.00000000003,-19509.31039999923
2477,2026-03-08 20:00:00,-12437.200000000026,-19296.510399999228
2478,2026-03-09 00:00:00,-12752.50000000003,-19611.81039999923
2479,2026-03-09 04:00:00,-12628.200000000026,-19487.510399999228
2480,2026-03-09 08:00:00,-13992.900000000023,-20852.210399999225
2481,2026-03-09 12:00:00,-12761.900000000023,-19621.210399999225
2482,2026-03-09 16:00:00,-12422.400000000023,-19281.710399999225
2483,2026-03-09 20:00:00,-12203.900000000023,-19063.210399999225
2484,2026-03-10 00:00:00,-11094.900000000023,-17954.210399999225
2485,2026-03-10 04:00:00,-10975.400000000023,-17834.710399999225
2486,2026-03-10 08:00:00,-11533.10000000002,-18392.410399999222
2487,2026-03-10 12:00:00,-10536.200000000026,-17395.510399999228
2488,2026-03-10 16:00:00,-9552.50000000003,-16411.81039999923
2489,2026-03-10 20:00:00,-9357.10000000002,-16216.410399999222
2490,2026-03-11 00:00:00,-8630.300000000032,-15489.610399999234
2491,2026-03-11 04:00:00,-9922.00000000003,-16781.31039999923
2492,2026-03-11 08:00:00,-10025.300000000032,-16884.610399999234
2493,2026-03-11 12:00:00,-10410.200000000026,-17269.510399999228
2494,2026-03-11 16:00:00,-10305.10000000002,-17164.410399999222
2495,2026-03-11 20:00:00,-10783.200000000026,-17642.510399999228
2496,2026-03-12 00:00:00,-9740.300000000032,-16599.610399999234
2497,2026-03-12 04:00:00,-9326.400000000023,-16185.710399999225
2498,2026-03-12 08:00:00,-9777.200000000026,-16636.510399999228
2499,2026-03-12 12:00:00,-10524.60000000002,-17383.910399999222
2500,2026-03-12 16:00:00,-10144.60000000002,-17003.910399999222
2501,2026-03-12 20:00:00,-9538.700000000026,-16398.010399999228
2502,2026-03-13 00:00:00,-9644.300000000032,-16503.610399999234
2503,2026-03-13 04:00:00,-9533.50000000003,-16392.81039999923
2504,2026-03-13 08:00:00,-9447.10000000002,-16306.410399999222
2505,2026-03-13 12:00:00,-8560.900000000023,-15420.210399999225
2506,2026-03-13 16:00:00,-8341.900000000023,-15201.210399999225
2507,2026-03-13 20:00:00,-7737.300000000032,-14596.610399999234
2508,2026-03-14 00:00:00,-8127.200000000026,-14986.510399999228
2509,2026-03-14 04:00:00,-8779.200000000026,-15638.510399999228
2510,2026-03-14 08:00:00,-9031.700000000026,-15891.010399999228
2511,2026-03-14 12:00:00,-8892.900000000023,-15752.210399999225
2512,2026-03-14 16:00:00,-9361.60000000002,-16220.910399999222
2513,2026-03-14 20:00:00,-9222.200000000026,-16081.510399999228
2514,2026-03-15 00:00:00,-9372.60000000002,-16231.910399999222
2515,2026-03-15 04:00:00,-9263.10000000002,-16122.410399999222
2516,2026-03-15 08:00:00,-8752.800000000032,-15612.110399999234
2517,2026-03-15 12:00:00,-8612.400000000023,-15471.710399999225
2518,2026-03-15 16:00:00,-8506.400000000023,-15365.710399999225
2519,2026-03-15 20:00:00,-8127.200000000026,-14986.510399999228
2520,2026-03-16 00:00:00,-8482.800000000032,-15342.110399999234
2521,2026-03-16 04:00:00,-8412.00000000003,-15271.31039999923
2522,2026-03-16 08:00:00,-7148.300000000032,-14007.610399999234
2523,2026-03-16 12:00:00,-6387.700000000026,-13247.010399999228
2524,2026-03-16 16:00:00,-6499.500000000029,-13358.81039999923
2525,2026-03-16 20:00:00,-6411.900000000023,-13271.210399999225
2526,2026-03-17 00:00:00,-6687.000000000029,-13546.31039999923
2527,2026-03-17 04:00:00,-5998.400000000023,-12857.710399999225
2528,2026-03-17 08:00:00,-5080.800000000032,-11940.110399999234
2529,2026-03-17 12:00:00,-5502.300000000032,-12361.610399999234
2530,2026-03-17 16:00:00,-5714.500000000029,-12573.81039999923
2531,2026-03-17 20:00:00,-5930.10000000002,-12789.410399999222
2532,2026-03-18 00:00:00,-6048.700000000026,-12908.010399999228
2533,2026-03-18 04:00:00,-5466.400000000023,-12325.710399999225
2534,2026-03-18 08:00:00,-6054.800000000032,-12914.110399999234
2535,2026-03-18 12:00:00,-5512.60000000002,-12371.910399999222
2536,2026-03-18 16:00:00,-6087.200000000026,-12946.510399999228
2537,2026-03-18 20:00:00,-7020.800000000032,-13880.110399999234
2538,2026-03-19 00:00:00,-8490.800000000032,-15350.110399999234
2539,2026-03-19 04:00:00,-8896.900000000023,-15756.210399999225
2540,2026-03-19 08:00:00,-8724.300000000032,-15583.610399999234
2541,2026-03-19 12:00:00,-8747.200000000026,-15606.510399999228
2542,2026-03-19 16:00:00,-9782.10000000002,-16641.410399999222
2543,2026-03-19 20:00:00,-10000.400000000023,-16859.710399999225
2544,2026-03-20 00:00:00,-10554.50000000003,-17413.81039999923
2545,2026-03-20 04:00:00,-9694.10000000002,-16553.410399999222
2546,2026-03-20 08:00:00,-10039.800000000032,-16934.054099999223
2547,2026-03-20 12:00:00,-10039.800000000032,-16934.054099999223
2548,2026-03-20 16:00:00,-10039.800000000032,-16969.460049999223
2549,2026-03-20 20:00:00,-10411.800000000032,-17341.460049999223
2550,2026-03-21 00:00:00,-11022.200000000026,-17951.860049999217
2551,2026-03-21 04:00:00,-10709.800000000032,-17639.460049999223
2552,2026-03-21 08:00:00,-10379.00000000003,-17308.66004999922
2553,2026-03-21 12:00:00,-10213.700000000026,-17143.360049999217
2554,2026-03-21 16:00:00,-10164.400000000023,-17094.060049999214
2555,2026-03-21 20:00:00,-10233.400000000023,-17163.060049999214
2556,2026-03-22 00:00:00,-10252.60000000002,-17182.26004999921
2557,2026-03-22 04:00:00,-10485.800000000032,-17450.642999999225
2558,2026-03-22 08:00:00,-10485.800000000032,-17450.642999999225
2559,2026-03-22 12:00:00,-10485.800000000032,-17450.642999999225
2560,2026-03-22 16:00:00,-10485.800000000032,-17450.642999999225
2561,2026-03-22 20:00:00,-10485.800000000032,-17450.642999999225
2562,2026-03-23 00:00:00,-10485.800000000032,-17450.642999999225
2563,2026-03-23 04:00:00,-10485.800000000032,-17450.642999999225
2564,2026-03-23 08:00:00,-10485.800000000032,-17450.642999999225
2565,2026-03-23 12:00:00,-10485.800000000032,-17450.642999999225
2566,2026-03-23 16:00:00,-10485.800000000032,-17450.642999999225
2567,2026-03-23 20:00:00,-10485.800000000032,-17450.642999999225
2568,2026-03-24 00:00:00,-10485.800000000032,-17485.699099999227
2569,2026-03-24 04:00:00,-11020.70000000004,-18020.599099999235
2570,2026-03-24 08:00:00,-11239.50000000003,-18239.399099999224
2571,2026-03-24 12:00:00,-10885.70000000004,-17885.599099999235
2572,2026-03-24 16:00:00,-11628.800000000032,-18628.699099999227
2573,2026-03-24 20:00:00,-11490.00000000003,-18489.899099999224
2574,2026-03-25 00:00:00,-10211.300000000032,-17211.199099999227
2575,2026-03-25 04:00:00,-9716.20000000004,-16750.770399999237
2576,2026-03-25 08:00:00,-9716.20000000004,-16750.770399999237
2577,2026-03-25 12:00:00,-9716.20000000004,-16750.770399999237
2578,2026-03-25 16:00:00,-9716.20000000004,-16750.770399999237
2579,2026-03-25 20:00:00,-9716.20000000004,-16750.770399999237
2580,2026-03-26 00:00:00,-9716.20000000004,-16750.770399999237
2581,2026-03-26 04:00:00,-9716.20000000004,-16750.770399999237
2582,2026-03-26 08:00:00,-9716.20000000004,-16786.41914999923
2583,2026-03-26 12:00:00,-9300.600000000035,-16370.819149999224
2584,2026-03-26 16:00:00,-8472.500000000044,-15542.719149999233
2585,2026-03-26 20:00:00,-7658.000000000044,-14728.219149999233
2586,2026-03-27 00:00:00,-7473.500000000044,-14578.246549999225
2587,2026-03-27 04:00:00,-7473.500000000044,-14578.246549999225
2588,2026-03-27 08:00:00,-7473.500000000044,-14578.246549999225
2589,2026-03-27 12:00:00,-7473.500000000044,-14578.246549999225
2590,2026-03-27 16:00:00,-7473.500000000044,-14578.246549999225
2591,2026-03-27 20:00:00,-7473.500000000044,-14578.246549999225
2592,2026-03-28 00:00:00,-7473.500000000044,-14578.246549999225
2593,2026-03-28 04:00:00,-7473.500000000044,-14578.246549999225
2594,2026-03-28 08:00:00,-7473.500000000044,-14578.246549999225
2595,2026-03-28 12:00:00,-7473.500000000044,-14578.246549999225
2596,2026-03-28 16:00:00,-7473.500000000044,-14611.506949999224
2597,2026-03-28 20:00:00,-7241.200000000041,-14379.206949999221
2598,2026-03-29 00:00:00,-7935.000000000044,-15073.006949999224
2599,2026-03-29 04:00:00,-7825.700000000041,-14963.706949999221
2600,2026-03-29 08:00:00,-7287.500000000044,-14425.506949999224
2601,2026-03-29 12:00:00,-7828.400000000038,-14966.406949999218
2602,2026-03-29 16:00:00,-7585.200000000041,-14723.206949999221
2603,2026-03-29 20:00:00,-7733.500000000044,-14871.506949999224
2604,2026-03-30 00:00:00,-7452.700000000041,-14590.706949999221
2605,2026-03-30 04:00:00,-7272.900000000038,-14410.906949999218
2606,2026-03-30 08:00:00,-6930.600000000035,-14068.606949999215
2607,2026-03-30 12:00:00,-8092.500000000044,-15230.506949999224
2608,2026-03-30 16:00:00,-8548.600000000035,-15686.606949999215
2609,2026-03-30 20:00:00,-8604.20000000004,-15742.206949999221
2610,2026-03-31 00:00:00,-8542.900000000038,-15680.906949999218
2611,2026-03-31 04:00:00,-7468.700000000041,-14606.706949999221
2612,2026-03-31 08:00:00,-7717.100000000035,-14855.106949999215
2613,2026-03-31 12:00:00,-8623.500000000044,-15761.506949999224
2614,2026-03-31 16:00:00,-8296.500000000044,-15434.506949999224
2615,2026-03-31 20:00:00,-7605.100000000035,-14743.106949999215
2616,2026-04-01 00:00:00,-7652.700000000041,-14790.706949999221
2617,2026-04-01 04:00:00,-8755.70000000004,-15893.706949999221
2618,2026-04-01 08:00:00,-9194.20000000004,-16332.206949999221
2619,2026-04-01 12:00:00,-9086.70000000004,-16224.706949999221
2620,2026-04-01 16:00:00,-9604.600000000035,-16742.606949999215
2621,2026-04-01 20:00:00,-9622.600000000035,-16760.606949999215
2622,2026-04-02 00:00:00,-9829.70000000004,-16967.70694999922
2623,2026-04-02 04:00:00,-9096.500000000044,-16234.506949999224
2624,2026-04-02 08:00:00,-9039.20000000004,-16177.206949999221
2625,2026-04-02 12:00:00,-7491.100000000035,-14629.106949999215
2626,2026-04-02 16:00:00,-7840.600000000035,-14978.606949999215
2627,2026-04-02 20:00:00,-7133.300000000047,-14271.306949999227
2628,2026-04-03 00:00:00,-7763.300000000047,-14901.306949999227
2629,2026-04-03 04:00:00,-7895.900000000038,-15033.906949999218
2630,2026-04-03 08:00:00,-7821.200000000041,-14959.206949999221
2631,2026-04-03 12:00:00,-7502.700000000041,-14640.706949999221
2632,2026-04-03 16:00:00,-7961.500000000044,-15099.506949999224
2633,2026-04-03 20:00:00,-7936.100000000035,-15074.106949999215
2634,2026-04-04 00:00:00,-7758.800000000047,-14896.806949999227
2635,2026-04-04 04:00:00,-7809.700000000041,-14947.706949999221
2636,2026-04-04 08:00:00,-7882.700000000041,-15020.706949999221
2637,2026-04-04 12:00:00,-7751.800000000047,-14889.806949999227
2638,2026-04-04 16:00:00,-7934.700000000041,-15072.706949999221
2639,2026-04-04 20:00:00,-8081.600000000035,-15219.606949999215
2640,2026-04-05 00:00:00,-8310.000000000044,-15448.006949999224
2641,2026-04-05 04:00:00,-8215.400000000038,-15353.406949999218
2642,2026-04-05 08:00:00,-8223.70000000004,-15361.706949999221
2643,2026-04-05 12:00:00,-8066.200000000041,-15204.206949999221
2644,2026-04-05 16:00:00,-7740.100000000035,-14878.106949999215
2645,2026-04-05 20:00:00,-7925.400000000038,-15063.406949999218
2646,2026-04-06 00:00:00,-8224.900000000038,-15362.906949999218
2647,2026-04-06 04:00:00,-8281.800000000047,-15419.806949999227
2648,2026-04-06 08:00:00,-9950.600000000035,-17088.606949999215
2649,2026-04-06 12:00:00,-10045.100000000035,-17183.106949999215
2650,2026-04-06 16:00:00,-10042.400000000038,-17180.40694999922
2651,2026-04-06 20:00:00,-10536.300000000047,-17674.306949999227
2652,2026-04-07 00:00:00,-10875.20000000004,-18013.20694999922
2653,2026-04-07 04:00:00,-10657.500000000044,-17795.506949999224
2654,2026-04-07 08:00:00,-9770.600000000035,-16908.606949999215
2655,2026-04-07 12:00:00,-9699.000000000044,-16837.006949999224
2656,2026-04-07 16:00:00,-9544.800000000047,-16682.806949999227
2657,2026-04-07 20:00:00,-9263.500000000044,-16401.506949999224
2658,2026-04-08 00:00:00,-9091.100000000035,-16229.106949999215
2659,2026-04-08 04:00:00,-9928.600000000035,-17066.606949999215
2660,2026-04-08 08:00:00,-12842.900000000038,-20016.852049999216
2661,2026-04-08 12:00:00,-12842.900000000038,-20016.852049999216
2662,2026-04-08 16:00:00,-12842.900000000038,-20052.658049999212
2663,2026-04-08 20:00:00,-12804.70000000004,-20014.458049999215
2664,2026-04-09 00:00:00,-13180.100000000035,-20389.85804999921
2665,2026-04-09 04:00:00,-13171.900000000038,-20381.658049999212
2666,2026-04-09 08:00:00,-13416.800000000032,-20626.558049999207
2667,2026-04-09 12:00:00,-13493.70000000004,-20703.458049999215
2668,2026-04-09 16:00:00,-13509.900000000038,-20719.658049999212
2669,2026-04-09 20:00:00,-13345.000000000044,-20554.75804999922
2670,2026-04-10 00:00:00,-12346.900000000038,-19556.658049999212
2671,2026-04-10 04:00:00,-12399.000000000044,-19608.75804999922
2672,2026-04-10 08:00:00,-12704.500000000044,-19914.25804999922
2673,2026-04-10 12:00:00,-12617.600000000035,-19827.35804999921
2674,2026-04-10 16:00:00,-12993.70000000004,-20203.458049999215
2675,2026-04-10 20:00:00,-12362.20000000004,-19571.958049999215
2676,2026-04-11 00:00:00,-12033.900000000038,-19243.658049999212
2677,2026-04-11 04:00:00,-11267.600000000035,-18477.35804999921
2678,2026-04-11 08:00:00,-11537.500000000044,-18747.25804999922
2679,2026-04-11 12:00:00,-11619.800000000032,-18829.558049999207
2680,2026-04-11 16:00:00,-11747.20000000004,-18956.958049999215
2681,2026-04-11 20:00:00,-11586.70000000004,-18796.458049999215
2682,2026-04-12 00:00:00,-11637.600000000035,-18847.35804999921
2683,2026-04-12 04:00:00,-10819.000000000044,-18028.75804999922
2684,2026-04-12 08:00:00,-11441.500000000044,-18651.25804999922
2685,2026-04-12 12:00:00,-12891.300000000032,-20101.058049999207
2686,2026-04-12 16:00:00,-12826.800000000032,-20036.558049999207
2687,2026-04-12 20:00:00,-13019.900000000038,-20229.658049999212
2688,2026-04-13 00:00:00,-13598.70000000004,-20808.458049999215
2689,2026-04-13 04:00:00,-13399.70000000004,-20609.458049999215
2690,2026-04-13 08:00:00,-13743.800000000032,-20953.558049999207
2691,2026-04-13 12:00:00,-13510.100000000035,-20719.85804999921
2692,2026-04-13 16:00:00,-13674.900000000038,-20884.658049999212
2693,2026-04-13 20:00:00,-13571.000000000044,-20780.75804999922
2694,2026-04-14 00:00:00,-12631.300000000032,-19841.058049999207
2695,2026-04-14 04:00:00,-11182.70000000004,-18392.458049999215
2696,2026-04-14 08:00:00,-10069.900000000038,-17279.658049999212
2697,2026-04-14 12:00:00,-10046.100000000035,-17255.85804999921
2698,2026-04-14 16:00:00,-9941.500000000044,-17151.25804999922
2699,2026-04-14 20:00:00,-10112.500000000044,-17322.25804999922
2700,2026-04-15 00:00:00,-9186.800000000032,-16396.558049999207
2701,2026-04-15 04:00:00,-10278.500000000044,-17488.25804999922
2702,2026-04-15 08:00:00,-10348.000000000044,-17557.75804999922
2703,2026-04-15 12:00:00,-10158.100000000035,-17367.85804999921
2704,2026-04-15 16:00:00,-10749.800000000032,-17959.558049999207
2705,2026-04-15 20:00:00,-10299.800000000032,-17509.558049999207
2706,2026-04-16 00:00:00,-10657.400000000038,-17867.158049999212
2707,2026-04-16 04:00:00,-9497.100000000035,-16706.85804999921
2708,2026-04-16 08:00:00,-9678.70000000004,-16888.458049999215
2709,2026-04-16 12:00:00,-9603.000000000044,-16812.75804999922
2710,2026-04-16 16:00:00,-9787.20000000004,-16996.958049999215
2711,2026-04-16 20:00:00,-9926.500000000044,-17136.25804999922
2712,2026-04-17 00:00:00,-9795.400000000038,-17005.158049999212
2713,2026-04-17 04:00:00,-9145.500000000044,-16355.258049999218
2714,2026-04-17 08:00:00,-9348.100000000035,-16557.85804999921
2715,2026-04-17 12:00:00,-9872.100000000035,-17081.85804999921
2716,2026-04-17 16:00:00,-9407.500000000044,-16617.25804999922
2717,2026-04-17 20:00:00,-8912.70000000004,-16122.458049999215
2718,2026-04-18 00:00:00,-6718.700000000041,-13928.458049999215
2719,2026-04-18 04:00:00,-7106.100000000035,-14315.85804999921
2720,2026-04-18 08:00:00,-7424.300000000032,-14634.058049999207
2721,2026-04-18 12:00:00,-7490.600000000035,-14700.35804999921
2722,2026-04-18 16:00:00,-7503.900000000038,-14713.658049999212
2723,2026-04-18 20:00:00,-8452.900000000038,-15662.658049999212
2724,2026-04-19 00:00:00,-8330.100000000035,-15539.85804999921
2725,2026-04-19 04:00:00,-8850.70000000004,-16060.458049999215
2726,2026-04-19 08:00:00,-8801.100000000035,-16010.85804999921
2727,2026-04-19 12:00:00,-8981.900000000038,-16191.658049999212
2728,2026-04-19 16:00:00,-9249.300000000032,-16459.058049999207
2729,2026-04-19 20:00:00,-8897.500000000044,-16107.258049999218
2730,2026-04-20 00:00:00,-8647.300000000032,-15857.058049999207
2731,2026-04-20 04:00:00,-9537.000000000044,-16746.75804999922
2732,2026-04-20 08:00:00,-10696.500000000044,-17906.25804999922
2733,2026-04-20 12:00:00,-9861.000000000044,-17070.75804999922
2734,2026-04-20 16:00:00,-9659.400000000038,-16869.158049999212
2735,2026-04-20 20:00:00,-9306.20000000004,-16515.958049999215
2736,2026-04-21 00:00:00,-8786.800000000032,-15996.558049999207
2737,2026-04-21 04:00:00,-8202.400000000038,-15412.158049999212
2738,2026-04-21 08:00:00,-8664.800000000032,-15874.558049999207
2739,2026-04-21 12:00:00,-8785.800000000032,-15995.558049999207
2740,2026-04-21 16:00:00,-8404.900000000038,-15614.658049999212
2741,2026-04-21 20:00:00,-8046.600000000035,-15256.35804999921
2742,2026-04-22 00:00:00,-8655.000000000044,-15864.758049999218
2743,2026-04-22 04:00:00,-9466.300000000032,-16676.058049999207
2744,2026-04-22 08:00:00,-8166.700000000041,-15376.458049999215
2745,2026-04-22 12:00:00,-6966.600000000035,-14176.35804999921
2746,2026-04-22 16:00:00,-6475.100000000035,-13684.85804999921
2747,2026-04-22 20:00:00,-6191.700000000041,-13401.458049999215
2748,2026-04-23 00:00:00,-5220.600000000035,-12430.35804999921
2749,2026-04-23 04:00:00,-5663.600000000035,-12873.35804999921
2750,2026-04-23 08:00:00,-6315.100000000035,-13524.85804999921
2751,2026-04-23 12:00:00,-6750.600000000035,-13960.35804999921
2752,2026-04-23 16:00:00,-6445.800000000032,-13655.558049999207
2753,2026-04-23 20:00:00,-6805.000000000044,-14014.758049999218
2754,2026-04-24 00:00:00,-6125.700000000041,-13335.458049999215
2755,2026-04-24 04:00:00,-6784.400000000038,-13994.158049999212
2756,2026-04-24 08:00:00,-6238.100000000035,-13447.85804999921
2757,2026-04-24 12:00:00,-6764.800000000032,-13974.558049999207
2758,2026-04-24 16:00:00,-6834.400000000038,-14044.158049999212
2759,2026-04-24 20:00:00,-6260.100000000035,-13469.85804999921
2760,2026-04-25 00:00:00,-6447.600000000035,-13657.35804999921
2761,2026-04-25 04:00:00,-6858.800000000032,-14068.558049999207
2762,2026-04-25 08:00:00,-7059.500000000044,-14269.258049999218
2763,2026-04-25 12:00:00,-6825.900000000038,-14035.658049999212
2764,2026-04-25 16:00:00,-7005.000000000044,-14214.758049999218
2765,2026-04-25 20:00:00,-6816.200000000041,-14025.958049999215
2766,2026-04-26 00:00:00,-7165.600000000035,-14375.35804999921
2767,2026-04-26 04:00:00,-7169.300000000032,-14379.058049999207
2768,2026-04-26 08:00:00,-6869.900000000038,-14079.658049999212
2769,2026-04-26 12:00:00,-7105.600000000035,-14315.35804999921
2770,2026-04-26 16:00:00,-6393.400000000038,-13603.158049999212
2771,2026-04-26 20:00:00,-6404.900000000038,-13614.658049999212
2772,2026-04-27 00:00:00,-6447.000000000044,-13656.758049999218
2773,2026-04-27 04:00:00,-6271.800000000032,-13481.558049999207
2774,2026-04-27 08:00:00,-5841.400000000038,-13051.158049999212
2775,2026-04-27 12:00:00,-5389.800000000032,-12599.558049999207
2776,2026-04-27 16:00:00,-6898.200000000041,-14107.958049999215
2777,2026-04-27 20:00:00,-6650.600000000035,-13860.35804999921
2778,2026-04-28 00:00:00,-7694.900000000038,-14904.658049999212
2779,2026-04-28 04:00:00,-7610.500000000044,-14820.258049999218
2780,2026-04-28 08:00:00,-7123.700000000041,-14333.458049999215
2781,2026-04-28 12:00:00,-7684.300000000032,-14894.058049999207
2782,2026-04-28 16:00:00,-7626.500000000044,-14836.258049999218
2783,2026-04-28 20:00:00,-8256.100000000035,-15465.85804999921
2784,2026-04-29 00:00:00,-8427.100000000035,-15674.8719499992
2785,2026-04-29 04:00:00,-8427.100000000035,-15674.8719499992
2786,2026-04-29 08:00:00,-8427.100000000035,-15674.8719499992
2787,2026-04-29 12:00:00,-8427.100000000035,-15674.8719499992
2788,2026-04-29 16:00:00,-8427.100000000035,-15674.8719499992
2789,2026-04-29 20:00:00,-8427.100000000035,-15674.8719499992
2790,2026-04-30 00:00:00,-8427.100000000035,-15674.8719499992
2791,2026-04-30 04:00:00,-8427.100000000035,-15674.8719499992
2792,2026-04-30 08:00:00,-8427.100000000035,-15674.8719499992
2793,2026-04-30 12:00:00,-8427.100000000035,-15674.8719499992
2794,2026-04-30 16:00:00,-8427.100000000035,-15674.8719499992
2795,2026-04-30 20:00:00,-8427.100000000035,-15674.8719499992
2796,2026-05-01 00:00:00,-8427.100000000035,-15674.8719499992
2797,2026-05-01 04:00:00,-8427.100000000035,-15674.8719499992
2798,2026-05-01 08:00:00,-8427.100000000035,-15674.8719499992
2799,2026-05-01 12:00:00,-8427.100000000035,-15674.8719499992
2800,2026-05-01 16:00:00,-8427.100000000035,-15674.8719499992
2801,2026-05-01 20:00:00,-8427.100000000035,-15674.8719499992
2802,2026-05-02 00:00:00,-8427.100000000035,-15674.8719499992
2803,2026-05-02 04:00:00,-8427.100000000035,-15674.8719499992
2804,2026-05-02 08:00:00,-8427.100000000035,-15674.8719499992
2805,2026-05-02 12:00:00,-8427.100000000035,-15674.8719499992
2806,2026-05-02 16:00:00,-8427.100000000035,-15674.8719499992
2807,2026-05-02 20:00:00,-8427.100000000035,-15674.8719499992
2808,2026-05-03 00:00:00,-8427.100000000035,-15674.8719499992
2809,2026-05-03 04:00:00,-8427.100000000035,-15674.8719499992
2810,2026-05-03 08:00:00,-8427.100000000035,-15674.8719499992
2811,2026-05-03 12:00:00,-8427.100000000035,-15713.9531499992
2812,2026-05-03 16:00:00,-8272.900000000023,-15559.75314999919
2813,2026-05-03 20:00:00,-7969.000000000029,-15255.853149999195
2814,2026-05-04 00:00:00,-7964.300000000032,-15251.153149999198
2815,2026-05-04 04:00:00,-7860.400000000023,-15147.25314999919
2816,2026-05-04 08:00:00,-8060.500000000029,-15347.353149999195
2817,2026-05-04 12:00:00,-6310.800000000032,-13597.653149999198
2818,2026-05-04 16:00:00,-6926.000000000029,-14212.853149999195
2819,2026-05-04 20:00:00,-7836.000000000029,-15122.853149999195
2820,2026-05-05 00:00:00,-6612.800000000032,-13899.653149999198
2821,2026-05-05 04:00:00,-6571.100000000035,-13857.9531499992
2822,2026-05-05 08:00:00,-6763.400000000023,-14050.25314999919
2823,2026-05-05 12:00:00,-5752.600000000035,-13039.4531499992
2824,2026-05-05 16:00:00,-5773.700000000026,-13060.553149999192
2825,2026-05-05 20:00:00,-5616.500000000029,-12903.353149999195
2826,2026-05-06 00:00:00,-5100.800000000032,-12387.653149999198
2827,2026-05-06 04:00:00,-5035.100000000035,-12321.9531499992
2828,2026-05-06 08:00:00,-5727.600000000035,-13014.4531499992
2829,2026-05-06 12:00:00,-5053.600000000035,-12340.4531499992
2830,2026-05-06 16:00:00,-5256.200000000026,-12543.053149999192
2831,2026-05-06 20:00:00,-4104.100000000035,-11390.9531499992
2832,2026-05-07 00:00:00,-4933.100000000035,-12219.9531499992
2833,2026-05-07 04:00:00,-5173.000000000029,-12459.853149999195
2834,2026-05-07 08:00:00,-5199.400000000023,-12486.25314999919
2835,2026-05-07 12:00:00,-5792.200000000026,-13079.053149999192
2836,2026-05-07 16:00:00,-5109.400000000023,-12396.25314999919
2837,2026-05-07 20:00:00,-5761.600000000035,-13048.4531499992
2838,2026-05-08 00:00:00,-6727.900000000023,-14014.75314999919
2839,2026-05-08 04:00:00,-6486.400000000023,-13773.25314999919
2840,2026-05-08 08:00:00,-6620.100000000035,-13906.9531499992
2841,2026-05-08 12:00:00,-7049.500000000029,-14336.353149999195
2842,2026-05-08 16:00:00,-6954.500000000029,-14241.353149999195
2843,2026-05-08 20:00:00,-6407.600000000035,-13694.4531499992
2844,2026-05-09 00:00:00,-6470.400000000023,-13757.25314999919
2845,2026-05-09 04:00:00,-6441.800000000032,-13728.653149999198
2846,2026-05-09 08:00:00,-6434.300000000032,-13721.153149999198
2847,2026-05-09 12:00:00,-6248.900000000023,-13535.75314999919
2848,2026-05-09 16:00:00,-6407.800000000032,-13694.653149999198
2849,2026-05-09 20:00:00,-6279.100000000035,-13565.9531499992
2850,2026-05-10 00:00:00,-6101.200000000026,-13388.053149999192
2851,2026-05-10 04:00:00,-5692.600000000035,-12979.4531499992
2852,2026-05-10 08:00:00,-5955.500000000029,-13242.353149999195
2853,2026-05-10 12:00:00,-5854.400000000023,-13141.25314999919
2854,2026-05-10 16:00:00,-5893.600000000035,-13180.4531499992
2855,2026-05-10 20:00:00,-5807.400000000023,-13094.25314999919
2856,2026-05-11 00:00:00,-5208.100000000035,-12494.9531499992
2857,2026-05-11 04:00:00,-5191.500000000029,-12478.353149999195
2858,2026-05-11 08:00:00,-4411.800000000032,-11698.653149999198
2859,2026-05-11 12:00:00,-5896.100000000035,-13182.9531499992
2860,2026-05-11 16:00:00,-5880.600000000035,-13167.4531499992
2861,2026-05-11 20:00:00,-5422.400000000023,-12709.25314999919
2862,2026-05-12 00:00:00,-5186.100000000035,-12472.9531499992
2863,2026-05-12 04:00:00,-4672.400000000023,-11959.25314999919
2864,2026-05-12 08:00:00,-4890.400000000023,-12177.25314999919
2865,2026-05-12 12:00:00,-5561.200000000026,-12848.053149999192
2866,2026-05-12 16:00:00,-5780.300000000032,-13067.153149999198
2867,2026-05-12 20:00:00,-5846.800000000032,-13133.653149999198
2868,2026-05-13 00:00:00,-6287.900000000023,-13574.75314999919
2869,2026-05-13 04:00:00,-5790.000000000029,-13076.853149999195
2870,2026-05-13 08:00:00,-6128.500000000029,-13415.353149999195
2871,2026-05-13 12:00:00,-5372.400000000023,-12659.25314999919
2872,2026-05-13 16:00:00,-5607.600000000035,-12894.4531499992
2873,2026-05-13 20:00:00,-6129.400000000023,-13416.25314999919
2874,2026-05-14 00:00:00,-7794.800000000032,-15081.653149999198
2875,2026-05-14 04:00:00,-6984.700000000026,-14271.553149999192
2876,2026-05-14 08:00:00,-7301.200000000026,-14588.053149999192
2877,2026-05-14 12:00:00,-7584.200000000026,-14871.053149999192
2878,2026-05-14 16:00:00,-6889.600000000035,-14176.4531499992
2879,2026-05-14 20:00:00,-7372.900000000023,-14659.75314999919
2880,2026-05-15 00:00:00,-5344.000000000029,-12630.853149999195
2881,2026-05-15 04:00:00,-5215.800000000032,-12502.653149999198
2882,2026-05-15 08:00:00,-5540.600000000035,-12827.4531499992
2883,2026-05-15 12:00:00,-5566.800000000032,-12853.653149999198
2884,2026-05-15 16:00:00,-5806.700000000026,-13093.553149999192
2885,2026-05-15 20:00:00,-6007.400000000023,-13294.25314999919
2886,2026-05-16 00:00:00,-7471.500000000029,-14758.353149999195
2887,2026-05-16 04:00:00,-7485.300000000032,-14772.153149999198
2888,2026-05-16 08:00:00,-7515.500000000029,-14802.353149999195
2889,2026-05-16 12:00:00,-7547.800000000032,-14834.653149999198
2890,2026-05-16 16:00:00,-8255.200000000026,-15581.220299999186
2891,2026-05-16 20:00:00,-8255.200000000026,-15581.220299999186
2892,2026-05-17 00:00:00,-8255.200000000026,-15581.220299999186
2893,2026-05-17 04:00:00,-8255.200000000026,-15581.220299999186
2894,2026-05-17 08:00:00,-8255.200000000026,-15581.220299999186
2895,2026-05-17 12:00:00,-8255.200000000026,-15620.215399999186
2896,2026-05-17 16:00:00,-8402.200000000026,-15767.215399999186
2897,2026-05-17 20:00:00,-8636.50000000003,-16001.515399999189
2898,2026-05-18 00:00:00,-8271.900000000023,-15636.915399999183
2899,2026-05-18 04:00:00,-8634.00000000003,-15999.015399999189
2900,2026-05-18 08:00:00,-7695.400000000023,-15060.415399999183
2901,2026-05-18 12:00:00,-7165.000000000029,-14530.015399999189
2902,2026-05-18 16:00:00,-7304.400000000023,-14669.415399999183
2903,2026-05-18 20:00:00,-7520.000000000029,-14885.015399999189
2904,2026-05-19 00:00:00,-6658.500000000029,-14023.515399999189
2905,2026-05-19 04:00:00,-7163.500000000029,-14528.515399999189
2906,2026-05-19 08:00:00,-7228.200000000026,-14593.215399999186
2907,2026-05-19 12:00:00,-7014.900000000023,-14379.915399999183
2908,2026-05-19 16:00:00,-7465.400000000023,-14830.415399999183
2909,2026-05-19 20:00:00,-6942.100000000035,-14307.115399999195
2910,2026-05-20 00:00:00,-6752.900000000023,-14117.915399999183
2911,2026-05-20 04:00:00,-7045.000000000029,-14410.015399999189
2912,2026-05-20 08:00:00,-7064.900000000023,-14429.915399999183
2913,2026-05-20 12:00:00,-6954.600000000035,-14319.615399999195
2914,2026-05-20 16:00:00,-7514.900000000023,-14879.915399999183
2915,2026-05-20 20:00:00,-7616.200000000026,-14981.215399999186
2916,2026-05-21 00:00:00,-7688.000000000029,-15053.015399999189
2917,2026-05-21 04:00:00,-7895.600000000035,-15260.615399999195
2918,2026-05-21 08:00:00,-7775.300000000032,-15140.315399999192
2919,2026-05-21 12:00:00,-8304.100000000035,-15669.115399999195
2920,2026-05-21 16:00:00,-8111.200000000026,-15476.215399999186
2921,2026-05-21 20:00:00,-7422.400000000023,-14787.415399999183
2922,2026-05-22 00:00:00,-7489.300000000032,-14854.315399999192
2923,2026-05-22 04:00:00,-7922.100000000035,-15287.115399999195
2924,2026-05-22 08:00:00,-7851.200000000026,-15216.215399999186
2925,2026-05-22 12:00:00,-8005.000000000029,-15370.015399999189
2926,2026-05-22 16:00:00,-7631.900000000023,-14996.915399999183
2927,2026-05-22 20:00:00,-7659.800000000032,-15024.815399999192
2928,2026-05-23 00:00:00,-7021.500000000029,-14386.515399999189
2929,2026-05-23 04:00:00,-6092.100000000035,-13457.115399999195
2930,2026-05-23 08:00:00,-5778.100000000035,-13143.115399999195
2931,2026-05-23 12:00:00,-5864.100000000035,-13229.115399999195
2932,2026-05-23 16:00:00,-4838.100000000035,-12203.115399999195
2933,2026-05-23 20:00:00,-5028.300000000032,-12393.315399999192
2934,2026-05-24 00:00:00,-5751.900000000023,-13116.915399999183
2935,2026-05-24 04:00:00,-6214.500000000029,-13579.515399999189
2936,2026-05-24 08:00:00,-6980.200000000026,-14345.215399999186
2937,2026-05-24 12:00:00,-6967.800000000032,-14332.815399999192
2938,2026-05-24 16:00:00,-7036.300000000032,-14401.315399999192
2939,2026-05-24 20:00:00,-7554.500000000029,-14919.515399999189
2940,2026-05-25 00:00:00,-6608.700000000026,-13973.715399999186
2941,2026-05-25 04:00:00,-7003.500000000029,-14368.515399999189
2942,2026-05-25 08:00:00,-7295.300000000032,-14660.315399999192
2943,2026-05-25 12:00:00,-7254.000000000029,-14619.015399999189
2944,2026-05-25 16:00:00,-7642.000000000029,-15007.015399999189
2945,2026-05-25 20:00:00,-7583.200000000026,-14948.215399999186
2946,2026-05-26 00:00:00,-7852.200000000026,-15217.215399999186
2947,2026-05-26 04:00:00,-7668.300000000032,-15033.315399999192
2948,2026-05-26 08:00:00,-7546.500000000029,-14911.515399999189
2949,2026-05-26 12:00:00,-6894.000000000029,-14259.015399999189
2950,2026-05-26 16:00:00,-6950.100000000035,-14315.115399999195
2951,2026-05-26 20:00:00,-7418.900000000023,-14783.915399999183
2952,2026-05-27 00:00:00,-6743.200000000026,-14108.215399999186
2953,2026-05-27 04:00:00,-6293.300000000032,-13658.315399999192
2954,2026-05-27 08:00:00,-6170.500000000029,-13535.515399999189
2955,2026-05-27 12:00:00,-5900.600000000035,-13265.615399999195
2956,2026-05-27 16:00:00,-6200.000000000029,-13565.015399999189
2957,2026-05-27 20:00:00,-6002.900000000023,-13367.915399999183
2958,2026-05-28 00:00:00,-5565.000000000029,-12967.665399999183
2959,2026-05-28 04:00:00,-5565.000000000029,-12967.665399999183
2960,2026-05-28 08:00:00,-5565.000000000029,-12967.665399999183
2961,2026-05-28 12:00:00,-5565.000000000029,-13004.277649999174
2962,2026-05-28 16:00:00,-5807.500000000029,-13246.777649999174
2963,2026-05-28 20:00:00,-5819.600000000035,-13258.87764999918
2964,2026-05-29 00:00:00,-5239.600000000035,-12678.87764999918
2965,2026-05-29 04:00:00,-5734.000000000029,-13173.277649999174
2966,2026-05-29 08:00:00,-5931.900000000023,-13371.177649999168
2967,2026-05-29 12:00:00,-5609.700000000026,-13048.977649999171
2968,2026-05-29 16:00:00,-5828.500000000029,-13267.777649999174
2969,2026-05-29 20:00:00,-5788.100000000035,-13227.37764999918
2970,2026-05-30 00:00:00,-6115.900000000023,-13555.177649999168
2971,2026-05-30 04:00:00,-5829.500000000029,-13268.777649999174
2972,2026-05-30 08:00:00,-5768.700000000026,-13207.977649999171
2973,2026-05-30 12:00:00,-5832.900000000023,-13272.177649999168
2974,2026-05-30 16:00:00,-5854.400000000023,-13293.677649999168
2975,2026-05-30 20:00:00,-5908.400000000023,-13347.677649999168
2976,2026-05-31 00:00:00,-6228.500000000029,-13667.777649999174
2977,2026-05-31 04:00:00,-6320.600000000035,-13759.87764999918
2978,2026-05-31 08:00:00,-6197.300000000032,-13636.577649999177
2979,2026-05-31 12:00:00,-6448.100000000035,-13887.37764999918
2980,2026-05-31 16:00:00,-6173.800000000032,-13613.077649999177
2981,2026-05-31 20:00:00,-6254.100000000035,-13693.37764999918
2982,2026-06-01 00:00:00,-5954.000000000029,-13393.277649999174
2983,2026-06-01 04:00:00,-5862.400000000023,-13301.677649999168
2984,2026-06-01 08:00:00,-5993.700000000026,-13432.977649999171
2985,2026-06-01 12:00:00,-6071.800000000032,-13511.077649999177
2986,2026-06-01 16:00:00,-5116.600000000035,-12592.265699999174
2987,2026-06-01 20:00:00,-5116.600000000035,-12592.265699999174
2988,2026-06-02 00:00:00,-5116.600000000035,-12592.265699999174
2989,2026-06-02 04:00:00,-5116.600000000035,-12592.265699999174
2990,2026-06-02 08:00:00,-5116.600000000035,-12627.961449999173
2991,2026-06-02 12:00:00,-4645.800000000032,-12157.16144999917
2992,2026-06-02 16:00:00,-3804.500000000029,-11315.861449999167
2993,2026-06-02 20:00:00,-3155.300000000032,-10666.66144999917
2994,2026-06-03 00:00:00,-999.1000000000349,-8510.461449999173
2995,2026-06-03 04:00:00,-1011.800000000032,-8523.16144999917
2996,2026-06-03 08:00:00,-455.1000000000349,-7966.461449999173
2997,2026-06-03 12:00:00,456.4999999999709,-7054.861449999167
2998,2026-06-03 16:00:00,-911.800000000032,-8423.16144999917
2999,2026-06-03 20:00:00,-765.2000000000407,-8276.561449999179
3000,2026-06-04 00:00:00,228.39999999996508,-7282.961449999173
3001,2026-06-04 04:00:00,846.2999999999665,-6665.061449999172
3002,2026-06-04 08:00:00,2157.199999999968,-5354.16144999917
3003,2026-06-04 12:00:00,1938.699999999968,-5572.66144999917
3004,2026-06-04 16:00:00,2713.199999999968,-4798.16144999917
3005,2026-06-04 20:00:00,3754.199999999968,-3757.16144999917
3006,2026-06-05 00:00:00,2410.099999999962,-5101.261449999176
3007,2026-06-05 04:00:00,2674.599999999962,-4836.761449999176
3008,2026-06-05 08:00:00,2421.4999999999636,-5089.8614499991745
3009,2026-06-05 12:00:00,3575.199999999968,-3936.16144999917
3010,2026-06-05 16:00:00,3199.2999999999665,-4312.061449999172
3011,2026-06-05 20:00:00,4345.399999999965,-3165.961449999173
3012,2026-06-06 00:00:00,5874.099999999962,-1637.261449999176
3013,2026-06-06 04:00:00,6007.199999999968,-1504.1614499991701
3014,2026-06-06 08:00:00,5252.899999999965,-2258.461449999173
3015,2026-06-06 12:00:00,5612.2999999999665,-1899.0614499991716
3016,2026-06-06 16:00:00,5299.699999999968,-2211.66144999917
3017,2026-06-06 20:00:00,5501.399999999965,-2009.961449999173
3018,2026-06-07 00:00:00,5520.7999999999665,-1990.5614499991716
3019,2026-06-07 04:00:00,5710.999999999964,-1800.3614499991745
3020,2026-06-07 08:00:00,5425.199999999968,-2086.16144999917
3021,2026-06-07 12:00:00,4603.7999999999665,-2907.5614499991716
3022,2026-06-07 16:00:00,3908.899999999965,-3602.461449999173
3023,2026-06-07 20:00:00,3676.099999999962,-3835.261449999176
3024,2026-06-08 00:00:00,4203.2999999999665,-3308.0614499991716
3025,2026-06-08 04:00:00,4971.099999999962,-2540.261449999176
3026,2026-06-08 08:00:00,2976.399999999965,-4534.961449999173
3027,2026-06-08 12:00:00,3173.2999999999665,-4338.061449999172
3028,2026-06-08 16:00:00,3014.9999999999636,-4496.3614499991745
3029,2026-06-08 20:00:00,2824.7999999999665,-4686.561449999172
3030,2026-06-09 00:00:00,2529.4999999999636,-4981.8614499991745
3031,2026-06-09 04:00:00,2926.699999999968,-4584.66144999917
3032,2026-06-09 08:00:00,3216.9999999999636,-4294.3614499991745
3033,2026-06-09 12:00:00,3433.899999999965,-4077.461449999173
3034,2026-06-09 16:00:00,3104.099999999962,-4407.261449999176
3035,2026-06-09 20:00:00,3595.4999999999636,-3915.8614499991745
3036,2026-06-10 00:00:00,5174.199999999968,-2337.16144999917
3037,2026-06-10 04:00:00,4206.099999999962,-3305.261449999176
3038,2026-06-10 08:00:00,4579.899999999965,-2931.461449999173
3039,2026-06-10 12:00:00,4756.699999999968,-2754.66144999917
3040,2026-06-10 16:00:00,4620.599999999962,-2890.761449999176
3041,2026-06-10 20:00:00,5271.7999999999665,-2239.5614499991716
3042,2026-06-11 00:00:00,3670.099999999962,-3841.261449999176
3043,2026-06-11 04:00:00,4366.199999999968,-3145.16144999917
3044,2026-06-11 08:00:00,4791.199999999968,-2720.16144999917
3045,2026-06-11 12:00:00,3617.399999999965,-3893.961449999173
3046,2026-06-11 16:00:00,3581.599999999962,-3929.761449999176
3047,2026-06-11 20:00:00,3196.899999999965,-4314.461449999173
3048,2026-06-12 00:00:00,3553.7999999999665,-3957.5614499991716
3049,2026-06-12 04:00:00,2707.2999999999665,-4804.061449999172
3050,2026-06-12 08:00:00,2676.9999999999636,-4834.3614499991745
3051,2026-06-12 12:00:00,2784.899999999965,-4726.461449999173
3052,2026-06-12 16:00:00,3208.399999999965,-4302.961449999173
3053,2026-06-12 20:00:00,2545.4999999999636,-4965.8614499991745
3054,2026-06-13 00:00:00,2717.899999999965,-4793.461449999173
3055,2026-06-13 04:00:00,2719.7999999999665,-4791.561449999172
3056,2026-06-13 08:00:00,2727.899999999965,-4783.461449999173
3057,2026-06-13 12:00:00,2780.4999999999636,-4730.8614499991745
3058,2026-06-13 16:00:00,2450.9999999999636,-5060.3614499991745
3059,2026-06-13 20:00:00,2338.7999999999665,-5172.561449999172
3060,2026-06-14 00:00:00,2009.899999999965,-5501.461449999173
3061,2026-06-14 04:00:00,2010.699999999968,-5500.66144999917
3062,2026-06-14 08:00:00,1856.699999999968,-5654.66144999917
3063,2026-06-14 12:00:00,1759.899999999965,-5783.718949999173
3064,2026-06-14 16:00:00,1759.899999999965,-5783.718949999173
3065,2026-06-14 20:00:00,1759.899999999965,-5783.718949999173
3066,2026-06-15 00:00:00,1759.899999999965,-5783.718949999173
3067,2026-06-15 04:00:00,1759.899999999965,-5783.718949999173
3068,2026-06-15 08:00:00,1759.899999999965,-5783.718949999173
3069,2026-06-15 12:00:00,1759.899999999965,-5783.718949999173
3070,2026-06-15 16:00:00,1759.899999999965,-5783.718949999173
3071,2026-06-15 20:00:00,1759.899999999965,-5783.718949999173
3072,2026-06-16 00:00:00,1759.899999999965,-5817.343199999159
3073,2026-06-16 04:00:00,1090.5999999999622,-6486.643199999162
3074,2026-06-16 08:00:00,797.2999999999593,-6779.943199999165
3075,2026-06-16 12:00:00,636.7999999999593,-6940.443199999165
3076,2026-06-16 16:00:00,853.0999999999622,-6724.143199999162
3077,2026-06-16 20:00:00,967.3999999999651,-6609.843199999159
3078,2026-06-17 00:00:00,353.199999999968,-7224.043199999156
3079,2026-06-17 04:00:00,164.59999999996217,-7412.643199999162
3080,2026-06-17 08:00:00,156.19999999996799,-7421.043199999156
3081,2026-06-17 12:00:00,329.9999999999709,-7247.243199999153
3082,2026-06-17 16:00:00,15.399999999965075,-7561.843199999159
3083,2026-06-17 20:00:00,-714.1000000000349,-8291.343199999159
3084,2026-06-18 00:00:00,224.09999999996217,-7353.143199999162
3085,2026-06-18 04:00:00,-1217.300000000032,-8794.543199999156
3086,2026-06-18 08:00:00,-1015.7000000000335,-8592.943199999158
3087,2026-06-18 12:00:00,-1233.600000000035,-8810.843199999159
3088,2026-06-18 16:00:00,-1018.300000000032,-8595.543199999156
3089,2026-06-18 20:00:00,-1548.5000000000364,-9125.74319999916
3090,2026-06-19 00:00:00,-3150.800000000032,-10728.043199999156
3091,2026-06-19 04:00:00,-2563.2000000000335,-10140.443199999158
3092,2026-06-19 08:00:00,-2564.5000000000364,-10141.74319999916
3093,2026-06-19 12:00:00,-2743.5000000000364,-10320.74319999916
3094,2026-06-19 16:00:00,-2896.2000000000335,-10473.443199999158
3095,2026-06-19 20:00:00,-2888.600000000035,-10465.843199999159
3096,2026-06-20 00:00:00,-2295.600000000035,-9872.843199999159
3097,2026-06-20 04:00:00,-2486.7000000000335,-10063.943199999158
3098,2026-06-20 08:00:00,-1976.0000000000364,-9553.24319999916
3099,2026-06-20 12:00:00,-2048.100000000035,-9625.343199999159
3100,2026-06-20 16:00:00,-1863.600000000035,-9440.843199999159
3101,2026-06-20 20:00:00,-1837.300000000032,-9414.543199999156
3102,2026-06-21 00:00:00,-1349.100000000035,-8926.343199999159
3103,2026-06-21 04:00:00,-1583.100000000035,-9160.343199999159
3104,2026-06-21 08:00:00,-1218.600000000035,-8795.843199999159
3105,2026-06-21 12:00:00,-1089.800000000032,-8699.242599999154
3106,2026-06-21 16:00:00,-1089.800000000032,-8699.242599999154
3107,2026-06-21 20:00:00,-1089.800000000032,-8699.242599999154
3108,2026-06-22 00:00:00,-1089.800000000032,-8699.242599999154
3109,2026-06-22 04:00:00,-1089.800000000032,-8699.242599999154
3110,2026-06-22 08:00:00,-1089.800000000032,-8730.886149999147
3111,2026-06-22 12:00:00,-1737.800000000032,-9378.886149999147
3112,2026-06-22 16:00:00,-1990.600000000035,-9631.68614999915
3113,2026-06-22 20:00:00,-2427.0000000000364,-10068.086149999152
3114,2026-06-23 00:00:00,-2610.7000000000335,-10251.786149999149
3115,2026-06-23 04:00:00,-2250.600000000035,-9891.68614999915
3116,2026-06-23 08:00:00,-1792.9000000000306,-9433.986149999146
3117,2026-06-23 12:00:00,-1840.0000000000364,-9481.086149999152
3118,2026-06-23 16:00:00,-651.9000000000306,-8292.986149999146
3119,2026-06-23 20:00:00,-281.20000000003347,-7922.286149999149
3120,2026-06-24 00:00:00,-258.5000000000364,-7899.5861499991515
3121,2026-06-24 04:00:00,-168.40000000003056,-7809.486149999146
3122,2026-06-24 08:00:00,-499.40000000003056,-8140.486149999146
3123,2026-06-24 12:00:00,-507.300000000032,-8148.386149999147
3124,2026-06-24 16:00:00,-433.0000000000364,-8074.0861499991515
3125,2026-06-24 20:00:00,-690.4000000000306,-8331.486149999146
3126,2026-06-25 00:00:00,1942.399999999965,-5698.68614999915
3127,2026-06-25 04:00:00,2273.4999999999636,-5367.5861499991515
3128,2026-06-25 08:00:00,1146.0999999999694,-6494.986149999146
3129,2026-06-25 12:00:00,1343.399999999965,-6297.68614999915
3130,2026-06-25 16:00:00,310.59999999996944,-7330.486149999146
3131,2026-06-25 20:00:00,939.0999999999694,-6701.986149999146
3132,2026-06-26 00:00:00,2661.0999999999694,-4979.986149999146
3133,2026-06-26 04:00:00,2897.4999999999636,-4743.5861499991515
3134,2026-06-26 08:00:00,2425.399999999965,-5215.68614999915
3135,2026-06-26 12:00:00,2182.2999999999665,-5458.786149999149
3136,2026-06-26 16:00:00,1706.2999999999665,-5934.786149999149
3137,2026-06-26 20:00:00,2804.899999999965,-4836.18614999915
3138,2026-06-27 00:00:00,1900.699999999968,-5740.386149999147
3139,2026-06-27 04:00:00,2477.5999999999694,-5163.486149999146
3140,2026-06-27 08:00:00,2125.2999999999665,-5515.786149999149
3141,2026-06-27 12:00:00,1922.5999999999694,-5718.486149999146
3142,2026-06-27 16:00:00,1674.9999999999636,-5966.0861499991515
3143,2026-06-27 20:00:00,1865.399999999965,-5775.68614999915
3144,2026-06-28 00:00:00,1380.0999999999694,-6260.986149999146
3145,2026-06-28 04:00:00,2047.399999999965,-5593.68614999915
3146,2026-06-28 08:00:00,2196.9999999999636,-5444.0861499991515
3147,2026-06-28 12:00:00,2027.7999999999665,-5613.286149999149
3148,2026-06-28 16:00:00,2004.7999999999665,-5636.286149999149
3149,2026-06-28 20:00:00,1882.399999999965,-5758.68614999915
3150,2026-06-29 00:00:00,2347.399999999965,-5293.68614999915
3151,2026-06-29 04:00:00,2745.899999999965,-4895.18614999915
3152,2026-06-29 08:00:00,2647.0999999999694,-4993.986149999146
3153,2026-06-29 12:00:00,2177.4999999999636,-5493.596049999149
3154,2026-06-29 16:00:00,2177.4999999999636,-5493.596049999149
3155,2026-06-29 20:00:00,2177.4999999999636,-5493.596049999149
3156,2026-06-30 00:00:00,2177.4999999999636,-5493.596049999149
3157,2026-06-30 04:00:00,2177.4999999999636,-5493.596049999149
3158,2026-06-30 08:00:00,2177.4999999999636,-5493.596049999149
3159,2026-06-30 12:00:00,2177.4999999999636,-5493.596049999149
3160,2026-06-30 16:00:00,2177.4999999999636,-5493.596049999149
3161,2026-06-30 20:00:00,2177.4999999999636,-5493.596049999149
3162,2026-07-01 00:00:00,2177.4999999999636,-5522.774149999146
3163,2026-07-01 04:00:00,1739.2999999999593,-5960.9741499991505
3164,2026-07-01 08:00:00,1928.2999999999593,-5771.9741499991505
3165,2026-07-01 12:00:00,1364.0999999999622,-6336.174149999148
3166,2026-07-01 16:00:00,1789.2999999999593,-5910.9741499991505
3167,2026-07-01 20:00:00,1940.7999999999593,-5759.4741499991505
3168,2026-07-02 00:00:00,415.1999999999607,-7285.074149999149
3169,2026-07-02 04:00:00,533.6999999999607,-7166.574149999149
3170,2026-07-02 08:00:00,534.0999999999622,-7166.174149999148
3171,2026-07-02 12:00:00,-499.20000000004075,-8199.47414999915
3172,2026-07-02 16:00:00,407.8999999999578,-7292.374149999152
3173,2026-07-02 20:00:00,-795.4000000000378,-8495.674149999148
3174,2026-07-03 00:00:00,-1050.3000000000393,-8750.574149999149
3175,2026-07-03 04:00:00,-918.8000000000393,-8619.074149999149
3176,2026-07-03 08:00:00,-1006.9000000000378,-8707.174149999148
3177,2026-07-03 12:00:00,-873.9000000000378,-8574.174149999148
3178,2026-07-03 16:00:00,-1199.9000000000378,-8900.174149999148
3179,2026-07-03 20:00:00,-1459.1000000000422,-9159.374149999152
3180,2026-07-04 00:00:00,-1361.5000000000364,-9061.774149999146
3181,2026-07-04 04:00:00,-1644.7000000000407,-9344.97414999915
3182,2026-07-04 08:00:00,-2031.8000000000393,-9732.074149999149
3183,2026-07-04 12:00:00,-2075.900000000038,-9776.174149999148
3184,2026-07-04 16:00:00,-2015.3000000000393,-9715.574149999149
3185,2026-07-04 20:00:00,-1925.0000000000364,-9625.274149999146
3186,2026-07-05 00:00:00,-2375.100000000042,-10075.374149999152
3187,2026-07-05 04:00:00,-2734.400000000038,-10434.674149999148
3188,2026-07-05 08:00:00,-2581.100000000042,-10281.374149999152
3189,2026-07-05 12:00:00,-2205.400000000038,-9905.674149999148
3190,2026-07-05 16:00:00,-2461.400000000038,-10161.674149999148
3191,2026-07-05 20:00:00,-2096.3000000000393,-9827.889149999144
3192,2026-07-06 00:00:00,-2096.3000000000393,-9827.889149999144
3193,2026-07-06 04:00:00,-2096.3000000000393,-9827.889149999144
3194,2026-07-06 08:00:00,-2096.3000000000393,-9827.889149999144
3195,2026-07-06 12:00:00,-2096.3000000000393,-9859.525649999137
3196,2026-07-06 16:00:00,-2304.8000000000393,-10099.557899999134
3197,2026-07-06 20:00:00,-2304.8000000000393,-10099.557899999134
3198,2026-07-07 00:00:00,-2304.8000000000393,-10099.557899999134
3199,2026-07-07 04:00:00,-2304.8000000000393,-10099.557899999134
3200,2026-07-07 08:00:00,-2304.8000000000393,-10099.557899999134
3201,2026-07-07 12:00:00,-2304.8000000000393,-10099.557899999134
3202,2026-07-07 16:00:00,-2304.8000000000393,-10099.557899999134
3203,2026-07-07 20:00:00,-2304.8000000000393,-10099.557899999134
3204,2026-07-08 00:00:00,-2304.8000000000466,-10131.512899999128
3205,2026-07-08 04:00:00,-2419.900000000045,-10246.612899999127
3206,2026-07-08 08:00:00,-2879.400000000045,-10706.112899999127
3207,2026-07-08 12:00:00,-3473.8000000000466,-11300.512899999128
3208,2026-07-08 16:00:00,-3360.700000000048,-11187.41289999913
3209,2026-07-08 20:00:00,-3944.8000000000466,-11771.512899999128
3210,2026-07-09 00:00:00,-4540.300000000047,-12367.012899999128
3211,2026-07-09 04:00:00,-3962.900000000045,-11789.612899999127
3212,2026-07-09 08:00:00,-3959.5000000000437,-11786.212899999126
3213,2026-07-09 12:00:00,-4271.700000000048,-12098.41289999913
3214,2026-07-09 16:00:00,-3241.1000000000495,-11067.812899999131
3215,2026-07-09 20:00:00,-3458.8000000000466,-11285.512899999128
3216,2026-07-10 00:00:00,-3379.400000000045,-11206.112899999127
3217,2026-07-10 04:00:00,-2991.900000000045,-10818.612899999127
3218,2026-07-10 08:00:00,-3017.8000000000466,-10844.512899999128
3219,2026-07-10 12:00:00,-2297.6000000000495,-10124.312899999131
3220,2026-07-10 16:00:00,-2258.700000000048,-10085.41289999913
3221,2026-07-10 20:00:00,-1820.6000000000495,-9647.312899999131
3222,2026-07-11 00:00:00,-2196.1000000000495,-10022.812899999131
3223,2026-07-11 04:00:00,-2314.400000000045,-10141.112899999127
3224,2026-07-11 08:00:00,-2085.3000000000466,-9912.012899999128
3225,2026-07-11 12:00:00,-2097.6000000000495,-9924.312899999131
3226,2026-07-11 16:00:00,-2082.200000000048,-9908.91289999913
3227,2026-07-11 20:00:00,-2038.8000000000466,-9865.512899999128
3228,2026-07-12 00:00:00,-2075.8000000000466,-9902.512899999128
3229,2026-07-12 04:00:00,-1952.8000000000466,-9779.512899999128
3230,2026-07-12 08:00:00,-2431.8000000000466,-10258.512899999128
3231,2026-07-12 12:00:00,-2013.0000000000437,-9839.712899999126
3232,2026-07-12 16:00:00,-2358.400000000045,-10185.112899999127
3233,2026-07-12 20:00:00,-2221.0000000000437,-10047.712899999126
3234,2026-07-13 00:00:00,-2064.900000000045,-9891.612899999127
3235,2026-07-13 04:00:00,-2012.900000000045,-9839.612899999127
3236,2026-07-13 08:00:00,-2464.8000000000466,-10291.512899999128
3237,2026-07-13 12:00:00,-3434.6000000000495,-11261.312899999131
3238,2026-07-13 16:00:00,-3262.1000000000495,-11088.812899999131
3239,2026-07-13 20:00:00,-3333.5000000000437,-11160.212899999126
3240,2026-07-14 00:00:00,-3618.200000000048,-11444.91289999913
3241,2026-07-14 04:00:00,-3956.8000000000466,-11783.512899999128
3242,2026-07-14 08:00:00,-3907.8000000000466,-11734.512899999128
3243,2026-07-14 12:00:00,-3676.6000000000495,-11503.312899999131
3244,2026-07-14 16:00:00,-3685.1000000000495,-11511.812899999131
3245,2026-07-14 20:00:00,-3404.5000000000437,-11231.212899999126
3246,2026-07-15 00:00:00,-1487.3000000000466,-9314.012899999128
3247,2026-07-15 04:00:00,-1671.8000000000466,-9498.512899999128
3248,2026-07-15 08:00:00,-1200.1000000000495,-9026.812899999131
3249,2026-07-15 12:00:00,-1454.0000000000437,-9280.712899999126
3250,2026-07-15 16:00:00,-1686.8000000000466,-9513.512899999128
3251,2026-07-15 20:00:00,-1507.3000000000466,-9366.366649999123
3252,2026-07-16 00:00:00,-1507.3000000000466,-9366.366649999123
3253,2026-07-16 04:00:00,-1507.3000000000466,-9366.366649999123
3254,2026-07-16 08:00:00,-1507.3000000000466,-9366.366649999123
3255,2026-07-16 12:00:00,-1507.3000000000466,-9398.66314999912
3256,2026-07-16 16:00:00,-1114.3000000000466,-9005.66314999912
3257,2026-07-16 20:00:00,-1140.900000000045,-9032.263149999118
3258,2026-07-17 00:00:00,-1592.0000000000437,-9483.363149999117
3259,2026-07-17 04:00:00,-1155.900000000045,-9047.263149999118
3260,2026-07-17 08:00:00,-715.3000000000466,-8606.66314999912
3261,2026-07-17 12:00:00,-452.4000000000451,-8343.763149999118
3262,2026-07-17 16:00:00,292.799999999952,-7598.563149999121
3263,2026-07-17 20:00:00,-187.50000000004366,-8078.863149999117
3264,2026-07-18 00:00:00,-346.700000000048,-8238.063149999121
3265,2026-07-18 04:00:00,-1035.700000000048,-8927.063149999121
3266,2026-07-18 08:00:00,-824.200000000048,-8715.563149999121
3267,2026-07-18 12:00:00,-903.8000000000466,-8795.16314999912
3268,2026-07-18 16:00:00,-894.4000000000451,-8785.763149999118
3269,2026-07-18 20:00:00,-947.6000000000495,-8838.963149999123
3270,2026-07-19 00:00:00,-1004.3000000000466,-8895.66314999912
3271,2026-07-19 04:00:00,-1440.6000000000495,-9331.963149999123
3272,2026-07-19 08:00:00,-1721.0000000000437,-9612.363149999117
3273,2026-07-19 12:00:00,-1601.1000000000495,-9492.463149999123
3274,2026-07-19 16:00:00,-1606.5000000000437,-9497.863149999117
3275,2026-07-19 20:00:00,-1360.0000000000437,-9251.363149999117
3276,2026-07-20 00:00:00,-1459.5000000000437,-9350.863149999117
3277,2026-07-20 04:00:00,-1352.400000000045,-9243.763149999118
3278,2026-07-20 08:00:00,-1609.0000000000437,-9500.363149999117
3279,2026-07-20 12:00:00,-1753.700000000048,-9645.063149999121
3280,2026-07-20 16:00:00,-1164.3000000000466,-9055.66314999912
3281,2026-07-20 20:00:00,-1885.1000000000495,-9776.463149999123
3282,2026-07-21 00:00:00,-2484.4000000000524,-10375.763149999126
3283,2026-07-21 04:00:00,-2033.6000000000495,-9924.963149999123
3284,2026-07-21 08:00:00,-2139.1000000000495,-10030.463149999123
3285,2026-07-21 12:00:00,-2453.8000000000466,-10345.16314999912
3286,2026-07-21 16:00:00,-3081.2000000000407,-10972.563149999114
3287,2026-07-21 20:00:00,-3232.2000000000407,-11123.563149999114
3288,2026-07-22 00:00:00,-3562.8000000000466,-11454.16314999912
3289,2026-07-22 04:00:00,-3323.8000000000466,-11215.16314999912
3290,2026-07-22 08:00:00,-3436.7000000000407,-11328.063149999114
3291,2026-07-22 12:00:00,-3091.0000000000437,-10982.363149999117
3292,2026-07-22 16:00:00,-2727.7000000000407,-10619.063149999114
3293,2026-07-22 20:00:00,-2895.7000000000407,-10787.063149999114
3294,2026-07-23 00:00:00,-2929.1000000000495,-10820.463149999123
3295,2026-07-23 04:00:00,-2805.4000000000524,-10696.763149999126
3296,2026-07-23 08:00:00,-2996.3000000000466,-10920.704149999117
3297,2026-07-23 12:00:00,-2996.3000000000466,-10920.704149999117
3298,2026-07-23 16:00:00,-2996.3000000000466,-10920.704149999117
3299,2026-07-23 20:00:00,-2996.3000000000466,-10920.704149999117
3300,2026-07-24 00:00:00,-2996.3000000000466,-10920.704149999117
3301,2026-07-24 04:00:00,-2996.3000000000466,-10920.704149999117
3302,2026-07-24 08:00:00,-2996.3000000000466,-10920.704149999117
3303,2026-07-24 12:00:00,-2996.3000000000466,-10920.704149999117
3304,2026-07-24 16:00:00,-2996.3000000000466,-10920.704149999117
3305,2026-07-24 20:00:00,-2996.3000000000466,-10920.704149999117
3306,2026-07-25 00:00:00,-2996.3000000000466,-10920.704149999117
3307,2026-07-25 04:00:00,-2996.3000000000466,-10920.704149999117
3308,2026-07-25 08:00:00,-2996.3000000000466,-10920.704149999117
3309,2026-07-25 12:00:00,-2996.3000000000466,-10920.704149999117
3310,2026-07-25 16:00:00,-2996.3000000000466,-10920.704149999117
3311,2026-07-25 20:00:00,-2996.3000000000466,-10920.704149999117
3312,2026-07-26 00:00:00,-2996.3000000000466,-10952.779149999114
3313,2026-07-26 04:00:00,-3205.900000000045,-11162.379149999113
3314,2026-07-26 08:00:00,-3184.400000000045,-11173.04819999911
3315,2026-07-26 12:00:00,-3184.400000000045,-11173.04819999911
3316,2026-07-26 16:00:00,-3184.400000000045,-11173.04819999911
3317,2026-07-26 20:00:00,-3184.400000000045,-11173.04819999911
3318,2026-07-27 00:00:00,-3184.400000000045,-11173.04819999911
3319,2026-07-27 04:00:00,-3184.400000000045,-11173.04819999911
3320,2026-07-27 08:00:00,-3184.400000000045,-11173.04819999911
3321,2026-07-27 12:00:00,-3184.400000000045,-11173.04819999911
3322,2026-07-27 16:00:00,-3184.400000000045,-11173.04819999911
3323,2026-07-27 20:00:00,-3184.400000000045,-11173.04819999911
3324,2026-07-28 00:00:00,-3184.400000000045,-11173.04819999911
3325,2026-07-28 04:00:00,-3184.400000000045,-11173.04819999911
3326,2026-07-28 08:00:00,-3184.400000000045,-11173.04819999911
3327,2026-07-28 12:00:00,-3184.400000000045,-11173.04819999911
3328,2026-07-28 16:00:00,-3184.400000000045,-11173.04819999911
3329,2026-07-28 20:00:00,-3184.400000000045,-11173.04819999911
3330,2026-07-29 00:00:00,-3184.400000000045,-11173.04819999911
3331,2026-07-29 04:00:00,-3184.400000000045,-11204.989399999104
3332,2026-07-29 08:00:00,-3205.600000000042,-11226.1893999991
3333,2026-07-29 12:00:00,-3029.0000000000437,-11049.589399999102
3334,2026-07-29 16:00:00,-3841.0000000000437,-11861.589399999102
3335,2026-07-29 20:00:00,-3782.0000000000437,-11802.589399999102
3336,2026-07-30 00:00:00,-3242.2000000000407,-11262.7893999991
3337,2026-07-30 04:00:00,-2866.100000000042,-10886.6893999991
3338,2026-07-30 08:00:00,-3260.900000000045,-11281.489399999104
3339,2026-07-30 12:00:00,-3436.0000000000437,-11456.589399999102
3340,2026-07-30 16:00:00,-3283.900000000045,-11304.489399999104
3341,2026-07-30 20:00:00,-4068.8000000000466,-12089.389399999105
3342,2026-07-31 00:00:00,-3996.2000000000407,-12016.7893999991
3343,2026-07-31 04:00:00,-4080.600000000042,-12101.1893999991
3344,2026-07-31 08:00:00,-4052.0000000000437,-12072.589399999102
3345,2026-07-31 12:00:00,-3646.0000000000437,-11666.589399999102
3346,2026-07-31 16:00:00,-3211.100000000042,-11231.6893999991
3347,2026-07-31 20:00:00,-3081.400000000045,-11101.989399999104
3348,2026-08-01 00:00:00,-1997.400000000045,-10017.989399999104
3349,2026-08-01 04:00:00,-2249.2000000000407,-10269.7893999991
3350,2026-08-01 08:00:00,-2161.900000000045,-10182.489399999104
3351,2026-08-01 12:00:00,-2275.8000000000466,-10296.389399999105
3352,2026-08-01 16:00:00,-2321.600000000042,-10342.1893999991
3353,2026-08-01 20:00:00,-2347.100000000042,-10367.6893999991
3354,2026-08-02 00:00:00,-2278.400000000045,-10298.989399999104
3355,2026-08-02 04:00:00,-1804.1000000000422,-9824.6893999991
3356,2026-08-02 08:00:00,-2094.3000000000466,-10114.889399999105
3357,2026-08-02 12:00:00,-2738.7000000000407,-10759.2893999991
3358,2026-08-02 16:00:00,-2770.100000000042,-10790.6893999991
3359,2026-08-02 20:00:00,-2309.3000000000466,-10329.889399999105
3360,2026-08-03 00:00:00,-2383.600000000042,-10404.1893999991
3361,2026-08-03 04:00:00,-2734.900000000045,-10755.489399999104
3362,2026-08-03 08:00:00,-2852.0000000000437,-10872.589399999102
3363,2026-08-03 12:00:00,-2141.7000000000407,-10162.2893999991
3364,2026-08-03 16:00:00,-1893.0000000000437,-9913.589399999102
3365,2026-08-03 20:00:00,-1836.1000000000422,-9856.6893999991
3366,2026-08-04 00:00:00,-2961.5000000000437,-10982.089399999102
3367,2026-08-04 04:00:00,-3138.900000000045,-11159.489399999104
3368,2026-08-04 08:00:00,-2799.2000000000407,-10819.7893999991
3369,2026-08-04 12:00:00,-3073.0000000000437,-11093.589399999102
3370,2026-08-04 16:00:00,-2968.5000000000437,-10989.089399999102
3371,2026-08-04 20:00:00,-3202.2000000000407,-11222.7893999991
3372,2026-08-05 00:00:00,-3390.400000000045,-11410.989399999104
3373,2026-08-05 04:00:00,-3499.3000000000466,-11519.889399999105
3374,2026-08-05 08:00:00,-3377.5000000000437,-11398.089399999102
3375,2026-08-05 12:00:00,-3447.600000000042,-11468.1893999991
3376,2026-08-05 16:00:00,-3443.0000000000437,-11463.589399999102
3377,2026-08-05 20:00:00,-3346.600000000042,-11367.1893999991
3378,2026-08-06 00:00:00,-3655.600000000042,-11676.1893999991
3379,2026-08-06 04:00:00,-4107.700000000041,-12128.2893999991
3380,2026-08-06 08:00:00,-3935.900000000045,-11956.489399999104
3381,2026-08-06 12:00:00,-3798.2000000000407,-11818.7893999991
3382,2026-08-06 16:00:00,-4091.400000000045,-12111.989399999104
3383,2026-08-06 20:00:00,-3892.100000000042,-11912.6893999991
3384,2026-08-07 00:00:00,-3906.2000000000407,-11926.7893999991
3385,2026-08-07 04:00:00,-3714.8000000000466,-11767.5957999991
3386,2026-08-07 08:00:00,-3714.8000000000466,-11767.5957999991
3387,2026-08-07 12:00:00,-3714.8000000000466,-11767.5957999991
3388,2026-08-07 16:00:00,-3714.8000000000466,-11767.5957999991
3389,2026-08-07 20:00:00,-3714.8000000000466,-11767.5957999991
3390,2026-08-08 00:00:00,-3714.8000000000466,-11767.5957999991
3391,2026-08-08 04:00:00,-3714.8000000000466,-11800.0622499991
3392,2026-08-08 08:00:00,-3667.3000000000466,-11752.5622499991
3393,2026-08-08 12:00:00,-3781.900000000045,-11867.162249999099
3394,2026-08-08 16:00:00,-3718.200000000048,-11803.462249999102
3395,2026-08-08 20:00:00,-3720.400000000045,-11805.662249999099
3396,2026-08-09 00:00:00,-3831.200000000048,-11916.462249999102
3397,2026-08-09 04:00:00,-3827.400000000045,-11912.662249999099
3398,2026-08-09 08:00:00,-3710.400000000045,-11828.126499999096
3399,2026-08-09 12:00:00,-3710.400000000045,-11828.126499999096
3400,2026-08-09 16:00:00,-3710.400000000045,-11828.126499999096
3401,2026-08-09 20:00:00,-3710.400000000045,-11828.126499999096
3402,2026-08-10 00:00:00,-3710.400000000038,-11860.730349999096
3403,2026-08-10 04:00:00,-3764.900000000038,-11915.230349999096
3404,2026-08-10 08:00:00,-4050.300000000032,-12200.63034999909
3405,2026-08-10 12:00:00,-3971.7000000000335,-12122.030349999091
3406,2026-08-10 16:00:00,-3735.100000000035,-11885.430349999093
3407,2026-08-10 20:00:00,-3820.5000000000364,-11970.830349999094
3408,2026-08-11 00:00:00,-4649.300000000032,-12799.63034999909
3409,2026-08-11 04:00:00,-4900.900000000038,-13051.230349999096
3410,2026-08-11 08:00:00,-4978.800000000032,-13161.099999999089
3411,2026-08-11 12:00:00,-4978.800000000032,-13193.155349999084
3412,2026-08-11 16:00:00,-4899.800000000032,-13114.155349999084
3413,2026-08-11 20:00:00,-5226.400000000038,-13440.75534999909
3414,2026-08-12 00:00:00,-4453.400000000038,-12667.75534999909
3415,2026-08-12 04:00:00,-4376.600000000035,-12590.955349999087
3416,2026-08-12 08:00:00,-4440.100000000035,-12654.455349999087
3417,2026-08-12 12:00:00,-4668.2000000000335,-12882.555349999086
3418,2026-08-12 16:00:00,-4672.900000000038,-12887.25534999909
3419,2026-08-12 20:00:00,-5075.400000000038,-13321.858999999087
3420,2026-08-13 00:00:00,-5075.400000000038,-13321.858999999087
3421,2026-08-13 04:00:00,-5075.400000000038,-13321.858999999087
3422,2026-08-13 08:00:00,-5075.400000000038,-13321.858999999087
3423,2026-08-13 12:00:00,-5075.400000000038,-13321.858999999087
3424,2026-08-13 16:00:00,-5075.400000000038,-13321.858999999087
3425,2026-08-13 20:00:00,-5075.400000000038,-13321.858999999087
3426,2026-08-14 00:00:00,-5075.400000000038,-13321.858999999087
3427,2026-08-14 04:00:00,-5075.400000000038,-13321.858999999087
3428,2026-08-14 08:00:00,-5075.400000000038,-13353.587349999085
3429,2026-08-14 12:00:00,-4906.800000000039,-13184.987349999086
3430,2026-08-14 16:00:00,-4506.800000000039,-12784.987349999086
3431,2026-08-14 20:00:00,-4456.100000000042,-12734.28734999909
3432,2026-08-15 00:00:00,-4574.700000000041,-12852.887349999088
3433,2026-08-15 04:00:00,-4555.000000000044,-12833.18734999909
3434,2026-08-15 08:00:00,-4633.700000000041,-12911.887349999088
3435,2026-08-15 12:00:00,-4649.000000000044,-12927.18734999909
3436,2026-08-15 16:00:00,-4668.500000000044,-12946.68734999909
3437,2026-08-15 20:00:00,-4611.800000000039,-12889.987349999086
3438,2026-08-16 00:00:00,-4686.700000000041,-12964.887349999088
3439,2026-08-16 04:00:00,-4712.300000000039,-12990.487349999086
3440,2026-08-16 08:00:00,-4672.600000000042,-12950.78734999909
3441,2026-08-16 12:00:00,-4715.300000000039,-12993.487349999086
3442,2026-08-16 16:00:00,-4653.000000000044,-12931.18734999909
3443,2026-08-16 20:00:00,-4599.800000000039,-12877.987349999086
3444,2026-08-17 00:00:00,-4732.500000000044,-13010.68734999909
3445,2026-08-17 04:00:00,-4700.900000000038,-12979.087349999085
3446,2026-08-17 08:00:00,-4494.700000000041,-12772.887349999088
3447,2026-08-17 12:00:00,-5028.500000000044,-13306.68734999909
3448,2026-08-17 16:00:00,-5112.200000000041,-13390.387349999088
3449,2026-08-17 20:00:00,-5218.700000000041,-13496.887349999088
3450,2026-08-18 00:00:00,-5788.600000000042,-14066.78734999909
3451,2026-08-18 04:00:00,-5899.100000000042,-14177.28734999909
3452,2026-08-18 08:00:00,-6122.800000000039,-14433.239399999082
3453,2026-08-18 12:00:00,-6122.800000000039,-14433.239399999082
3454,2026-08-18 16:00:00,-6122.800000000039,-14433.239399999082
3455,2026-08-18 20:00:00,-6122.800000000039,-14433.239399999082
3456,2026-08-19 00:00:00,-6122.800000000039,-14433.239399999082
3457,2026-08-19 04:00:00,-6122.800000000039,-14433.239399999082
3458,2026-08-19 08:00:00,-6122.800000000039,-14433.239399999082
3459,2026-08-19 12:00:00,-6122.800000000039,-14433.239399999082
3460,2026-08-19 16:00:00,-6122.800000000039,-14433.239399999082
3461,2026-08-19 20:00:00,-6122.800000000039,-14433.239399999082
3462,2026-08-20 00:00:00,-6122.800000000032,-14467.501249999084
3463,2026-08-20 04:00:00,-6242.400000000023,-14587.101249999076
3464,2026-08-20 08:00:00,-5336.500000000029,-13681.201249999081
3465,2026-08-20 12:00:00,-5463.000000000029,-13807.701249999081
3466,2026-08-20 16:00:00,-4830.600000000035,-13175.301249999087
3467,2026-08-20 20:00:00,-2750.300000000032,-11095.001249999084
3468,2026-08-21 00:00:00,-2217.500000000029,-10562.201249999081
3469,2026-08-21 04:00:00,-1996.800000000032,-10341.501249999084
3470,2026-08-21 08:00:00,-1647.800000000032,-9992.501249999084
3471,2026-08-21 12:00:00,-163.60000000003492,-8508.301249999087
3472,2026-08-21 16:00:00,1663.899999999965,-6680.801249999087
3473,2026-08-21 20:00:00,2102.499999999971,-6242.2012499990815
3474,2026-08-22 00:00:00,2573.299999999974,-5771.401249999079
3475,2026-08-22 04:00:00,2348.899999999965,-5995.801249999087
3476,2026-08-22 08:00:00,3662.5999999999767,-4682.101249999076
3477,2026-08-22 12:00:00,3748.499999999971,-4596.2012499990815
3478,2026-08-22 16:00:00,2640.199999999968,-5704.501249999084
3479,2026-08-22 20:00:00,2491.399999999965,-5853.301249999087
3480,2026-08-23 00:00:00,2349.0999999999767,-5995.601249999076
3481,2026-08-23 04:00:00,2775.899999999965,-5568.801249999087
3482,2026-08-23 08:00:00,2437.999999999971,-5906.7012499990815
3483,2026-08-23 12:00:00,2294.5999999999767,-6050.101249999076
3484,2026-08-23 16:00:00,1373.7999999999738,-6970.901249999079
3485,2026-08-23 20:00:00,2649.499999999971,-5695.2012499990815
3486,2026-08-24 00:00:00,2477.499999999971,-5867.2012499990815
3487,2026-08-24 04:00:00,2658.5999999999767,-5686.101249999076
3488,2026-08-24 08:00:00,3072.5999999999767,-5272.101249999076
3489,2026-08-24 12:00:00,2278.699999999968,-6066.001249999084
3490,2026-08-24 16:00:00,2655.299999999974,-5689.401249999079
3491,2026-08-24 20:00:00,3782.899999999965,-4561.801249999087
3492,2026-08-25 00:00:00,4422.799999999974,-3921.9012499990786
3493,2026-08-25 04:00:00,4068.5999999999767,-4276.101249999076
3494,2026-08-25 08:00:00,4306.499999999971,-4038.2012499990815
3495,2026-08-25 12:00:00,5811.099999999977,-2533.6012499990757
3496,2026-08-25 16:00:00,5014.999999999971,-3329.7012499990815
3497,2026-08-25 20:00:00,4450.499999999971,-3894.2012499990815
3498,2026-08-26 00:00:00,4816.599999999977,-3528.1012499990757
3499,2026-08-26 04:00:00,4244.199999999968,-4100.501249999084
3500,2026-08-26 08:00:00,3858.899999999965,-4485.801249999087
3501,2026-08-26 12:00:00,4402.499999999971,-3942.2012499990815
3502,2026-08-26 16:00:00,4240.499999999971,-4104.2012499990815
3503,2026-08-26 20:00:00,3796.0999999999767,-4548.601249999076
3504,2026-08-27 00:00:00,3334.199999999968,-5010.501249999084
3505,2026-08-27 04:00:00,3788.399999999965,-4556.301249999087
3506,2026-08-27 08:00:00,4342.899999999965,-4001.8012499990873
3507,2026-08-27 12:00:00,4155.299999999974,-4189.401249999079
3508,2026-08-27 16:00:00,4407.899999999965,-3936.8012499990873
3509,2026-08-27 20:00:00,4793.599999999977,-3551.1012499990757
3510,2026-08-28 00:00:00,5627.099999999977,-2717.6012499990757
3511,2026-08-28 04:00:00,5231.399999999965,-3113.3012499990873
3512,2026-08-28 08:00:00,5562.399999999965,-2782.3012499990873
3513,2026-08-28 12:00:00,5136.799999999974,-3207.9012499990786
3514,2026-08-28 16:00:00,4999.099999999977,-3345.6012499990757
3515,2026-08-28 20:00:00,4916.699999999968,-3428.0012499990844
3516,2026-08-29 00:00:00,3662.499999999971,-4682.2012499990815
3517,2026-08-29 04:00:00,2899.899999999965,-5444.801249999087
3518,2026-08-29 08:00:00,3159.399999999965,-5185.301249999087
3519,2026-08-29 12:00:00,2835.699999999968,-5509.001249999084
3520,2026-08-29 16:00:00,2940.499999999971,-5404.2012499990815
3521,2026-08-29 20:00:00,2916.899999999965,-5427.801249999087
3522,2026-08-30 00:00:00,3177.5999999999767,-5167.101249999076
3523,2026-08-30 04:00:00,3508.399999999965,-4836.301249999087
3524,2026-08-30 08:00:00,3554.199999999968,-4790.501249999084
3525,2026-08-30 12:00:00,3454.899999999965,-4928.85194999908
3526,2026-08-30 16:00:00,3454.899999999965,-4928.85194999908
3527,2026-08-30 20:00:00,3454.899999999965,-4928.85194999908
3528,2026-08-31 00:00:00,3454.899999999965,-4968.247499999081
3529,2026-08-31 04:00:00,3491.9999999999563,-4970.561599999084
3530,2026-08-31 08:00:00,3491.9999999999563,-4970.561599999084
3531,2026-08-31 12:00:00,3491.9999999999563,-4970.561599999084
3532,2026-08-31 16:00:00,3491.9999999999563,-4970.561599999084
3533,2026-08-31 20:00:00,3491.9999999999563,-4970.561599999084
3534,2026-09-01 00:00:00,3491.9999999999563,-4970.561599999084
3535,2026-09-01 04:00:00,3491.9999999999563,-4970.561599999084
3536,2026-09-01 08:00:00,3491.9999999999563,-4970.561599999084
3537,2026-09-01 12:00:00,3491.9999999999563,-4970.561599999084
3538,2026-09-01 16:00:00,3491.9999999999563,-4970.561599999084
3539,2026-09-01 20:00:00,3491.9999999999563,-4970.561599999084
3540,2026-09-02 00:00:00,3491.9999999999563,-4970.561599999084
3541,2026-09-02 04:00:00,3491.9999999999563,-5009.204749999073
3542,2026-09-02 08:00:00,3605.7999999999593,-4895.40474999907
3543,2026-09-02 12:00:00,3739.9999999999563,-4761.204749999073
3544,2026-09-02 16:00:00,3650.5999999999476,-4850.604749999082
3545,2026-09-02 20:00:00,2994.2999999999593,-5506.90474999907
3546,2026-09-03 00:00:00,3455.5999999999476,-5045.604749999082
3547,2026-09-03 04:00:00,3506.9999999999563,-4994.204749999073
3548,2026-09-03 08:00:00,3505.6999999999534,-4995.504749999076
3549,2026-09-03 12:00:00,3870.9999999999563,-4630.204749999073
3550,2026-09-03 16:00:00,3832.9999999999563,-4668.204749999073
3551,2026-09-03 20:00:00,4115.3999999999505,-4385.804749999079
3552,2026-09-04 00:00:00,7522.3999999999505,-978.8047499990789
3553,2026-09-04 04:00:00,7928.599999999948,-572.6047499990818
3554,2026-09-04 08:00:00,7436.3999999999505,-1064.804749999079
3555,2026-09-04 12:00:00,7013.699999999953,-1487.504749999076
3556,2026-09-04 16:00:00,6833.699999999953,-1667.504749999076
3557,2026-09-04 20:00:00,7393.699999999953,-1107.504749999076
3558,2026-09-05 00:00:00,5590.499999999956,-2910.704749999073
3559,2026-09-05 04:00:00,5960.3999999999505,-2540.804749999079
3560,2026-09-05 08:00:00,5821.799999999959,-2679.40474999907
3561,2026-09-05 12:00:00,5749.599999999948,-2751.604749999082
3562,2026-09-05 16:00:00,5878.699999999953,-2622.504749999076
3563,2026-09-05 20:00:00,5783.099999999948,-2718.104749999082
3564,2026-09-06 00:00:00,5965.8999999999505,-2535.304749999079
3565,2026-09-06 04:00:00,5925.599999999948,-2575.604749999082
3566,2026-09-06 08:00:00,6003.3999999999505,-2497.804749999079
3567,2026-09-06 12:00:00,6196.699999999953,-2304.504749999076
3568,2026-09-06 16:00:00,5971.8999999999505,-2529.304749999079
3569,2026-09-06 20:00:00,6084.099999999948,-2417.104749999082
3570,2026-09-07 00:00:00,5883.499999999956,-2617.704749999073
3571,2026-09-07 04:00:00,6010.3999999999505,-2490.804749999079
3572,2026-09-07 08:00:00,6506.799999999959,-1994.4047499990702
3573,2026-09-07 12:00:00,5765.699999999953,-2735.504749999076
3574,2026-09-07 16:00:00,5563.3999999999505,-2937.804749999079
3575,2026-09-07 20:00:00,5582.499999999956,-2918.704749999073
3576,2026-09-08 00:00:00,4991.799999999959,-3509.40474999907
3577,2026-09-08 04:00:00,5530.999999999956,-2970.204749999073
3578,2026-09-08 08:00:00,5281.599999999948,-3219.604749999082
3579,2026-09-08 12:00:00,5085.699999999953,-3415.504749999076
3580,2026-09-08 16:00:00,4650.699999999953,-3850.504749999076
3581,2026-09-08 20:00:00,4605.699999999953,-3895.504749999076
3582,2026-09-09 00:00:00,5075.699999999953,-3425.504749999076
3583,2026-09-09 04:00:00,4612.999999999956,-3888.204749999073
3584,2026-09-09 08:00:00,4631.299999999959,-3869.90474999907
3585,2026-09-09 12:00:00,4799.3999999999505,-3701.804749999079
3586,2026-09-09 16:00:00,5451.699999999953,-3049.504749999076
3587,2026-09-09 20:00:00,5487.3999999999505,-3013.804749999079
3588,2026-09-10 00:00:00,4775.699999999953,-3725.504749999076
3589,2026-09-10 04:00:00,4400.099999999948,-4101.104749999082
3590,2026-09-10 08:00:00,4469.799999999959,-4031.40474999907
3591,2026-09-10 12:00:00,4503.099999999948,-3998.104749999082
3592,2026-09-10 16:00:00,4276.799999999959,-4224.40474999907
3593,2026-09-10 20:00:00,4022.0999999999476,-4479.104749999082
3594,2026-09-11 00:00:00,3424.1999999999534,-5077.004749999076
3595,2026-09-11 04:00:00,3334.7999999999593,-5166.40474999907
3596,2026-09-11 08:00:00,2741.3999999999505,-5759.804749999079
3597,2026-09-11 12:00:00,3066.4999999999563,-5473.135149999071
3598,2026-09-11 16:00:00,3066.4999999999563,-5473.135149999071
3599,2026-09-11 20:00:00,3066.4999999999563,-5473.135149999071
3600,2026-09-12 00:00:00,3066.4999999999563,-5473.135149999071
3601,2026-09-12 04:00:00,3066.4999999999563,-5473.135149999071
3602,2026-09-12 08:00:00,3066.4999999999563,-5473.135149999071
3603,2026-09-12 12:00:00,3066.4999999999563,-5473.135149999071
3604,2026-09-12 16:00:00,3066.4999999999563,-5511.753599999065
3605,2026-09-12 20:00:00,2977.5999999999476,-5600.653599999074
3606,2026-09-13 00:00:00,2959.6999999999534,-5618.553599999068
3607,2026-09-13 04:00:00,3219.2999999999447,-5358.953599999077
3608,2026-09-13 08:00:00,3060.5999999999476,-5517.653599999074
3609,2026-09-13 12:00:00,3141.1999999999534,-5437.053599999068
3610,2026-09-13 16:00:00,3215.6999999999534,-5362.553599999068
3611,2026-09-13 20:00:00,3535.5999999999476,-5042.653599999074
