,date,money,clear_money
0,2025-01-20 00:00:00,0.0,0.0
1,2025-01-20 04:00:00,0.0,0.0
2,2025-01-20 08:00:00,0.0,0.0
3,2025-01-20 12:00:00,0.0,-101.8744999999908
4,2025-01-20 16:00:00,5304.300000000003,5202.425500000012
5,2025-01-20 20:00:00,6393.0,6291.125500000009
6,2025-01-21 00:00:00,3134.199999999997,3032.3255000000063
7,2025-01-21 04:00:00,1799.699999999997,1697.8255000000063
8,2025-01-21 08:00:00,373.1000000000058,271.225500000015
9,2025-01-21 12:00:00,1048.199999999997,946.3255000000063
10,2025-01-21 16:00:00,106.19999999999709,4.325500000006286
11,2025-01-21 20:00:00,1850.5,1748.6255000000092
12,2025-01-22 00:00:00,2054.600000000006,1952.725500000015
13,2025-01-22 04:00:00,5115.399999999994,5013.525500000003
14,2025-01-22 08:00:00,4240.0,4138.125500000009
15,2025-01-22 12:00:00,3713.699999999997,3611.8255000000063
16,2025-01-22 16:00:00,3189.300000000003,3087.425500000012
17,2025-01-22 20:00:00,3209.399999999994,3107.5255000000034
18,2025-01-23 00:00:00,2263.5,2161.625500000009
19,2025-01-23 04:00:00,2725.5,2519.0255000000034
20,2025-01-23 08:00:00,2725.5,2519.0255000000034
21,2025-01-23 12:00:00,2725.5,2519.0255000000034
22,2025-01-23 16:00:00,2725.5,2519.0255000000034
23,2025-01-23 20:00:00,2725.5,2519.0255000000034
24,2025-01-24 00:00:00,2725.5,2519.0255000000034
25,2025-01-24 04:00:00,2725.5,2519.0255000000034
26,2025-01-24 08:00:00,2725.5,2519.0255000000034
27,2025-01-24 12:00:00,2725.5,2519.0255000000034
28,2025-01-24 16:00:00,2725.5,2519.0255000000034
29,2025-01-24 20:00:00,2725.5,2519.0255000000034
30,2025-01-25 00:00:00,2725.5,2519.0255000000034
31,2025-01-25 04:00:00,2725.5,2519.0255000000034
32,2025-01-25 08:00:00,2725.5,2414.2174000000086
33,2025-01-25 12:00:00,3071.2999999999884,2760.017399999997
34,2025-01-25 16:00:00,2266.699999999997,1955.4174000000057
35,2025-01-25 20:00:00,2544.199999999997,2232.9174000000057
36,2025-01-26 00:00:00,2769.5,2458.2174000000086
37,2025-01-26 04:00:00,2923.0,2611.7174000000086
38,2025-01-26 08:00:00,2619.399999999994,2308.117400000003
39,2025-01-26 12:00:00,2953.899999999994,2642.617400000003
40,2025-01-26 16:00:00,2881.0999999999913,2569.8174
41,2025-01-26 20:00:00,2693.0,2381.7174000000086
42,2025-01-27 00:00:00,2837.2999999999884,2421.0975000000035
43,2025-01-27 04:00:00,2837.2999999999884,2421.0975000000035
44,2025-01-27 08:00:00,2837.2999999999884,2421.0975000000035
45,2025-01-27 12:00:00,2837.2999999999884,2421.0975000000035
46,2025-01-27 16:00:00,2837.2999999999884,2421.0975000000035
47,2025-01-27 20:00:00,2837.2999999999884,2421.0975000000035
48,2025-01-28 00:00:00,2837.2999999999884,2421.0975000000035
49,2025-01-28 04:00:00,2837.2999999999884,2421.0975000000035
50,2025-01-28 08:00:00,2837.2999999999884,2421.0975000000035
51,2025-01-28 12:00:00,2837.2999999999884,2421.0975000000035
52,2025-01-28 16:00:00,2837.2999999999884,2421.0975000000035
53,2025-01-28 20:00:00,2837.2999999999884,2318.3796
54,2025-01-29 00:00:00,2824.5999999999767,2305.6795999999886
55,2025-01-29 04:00:00,3186.4999999999854,2667.5795999999973
56,2025-01-29 08:00:00,4275.599999999977,3756.6795999999886
57,2025-01-29 12:00:00,3561.1999999999825,3042.2795999999944
58,2025-01-29 16:00:00,2831.9999999999854,2313.0795999999973
59,2025-01-29 20:00:00,2960.4999999999854,2441.5795999999973
60,2025-01-30 00:00:00,3620.9999999999854,3102.0795999999973
61,2025-01-30 04:00:00,2004.6999999999825,1485.7795999999944
62,2025-01-30 08:00:00,1856.9999999999854,1338.0795999999973
63,2025-01-30 12:00:00,399.49999999998545,-119.4204000000027
64,2025-01-30 16:00:00,470.0999999999767,-48.82040000001143
65,2025-01-30 20:00:00,303.29999999998836,-215.6203999999998
66,2025-01-31 00:00:00,35.79999999998836,-483.1203999999998
67,2025-01-31 04:00:00,-104.60000000002037,-623.5204000000085
68,2025-01-31 08:00:00,878.2999999999884,359.3796000000002
69,2025-01-31 12:00:00,1268.4999999999854,749.5795999999973
70,2025-01-31 16:00:00,1395.0999999999767,876.1795999999886
71,2025-01-31 20:00:00,863.2999999999884,344.3796000000002
72,2025-02-01 00:00:00,148.19999999998254,-370.7204000000056
73,2025-02-01 04:00:00,3279.3999999999796,2760.4795999999915
74,2025-02-01 08:00:00,3175.4999999999854,2656.5795999999973
75,2025-02-01 12:00:00,3351.2999999999884,2832.3796
76,2025-02-01 16:00:00,3428.1999999999825,2909.2795999999944
77,2025-02-01 20:00:00,3575.0999999999767,3056.1795999999886
78,2025-02-02 00:00:00,3523.6999999999825,3004.7795999999944
79,2025-02-02 04:00:00,3935.0999999999767,3416.1795999999886
80,2025-02-02 08:00:00,4951.599999999977,4432.679599999989
81,2025-02-02 12:00:00,6394.39999999998,5875.4795999999915
82,2025-02-02 16:00:00,5968.999999999985,5450.079599999997
83,2025-02-02 20:00:00,6743.599999999977,6224.679599999989
84,2025-02-03 00:00:00,6256.599999999977,5737.679599999989
85,2025-02-03 04:00:00,7323.1999999999825,6804.279599999994
86,2025-02-03 08:00:00,7890.6999999999825,7371.779599999994
87,2025-02-03 12:00:00,11553.599999999977,11034.679599999989
88,2025-02-03 16:00:00,10284.099999999977,9765.179599999989
89,2025-02-03 20:00:00,10484.39999999998,9965.479599999991
90,2025-02-04 00:00:00,6752.499999999985,6233.579599999997
91,2025-02-04 04:00:00,3723.2999999999884,3204.3796
92,2025-02-04 08:00:00,4261.499999999985,3742.5795999999973
93,2025-02-04 12:00:00,4958.099999999977,4439.179599999989
94,2025-02-04 16:00:00,7150.099999999977,6631.179599999989
95,2025-02-04 20:00:00,6631.1999999999825,6112.279599999994
96,2025-02-05 00:00:00,6244.599999999977,5725.679599999989
97,2025-02-05 04:00:00,6743.39999999998,6224.4795999999915
98,2025-02-05 08:00:00,7845.299999999988,7326.3796
99,2025-02-05 12:00:00,7565.6999999999825,7046.779599999994
100,2025-02-05 16:00:00,7740.299999999988,7221.3796
101,2025-02-05 20:00:00,7393.499999999985,6874.579599999997
102,2025-02-06 00:00:00,7491.89999999998,6972.9795999999915
103,2025-02-06 04:00:00,8228.099999999977,7709.179599999989
104,2025-02-06 08:00:00,9001.999999999985,8483.079599999997
105,2025-02-06 12:00:00,8249.599999999977,7730.679599999989
106,2025-02-06 16:00:00,7390.299999999988,6871.3796
107,2025-02-06 20:00:00,6728.89999999998,6209.9795999999915
108,2025-02-07 00:00:00,8269.599999999977,7750.679599999989
109,2025-02-07 04:00:00,9609.099999999977,9090.179599999989
110,2025-02-07 08:00:00,9040.099999999977,8521.179599999989
111,2025-02-07 12:00:00,8144.999999999985,7626.079599999997
112,2025-02-07 16:00:00,8850.099999999977,8331.179599999989
113,2025-02-07 20:00:00,7851.39999999998,7332.4795999999915
114,2025-02-08 00:00:00,7298.099999999977,6779.179599999989
115,2025-02-08 04:00:00,8715.099999999977,8196.179599999989
116,2025-02-08 08:00:00,9100.699999999983,8581.779599999994
117,2025-02-08 12:00:00,8895.199999999983,8376.279599999994
118,2025-02-08 16:00:00,9401.799999999988,8882.8796
119,2025-02-08 20:00:00,9481.099999999977,8962.179599999989
120,2025-02-09 00:00:00,9757.199999999983,9238.279599999994
121,2025-02-09 04:00:00,9005.199999999983,8486.279599999994
122,2025-02-09 08:00:00,9143.299999999988,8624.3796
123,2025-02-09 12:00:00,8276.799999999988,7757.8796
124,2025-02-09 16:00:00,8535.199999999983,8016.279599999994
125,2025-02-09 20:00:00,9043.999999999985,8525.079599999997
126,2025-02-10 00:00:00,9117.199999999983,8598.279599999994
127,2025-02-10 04:00:00,9543.799999999988,9024.8796
128,2025-02-10 08:00:00,9131.599999999977,8612.679599999989
129,2025-02-10 12:00:00,8785.199999999983,8266.279599999994
130,2025-02-10 16:00:00,8168.89999999998,7649.9795999999915
131,2025-02-10 20:00:00,7927.999999999985,7409.079599999997
132,2025-02-11 00:00:00,8367.499999999985,7848.579599999997
133,2025-02-11 04:00:00,8211.599999999977,7692.679599999989
134,2025-02-11 08:00:00,8175.999999999985,7657.079599999997
135,2025-02-11 12:00:00,7989.6999999999825,7470.779599999994
136,2025-02-11 16:00:00,7324.099999999977,6805.179599999989
137,2025-02-11 20:00:00,7455.1999999999825,6936.279599999994
138,2025-02-12 00:00:00,8591.89999999998,8072.9795999999915
139,2025-02-12 04:00:00,10567.199999999983,10048.279599999994
140,2025-02-12 08:00:00,9823.799999999988,9304.8796
141,2025-02-12 12:00:00,10303.799999999988,9784.8796
142,2025-02-12 16:00:00,9529.39999999998,9010.479599999991
143,2025-02-12 20:00:00,9492.799999999988,8973.8796
144,2025-02-13 00:00:00,9793.099999999977,9274.179599999989
145,2025-02-13 04:00:00,8398.599999999977,7879.679599999989
146,2025-02-13 08:00:00,7738.89999999998,7219.9795999999915
147,2025-02-13 12:00:00,8091.799999999988,7572.8796
148,2025-02-13 16:00:00,9536.699999999983,9017.779599999994
149,2025-02-13 20:00:00,9671.599999999977,9152.679599999989
150,2025-02-14 00:00:00,9611.699999999983,9092.779599999994
151,2025-02-14 04:00:00,9967.39999999998,9448.479599999991
152,2025-02-14 08:00:00,8994.599999999977,8475.679599999989
153,2025-02-14 12:00:00,8460.299999999988,7941.3796
154,2025-02-14 16:00:00,8665.299999999988,8146.3796
155,2025-02-14 20:00:00,8710.599999999977,8191.679599999989
156,2025-02-15 00:00:00,8668.699999999983,8149.779599999994
157,2025-02-15 04:00:00,7656.89999999998,7137.9795999999915
158,2025-02-15 08:00:00,8110.099999999977,7591.179599999989
159,2025-02-15 12:00:00,7935.799999999988,7416.8796
160,2025-02-15 16:00:00,8242.799999999988,7723.8796
161,2025-02-15 20:00:00,7985.799999999988,7466.8796
162,2025-02-16 00:00:00,7960.6999999999825,7441.779599999994
163,2025-02-16 04:00:00,8058.299999999988,7539.3796
164,2025-02-16 08:00:00,8017.1999999999825,7498.279599999994
165,2025-02-16 12:00:00,8050.299999999988,7531.3796
166,2025-02-16 16:00:00,8347.799999999988,7828.8796
167,2025-02-16 20:00:00,8262.099999999977,7743.179599999989
168,2025-02-17 00:00:00,8705.299999999988,8186.3796
169,2025-02-17 04:00:00,8533.699999999983,8014.779599999994
170,2025-02-17 08:00:00,9488.199999999983,8969.279599999994
171,2025-02-17 12:00:00,9383.699999999983,8864.779599999994
172,2025-02-17 16:00:00,9531.39999999998,8916.455799999996
173,2025-02-17 20:00:00,9531.39999999998,8916.455799999996
174,2025-02-18 00:00:00,9531.39999999998,8916.455799999996
175,2025-02-18 04:00:00,9531.39999999998,8916.455799999996
176,2025-02-18 08:00:00,9531.39999999998,8916.455799999996
177,2025-02-18 12:00:00,9531.39999999998,8916.455799999996
178,2025-02-18 16:00:00,9531.39999999998,8916.455799999996
179,2025-02-18 20:00:00,9531.39999999998,8916.455799999996
180,2025-02-19 00:00:00,9531.39999999998,8916.455799999996
181,2025-02-19 04:00:00,9531.39999999998,8916.455799999996
182,2025-02-19 08:00:00,9531.39999999998,8916.455799999996
183,2025-02-19 12:00:00,9531.39999999998,8916.455799999996
184,2025-02-19 16:00:00,9531.39999999998,8916.455799999996
185,2025-02-19 20:00:00,9531.39999999998,8916.455799999996
186,2025-02-20 00:00:00,9531.39999999998,8916.455799999996
187,2025-02-20 04:00:00,9531.39999999998,8916.455799999996
188,2025-02-20 08:00:00,9531.39999999998,8916.455799999996
189,2025-02-20 12:00:00,9531.39999999998,8916.455799999996
190,2025-02-20 16:00:00,9531.39999999998,8916.455799999996
191,2025-02-20 20:00:00,9531.39999999998,8916.455799999996
192,2025-02-21 00:00:00,9531.39999999998,8916.455799999996
193,2025-02-21 04:00:00,9531.39999999998,8818.0858
194,2025-02-21 08:00:00,9414.299999999974,8700.985799999995
195,2025-02-21 12:00:00,9267.499999999985,8554.185800000007
196,2025-02-21 16:00:00,9291.39999999998,8479.955799999996
197,2025-02-21 20:00:00,9291.39999999998,8479.955799999996
198,2025-02-22 00:00:00,9291.39999999998,8479.955799999996
199,2025-02-22 04:00:00,9291.39999999998,8479.955799999996
200,2025-02-22 08:00:00,9291.39999999998,8479.955799999996
201,2025-02-22 12:00:00,9291.39999999998,8479.955799999996
202,2025-02-22 16:00:00,9291.39999999998,8383.714100000012
203,2025-02-22 20:00:00,9576.099999999977,8668.414100000009
204,2025-02-23 00:00:00,9602.099999999977,8694.414100000009
205,2025-02-23 04:00:00,9646.299999999988,8738.61410000002
206,2025-02-23 08:00:00,9552.999999999985,8645.314100000018
207,2025-02-23 12:00:00,9423.39999999998,8515.714100000012
208,2025-02-23 16:00:00,9504.299999999988,8596.61410000002
209,2025-02-23 20:00:00,9113.999999999985,8206.314100000018
210,2025-02-24 00:00:00,8441.199999999983,7533.514100000015
211,2025-02-24 04:00:00,8756.199999999983,7848.514100000015
212,2025-02-24 08:00:00,9268.099999999977,8360.414100000009
213,2025-02-24 12:00:00,8437.799999999988,7530.114100000021
214,2025-02-24 16:00:00,8883.89999999998,7976.214100000012
215,2025-02-24 20:00:00,8824.499999999985,7916.814100000018
216,2025-02-25 00:00:00,7345.599999999977,6437.914100000009
217,2025-02-25 04:00:00,6965.799999999988,6058.114100000021
218,2025-02-25 08:00:00,4564.1999999999825,3656.514100000015
219,2025-02-25 12:00:00,5174.999999999985,4267.314100000018
220,2025-02-25 16:00:00,2312.5999999999767,1404.914100000009
221,2025-02-25 20:00:00,2236.4999999999854,1239.627300000022
222,2025-02-26 00:00:00,2236.4999999999854,1152.4204000000173
223,2025-02-26 04:00:00,1529.0999999999767,445.0204000000085
224,2025-02-26 08:00:00,804.2999999999738,-279.7795999999944
225,2025-02-26 12:00:00,591.5999999999767,-492.4795999999915
226,2025-02-26 16:00:00,761.0999999999767,-322.9795999999915
227,2025-02-26 20:00:00,873.3999999999796,-210.67959999998857
228,2025-02-27 00:00:00,1906.9999999999854,822.9204000000173
229,2025-02-27 04:00:00,5611.39999999998,4527.320400000011
230,2025-02-27 08:00:00,5234.89999999998,4150.820400000011
231,2025-02-27 12:00:00,4269.39999999998,3185.3204000000114
232,2025-02-27 16:00:00,3215.4999999999854,2131.4204000000173
233,2025-02-27 20:00:00,2788.0999999999767,1704.0204000000085
234,2025-02-28 00:00:00,3970.3999999999796,2886.3204000000114
235,2025-02-28 04:00:00,5359.39999999998,4275.320400000011
236,2025-02-28 08:00:00,4775.299999999974,3691.2204000000056
237,2025-02-28 12:00:00,9014.199999999983,7930.120400000014
238,2025-02-28 16:00:00,10283.499999999985,9199.420400000017
239,2025-02-28 20:00:00,8969.099999999977,7885.0204000000085
240,2025-03-01 00:00:00,5495.299999999974,4411.220400000006
241,2025-03-01 04:00:00,5050.099999999977,3966.0204000000085
242,2025-03-01 08:00:00,5143.799999999974,4059.7204000000056
243,2025-03-01 12:00:00,4164.099999999977,3080.0204000000085
244,2025-03-01 16:00:00,4736.099999999977,3652.0204000000085
245,2025-03-01 20:00:00,4849.799999999974,3765.7204000000056
246,2025-03-02 00:00:00,4688.299999999974,3604.2204000000056
247,2025-03-02 04:00:00,4012.1999999999825,2928.1204000000143
248,2025-03-02 08:00:00,3435.6999999999825,2351.6204000000143
249,2025-03-02 12:00:00,3631.4999999999854,2547.4204000000173
250,2025-03-02 16:00:00,3251.9999999999854,2167.9204000000173
251,2025-03-02 20:00:00,3396.3999999999796,2312.3204000000114
252,2025-03-03 00:00:00,2053.299999999974,969.2204000000056
253,2025-03-03 04:00:00,-4023.9000000000233,-5201.446899999981
254,2025-03-03 08:00:00,-4023.9000000000233,-5201.446899999981
255,2025-03-03 12:00:00,-4023.9000000000233,-5201.446899999981
256,2025-03-03 16:00:00,-4023.9000000000233,-5201.446899999981
257,2025-03-03 20:00:00,-4023.9000000000233,-5201.446899999981
258,2025-03-04 00:00:00,-4023.9000000000233,-5201.446899999981
259,2025-03-04 04:00:00,-4023.9000000000233,-5201.446899999981
260,2025-03-04 08:00:00,-4023.9000000000233,-5287.63959999998
261,2025-03-04 12:00:00,-1760.2000000000262,-3023.9395999999833
262,2025-03-04 16:00:00,-990.6000000000204,-2254.3395999999775
263,2025-03-04 20:00:00,-1721.300000000032,-2985.039599999989
264,2025-03-05 00:00:00,-776.2000000000262,-2039.9395999999833
265,2025-03-05 04:00:00,-5996.500000000029,-7260.239599999986
266,2025-03-05 08:00:00,-5077.10000000002,-6340.8395999999775
267,2025-03-05 12:00:00,-4644.800000000032,-5908.539599999989
268,2025-03-05 16:00:00,-5405.10000000002,-6668.8395999999775
269,2025-03-05 20:00:00,-7608.800000000032,-8872.53959999999
270,2025-03-06 00:00:00,-6143.800000000032,-7407.539599999989
271,2025-03-06 04:00:00,-7542.400000000023,-8806.13959999998
272,2025-03-06 08:00:00,-8397.300000000032,-9661.03959999999
273,2025-03-06 12:00:00,-9394.400000000023,-10658.13959999998
274,2025-03-06 16:00:00,-9142.50000000003,-10406.239599999986
275,2025-03-06 20:00:00,-9150.400000000023,-10414.13959999998
276,2025-03-07 00:00:00,-8609.10000000002,-9872.839599999978
277,2025-03-07 04:00:00,-6319.700000000026,-7671.9280999999755
278,2025-03-07 08:00:00,-6319.700000000026,-7671.9280999999755
279,2025-03-07 12:00:00,-6319.700000000026,-7671.9280999999755
280,2025-03-07 16:00:00,-6319.700000000026,-7671.9280999999755
281,2025-03-07 20:00:00,-6319.700000000026,-7671.9280999999755
282,2025-03-08 00:00:00,-6319.700000000026,-7671.9280999999755
283,2025-03-08 04:00:00,-6319.700000000026,-7671.9280999999755
284,2025-03-08 08:00:00,-6319.700000000026,-7671.9280999999755
285,2025-03-08 12:00:00,-6319.700000000026,-7671.9280999999755
286,2025-03-08 16:00:00,-6319.700000000026,-7671.9280999999755
287,2025-03-08 20:00:00,-6319.700000000026,-7671.9280999999755
288,2025-03-09 00:00:00,-6319.700000000026,-7671.9280999999755
289,2025-03-09 04:00:00,-6319.700000000026,-7671.9280999999755
290,2025-03-09 08:00:00,-6319.700000000026,-7671.9280999999755
291,2025-03-09 12:00:00,-6319.700000000026,-7671.9280999999755
292,2025-03-09 16:00:00,-6319.700000000026,-7671.9280999999755
293,2025-03-09 20:00:00,-6319.700000000026,-7756.918199999971
294,2025-03-10 00:00:00,-4360.10000000002,-5797.318199999965
295,2025-03-10 04:00:00,-3934.5000000000146,-5371.718199999959
296,2025-03-10 08:00:00,-2018.4000000000233,-3455.618199999968
297,2025-03-10 12:00:00,-3329.700000000026,-4766.918199999971
298,2025-03-10 16:00:00,-3607.200000000026,-5044.418199999971
299,2025-03-10 20:00:00,-4869.8000000000175,-6307.018199999962
300,2025-03-11 00:00:00,-1339.3000000000175,-2776.5181999999622
301,2025-03-11 04:00:00,-366.7000000000262,-1803.918199999971
302,2025-03-11 08:00:00,102.59999999997672,-1334.618199999968
303,2025-03-11 12:00:00,-816.2000000000262,-2253.418199999971
304,2025-03-11 16:00:00,-1715.6000000000204,-3152.818199999965
305,2025-03-11 20:00:00,-3014.200000000026,-4451.418199999971
306,2025-03-12 00:00:00,-2520.3000000000175,-3957.5181999999622
307,2025-03-12 04:00:00,-4389.700000000026,-5826.918199999971
308,2025-03-12 08:00:00,-4225.60000000002,-5662.818199999965
309,2025-03-12 12:00:00,-3427.8000000000175,-4865.018199999962
310,2025-03-12 16:00:00,-3732.5000000000146,-5169.718199999959
311,2025-03-12 20:00:00,-4301.60000000002,-5738.818199999965
312,2025-03-13 00:00:00,-3017.700000000026,-4454.918199999971
313,2025-03-13 04:00:00,-4206.900000000023,-5644.118199999968
314,2025-03-13 08:00:00,-4970.3000000000175,-6407.518199999962
315,2025-03-13 12:00:00,-4866.700000000026,-6303.918199999971
316,2025-03-13 16:00:00,-4448.10000000002,-5885.318199999965
317,2025-03-13 20:00:00,-4269.10000000002,-5706.318199999965
318,2025-03-14 00:00:00,-2345.6000000000204,-3782.818199999965
319,2025-03-14 04:00:00,-1507.5000000000146,-2944.7181999999593
320,2025-03-14 08:00:00,-2415.0000000000146,-3852.2181999999593
321,2025-03-14 12:00:00,-3191.1000000000204,-4628.318199999965
322,2025-03-14 16:00:00,-3454.1000000000204,-4891.318199999965
323,2025-03-14 20:00:00,-4532.400000000023,-5969.618199999968
324,2025-03-15 00:00:00,-6021.8000000000175,-7543.710399999953
325,2025-03-15 04:00:00,-6021.8000000000175,-7543.710399999953
326,2025-03-15 08:00:00,-6021.8000000000175,-7543.710399999953
327,2025-03-15 12:00:00,-6021.8000000000175,-7543.710399999953
328,2025-03-15 16:00:00,-6021.8000000000175,-7543.710399999953
329,2025-03-15 20:00:00,-6021.8000000000175,-7543.710399999953
330,2025-03-16 00:00:00,-6021.8000000000175,-7543.710399999953
331,2025-03-16 04:00:00,-6021.8000000000175,-7543.710399999953
332,2025-03-16 08:00:00,-6021.8000000000175,-7543.710399999953
333,2025-03-16 12:00:00,-6021.8000000000175,-7543.710399999953
334,2025-03-16 16:00:00,-6021.8000000000175,-7627.9523999999365
335,2025-03-16 20:00:00,-7895.900000000023,-9502.052399999942
336,2025-03-17 00:00:00,-6983.8000000000175,-8589.952399999936
337,2025-03-17 04:00:00,-7199.500000000015,-8805.652399999934
338,2025-03-17 08:00:00,-7722.200000000012,-9328.35239999993
339,2025-03-17 12:00:00,-6622.8000000000175,-8228.952399999936
340,2025-03-17 16:00:00,-6738.60000000002,-8344.75239999994
341,2025-03-17 20:00:00,-6788.8000000000175,-8394.952399999936
342,2025-03-18 00:00:00,-6764.8000000000175,-8370.952399999936
343,2025-03-18 04:00:00,-5827.60000000002,-7433.752399999939
344,2025-03-18 08:00:00,-6300.900000000023,-7907.052399999942
345,2025-03-18 12:00:00,-7156.200000000012,-8762.35239999993
346,2025-03-18 16:00:00,-7139.000000000015,-8745.152399999934
347,2025-03-18 20:00:00,-7713.8000000000175,-9319.952399999936
348,2025-03-19 00:00:00,-8696.000000000015,-10302.152399999934
349,2025-03-19 04:00:00,-7990.400000000023,-9596.552399999942
350,2025-03-19 08:00:00,-7597.700000000012,-9203.85239999993
351,2025-03-19 12:00:00,-7255.400000000023,-8861.552399999942
352,2025-03-19 16:00:00,-7111.3000000000175,-8717.452399999936
353,2025-03-19 20:00:00,-6415.400000000023,-8021.552399999942
354,2025-03-20 00:00:00,-5570.500000000015,-7176.652399999934
355,2025-03-20 04:00:00,-4881.3000000000175,-6487.4523999999365
356,2025-03-20 08:00:00,-3454.0000000000146,-5060.152399999934
357,2025-03-20 12:00:00,-4414.3000000000175,-6020.4523999999365
358,2025-03-20 16:00:00,-4499.10000000002,-6105.252399999939
359,2025-03-20 20:00:00,-4801.60000000002,-6407.752399999939
360,2025-03-21 00:00:00,-5621.700000000012,-7227.852399999931
361,2025-03-21 04:00:00,-6134.500000000015,-7740.652399999934
362,2025-03-21 08:00:00,-6080.200000000012,-7686.352399999931
363,2025-03-21 12:00:00,-5853.900000000023,-7460.052399999942
364,2025-03-21 16:00:00,-6374.200000000012,-7980.352399999931
365,2025-03-21 20:00:00,-6257.8000000000175,-7863.9523999999365
366,2025-03-22 00:00:00,-6737.900000000023,-8344.052399999942
367,2025-03-22 04:00:00,-6338.8000000000175,-7944.9523999999365
368,2025-03-22 08:00:00,-6213.500000000015,-7819.652399999934
369,2025-03-22 12:00:00,-6049.700000000012,-7655.852399999931
370,2025-03-22 16:00:00,-6028.400000000023,-7634.552399999942
371,2025-03-22 20:00:00,-6073.000000000015,-7679.152399999934
372,2025-03-23 00:00:00,-6190.3000000000175,-7796.4523999999365
373,2025-03-23 04:00:00,-6129.200000000012,-7735.352399999931
374,2025-03-23 08:00:00,-6458.900000000023,-8065.052399999942
375,2025-03-23 12:00:00,-6068.700000000012,-7674.852399999931
376,2025-03-23 16:00:00,-6033.900000000023,-7640.052399999942
377,2025-03-23 20:00:00,-5612.3000000000175,-7218.4523999999365
378,2025-03-24 00:00:00,-5115.8000000000175,-6807.1003999999375
379,2025-03-24 04:00:00,-5115.8000000000175,-6807.1003999999375
380,2025-03-24 08:00:00,-5115.8000000000175,-6807.1003999999375
381,2025-03-24 12:00:00,-5115.8000000000175,-6893.602999999945
382,2025-03-24 16:00:00,-5440.8000000000175,-7305.430599999934
383,2025-03-24 20:00:00,-5440.8000000000175,-7305.430599999934
384,2025-03-25 00:00:00,-5440.8000000000175,-7305.430599999934
385,2025-03-25 04:00:00,-5440.8000000000175,-7305.430599999934
386,2025-03-25 08:00:00,-5440.8000000000175,-7305.430599999934
387,2025-03-25 12:00:00,-5440.8000000000175,-7305.430599999934
388,2025-03-25 16:00:00,-5440.8000000000175,-7305.430599999934
389,2025-03-25 20:00:00,-5440.8000000000175,-7305.430599999934
390,2025-03-26 00:00:00,-5440.8000000000175,-7305.430599999934
391,2025-03-26 04:00:00,-5440.8000000000175,-7305.430599999934
392,2025-03-26 08:00:00,-5440.8000000000175,-7305.430599999934
393,2025-03-26 12:00:00,-5440.8000000000175,-7305.430599999934
394,2025-03-26 16:00:00,-5440.8000000000175,-7305.430599999934
395,2025-03-26 20:00:00,-5440.8000000000175,-7305.430599999934
396,2025-03-27 00:00:00,-5440.8000000000175,-7305.430599999934
397,2025-03-27 04:00:00,-5440.8000000000175,-7305.430599999934
398,2025-03-27 08:00:00,-5440.8000000000175,-7392.304399999921
399,2025-03-27 12:00:00,-4683.500000000015,-6635.004399999918
400,2025-03-27 16:00:00,-4951.400000000023,-6902.904399999927
401,2025-03-27 20:00:00,-5413.900000000023,-7365.404399999927
402,2025-03-28 00:00:00,-5383.400000000023,-7334.904399999927
403,2025-03-28 04:00:00,-5288.8000000000175,-7240.304399999921
404,2025-03-28 08:00:00,-5123.400000000023,-7074.904399999927
405,2025-03-28 12:00:00,-5567.8000000000175,-7519.304399999921
406,2025-03-28 16:00:00,-7139.500000000015,-9091.004399999918
407,2025-03-28 20:00:00,-7100.60000000002,-9052.104399999924
408,2025-03-29 00:00:00,-8303.500000000015,-10255.004399999918
409,2025-03-29 04:00:00,-8553.900000000023,-10505.404399999927
410,2025-03-29 08:00:00,-7933.8000000000175,-9885.30439999992
411,2025-03-29 12:00:00,-8188.900000000023,-10140.404399999927
412,2025-03-29 16:00:00,-8618.60000000002,-10570.104399999924
413,2025-03-29 20:00:00,-10059.500000000015,-12011.004399999918
414,2025-03-30 00:00:00,-9937.300000000017,-11888.80439999992
415,2025-03-30 04:00:00,-9591.700000000026,-11543.20439999993
416,2025-03-30 08:00:00,-9709.900000000023,-11661.404399999927
417,2025-03-30 12:00:00,-9271.800000000017,-11306.347199999916
418,2025-03-30 16:00:00,-9271.800000000017,-11306.347199999916
419,2025-03-30 20:00:00,-9271.800000000017,-11306.347199999916
420,2025-03-31 00:00:00,-9271.800000000017,-11306.347199999916
421,2025-03-31 04:00:00,-9271.800000000017,-11306.347199999916
422,2025-03-31 08:00:00,-9271.800000000017,-11306.347199999916
423,2025-03-31 12:00:00,-9271.800000000017,-11306.347199999916
424,2025-03-31 16:00:00,-9271.800000000017,-11306.347199999916
425,2025-03-31 20:00:00,-9271.800000000017,-11306.347199999916
426,2025-04-01 00:00:00,-9271.800000000017,-11306.347199999916
427,2025-04-01 04:00:00,-9271.800000000017,-11306.347199999916
428,2025-04-01 08:00:00,-9271.800000000017,-11306.347199999916
429,2025-04-01 12:00:00,-9271.800000000017,-11306.347199999916
430,2025-04-01 16:00:00,-9271.800000000017,-11306.347199999916
431,2025-04-01 20:00:00,-9271.800000000017,-11306.347199999916
432,2025-04-02 00:00:00,-9271.800000000017,-11306.347199999916
433,2025-04-02 04:00:00,-9271.800000000017,-11306.347199999916
434,2025-04-02 08:00:00,-9271.800000000017,-11306.347199999916
435,2025-04-02 12:00:00,-9271.800000000017,-11306.347199999916
436,2025-04-02 16:00:00,-9271.800000000017,-11390.736999999921
437,2025-04-02 20:00:00,-9410.400000000009,-11529.336999999912
438,2025-04-03 00:00:00,-11591.500000000015,-13797.146499999915
439,2025-04-03 04:00:00,-11591.500000000015,-13797.146499999915
440,2025-04-03 08:00:00,-11591.500000000015,-13797.146499999915
441,2025-04-03 12:00:00,-11591.500000000015,-13797.146499999915
442,2025-04-03 16:00:00,-11591.500000000015,-13797.146499999915
443,2025-04-03 20:00:00,-11591.500000000015,-13797.146499999915
444,2025-04-04 00:00:00,-11591.500000000015,-13797.146499999915
445,2025-04-04 04:00:00,-11591.500000000015,-13797.146499999915
446,2025-04-04 08:00:00,-11591.500000000015,-13797.146499999915
447,2025-04-04 12:00:00,-11591.500000000015,-13797.146499999915
448,2025-04-04 16:00:00,-11591.500000000015,-13797.146499999915
449,2025-04-04 20:00:00,-11591.500000000015,-13797.146499999915
450,2025-04-05 00:00:00,-11591.500000000015,-13797.146499999915
451,2025-04-05 04:00:00,-11591.500000000015,-13797.146499999915
452,2025-04-05 08:00:00,-11591.500000000015,-13797.146499999915
453,2025-04-05 12:00:00,-11591.500000000015,-13797.146499999915
454,2025-04-05 16:00:00,-11591.500000000015,-13797.146499999915
455,2025-04-05 20:00:00,-11591.500000000015,-13797.146499999915
456,2025-04-06 00:00:00,-11591.500000000015,-13797.146499999915
457,2025-04-06 04:00:00,-11591.500000000015,-13797.146499999915
458,2025-04-06 08:00:00,-11591.500000000015,-13797.146499999915
459,2025-04-06 12:00:00,-11591.500000000015,-13797.146499999915
460,2025-04-06 16:00:00,-11591.500000000015,-13880.137399999905
461,2025-04-06 20:00:00,-11772.300000000003,-14060.937399999893
462,2025-04-07 00:00:00,-12085.000000000015,-14373.637399999905
463,2025-04-07 04:00:00,-15009.800000000003,-17298.437399999893
464,2025-04-07 08:00:00,-16192.400000000009,-18559.4273999999
465,2025-04-07 12:00:00,-16192.400000000009,-18559.4273999999
466,2025-04-07 16:00:00,-16192.400000000009,-18559.4273999999
467,2025-04-07 20:00:00,-16192.400000000009,-18559.4273999999
468,2025-04-08 00:00:00,-16192.400000000009,-18559.4273999999
469,2025-04-08 04:00:00,-16192.400000000009,-18559.4273999999
470,2025-04-08 08:00:00,-16192.400000000009,-18559.4273999999
471,2025-04-08 12:00:00,-16192.400000000009,-18559.4273999999
472,2025-04-08 16:00:00,-16192.400000000009,-18559.4273999999
473,2025-04-08 20:00:00,-16192.400000000009,-18559.4273999999
474,2025-04-09 00:00:00,-16192.400000000009,-18559.4273999999
475,2025-04-09 04:00:00,-16192.400000000009,-18559.4273999999
476,2025-04-09 08:00:00,-16192.400000000009,-18559.4273999999
477,2025-04-09 12:00:00,-16192.400000000009,-18559.4273999999
478,2025-04-09 16:00:00,-16192.400000000009,-18637.0787999999
479,2025-04-09 20:00:00,-14745.10000000002,-17189.778799999913
480,2025-04-10 00:00:00,-15778.60000000002,-18223.278799999913
481,2025-04-10 04:00:00,-20832.40000000001,-23277.0787999999
482,2025-04-10 08:00:00,-21129.000000000015,-23573.678799999907
483,2025-04-10 12:00:00,-20272.800000000017,-22717.47879999991
484,2025-04-10 16:00:00,-20102.60000000002,-22547.278799999913
485,2025-04-10 20:00:00,-20380.20000000001,-22824.878799999904
486,2025-04-11 00:00:00,-17272.70000000001,-19717.378799999904
487,2025-04-11 04:00:00,-18152.10000000002,-20596.778799999913
488,2025-04-11 08:00:00,-18101.20000000001,-20545.878799999904
489,2025-04-11 12:00:00,-19337.90000000001,-21782.5787999999
490,2025-04-11 16:00:00,-19754.60000000002,-22199.278799999913
491,2025-04-11 20:00:00,-20637.60000000002,-23082.278799999913
492,2025-04-12 00:00:00,-21027.70000000001,-23472.378799999904
493,2025-04-12 04:00:00,-22350.500000000015,-24795.178799999907
494,2025-04-12 08:00:00,-21919.300000000017,-24447.357099999906
495,2025-04-12 12:00:00,-21919.300000000017,-24447.357099999906
496,2025-04-12 16:00:00,-21919.300000000017,-24447.357099999906
497,2025-04-12 20:00:00,-21919.300000000017,-24530.841099999903
498,2025-04-13 00:00:00,-23409.400000000023,-26105.9151999999
499,2025-04-13 04:00:00,-23409.400000000023,-26105.9151999999
500,2025-04-13 08:00:00,-23409.400000000023,-26105.9151999999
501,2025-04-13 12:00:00,-23409.400000000023,-26105.9151999999
502,2025-04-13 16:00:00,-23409.400000000023,-26105.9151999999
503,2025-04-13 20:00:00,-23409.400000000023,-26190.40579999989
504,2025-04-14 00:00:00,-24079.900000000023,-26860.90579999989
505,2025-04-14 04:00:00,-23950.100000000035,-26731.105799999903
506,2025-04-14 08:00:00,-24186.300000000032,-26967.3057999999
507,2025-04-14 12:00:00,-23363.600000000035,-26144.605799999903
508,2025-04-14 16:00:00,-23355.800000000032,-26136.8057999999
509,2025-04-14 20:00:00,-23008.50000000003,-25789.505799999897
510,2025-04-15 00:00:00,-23845.600000000035,-26626.605799999903
511,2025-04-15 04:00:00,-23027.400000000023,-25808.40579999989
512,2025-04-15 08:00:00,-23346.100000000035,-26127.105799999903
513,2025-04-15 12:00:00,-22548.100000000035,-25329.105799999903
514,2025-04-15 16:00:00,-22208.700000000026,-24989.705799999894
515,2025-04-15 20:00:00,-22350.700000000026,-25131.705799999894
516,2025-04-16 00:00:00,-23028.100000000035,-25809.105799999903
517,2025-04-16 04:00:00,-23945.400000000023,-26726.40579999989
518,2025-04-16 08:00:00,-24291.300000000032,-27072.3057999999
519,2025-04-16 12:00:00,-24246.00000000003,-27027.005799999897
520,2025-04-16 16:00:00,-24575.00000000003,-27356.005799999897
521,2025-04-16 20:00:00,-23891.50000000003,-26672.505799999897
522,2025-04-17 00:00:00,-23089.300000000032,-25870.3057999999
523,2025-04-17 04:00:00,-23614.00000000003,-26395.005799999897
524,2025-04-17 08:00:00,-23910.00000000003,-26691.005799999897
525,2025-04-17 12:00:00,-23946.700000000026,-26727.705799999894
526,2025-04-17 16:00:00,-23271.00000000003,-26052.005799999897
527,2025-04-17 20:00:00,-23368.200000000026,-26149.205799999894
528,2025-04-18 00:00:00,-23404.50000000003,-26185.505799999897
529,2025-04-18 04:00:00,-23102.50000000003,-25883.505799999897
530,2025-04-18 08:00:00,-22985.00000000003,-25766.005799999897
531,2025-04-18 12:00:00,-23109.700000000026,-25890.705799999894
532,2025-04-18 16:00:00,-23277.100000000035,-26058.105799999903
533,2025-04-18 20:00:00,-23270.600000000035,-26051.605799999903
534,2025-04-19 00:00:00,-23567.700000000026,-26348.705799999894
535,2025-04-19 04:00:00,-23370.900000000023,-26151.90579999989
536,2025-04-19 08:00:00,-23479.00000000003,-26260.005799999897
537,2025-04-19 12:00:00,-23054.700000000026,-25835.705799999894
538,2025-04-19 16:00:00,-22725.50000000003,-25506.505799999897
539,2025-04-19 20:00:00,-22720.700000000026,-25501.705799999894
540,2025-04-20 00:00:00,-22753.700000000026,-25534.705799999894
541,2025-04-20 04:00:00,-22845.700000000026,-25626.705799999894
542,2025-04-20 08:00:00,-22853.100000000035,-25719.152699999904
543,2025-04-20 12:00:00,-22853.100000000035,-25719.152699999904
544,2025-04-20 16:00:00,-22853.100000000035,-25719.152699999904
545,2025-04-20 20:00:00,-22853.100000000035,-25719.152699999904
546,2025-04-21 00:00:00,-22853.100000000035,-25719.152699999904
547,2025-04-21 04:00:00,-22853.100000000035,-25803.76149999989
548,2025-04-21 08:00:00,-22323.100000000035,-25273.76149999989
549,2025-04-21 12:00:00,-20295.300000000032,-23245.96149999989
550,2025-04-21 16:00:00,-20061.300000000032,-23011.96149999989
551,2025-04-21 20:00:00,-20525.500000000044,-23476.1614999999
552,2025-04-22 00:00:00,-19464.500000000044,-22415.1614999999
553,2025-04-22 04:00:00,-20092.800000000032,-23043.46149999989
554,2025-04-22 08:00:00,-19995.900000000038,-22946.561499999894
555,2025-04-22 12:00:00,-19350.900000000038,-22301.561499999894
556,2025-04-22 16:00:00,-19027.000000000044,-21977.6614999999
557,2025-04-22 20:00:00,-18889.20000000004,-21839.861499999897
558,2025-04-23 00:00:00,-16580.70000000004,-19531.361499999897
559,2025-04-23 04:00:00,-16105.500000000044,-19056.1614999999
560,2025-04-23 08:00:00,-14057.000000000044,-17007.6614999999
561,2025-04-23 12:00:00,-14335.900000000038,-17286.561499999894
562,2025-04-23 16:00:00,-13359.400000000038,-16310.061499999894
563,2025-04-23 20:00:00,-14036.70000000004,-16987.361499999897
564,2025-04-24 00:00:00,-14321.600000000035,-17272.26149999989
565,2025-04-24 04:00:00,-14025.600000000035,-16976.26149999989
566,2025-04-24 08:00:00,-13829.800000000032,-16780.46149999989
567,2025-04-24 12:00:00,-14829.000000000044,-17779.6614999999
568,2025-04-24 16:00:00,-15295.900000000038,-18246.561499999894
569,2025-04-24 20:00:00,-14886.800000000032,-17837.46149999989
570,2025-04-25 00:00:00,-14317.100000000035,-17267.76149999989
571,2025-04-25 04:00:00,-13964.400000000038,-16915.061499999894
572,2025-04-25 08:00:00,-13530.300000000032,-16480.96149999989
573,2025-04-25 12:00:00,-14199.000000000044,-17149.6614999999
574,2025-04-25 16:00:00,-13727.900000000038,-16678.561499999894
575,2025-04-25 20:00:00,-12859.600000000035,-15810.261499999891
576,2025-04-26 00:00:00,-12462.100000000035,-15412.761499999891
577,2025-04-26 04:00:00,-12232.70000000004,-15183.361499999897
578,2025-04-26 08:00:00,-12870.100000000035,-15820.761499999891
579,2025-04-26 12:00:00,-12776.900000000038,-15727.561499999894
580,2025-04-26 16:00:00,-12941.800000000032,-15892.461499999888
581,2025-04-26 20:00:00,-13366.300000000032,-16316.961499999888
582,2025-04-27 00:00:00,-13136.900000000038,-16087.561499999894
583,2025-04-27 04:00:00,-13200.900000000038,-16151.561499999894
584,2025-04-27 08:00:00,-12886.20000000004,-15836.861499999897
585,2025-04-27 12:00:00,-13340.20000000004,-16290.861499999897
586,2025-04-27 16:00:00,-13434.300000000032,-16384.96149999989
587,2025-04-27 20:00:00,-13590.800000000032,-16541.46149999989
588,2025-04-28 00:00:00,-13604.20000000004,-16554.861499999897
589,2025-04-28 04:00:00,-13073.000000000044,-16023.6614999999
590,2025-04-28 08:00:00,-13764.800000000032,-16715.46149999989
591,2025-04-28 12:00:00,-13662.000000000044,-16612.6614999999
592,2025-04-28 16:00:00,-12820.300000000032,-15770.961499999888
593,2025-04-28 20:00:00,-12185.800000000032,-15136.461499999888
594,2025-04-29 00:00:00,-13689.100000000035,-16639.76149999989
595,2025-04-29 04:00:00,-12721.000000000044,-15671.6614999999
596,2025-04-29 08:00:00,-12492.900000000038,-15443.561499999894
597,2025-04-29 12:00:00,-12862.000000000044,-15812.6614999999
598,2025-04-29 16:00:00,-12583.900000000038,-15534.561499999894
599,2025-04-29 20:00:00,-12375.000000000044,-15325.6614999999
600,2025-04-30 00:00:00,-12671.20000000004,-15621.861499999897
601,2025-04-30 04:00:00,-12211.400000000038,-15162.061499999894
602,2025-04-30 08:00:00,-13261.800000000032,-16212.461499999888
603,2025-04-30 12:00:00,-12472.600000000035,-15423.261499999891
604,2025-04-30 16:00:00,-12884.300000000032,-15834.961499999888
605,2025-04-30 20:00:00,-12335.400000000038,-15286.061499999894
606,2025-05-01 00:00:00,-13513.500000000044,-16464.1614999999
607,2025-05-01 04:00:00,-13343.70000000004,-16294.361499999897
608,2025-05-01 08:00:00,-13336.800000000032,-16287.461499999888
609,2025-05-01 12:00:00,-12724.400000000038,-15675.061499999894
610,2025-05-01 16:00:00,-12483.300000000032,-15433.961499999888
611,2025-05-01 20:00:00,-11332.000000000044,-14282.6614999999
612,2025-05-02 00:00:00,-10668.000000000044,-13715.455399999904
613,2025-05-02 04:00:00,-10668.000000000044,-13715.455399999904
614,2025-05-02 08:00:00,-10668.000000000044,-13715.455399999904
615,2025-05-02 12:00:00,-10668.000000000044,-13715.455399999904
616,2025-05-02 16:00:00,-10668.000000000044,-13715.455399999904
617,2025-05-02 20:00:00,-10668.000000000044,-13715.455399999904
618,2025-05-03 00:00:00,-10668.000000000044,-13812.725499999899
619,2025-05-03 04:00:00,-11081.300000000047,-14226.025499999902
620,2025-05-03 08:00:00,-11106.900000000052,-14251.625499999907
621,2025-05-03 12:00:00,-11646.000000000044,-14790.725499999899
622,2025-05-03 16:00:00,-11647.300000000047,-14792.025499999902
623,2025-05-03 20:00:00,-12042.500000000044,-15187.225499999899
624,2025-05-04 00:00:00,-11579.400000000052,-14724.125499999907
625,2025-05-04 04:00:00,-11626.10000000005,-14770.825499999904
626,2025-05-04 08:00:00,-12134.800000000047,-15279.525499999902
627,2025-05-04 12:00:00,-12258.10000000005,-15402.825499999904
628,2025-05-04 16:00:00,-12096.000000000044,-15240.725499999899
629,2025-05-04 20:00:00,-12562.10000000005,-15706.825499999904
630,2025-05-05 00:00:00,-12517.000000000044,-15661.725499999899
631,2025-05-05 04:00:00,-12404.200000000055,-15548.92549999991
632,2025-05-05 08:00:00,-13707.900000000052,-16852.625499999907
633,2025-05-05 12:00:00,-13937.000000000044,-17081.7254999999
634,2025-05-05 16:00:00,-13241.700000000055,-16386.42549999991
635,2025-05-05 20:00:00,-13952.10000000005,-17096.825499999904
636,2025-05-06 00:00:00,-14212.10000000005,-17356.825499999904
637,2025-05-06 04:00:00,-13642.60000000005,-16787.325499999904
638,2025-05-06 08:00:00,-13241.400000000052,-16386.125499999907
639,2025-05-06 12:00:00,-13519.800000000047,-16664.5254999999
640,2025-05-06 16:00:00,-13588.10000000005,-16732.825499999904
641,2025-05-06 20:00:00,-14167.800000000047,-17312.5254999999
642,2025-05-07 00:00:00,-13424.900000000052,-16569.625499999907
643,2025-05-07 04:00:00,-13027.300000000047,-16172.025499999902
644,2025-05-07 08:00:00,-11139.200000000055,-14283.92549999991
645,2025-05-07 12:00:00,-11484.300000000047,-14629.025499999902
646,2025-05-07 16:00:00,-10998.10000000005,-14142.825499999904
647,2025-05-07 20:00:00,-10938.10000000005,-14082.825499999904
648,2025-05-08 00:00:00,-11049.10000000005,-14193.825499999904
649,2025-05-08 04:00:00,-11813.500000000044,-14958.225499999899
650,2025-05-08 08:00:00,-10949.700000000055,-14094.42549999991
651,2025-05-08 12:00:00,-8840.200000000055,-11984.92549999991
652,2025-05-08 16:00:00,-8726.10000000005,-11870.825499999904
653,2025-05-08 20:00:00,-8568.300000000047,-11713.025499999902
654,2025-05-09 00:00:00,-7207.300000000047,-10352.025499999902
655,2025-05-09 04:00:00,-6683.900000000052,-9828.625499999907
656,2025-05-09 08:00:00,-4710.000000000044,-7854.725499999899
657,2025-05-09 12:00:00,-5518.6000000000495,-8663.325499999904
658,2025-05-09 16:00:00,-4340.700000000055,-7485.42549999991
659,2025-05-09 20:00:00,-5023.6000000000495,-8168.325499999904
660,2025-05-10 00:00:00,-5085.200000000055,-8229.92549999991
661,2025-05-10 04:00:00,-4792.6000000000495,-7937.325499999904
662,2025-05-10 08:00:00,-4996.200000000055,-8140.92549999991
663,2025-05-10 12:00:00,-4758.700000000055,-7903.42549999991
664,2025-05-10 16:00:00,-4216.400000000052,-7361.125499999907
665,2025-05-10 20:00:00,-4563.500000000044,-7708.225499999899
666,2025-05-11 00:00:00,-4835.500000000044,-7980.225499999899
667,2025-05-11 04:00:00,-4789.500000000044,-8037.374099999899
668,2025-05-11 08:00:00,-4789.500000000044,-8037.374099999899
669,2025-05-11 12:00:00,-4789.500000000044,-8037.374099999899
670,2025-05-11 16:00:00,-4789.500000000044,-8037.374099999899
671,2025-05-11 20:00:00,-4789.500000000044,-8037.374099999899
672,2025-05-12 00:00:00,-4789.500000000044,-8037.374099999899
673,2025-05-12 04:00:00,-4789.500000000044,-8037.374099999899
674,2025-05-12 08:00:00,-4789.500000000044,-8037.374099999899
675,2025-05-12 12:00:00,-4789.500000000044,-8037.374099999899
676,2025-05-12 16:00:00,-4789.500000000044,-8141.800299999886
677,2025-05-12 20:00:00,-5510.600000000035,-8862.900299999877
678,2025-05-13 00:00:00,-6734.000000000044,-10086.300299999886
679,2025-05-13 04:00:00,-7402.900000000038,-10755.20029999988
680,2025-05-13 08:00:00,-6476.400000000038,-9828.70029999988
681,2025-05-13 12:00:00,-7534.400000000038,-10886.70029999988
682,2025-05-13 16:00:00,-6591.700000000041,-9944.000299999883
683,2025-05-13 20:00:00,-5530.200000000041,-8882.500299999883
684,2025-05-14 00:00:00,-5582.600000000035,-8934.900299999877
685,2025-05-14 04:00:00,-4471.000000000044,-7823.300299999886
686,2025-05-14 08:00:00,-5133.700000000041,-8486.000299999883
687,2025-05-14 12:00:00,-5666.500000000044,-9018.800299999886
688,2025-05-14 16:00:00,-5553.500000000044,-8905.800299999886
689,2025-05-14 20:00:00,-5312.300000000047,-8664.60029999989
690,2025-05-15 00:00:00,-5754.300000000047,-9106.60029999989
691,2025-05-15 04:00:00,-5937.000000000044,-9289.300299999886
692,2025-05-15 08:00:00,-5757.600000000035,-9109.900299999877
693,2025-05-15 12:00:00,-6509.600000000035,-9861.900299999877
694,2025-05-15 16:00:00,-7481.800000000047,-10834.10029999989
695,2025-05-15 20:00:00,-6880.400000000038,-10232.70029999988
696,2025-05-16 00:00:00,-6004.500000000044,-9356.800299999886
697,2025-05-16 04:00:00,-6108.700000000041,-9461.000299999883
698,2025-05-16 08:00:00,-5501.200000000041,-8853.500299999883
699,2025-05-16 12:00:00,-5236.700000000041,-8589.000299999883
700,2025-05-16 16:00:00,-5569.100000000035,-8921.400299999877
701,2025-05-16 20:00:00,-5601.200000000041,-8953.500299999883
702,2025-05-17 00:00:00,-5071.700000000041,-8424.000299999883
703,2025-05-17 04:00:00,-5241.400000000038,-8593.70029999988
704,2025-05-17 08:00:00,-5803.500000000044,-9155.800299999886
705,2025-05-17 12:00:00,-5751.000000000044,-9103.300299999886
706,2025-05-17 16:00:00,-5816.300000000047,-9168.60029999989
707,2025-05-17 20:00:00,-6271.500000000044,-9623.800299999886
708,2025-05-18 00:00:00,-6315.700000000041,-9668.000299999883
709,2025-05-18 04:00:00,-6115.600000000035,-9467.900299999877
710,2025-05-18 08:00:00,-6136.100000000035,-9488.400299999877
711,2025-05-18 12:00:00,-5971.500000000044,-9323.800299999886
712,2025-05-18 16:00:00,-5322.700000000041,-8675.000299999883
713,2025-05-18 20:00:00,-5446.700000000041,-8799.000299999883
714,2025-05-19 00:00:00,-3731.5000000000437,-7083.800299999886
715,2025-05-19 04:00:00,-5381.700000000041,-8734.000299999883
716,2025-05-19 08:00:00,-2808.100000000035,-6160.4002999998775
717,2025-05-19 12:00:00,-5646.300000000047,-8998.60029999989
718,2025-05-19 16:00:00,-6048.700000000041,-9401.000299999883
719,2025-05-19 20:00:00,-6303.700000000041,-9656.000299999883
720,2025-05-20 00:00:00,-4475.300000000047,-7827.600299999889
721,2025-05-20 04:00:00,-3757.900000000038,-7110.20029999988
722,2025-05-20 08:00:00,-3684.100000000035,-7036.4002999998775
723,2025-05-20 12:00:00,-3495.7000000000407,-6848.000299999883
724,2025-05-20 16:00:00,-4235.600000000035,-7587.9002999998775
725,2025-05-20 20:00:00,-4056.5000000000437,-7408.800299999886
726,2025-05-21 00:00:00,-3921.2000000000407,-7273.500299999883
727,2025-05-21 04:00:00,-2243.5000000000437,-5595.800299999886
728,2025-05-21 08:00:00,-2415.600000000035,-5767.9002999998775
729,2025-05-21 12:00:00,-2424.7000000000407,-5777.000299999883
730,2025-05-21 16:00:00,-2752.100000000035,-6210.86389999988
731,2025-05-21 20:00:00,-2752.100000000035,-6210.86389999988
732,2025-05-22 00:00:00,-2752.100000000035,-6210.86389999988
733,2025-05-22 04:00:00,-2752.100000000035,-6210.86389999988
734,2025-05-22 08:00:00,-2752.100000000035,-6320.473399999872
735,2025-05-22 12:00:00,-605.7000000000407,-4174.073399999877
736,2025-05-22 16:00:00,-1355.800000000032,-4924.173399999869
737,2025-05-22 20:00:00,-1417.500000000029,-4985.873399999866
738,2025-05-23 00:00:00,-1111.000000000029,-4679.373399999866
739,2025-05-23 04:00:00,-1225.500000000029,-4793.873399999866
740,2025-05-23 08:00:00,-698.9000000000378,-4267.2733999998745
741,2025-05-23 12:00:00,-1317.600000000035,-4885.973399999872
742,2025-05-23 16:00:00,-1676.4000000000378,-5244.7733999998745
743,2025-05-23 20:00:00,-3328.400000000038,-6896.7733999998745
744,2025-05-24 00:00:00,-3469.2000000000407,-7037.573399999877
745,2025-05-24 04:00:00,-3702.2000000000407,-7270.573399999877
746,2025-05-24 08:00:00,-5090.100000000035,-8658.473399999872
747,2025-05-24 12:00:00,-4054.800000000032,-7623.173399999869
748,2025-05-24 16:00:00,-4811.000000000029,-8379.373399999866
749,2025-05-24 20:00:00,-3209.400000000038,-6777.7733999998745
750,2025-05-25 00:00:00,-3472.400000000038,-7040.7733999998745
751,2025-05-25 04:00:00,-3448.900000000038,-7017.2733999998745
752,2025-05-25 08:00:00,-4662.700000000041,-8231.073399999877
753,2025-05-25 12:00:00,-4316.200000000041,-7884.573399999877
754,2025-05-25 16:00:00,-4724.500000000029,-8292.873399999866
755,2025-05-25 20:00:00,-5147.600000000035,-8715.973399999872
756,2025-05-26 00:00:00,-5433.700000000041,-9002.073399999877
757,2025-05-26 04:00:00,-4705.300000000032,-8273.673399999869
758,2025-05-26 08:00:00,-3405.7000000000407,-6974.073399999877
759,2025-05-26 12:00:00,-2774.600000000035,-6342.973399999872
760,2025-05-26 16:00:00,-2311.7000000000407,-5880.073399999877
761,2025-05-26 20:00:00,-2624.900000000038,-6193.2733999998745
762,2025-05-27 00:00:00,-2398.400000000038,-5966.7733999998745
763,2025-05-27 04:00:00,-3287.300000000032,-6964.747699999862
764,2025-05-27 08:00:00,-3287.300000000032,-6964.747699999862
765,2025-05-27 12:00:00,-3287.300000000032,-7073.592599999858
766,2025-05-27 16:00:00,-3930.400000000038,-7716.692599999864
767,2025-05-27 20:00:00,-3984.2000000000407,-7770.492599999867
768,2025-05-28 00:00:00,-4533.700000000041,-8319.992599999867
769,2025-05-28 04:00:00,-4265.200000000041,-8051.492599999867
770,2025-05-28 08:00:00,-3331.7000000000407,-7117.992599999867
771,2025-05-28 12:00:00,-3250.0000000000437,-7036.29259999987
772,2025-05-28 16:00:00,-3207.300000000032,-6993.592599999858
773,2025-05-28 20:00:00,-3263.800000000032,-7050.092599999858
774,2025-05-29 00:00:00,-1507.9000000000378,-5294.192599999864
775,2025-05-29 04:00:00,-1336.5000000000437,-5122.79259999987
776,2025-05-29 08:00:00,-2165.5000000000437,-5951.79259999987
777,2025-05-29 12:00:00,-2438.800000000032,-6225.092599999858
778,2025-05-29 16:00:00,-2281.800000000032,-6068.092599999858
779,2025-05-29 20:00:00,-3182.400000000038,-6968.692599999864
780,2025-05-30 00:00:00,-1414.9000000000378,-5201.192599999864
781,2025-05-30 04:00:00,-141.60000000003492,-3927.892599999861
782,2025-05-30 08:00:00,17.699999999967986,-3768.592599999858
783,2025-05-30 12:00:00,-421.20000000004075,-4207.492599999867
784,2025-05-30 16:00:00,560.0999999999622,-3226.192599999864
785,2025-05-30 20:00:00,-269.800000000032,-4056.092599999858
786,2025-05-31 00:00:00,53.599999999962165,-3732.692599999864
787,2025-05-31 04:00:00,959.9999999999563,-2826.2925999998697
788,2025-05-31 08:00:00,1607.5999999999622,-2178.692599999864
789,2025-05-31 12:00:00,1917.4999999999563,-1868.7925999998697
790,2025-05-31 16:00:00,1856.9999999999563,-1929.2925999998697
791,2025-05-31 20:00:00,2096.699999999968,-1689.592599999858
792,2025-06-01 00:00:00,1060.4999999999563,-2725.7925999998697
793,2025-06-01 04:00:00,903.699999999968,-2882.592599999858
794,2025-06-01 08:00:00,1012.8999999999651,-2773.392599999861
795,2025-06-01 12:00:00,1221.199999999968,-2565.092599999858
796,2025-06-01 16:00:00,1326.5999999999622,-2459.692599999864
797,2025-06-01 20:00:00,1519.5999999999622,-2266.692599999864
798,2025-06-02 00:00:00,893.5999999999622,-2892.692599999864
799,2025-06-02 04:00:00,482.3999999999651,-3303.892599999861
800,2025-06-02 08:00:00,-25.700000000040745,-3811.992599999867
801,2025-06-02 12:00:00,775.7999999999593,-3010.492599999867
802,2025-06-02 16:00:00,211.19999999996799,-3575.092599999858
803,2025-06-02 20:00:00,1557.5999999999622,-2228.692599999864
804,2025-06-03 00:00:00,1160.7999999999593,-2625.492599999867
805,2025-06-03 04:00:00,1191.199999999968,-2595.092599999858
806,2025-06-03 08:00:00,-256.70000000004075,-4042.992599999867
807,2025-06-03 12:00:00,108.79999999995925,-3677.492599999867
808,2025-06-03 16:00:00,423.199999999968,-3363.092599999858
809,2025-06-03 20:00:00,317.49999999995634,-3468.7925999998697
810,2025-06-04 00:00:00,-998.5000000000437,-4784.79259999987
811,2025-06-04 04:00:00,-614.2000000000407,-4400.492599999867
812,2025-06-04 08:00:00,227.49999999995634,-3558.7925999998697
813,2025-06-04 12:00:00,82.69999999996799,-3703.592599999858
814,2025-06-04 16:00:00,297.3999999999651,-3488.892599999861
815,2025-06-04 20:00:00,513.4999999999563,-3272.7925999998697
816,2025-06-05 00:00:00,302.8999999999651,-3483.392599999861
817,2025-06-05 04:00:00,687.199999999968,-3099.092599999858
818,2025-06-05 08:00:00,915.7999999999593,-2870.492599999867
819,2025-06-05 12:00:00,566.199999999968,-3220.092599999858
820,2025-06-05 16:00:00,1084.5999999999622,-2701.692599999864
821,2025-06-05 20:00:00,784.8999999999651,-3001.392599999861
822,2025-06-06 00:00:00,1067.0999999999622,-2719.192599999864
823,2025-06-06 04:00:00,3684.699999999968,-101.59259999985807
824,2025-06-06 08:00:00,4098.999999999956,312.7074000001303
825,2025-06-06 12:00:00,3112.699999999968,-673.5925999998581
826,2025-06-06 16:00:00,2460.7999999999593,-1325.4925999998668
827,2025-06-06 20:00:00,1691.5999999999622,-2094.692599999864
828,2025-06-07 00:00:00,522.199999999968,-3264.092599999858
829,2025-06-07 04:00:00,1380.699999999968,-2405.592599999858
830,2025-06-07 08:00:00,1317.5999999999622,-2468.692599999864
831,2025-06-07 12:00:00,735.199999999968,-3051.092599999858
832,2025-06-07 16:00:00,743.9999999999563,-3042.2925999998697
833,2025-06-07 20:00:00,463.09999999996217,-3323.192599999864
834,2025-06-08 00:00:00,49.699999999967986,-3736.592599999858
835,2025-06-08 04:00:00,-136.60000000003492,-3922.892599999861
836,2025-06-08 08:00:00,50.099999999962165,-3736.192599999864
837,2025-06-08 12:00:00,121.19999999996799,-3665.092599999858
838,2025-06-08 16:00:00,177.19999999996799,-3714.4729999998526
839,2025-06-08 20:00:00,177.19999999996799,-3714.4729999998526
840,2025-06-09 00:00:00,177.19999999996799,-3714.4729999998526
841,2025-06-09 04:00:00,177.19999999996799,-3714.4729999998526
842,2025-06-09 08:00:00,177.19999999996799,-3714.4729999998526
843,2025-06-09 12:00:00,177.19999999996799,-3714.4729999998526
844,2025-06-09 16:00:00,177.19999999996799,-3714.4729999998526
845,2025-06-09 20:00:00,177.19999999996799,-3714.4729999998526
846,2025-06-10 00:00:00,177.19999999996799,-3714.4729999998526
847,2025-06-10 04:00:00,177.19999999996799,-3714.4729999998526
848,2025-06-10 08:00:00,177.19999999996799,-3714.4729999998526
849,2025-06-10 12:00:00,177.19999999996799,-3714.4729999998526
850,2025-06-10 16:00:00,177.19999999996799,-3714.4729999998526
851,2025-06-10 20:00:00,177.19999999996799,-3823.971099999835
852,2025-06-11 00:00:00,-345.6000000000349,-4346.771099999838
853,2025-06-11 04:00:00,139.09999999996217,-3862.071099999841
854,2025-06-11 08:00:00,914.4999999999563,-3086.671099999847
855,2025-06-11 12:00:00,343.199999999968,-3657.971099999835
856,2025-06-11 16:00:00,75.99999999995634,-3925.171099999847
857,2025-06-11 20:00:00,-120.80000000003201,-4121.971099999835
858,2025-06-12 00:00:00,373.8999999999651,-3627.271099999838
859,2025-06-12 04:00:00,-636.4000000000378,-4637.571099999841
860,2025-06-12 08:00:00,-720.9000000000378,-4722.071099999841
861,2025-06-12 12:00:00,-1500.4000000000378,-5501.571099999841
862,2025-06-12 16:00:00,-1743.9000000000378,-5745.071099999841
863,2025-06-12 20:00:00,-2458.0000000000437,-6459.171099999847
864,2025-06-13 00:00:00,-2360.300000000032,-6361.471099999835
865,2025-06-13 04:00:00,-2571.300000000032,-6572.471099999835
866,2025-06-13 08:00:00,-3711.400000000038,-7712.571099999841
867,2025-06-13 12:00:00,-5087.000000000044,-9088.171099999847
868,2025-06-13 16:00:00,-4489.500000000044,-8595.502499999842
869,2025-06-13 20:00:00,-4489.500000000044,-8700.492399999828
870,2025-06-14 00:00:00,-4087.5000000000437,-8298.492399999828
871,2025-06-14 04:00:00,-4429.400000000038,-8640.392399999822
872,2025-06-14 08:00:00,-3452.100000000035,-7663.0923999998195
873,2025-06-14 12:00:00,-4290.000000000044,-8500.992399999828
874,2025-06-14 16:00:00,-4454.300000000032,-8665.292399999817
875,2025-06-14 20:00:00,-4448.800000000032,-8659.792399999817
876,2025-06-15 00:00:00,-4696.000000000044,-8906.992399999828
877,2025-06-15 04:00:00,-4897.100000000035,-9212.674699999814
878,2025-06-15 08:00:00,-4897.100000000035,-9212.674699999814
879,2025-06-15 12:00:00,-4897.100000000035,-9212.674699999814
880,2025-06-15 16:00:00,-4897.100000000035,-9212.674699999814
881,2025-06-15 20:00:00,-4897.100000000035,-9212.674699999814
882,2025-06-16 00:00:00,-4897.100000000035,-9212.674699999814
883,2025-06-16 04:00:00,-4897.100000000035,-9212.674699999814
884,2025-06-16 08:00:00,-4897.100000000035,-9212.674699999814
885,2025-06-16 12:00:00,-4897.100000000035,-9212.674699999814
886,2025-06-16 16:00:00,-4897.100000000035,-9212.674699999814
887,2025-06-16 20:00:00,-4897.100000000035,-9212.674699999814
888,2025-06-17 00:00:00,-4897.100000000035,-9320.04959999981
889,2025-06-17 04:00:00,-6116.400000000038,-10539.349599999812
890,2025-06-17 08:00:00,-4272.300000000047,-8695.249599999821
891,2025-06-17 12:00:00,-5075.500000000044,-9498.449599999818
892,2025-06-17 16:00:00,-4233.300000000047,-8656.249599999821
893,2025-06-17 20:00:00,-3115.100000000035,-7538.049599999809
894,2025-06-18 00:00:00,-1721.4000000000378,-6144.349599999812
895,2025-06-18 04:00:00,-2152.8000000000466,-6575.749599999821
896,2025-06-18 08:00:00,-2030.2000000000407,-6453.149599999815
897,2025-06-18 12:00:00,-2654.400000000038,-7077.349599999812
898,2025-06-18 16:00:00,-2447.900000000038,-6870.849599999812
899,2025-06-18 20:00:00,-2313.400000000038,-6736.349599999812
900,2025-06-19 00:00:00,-2266.400000000038,-6689.349599999812
901,2025-06-19 04:00:00,-1295.5000000000437,-5718.449599999818
902,2025-06-19 08:00:00,-2355.0000000000437,-6777.949599999818
903,2025-06-19 12:00:00,-2576.600000000035,-6999.549599999809
904,2025-06-19 16:00:00,-2108.100000000035,-6531.049599999809
905,2025-06-19 20:00:00,-2239.900000000038,-6662.849599999812
906,2025-06-20 00:00:00,-1577.3000000000466,-6000.249599999821
907,2025-06-20 04:00:00,-1724.8000000000466,-6147.749599999821
908,2025-06-20 08:00:00,-2129.3000000000466,-6552.249599999821
909,2025-06-20 12:00:00,-2077.3000000000466,-6500.249599999821
910,2025-06-20 16:00:00,-3285.7000000000407,-7708.649599999815
911,2025-06-20 20:00:00,-3450.8000000000466,-7873.749599999821
912,2025-06-21 00:00:00,-1690.7000000000407,-6113.649599999815
913,2025-06-21 04:00:00,-786.1000000000349,-5209.049599999809
914,2025-06-21 08:00:00,-768.3000000000466,-5191.249599999821
915,2025-06-21 12:00:00,-956.7000000000407,-5379.649599999815
916,2025-06-21 16:00:00,-924.4000000000378,-5347.349599999812
917,2025-06-21 20:00:00,-1349.7000000000407,-5772.649599999815
918,2025-06-22 00:00:00,-1038.9000000000378,-5461.849599999812
919,2025-06-22 04:00:00,270.29999999995925,-4152.649599999815
920,2025-06-22 08:00:00,397.99999999995634,-4024.949599999818
921,2025-06-22 12:00:00,137.79999999995925,-4285.149599999815
922,2025-06-22 16:00:00,78.79999999995925,-4344.149599999815
923,2025-06-22 20:00:00,-215.90000000003783,-4638.849599999812
924,2025-06-23 00:00:00,3627.899999999965,-795.0495999998093
925,2025-06-23 04:00:00,3648.099999999962,-774.8495999998122
926,2025-06-23 08:00:00,1573.0999999999622,-2849.849599999812
927,2025-06-23 12:00:00,1373.399999999965,-3049.5495999998093
928,2025-06-23 16:00:00,603.2999999999593,-3819.649599999815
929,2025-06-23 20:00:00,1229.2999999999593,-3193.649599999815
930,2025-06-24 00:00:00,1108.0999999999622,-3314.849599999812
931,2025-06-24 04:00:00,-636.4000000000378,-5059.349599999812
932,2025-06-24 08:00:00,-2813.100000000035,-7236.049599999809
933,2025-06-24 12:00:00,-2392.2000000000407,-6815.149599999815
934,2025-06-24 16:00:00,-2414.0000000000437,-6836.949599999818
935,2025-06-24 20:00:00,-2656.8000000000466,-7079.749599999821
936,2025-06-25 00:00:00,-2706.600000000035,-7234.733999999793
937,2025-06-25 04:00:00,-2706.600000000035,-7234.733999999793
938,2025-06-25 08:00:00,-2706.600000000035,-7234.733999999793
939,2025-06-25 12:00:00,-2706.600000000035,-7234.733999999793
940,2025-06-25 16:00:00,-2706.600000000035,-7234.733999999793
941,2025-06-25 20:00:00,-2706.600000000035,-7234.733999999793
942,2025-06-26 00:00:00,-2706.600000000035,-7234.733999999793
943,2025-06-26 04:00:00,-2706.600000000035,-7234.733999999793
944,2025-06-26 08:00:00,-2706.600000000035,-7342.013999999792
945,2025-06-26 12:00:00,-3235.900000000038,-7871.313999999795
946,2025-06-26 16:00:00,-3195.100000000035,-7830.513999999792
947,2025-06-26 20:00:00,-2699.400000000038,-7334.813999999795
948,2025-06-27 00:00:00,-2686.600000000035,-7322.013999999792
949,2025-06-27 04:00:00,-2902.7000000000407,-7538.113999999798
950,2025-06-27 08:00:00,-2340.300000000032,-6975.713999999789
951,2025-06-27 12:00:00,-2854.600000000035,-7490.013999999792
952,2025-06-27 16:00:00,-2243.500000000029,-6878.913999999786
953,2025-06-27 20:00:00,-2370.300000000032,-7005.713999999789
954,2025-06-28 00:00:00,-2687.900000000038,-7323.313999999795
955,2025-06-28 04:00:00,-2174.7000000000407,-6810.113999999798
956,2025-06-28 08:00:00,-2437.300000000032,-7072.713999999789
957,2025-06-28 12:00:00,-2674.600000000035,-7310.013999999792
958,2025-06-28 16:00:00,-2859.600000000035,-7495.013999999792
959,2025-06-28 20:00:00,-2746.900000000038,-7382.313999999795
960,2025-06-29 00:00:00,-2834.2000000000407,-7469.613999999798
961,2025-06-29 04:00:00,-2589.100000000035,-7224.513999999792
962,2025-06-29 08:00:00,-2667.600000000035,-7303.013999999792
963,2025-06-29 12:00:00,-2583.100000000035,-7218.513999999792
964,2025-06-29 16:00:00,-2793.800000000032,-7429.213999999789
965,2025-06-29 20:00:00,-3874.900000000038,-8510.313999999795
966,2025-06-30 00:00:00,-3113.500000000029,-7748.913999999786
967,2025-06-30 04:00:00,-2773.100000000035,-7408.513999999792
968,2025-06-30 08:00:00,-3736.400000000038,-8371.813999999795
969,2025-06-30 12:00:00,-3893.300000000032,-8637.180699999779
970,2025-06-30 16:00:00,-3893.300000000032,-8637.180699999779
971,2025-06-30 20:00:00,-3893.300000000032,-8637.180699999779
972,2025-07-01 00:00:00,-3893.300000000032,-8637.180699999779
973,2025-07-01 04:00:00,-3893.300000000032,-8637.180699999779
974,2025-07-01 08:00:00,-3893.300000000032,-8637.180699999779
975,2025-07-01 12:00:00,-3893.300000000032,-8637.180699999779
976,2025-07-01 16:00:00,-3893.300000000032,-8637.180699999779
977,2025-07-01 20:00:00,-3893.300000000032,-8637.180699999779
978,2025-07-02 00:00:00,-3893.300000000032,-8743.088999999774
979,2025-07-02 04:00:00,-3325.100000000035,-8174.888999999777
980,2025-07-02 08:00:00,-3622.9000000000233,-8472.688999999766
981,2025-07-02 12:00:00,-4125.000000000029,-8974.788999999771
982,2025-07-02 16:00:00,-5011.000000000029,-9860.788999999771
983,2025-07-02 20:00:00,-5424.600000000035,-10274.388999999777
984,2025-07-03 00:00:00,-6680.300000000032,-11530.088999999774
985,2025-07-03 04:00:00,-7606.900000000023,-12456.688999999766
986,2025-07-03 08:00:00,-6785.000000000029,-11634.788999999771
987,2025-07-03 12:00:00,-6579.800000000032,-11429.588999999774
988,2025-07-03 16:00:00,-7220.000000000029,-12069.788999999771
989,2025-07-03 20:00:00,-7536.000000000029,-12495.339999999764
990,2025-07-04 00:00:00,-7536.000000000029,-12495.339999999764
991,2025-07-04 04:00:00,-7536.000000000029,-12495.339999999764
992,2025-07-04 08:00:00,-7536.000000000029,-12495.339999999764
993,2025-07-04 12:00:00,-7536.000000000029,-12495.339999999764
994,2025-07-04 16:00:00,-7536.000000000029,-12495.339999999764
995,2025-07-04 20:00:00,-7536.000000000029,-12495.339999999764
996,2025-07-05 00:00:00,-7536.000000000029,-12495.339999999764
997,2025-07-05 04:00:00,-7536.000000000029,-12495.339999999764
998,2025-07-05 08:00:00,-7536.000000000029,-12495.339999999764
999,2025-07-05 12:00:00,-7536.000000000029,-12495.339999999764
1000,2025-07-05 16:00:00,-7536.000000000029,-12495.339999999764
1001,2025-07-05 20:00:00,-7536.000000000029,-12495.339999999764
1002,2025-07-06 00:00:00,-7536.000000000029,-12603.352699999756
1003,2025-07-06 04:00:00,-7456.60000000002,-12523.952699999747
1004,2025-07-06 08:00:00,-7395.300000000032,-12462.652699999759
1005,2025-07-06 12:00:00,-7552.400000000023,-12619.75269999975
1006,2025-07-06 16:00:00,-7557.400000000023,-12624.75269999975
1007,2025-07-06 20:00:00,-7531.400000000023,-12598.75269999975
1008,2025-07-07 00:00:00,-6691.900000000023,-11759.25269999975
1009,2025-07-07 04:00:00,-7054.900000000023,-12122.25269999975
1010,2025-07-07 08:00:00,-6402.900000000023,-11470.25269999975
1011,2025-07-07 12:00:00,-6199.800000000032,-11267.152699999759
1012,2025-07-07 16:00:00,-6532.400000000023,-11599.75269999975
1013,2025-07-07 20:00:00,-6948.800000000032,-12016.152699999759
1014,2025-07-08 00:00:00,-7299.700000000026,-12367.052699999753
1015,2025-07-08 04:00:00,-7548.800000000032,-12616.152699999759
1016,2025-07-08 08:00:00,-7344.800000000032,-12412.152699999759
1017,2025-07-08 12:00:00,-7696.10000000002,-12763.452699999747
1018,2025-07-08 16:00:00,-7108.000000000029,-12175.352699999756
1019,2025-07-08 20:00:00,-6835.60000000002,-12011.66579999974
1020,2025-07-09 00:00:00,-6835.60000000002,-12011.66579999974
1021,2025-07-09 04:00:00,-6835.60000000002,-12011.66579999974
1022,2025-07-09 08:00:00,-6835.60000000002,-12011.66579999974
1023,2025-07-09 12:00:00,-6835.60000000002,-12011.66579999974
1024,2025-07-09 16:00:00,-6835.60000000002,-12011.66579999974
1025,2025-07-09 20:00:00,-6835.60000000002,-12011.66579999974
1026,2025-07-10 00:00:00,-6835.60000000002,-12120.68579999973
1027,2025-07-10 04:00:00,-4136.8000000000175,-9421.885799999727
1028,2025-07-10 08:00:00,-4655.700000000026,-9940.785799999736
1029,2025-07-10 12:00:00,-4827.400000000023,-10112.485799999733
1030,2025-07-10 16:00:00,-4669.500000000015,-9954.585799999724
1031,2025-07-10 20:00:00,-4883.400000000023,-10168.485799999733
1032,2025-07-11 00:00:00,-4505.60000000002,-9790.68579999973
1033,2025-07-11 04:00:00,-2609.5000000000146,-7894.585799999724
1034,2025-07-11 08:00:00,123.59999999997672,-5161.485799999733
1035,2025-07-11 12:00:00,983.8999999999796,-4301.18579999973
1036,2025-07-11 16:00:00,1667.0999999999767,-3617.985799999733
1037,2025-07-11 20:00:00,1934.4999999999854,-3350.5857999997243
1038,2025-07-12 00:00:00,1054.6999999999825,-4230.385799999727
1039,2025-07-12 04:00:00,2217.0999999999767,-3067.985799999733
1040,2025-07-12 08:00:00,1644.3999999999796,-3640.68579999973
1041,2025-07-12 12:00:00,1874.3999999999796,-3410.68579999973
1042,2025-07-12 16:00:00,1834.0999999999767,-3450.985799999733
1043,2025-07-12 20:00:00,1917.9999999999854,-3367.0857999997243
1044,2025-07-13 00:00:00,1219.9999999999854,-4065.0857999997243
1045,2025-07-13 04:00:00,1670.0999999999767,-3614.985799999733
1046,2025-07-13 08:00:00,1533.6999999999825,-3751.385799999727
1047,2025-07-13 12:00:00,1855.8999999999796,-3429.18579999973
1048,2025-07-13 16:00:00,2094.3999999999796,-3190.68579999973
1049,2025-07-13 20:00:00,2180.4999999999854,-3104.5857999997243
1050,2025-07-14 00:00:00,2754.9999999999854,-2530.0857999997243
1051,2025-07-14 04:00:00,3067.3999999999796,-2217.68579999973
1052,2025-07-14 08:00:00,3182.6999999999825,-2102.385799999727
1053,2025-07-14 12:00:00,4877.599999999977,-407.485799999733
1054,2025-07-14 16:00:00,6875.39999999998,1590.31420000027
1055,2025-07-14 20:00:00,5618.89999999998,333.8142000002699
1056,2025-07-15 00:00:00,4007.4999999999854,-1277.5857999997243
1057,2025-07-15 04:00:00,4064.3999999999796,-1220.68579999973
1058,2025-07-15 08:00:00,3960.8999999999796,-1324.18579999973
1059,2025-07-15 12:00:00,1353.5999999999767,-3931.485799999733
1060,2025-07-15 16:00:00,921.4999999999854,-4363.585799999724
1061,2025-07-15 20:00:00,1254.7999999999738,-4030.285799999736
1062,2025-07-16 00:00:00,537.3999999999796,-4747.68579999973
1063,2025-07-16 04:00:00,573.2999999999738,-4711.785799999736
1064,2025-07-16 08:00:00,1882.8999999999796,-3402.18579999973
1065,2025-07-16 12:00:00,1621.9999999999854,-3663.0857999997243
1066,2025-07-16 16:00:00,2325.5999999999767,-2959.485799999733
1067,2025-07-16 20:00:00,2899.4999999999854,-2385.5857999997243
1068,2025-07-17 00:00:00,3200.3999999999796,-2084.68579999973
1069,2025-07-17 04:00:00,3331.0999999999767,-1953.985799999733
1070,2025-07-17 08:00:00,2735.0999999999767,-2549.985799999733
1071,2025-07-17 12:00:00,2235.299999999974,-3049.785799999736
1072,2025-07-17 16:00:00,2438.299999999974,-2846.785799999736
1073,2025-07-17 20:00:00,2113.299999999974,-3171.785799999736
1074,2025-07-18 00:00:00,3019.3999999999796,-2265.68579999973
1075,2025-07-18 04:00:00,3093.1999999999825,-2191.885799999727
1076,2025-07-18 08:00:00,3320.9999999999854,-1964.0857999997243
1077,2025-07-18 12:00:00,4357.1999999999825,-927.8857999997272
1078,2025-07-18 16:00:00,3500.9999999999854,-1784.0857999997243
1079,2025-07-18 20:00:00,3319.8999999999796,-1965.18579999973
1080,2025-07-19 00:00:00,1974.3999999999796,-3310.68579999973
1081,2025-07-19 04:00:00,1505.9999999999854,-3779.0857999997243
1082,2025-07-19 08:00:00,2040.7999999999738,-3244.285799999736
1083,2025-07-19 12:00:00,2439.5999999999767,-2963.780999999726
1084,2025-07-19 16:00:00,2439.5999999999767,-2963.780999999726
1085,2025-07-19 20:00:00,2439.5999999999767,-3082.080999999729
1086,2025-07-20 00:00:00,2713.999999999971,-2807.680999999735
1087,2025-07-20 04:00:00,2761.299999999974,-2760.380999999732
1088,2025-07-20 08:00:00,2925.1999999999825,-2596.4809999997233
1089,2025-07-20 12:00:00,2805.499999999971,-2834.115099999719
1090,2025-07-20 16:00:00,2805.499999999971,-2834.115099999719
1091,2025-07-20 20:00:00,2805.499999999971,-2951.9842999997054
1092,2025-07-21 00:00:00,3605.5999999999767,-2151.8842999996996
1093,2025-07-21 04:00:00,3067.499999999971,-2689.9842999997054
1094,2025-07-21 08:00:00,2152.299999999974,-3605.1842999997025
1095,2025-07-21 12:00:00,3311.0999999999767,-2446.3842999996996
1096,2025-07-21 16:00:00,4288.499999999971,-1468.9842999997054
1097,2025-07-21 20:00:00,2981.299999999974,-2776.1842999997025
1098,2025-07-22 00:00:00,3240.3999999999796,-2635.3883999996906
1099,2025-07-22 04:00:00,3240.3999999999796,-2635.3883999996906
1100,2025-07-22 08:00:00,3240.3999999999796,-2635.3883999996906
1101,2025-07-22 12:00:00,3240.3999999999796,-2635.3883999996906
1102,2025-07-22 16:00:00,3240.3999999999796,-2635.3883999996906
1103,2025-07-22 20:00:00,3240.3999999999796,-2635.3883999996906
1104,2025-07-23 00:00:00,3240.3999999999796,-2635.3883999996906
1105,2025-07-23 04:00:00,3240.3999999999796,-2635.3883999996906
1106,2025-07-23 08:00:00,3240.3999999999796,-2755.382099999697
1107,2025-07-23 12:00:00,4613.299999999974,-1382.4820999997028
1108,2025-07-23 16:00:00,4907.099999999977,-1088.6820999996999
1109,2025-07-23 20:00:00,4749.299999999974,-1246.4820999997028
1110,2025-07-24 00:00:00,4703.099999999977,-1292.6820999996999
1111,2025-07-24 04:00:00,4889.6999999999825,-1106.082099999694
1112,2025-07-24 08:00:00,4520.599999999977,-1475.1820999996999
1113,2025-07-24 12:00:00,4782.599999999977,-1213.1820999996999
1114,2025-07-24 16:00:00,4866.099999999977,-1129.6820999996999
1115,2025-07-24 20:00:00,4676.099999999977,-1319.6820999996999
1116,2025-07-25 00:00:00,4159.999999999971,-1835.7820999997057
1117,2025-07-25 04:00:00,4332.099999999977,-1663.6820999996999
1118,2025-07-25 08:00:00,4939.799999999974,-1055.9820999997028
1119,2025-07-25 12:00:00,7849.499999999971,1853.7179000002943
1120,2025-07-25 16:00:00,7945.299999999974,1949.5179000002972
1121,2025-07-25 20:00:00,6729.499999999971,733.7179000002943
1122,2025-07-26 00:00:00,7546.6999999999825,1550.917900000306
1123,2025-07-26 04:00:00,6584.499999999971,588.7179000002943
1124,2025-07-26 08:00:00,5650.599999999977,-345.18209999969986
1125,2025-07-26 12:00:00,5778.299999999974,-217.48209999970277
1126,2025-07-26 16:00:00,5945.999999999971,-49.78209999970568
1127,2025-07-26 20:00:00,5476.099999999977,-519.6820999996999
1128,2025-07-27 00:00:00,5122.999999999971,-872.7820999997057
1129,2025-07-27 04:00:00,5025.099999999977,-970.6820999996999
1130,2025-07-27 08:00:00,5344.89999999998,-650.882099999697
1131,2025-07-27 12:00:00,5072.099999999977,-923.6820999996999
1132,2025-07-27 16:00:00,5150.499999999971,-845.2820999997057
1133,2025-07-27 20:00:00,5180.6999999999825,-815.082099999694
1134,2025-07-28 00:00:00,4653.299999999974,-1342.4820999997028
1135,2025-07-28 04:00:00,4280.799999999974,-1714.9820999997028
1136,2025-07-28 08:00:00,3810.6999999999825,-2185.082099999694
1137,2025-07-28 12:00:00,3964.3999999999796,-2031.382099999697
1138,2025-07-28 16:00:00,4360.89999999998,-1634.882099999697
1139,2025-07-28 20:00:00,4420.799999999974,-1574.9820999997028
1140,2025-07-29 00:00:00,5081.299999999974,-914.4820999997028
1141,2025-07-29 04:00:00,5184.099999999977,-811.6820999996999
1142,2025-07-29 08:00:00,5192.6999999999825,-803.082099999694
1143,2025-07-29 12:00:00,4488.499999999971,-1507.2820999997057
1144,2025-07-29 16:00:00,4377.89999999998,-1617.882099999697
1145,2025-07-29 20:00:00,4674.099999999977,-1321.6820999996999
1146,2025-07-30 00:00:00,5888.39999999998,-107.38209999969695
1147,2025-07-30 04:00:00,5749.1999999999825,-246.58209999969404
1148,2025-07-30 08:00:00,5337.099999999977,-658.6820999996999
1149,2025-07-30 12:00:00,5127.599999999977,-868.1820999996999
1150,2025-07-30 16:00:00,5150.999999999971,-844.7820999997057
1151,2025-07-30 20:00:00,5707.39999999998,-405.90879999968456
1152,2025-07-31 00:00:00,5707.39999999998,-523.8587999996671
1153,2025-07-31 04:00:00,4622.599999999977,-1608.65879999967
1154,2025-07-31 08:00:00,5528.39999999998,-702.8587999996671
1155,2025-07-31 12:00:00,6186.39999999998,-44.8587999996671
1156,2025-07-31 16:00:00,6381.499999999985,150.24120000033872
1157,2025-07-31 20:00:00,6088.299999999974,-142.95879999967292
1158,2025-08-01 00:00:00,6016.6999999999825,-214.5587999996642
1159,2025-08-01 04:00:00,4476.299999999974,-1754.958799999673
1160,2025-08-01 08:00:00,3454.6999999999825,-2776.558799999664
1161,2025-08-01 12:00:00,3353.0999999999767,-2993.7544999996753
1162,2025-08-01 16:00:00,3353.0999999999767,-2993.7544999996753
1163,2025-08-01 20:00:00,3353.0999999999767,-2993.7544999996753
1164,2025-08-02 00:00:00,3353.0999999999767,-2993.7544999996753
1165,2025-08-02 04:00:00,3353.0999999999767,-3107.0329999996757
1166,2025-08-02 08:00:00,3386.799999999974,-3073.3329999996786
1167,2025-08-02 12:00:00,2771.6999999999825,-3688.43299999967
1168,2025-08-02 16:00:00,2711.6999999999825,-3748.43299999967
1169,2025-08-02 20:00:00,2899.0999999999767,-3561.0329999996757
1170,2025-08-03 00:00:00,3832.999999999971,-2627.1329999996815
1171,2025-08-03 04:00:00,4456.099999999977,-2004.0329999996757
1172,2025-08-03 08:00:00,4122.799999999974,-2337.3329999996786
1173,2025-08-03 12:00:00,3080.6999999999825,-3379.43299999967
1174,2025-08-03 16:00:00,2984.3999999999796,-3475.7329999996728
1175,2025-08-03 20:00:00,2821.499999999971,-3638.6329999996815
1176,2025-08-04 00:00:00,2727.299999999974,-3732.8329999996786
1177,2025-08-04 04:00:00,2372.5999999999767,-4087.5329999996757
1178,2025-08-04 08:00:00,2480.799999999974,-3979.3329999996786
1179,2025-08-04 12:00:00,2111.3999999999796,-4348.732999999673
1180,2025-08-04 16:00:00,2024.5999999999767,-4435.532999999676
1181,2025-08-04 20:00:00,2181.5999999999767,-4278.532999999676
1182,2025-08-05 00:00:00,1865.2999999999738,-4594.832999999679
1183,2025-08-05 04:00:00,1907.5999999999767,-4552.532999999676
1184,2025-08-05 08:00:00,1629.499999999971,-4830.6329999996815
1185,2025-08-05 12:00:00,2416.5999999999767,-4043.5329999996757
1186,2025-08-05 16:00:00,2706.8999999999796,-3753.2329999996728
1187,2025-08-05 20:00:00,1849.5999999999767,-4610.532999999676
1188,2025-08-06 00:00:00,3759.799999999974,-2700.3329999996786
1189,2025-08-06 04:00:00,3058.499999999971,-3401.6329999996815
1190,2025-08-06 08:00:00,2561.999999999971,-3898.1329999996815
1191,2025-08-06 12:00:00,3161.499999999971,-3298.6329999996815
1192,2025-08-06 16:00:00,2452.3999999999796,-4007.7329999996728
1193,2025-08-06 20:00:00,2443.5999999999767,-4016.5329999996757
1194,2025-08-07 00:00:00,1265.2999999999738,-5194.832999999679
1195,2025-08-07 04:00:00,1416.499999999971,-5043.6329999996815
1196,2025-08-07 08:00:00,1690.5999999999767,-4769.532999999676
1197,2025-08-07 12:00:00,2130.799999999974,-4329.332999999679
1198,2025-08-07 16:00:00,1880.499999999971,-4579.6329999996815
1199,2025-08-07 20:00:00,162.4999999999709,-6297.6329999996815
1200,2025-08-08 00:00:00,-3.000000000029104,-6463.1329999996815
1201,2025-08-08 04:00:00,-776.0000000000291,-7236.1329999996815
1202,2025-08-08 08:00:00,-788.3000000000175,-7248.43299999967
1203,2025-08-08 12:00:00,-60.60000000002037,-6520.732999999673
1204,2025-08-08 16:00:00,-140.40000000002328,-6600.532999999676
1205,2025-08-08 20:00:00,-208.90000000002328,-6669.032999999676
1206,2025-08-09 00:00:00,469.5999999999767,-5990.532999999676
1207,2025-08-09 04:00:00,247.19999999998254,-6212.93299999967
1208,2025-08-09 08:00:00,3.3999999999796273,-6456.732999999673
1209,2025-08-09 12:00:00,300.0999999999767,-6160.032999999676
1210,2025-08-09 16:00:00,-71.60000000002037,-6648.436199999662
1211,2025-08-09 20:00:00,-71.60000000002037,-6648.436199999662
1212,2025-08-10 00:00:00,-71.60000000002037,-6648.436199999662
1213,2025-08-10 04:00:00,-71.60000000002037,-6648.436199999662
1214,2025-08-10 08:00:00,-71.60000000002037,-6648.436199999662
1215,2025-08-10 12:00:00,-71.60000000002037,-6648.436199999662
1216,2025-08-10 16:00:00,-71.60000000002037,-6648.436199999662
1217,2025-08-10 20:00:00,-71.60000000002037,-6648.436199999662
1218,2025-08-11 00:00:00,-71.60000000002037,-6648.436199999662
1219,2025-08-11 04:00:00,-71.60000000002037,-6648.436199999662
1220,2025-08-11 08:00:00,-71.60000000002037,-6648.436199999662
1221,2025-08-11 12:00:00,-71.60000000002037,-6770.136299999649
1222,2025-08-11 16:00:00,-236.90000000002328,-6935.436299999652
1223,2025-08-11 20:00:00,-1226.7000000000262,-7925.236299999655
1224,2025-08-12 00:00:00,-1500.500000000029,-8199.036299999658
1225,2025-08-12 04:00:00,-2736.4000000000233,-9434.936299999652
1226,2025-08-12 08:00:00,-3129.800000000032,-9828.33629999966
1227,2025-08-12 12:00:00,-2958.6000000000204,-9657.136299999649
1228,2025-08-12 16:00:00,-2839.800000000032,-9538.33629999966
1229,2025-08-12 20:00:00,-3307.6000000000204,-10006.136299999649
1230,2025-08-13 00:00:00,-1883.7000000000262,-8582.236299999655
1231,2025-08-13 04:00:00,-2171.4000000000233,-8869.936299999652
1232,2025-08-13 08:00:00,-1690.7000000000262,-8389.236299999655
1233,2025-08-13 12:00:00,-2335.700000000026,-9034.236299999655
1234,2025-08-13 16:00:00,-2231.4000000000233,-8929.936299999652
1235,2025-08-13 20:00:00,-1233.2000000000262,-7931.736299999655
1236,2025-08-14 00:00:00,-874.5000000000291,-7573.036299999658
1237,2025-08-14 04:00:00,948.199999999968,-5750.336299999661
1238,2025-08-14 08:00:00,1552.199999999968,-5146.336299999661
1239,2025-08-14 12:00:00,1633.499999999971,-5065.036299999658
1240,2025-08-14 16:00:00,-29.300000000032014,-6727.836299999661
1241,2025-08-14 20:00:00,-823.800000000032,-7522.336299999661
1242,2025-08-15 00:00:00,-3585.800000000032,-10284.33629999966
1243,2025-08-15 04:00:00,-3882.200000000026,-10580.736299999655
1244,2025-08-15 08:00:00,-3529.500000000029,-10228.036299999658
1245,2025-08-15 12:00:00,-2853.6000000000204,-9552.136299999649
1246,2025-08-15 16:00:00,-2863.4000000000233,-9561.936299999652
1247,2025-08-15 20:00:00,-2821.700000000026,-9520.236299999655
1248,2025-08-16 00:00:00,-4554.900000000023,-11253.436299999652
1249,2025-08-16 04:00:00,-4871.700000000026,-11570.236299999655
1250,2025-08-16 08:00:00,-4492.500000000029,-11191.036299999658
1251,2025-08-16 12:00:00,-4386.700000000026,-11085.236299999655
1252,2025-08-16 16:00:00,-4221.800000000032,-10920.33629999966
1253,2025-08-16 20:00:00,-4431.300000000032,-11129.83629999966
1254,2025-08-17 00:00:00,-4144.800000000032,-10960.963199999664
1255,2025-08-17 04:00:00,-4144.800000000032,-10960.963199999664
1256,2025-08-17 08:00:00,-4144.800000000032,-10960.963199999664
1257,2025-08-17 12:00:00,-4144.800000000032,-10960.963199999664
1258,2025-08-17 16:00:00,-4144.800000000032,-10960.963199999664
1259,2025-08-17 20:00:00,-4144.800000000032,-10960.963199999664
1260,2025-08-18 00:00:00,-4144.800000000032,-10960.963199999664
1261,2025-08-18 04:00:00,-4144.800000000032,-10960.963199999664
1262,2025-08-18 08:00:00,-4144.800000000032,-10960.963199999664
1263,2025-08-18 12:00:00,-4144.800000000032,-10960.963199999664
1264,2025-08-18 16:00:00,-4144.800000000032,-10960.963199999664
1265,2025-08-18 20:00:00,-4144.800000000032,-10960.963199999664
1266,2025-08-19 00:00:00,-4144.800000000032,-10960.963199999664
1267,2025-08-19 04:00:00,-4144.800000000032,-10960.963199999664
1268,2025-08-19 08:00:00,-4144.800000000032,-10960.963199999664
1269,2025-08-19 12:00:00,-4144.800000000032,-10960.963199999664
1270,2025-08-19 16:00:00,-4144.800000000032,-10960.963199999664
1271,2025-08-19 20:00:00,-4144.800000000032,-10960.963199999664
1272,2025-08-20 00:00:00,-4144.800000000032,-10960.963199999664
1273,2025-08-20 04:00:00,-4144.800000000032,-10960.963199999664
1274,2025-08-20 08:00:00,-4144.800000000032,-10960.963199999664
1275,2025-08-20 12:00:00,-4144.800000000032,-10960.963199999664
1276,2025-08-20 16:00:00,-4144.800000000032,-10960.963199999664
1277,2025-08-20 20:00:00,-4144.800000000032,-10960.963199999664
1278,2025-08-21 00:00:00,-4144.800000000032,-11074.26019999967
1279,2025-08-21 04:00:00,-5064.100000000035,-11993.560199999672
1280,2025-08-21 08:00:00,-5068.300000000032,-11997.76019999967
1281,2025-08-21 12:00:00,-4759.900000000038,-11689.360199999675
1282,2025-08-21 16:00:00,-4684.600000000035,-11614.060199999672
1283,2025-08-21 20:00:00,-3948.000000000029,-10877.460199999667
1284,2025-08-22 00:00:00,-3596.700000000026,-10526.160199999664
1285,2025-08-22 04:00:00,-3000.600000000035,-9930.060199999672
1286,2025-08-22 08:00:00,-3310.000000000029,-10239.460199999667
1287,2025-08-22 12:00:00,-3737.700000000026,-10667.160199999664
1288,2025-08-22 16:00:00,-3887.900000000038,-10817.360199999675
1289,2025-08-22 20:00:00,-3120.600000000035,-10050.060199999672
1290,2025-08-23 00:00:00,-7167.100000000035,-14096.560199999672
1291,2025-08-23 04:00:00,-7473.300000000032,-14402.76019999967
1292,2025-08-23 08:00:00,-7745.300000000032,-14674.76019999967
1293,2025-08-23 12:00:00,-6370.300000000032,-13299.76019999967
1294,2025-08-23 16:00:00,-6617.700000000026,-13547.160199999664
1295,2025-08-23 20:00:00,-6114.500000000029,-13043.960199999667
1296,2025-08-24 00:00:00,-5624.300000000032,-12553.76019999967
1297,2025-08-24 04:00:00,-5952.700000000026,-12882.160199999664
1298,2025-08-24 08:00:00,-6224.900000000038,-13154.360199999675
1299,2025-08-24 12:00:00,-5854.300000000032,-12783.76019999967
1300,2025-08-24 16:00:00,-5702.600000000035,-12632.060199999672
1301,2025-08-24 20:00:00,-5549.800000000032,-12479.26019999967
1302,2025-08-25 00:00:00,-5220.400000000038,-12149.860199999675
1303,2025-08-25 04:00:00,-3404.200000000026,-10333.660199999664
1304,2025-08-25 08:00:00,-4294.100000000035,-11223.560199999672
1305,2025-08-25 12:00:00,-3715.500000000029,-10644.960199999667
1306,2025-08-25 16:00:00,-2317.500000000029,-9246.960199999667
1307,2025-08-25 20:00:00,-2031.500000000029,-8960.960199999667
1308,2025-08-26 00:00:00,-2990.000000000029,-9919.460199999667
1309,2025-08-26 04:00:00,-1498.2000000000262,-8427.660199999664
1310,2025-08-26 08:00:00,-911.800000000032,-7841.26019999967
1311,2025-08-26 12:00:00,-672.800000000032,-7602.26019999967
1312,2025-08-26 16:00:00,-1092.000000000029,-8021.460199999667
1313,2025-08-26 20:00:00,-690.0000000000291,-7619.460199999667
1314,2025-08-27 00:00:00,-472.40000000003783,-7401.860199999675
1315,2025-08-27 04:00:00,-1901.300000000032,-8830.76019999967
1316,2025-08-27 08:00:00,-2557.700000000026,-9487.160199999664
1317,2025-08-27 12:00:00,-2221.500000000029,-9150.960199999667
1318,2025-08-27 16:00:00,-1535.800000000032,-8465.26019999967
1319,2025-08-27 20:00:00,-2118.600000000035,-9048.060199999672
1320,2025-08-28 00:00:00,-2812.900000000038,-9742.360199999675
1321,2025-08-28 04:00:00,-2880.600000000035,-9810.060199999672
1322,2025-08-28 08:00:00,-2042.7000000000262,-8972.160199999664
1323,2025-08-28 12:00:00,-2801.900000000038,-9731.360199999675
1324,2025-08-28 16:00:00,-3927.000000000029,-10856.460199999667
1325,2025-08-28 20:00:00,-3724.300000000032,-10653.76019999967
1326,2025-08-29 00:00:00,-3480.900000000038,-10410.360199999675
1327,2025-08-29 04:00:00,-2712.500000000029,-9641.960199999667
1328,2025-08-29 08:00:00,-3355.100000000035,-10284.560199999672
1329,2025-08-29 12:00:00,-2496.400000000038,-9425.860199999675
1330,2025-08-29 16:00:00,-816.800000000032,-7746.26019999967
1331,2025-08-29 20:00:00,-895.6000000000349,-7825.0601999996725
1332,2025-08-30 00:00:00,817.7999999999738,-6111.660199999664
1333,2025-08-30 04:00:00,996.699999999968,-5932.76019999967
1334,2025-08-30 08:00:00,819.7999999999738,-6109.660199999664
1335,2025-08-30 12:00:00,784.2999999999738,-6145.160199999664
1336,2025-08-30 16:00:00,685.5999999999622,-6243.860199999675
1337,2025-08-30 20:00:00,513.5999999999622,-6415.860199999675
1338,2025-08-31 00:00:00,342.3999999999651,-6587.0601999996725
1339,2025-08-31 04:00:00,382.7999999999738,-6546.660199999664
1340,2025-08-31 08:00:00,394.2999999999738,-6535.160199999664
1341,2025-08-31 12:00:00,-23.200000000026193,-6952.660199999664
1342,2025-08-31 16:00:00,495.2999999999738,-6434.160199999664
1343,2025-08-31 20:00:00,802.199999999968,-6127.26019999967
1344,2025-09-01 00:00:00,393.9999999999709,-6535.460199999667
1345,2025-09-01 04:00:00,274.9999999999709,-6654.460199999667
1346,2025-09-01 08:00:00,943.7999999999738,-5985.660199999664
1347,2025-09-01 12:00:00,1533.0999999999622,-5396.360199999675
1348,2025-09-01 16:00:00,-238.10000000003492,-7167.5601999996725
1349,2025-09-01 20:00:00,430.2999999999738,-6499.160199999664
1350,2025-09-02 00:00:00,414.199999999968,-6515.26019999967
1351,2025-09-02 04:00:00,-26.500000000029104,-6955.960199999667
1352,2025-09-02 08:00:00,-35.70000000002619,-6965.160199999664
1353,2025-09-02 12:00:00,-1133.800000000032,-8063.26019999967
1354,2025-09-02 16:00:00,-1037.9000000000378,-7967.360199999675
1355,2025-09-02 20:00:00,-546.4000000000378,-7475.860199999675
1356,2025-09-03 00:00:00,-1637.7000000000262,-8567.160199999664
1357,2025-09-03 04:00:00,-1590.7000000000262,-8520.160199999664
1358,2025-09-03 08:00:00,-2035.800000000032,-8965.26019999967
1359,2025-09-03 12:00:00,-1839.500000000029,-8768.960199999667
1360,2025-09-03 16:00:00,-1889.300000000032,-8818.76019999967
1361,2025-09-03 20:00:00,-2239.400000000038,-9280.251799999663
1362,2025-09-04 00:00:00,-2239.400000000038,-9280.251799999663
1363,2025-09-04 04:00:00,-2239.400000000038,-9280.251799999663
1364,2025-09-04 08:00:00,-2239.400000000038,-9280.251799999663
1365,2025-09-04 12:00:00,-2239.400000000038,-9280.251799999663
1366,2025-09-04 16:00:00,-2239.400000000038,-9280.251799999663
1367,2025-09-04 20:00:00,-2239.400000000038,-9280.251799999663
1368,2025-09-05 00:00:00,-2239.400000000038,-9280.251799999663
1369,2025-09-05 04:00:00,-2239.400000000038,-9280.251799999663
1370,2025-09-05 08:00:00,-2239.400000000038,-9280.251799999663
1371,2025-09-05 12:00:00,-2239.400000000038,-9280.251799999663
1372,2025-09-05 16:00:00,-2239.400000000038,-9393.151899999648
1373,2025-09-05 20:00:00,-2839.900000000038,-9993.651899999648
1374,2025-09-06 00:00:00,-4465.400000000038,-11619.151899999648
1375,2025-09-06 04:00:00,-3589.400000000038,-10743.151899999648
1376,2025-09-06 08:00:00,-4524.6000000000495,-11678.35189999966
1377,2025-09-06 12:00:00,-4105.500000000044,-11259.251899999654
1378,2025-09-06 16:00:00,-4359.6000000000495,-11513.35189999966
1379,2025-09-06 20:00:00,-4406.6000000000495,-11560.35189999966
1380,2025-09-07 00:00:00,-4815.400000000038,-11969.151899999648
1381,2025-09-07 04:00:00,-5152.800000000047,-12306.551899999657
1382,2025-09-07 08:00:00,-5004.200000000041,-12157.95189999965
1383,2025-09-07 12:00:00,-4559.700000000041,-11713.45189999965
1384,2025-09-07 16:00:00,-4428.700000000041,-11582.45189999965
1385,2025-09-07 20:00:00,-3890.0000000000437,-11155.001399999659
1386,2025-09-08 00:00:00,-3890.0000000000437,-11155.001399999659
1387,2025-09-08 04:00:00,-3890.0000000000437,-11155.001399999659
1388,2025-09-08 08:00:00,-3890.0000000000437,-11155.001399999659
1389,2025-09-08 12:00:00,-3890.0000000000437,-11155.001399999659
1390,2025-09-08 16:00:00,-3890.0000000000437,-11266.237799999653
1391,2025-09-08 20:00:00,-4675.6000000000495,-12051.83779999966
1392,2025-09-09 00:00:00,-5227.200000000055,-12603.437799999665
1393,2025-09-09 04:00:00,-4704.6000000000495,-12080.83779999966
1394,2025-09-09 08:00:00,-4666.200000000055,-12042.437799999665
1395,2025-09-09 12:00:00,-4311.200000000055,-11687.437799999665
1396,2025-09-09 16:00:00,-5603.700000000055,-12979.937799999665
1397,2025-09-09 20:00:00,-5051.000000000044,-12427.237799999653
1398,2025-09-10 00:00:00,-3483.7000000000553,-10859.937799999665
1399,2025-09-10 04:00:00,-3895.9000000000524,-11272.137799999662
1400,2025-09-10 08:00:00,-4153.500000000044,-11529.737799999653
1401,2025-09-10 12:00:00,-4152.500000000044,-11528.737799999653
1402,2025-09-10 16:00:00,-5153.700000000055,-12529.937799999665
1403,2025-09-10 20:00:00,-4920.000000000044,-12296.237799999653
1404,2025-09-11 00:00:00,-6454.900000000052,-13831.137799999662
1405,2025-09-11 04:00:00,-6178.800000000047,-13555.037799999656
1406,2025-09-11 08:00:00,-6550.400000000052,-13926.637799999662
1407,2025-09-11 12:00:00,-7008.000000000044,-14384.237799999653
1408,2025-09-11 16:00:00,-6693.6000000000495,-14069.83779999966
1409,2025-09-11 20:00:00,-6614.500000000044,-13990.737799999653
1410,2025-09-12 00:00:00,-6775.900000000052,-14152.137799999662
1411,2025-09-12 04:00:00,-7024.1000000000495,-14400.33779999966
1412,2025-09-12 08:00:00,-8080.6000000000495,-15572.26479999964
1413,2025-09-12 12:00:00,-8080.6000000000495,-15687.403099999632
1414,2025-09-12 16:00:00,-8169.900000000052,-15776.703099999635
1415,2025-09-12 20:00:00,-8355.900000000052,-15962.703099999635
1416,2025-09-13 00:00:00,-8154.000000000058,-15760.80309999964
1417,2025-09-13 04:00:00,-6657.800000000047,-14264.60309999963
1418,2025-09-13 08:00:00,-7240.500000000058,-14847.30309999964
1419,2025-09-13 12:00:00,-7305.300000000047,-14912.10309999963
1420,2025-09-13 16:00:00,-7503.400000000052,-15110.203099999635
1421,2025-09-13 20:00:00,-7306.000000000058,-14912.80309999964
1422,2025-09-14 00:00:00,-7497.6000000000495,-15104.403099999632
1423,2025-09-14 04:00:00,-7467.500000000058,-15074.30309999964
1424,2025-09-14 08:00:00,-7356.200000000055,-14963.003099999638
1425,2025-09-14 12:00:00,-7592.900000000052,-15199.703099999635
1426,2025-09-14 16:00:00,-7472.900000000052,-15079.703099999635
1427,2025-09-14 20:00:00,-7468.900000000052,-15075.703099999635
1428,2025-09-15 00:00:00,-8056.700000000055,-15663.503099999638
1429,2025-09-15 04:00:00,-7621.500000000058,-15228.30309999964
1430,2025-09-15 08:00:00,-8008.900000000052,-15615.703099999635
1431,2025-09-15 12:00:00,-7831.300000000047,-15438.10309999963
1432,2025-09-15 16:00:00,-7449.400000000052,-15056.203099999635
1433,2025-09-15 20:00:00,-8209.900000000052,-15816.703099999635
1434,2025-09-16 00:00:00,-8430.500000000058,-16037.30309999964
1435,2025-09-16 04:00:00,-7972.200000000055,-15579.003099999638
1436,2025-09-16 08:00:00,-7918.300000000047,-15525.10309999963
1437,2025-09-16 12:00:00,-7968.000000000058,-15574.80309999964
1438,2025-09-16 16:00:00,-7419.500000000058,-15026.30309999964
1439,2025-09-16 20:00:00,-7996.700000000055,-15603.503099999638
1440,2025-09-17 00:00:00,-7341.000000000058,-14947.80309999964
1441,2025-09-17 04:00:00,-6460.900000000052,-14067.703099999635
1442,2025-09-17 08:00:00,-6471.6000000000495,-14078.403099999632
1443,2025-09-17 12:00:00,-6898.800000000047,-14505.60309999963
1444,2025-09-17 16:00:00,-6098.400000000052,-13705.203099999635
1445,2025-09-17 20:00:00,-7018.800000000047,-14625.60309999963
1446,2025-09-18 00:00:00,-7393.800000000047,-15000.60309999963
1447,2025-09-18 04:00:00,-7631.300000000047,-15238.10309999963
1448,2025-09-18 08:00:00,-6816.400000000052,-14423.203099999635
1449,2025-09-18 12:00:00,-5687.700000000055,-13294.503099999638
1450,2025-09-18 16:00:00,-6185.300000000047,-13792.10309999963
1451,2025-09-18 20:00:00,-6203.900000000052,-13810.703099999635
1452,2025-09-19 00:00:00,-5688.6000000000495,-13295.403099999632
1453,2025-09-19 04:00:00,-5815.900000000052,-13422.703099999635
1454,2025-09-19 08:00:00,-6201.800000000047,-13808.60309999963
1455,2025-09-19 12:00:00,-6304.700000000055,-13911.503099999638
1456,2025-09-19 16:00:00,-6368.800000000047,-13975.60309999963
1457,2025-09-19 20:00:00,-6875.800000000047,-14482.60309999963
1458,2025-09-20 00:00:00,-7392.000000000058,-14998.80309999964
1459,2025-09-20 04:00:00,-8136.500000000058,-15743.30309999964
1460,2025-09-20 08:00:00,-7649.400000000052,-15256.203099999635
1461,2025-09-20 12:00:00,-7824.700000000055,-15431.503099999638
1462,2025-09-20 16:00:00,-7309.1000000000495,-14915.903099999632
1463,2025-09-20 20:00:00,-7384.000000000058,-14990.80309999964
1464,2025-09-21 00:00:00,-7290.400000000052,-14897.203099999635
1465,2025-09-21 04:00:00,-7582.300000000047,-15189.10309999963
1466,2025-09-21 08:00:00,-7594.000000000058,-15200.80309999964
1467,2025-09-21 12:00:00,-7605.1000000000495,-15211.903099999632
1468,2025-09-21 16:00:00,-7446.000000000058,-15052.80309999964
1469,2025-09-21 20:00:00,-7659.6000000000495,-15266.403099999632
1470,2025-09-22 00:00:00,-7747.800000000047,-15354.60309999963
1471,2025-09-22 04:00:00,-7777.900000000052,-15384.703099999635
1472,2025-09-22 08:00:00,-8035.000000000058,-15641.80309999964
1473,2025-09-22 12:00:00,-8616.000000000058,-16222.80309999964
1474,2025-09-22 16:00:00,-10764.500000000058,-18371.30309999964
1475,2025-09-22 20:00:00,-10404.800000000047,-18011.60309999963
1476,2025-09-23 00:00:00,-10450.200000000055,-18057.003099999638
1477,2025-09-23 04:00:00,-11146.000000000058,-18752.80309999964
1478,2025-09-23 08:00:00,-10614.200000000055,-18221.003099999638
1479,2025-09-23 12:00:00,-10924.900000000052,-18531.703099999635
1480,2025-09-23 16:00:00,-10170.800000000047,-17777.60309999963
1481,2025-09-23 20:00:00,-10280.300000000047,-17887.10309999963
1482,2025-09-24 00:00:00,-10390.300000000047,-17997.10309999963
1483,2025-09-24 04:00:00,-11607.10000000005,-19213.903099999632
1484,2025-09-24 08:00:00,-11271.900000000052,-18878.703099999635
1485,2025-09-24 12:00:00,-11579.200000000055,-19297.642799999638
1486,2025-09-24 16:00:00,-11579.200000000055,-19410.187499999636
1487,2025-09-24 20:00:00,-12016.500000000058,-19847.48749999964
1488,2025-09-25 00:00:00,-12334.400000000052,-20165.387499999633
1489,2025-09-25 04:00:00,-12406.200000000055,-20237.187499999636
1490,2025-09-25 08:00:00,-12288.500000000058,-20119.48749999964
1491,2025-09-25 12:00:00,-11520.300000000061,-19351.287499999642
1492,2025-09-25 16:00:00,-10743.000000000058,-18573.98749999964
1493,2025-09-25 20:00:00,-10350.600000000064,-18181.587499999645
1494,2025-09-26 00:00:00,-10572.900000000052,-18403.887499999633
1495,2025-09-26 04:00:00,-8355.000000000058,-16185.98749999964
1496,2025-09-26 08:00:00,-7969.000000000058,-15799.98749999964
1497,2025-09-26 12:00:00,-8572.100000000064,-16403.087499999645
1498,2025-09-26 16:00:00,-8291.800000000061,-16122.787499999642
1499,2025-09-26 20:00:00,-8117.400000000052,-15948.387499999633
1500,2025-09-27 00:00:00,-8010.500000000058,-15841.48749999964
1501,2025-09-27 04:00:00,-8150.400000000052,-15981.387499999633
1502,2025-09-27 08:00:00,-8623.000000000058,-16453.98749999964
1503,2025-09-27 12:00:00,-8538.300000000061,-16369.287499999642
1504,2025-09-27 16:00:00,-8389.300000000061,-16220.287499999642
1505,2025-09-27 20:00:00,-8300.300000000061,-16131.287499999642
1506,2025-09-28 00:00:00,-8375.200000000055,-16206.187499999636
1507,2025-09-28 04:00:00,-8403.800000000061,-16234.787499999642
1508,2025-09-28 08:00:00,-8611.800000000061,-16442.787499999642
1509,2025-09-28 12:00:00,-8431.800000000061,-16262.787499999642
1510,2025-09-28 16:00:00,-8503.000000000058,-16333.98749999964
1511,2025-09-28 20:00:00,-8354.400000000052,-16185.387499999633
1512,2025-09-29 00:00:00,-9024.500000000058,-16855.48749999964
1513,2025-09-29 04:00:00,-9316.100000000064,-17147.087499999645
1514,2025-09-29 08:00:00,-11154.100000000064,-18985.087499999645
1515,2025-09-29 12:00:00,-10852.400000000052,-18683.387499999633
1516,2025-09-29 16:00:00,-10849.200000000055,-18680.187499999636
1517,2025-09-29 20:00:00,-11086.500000000058,-18917.48749999964
1518,2025-09-30 00:00:00,-12786.500000000058,-20617.48749999964
1519,2025-09-30 04:00:00,-13239.300000000061,-21070.287499999642
1520,2025-09-30 08:00:00,-13291.600000000064,-21122.587499999645
1521,2025-09-30 12:00:00,-13356.000000000058,-21186.98749999964
1522,2025-09-30 16:00:00,-12696.900000000052,-20527.887499999633
1523,2025-09-30 20:00:00,-12038.200000000055,-19869.187499999636
1524,2025-10-01 00:00:00,-12089.900000000052,-19920.887499999633
1525,2025-10-01 04:00:00,-13343.600000000064,-21174.587499999645
1526,2025-10-01 08:00:00,-13023.300000000061,-20854.287499999642
1527,2025-10-01 12:00:00,-13170.400000000052,-21001.387499999633
1528,2025-10-01 16:00:00,-13515.300000000061,-21460.768299999632
1529,2025-10-01 20:00:00,-13515.300000000061,-21460.768299999632
1530,2025-10-02 00:00:00,-13515.300000000061,-21578.134699999617
1531,2025-10-02 04:00:00,-13507.60000000005,-21570.434699999605
1532,2025-10-02 08:00:00,-12329.300000000061,-20392.134699999617
1533,2025-10-02 12:00:00,-12184.700000000055,-20247.53469999961
1534,2025-10-02 16:00:00,-12437.60000000005,-20500.434699999605
1535,2025-10-02 20:00:00,-12165.700000000055,-20228.53469999961
1536,2025-10-03 00:00:00,-11006.60000000005,-19069.434699999605
1537,2025-10-03 04:00:00,-10093.800000000061,-18156.634699999617
1538,2025-10-03 08:00:00,-10400.400000000052,-18463.234699999608
1539,2025-10-03 12:00:00,-10696.300000000061,-18759.134699999617
1540,2025-10-03 16:00:00,-11261.60000000005,-19324.434699999605
1541,2025-10-03 20:00:00,-10574.500000000058,-18637.334699999614
1542,2025-10-04 00:00:00,-8643.200000000055,-16706.03469999961
1543,2025-10-04 04:00:00,-8272.400000000052,-16335.234699999608
1544,2025-10-04 08:00:00,-8699.000000000058,-16761.834699999614
1545,2025-10-04 12:00:00,-8684.500000000058,-16747.334699999614
1546,2025-10-04 16:00:00,-8610.400000000052,-16673.234699999608
1547,2025-10-04 20:00:00,-8957.10000000005,-17019.934699999605
1548,2025-10-05 00:00:00,-9136.900000000052,-17199.734699999608
1549,2025-10-05 04:00:00,-8962.700000000055,-17025.53469999961
1550,2025-10-05 08:00:00,-8538.500000000058,-16601.334699999614
1551,2025-10-05 12:00:00,-7146.000000000058,-15208.834699999614
1552,2025-10-05 16:00:00,-6189.300000000061,-14252.134699999617
1553,2025-10-05 20:00:00,-7468.500000000058,-15531.334699999614
1554,2025-10-06 00:00:00,-8128.700000000055,-16191.53469999961
1555,2025-10-06 04:00:00,-8331.300000000061,-16394.134699999617
1556,2025-10-06 08:00:00,-7455.000000000058,-15517.834699999614
1557,2025-10-06 12:00:00,-7088.800000000061,-15151.634699999617
1558,2025-10-06 16:00:00,-7549.400000000052,-15612.234699999608
1559,2025-10-06 20:00:00,-6720.500000000058,-14783.334699999614
1560,2025-10-07 00:00:00,-5935.500000000058,-13998.334699999614
1561,2025-10-07 04:00:00,-5524.400000000052,-13587.234699999608
1562,2025-10-07 08:00:00,-6253.200000000055,-14316.03469999961
1563,2025-10-07 12:00:00,-6604.000000000058,-14666.834699999614
1564,2025-10-07 16:00:00,-7254.6000000000495,-15317.434699999605
1565,2025-10-07 20:00:00,-6484.500000000058,-14547.334699999614
1566,2025-10-08 00:00:00,-9093.400000000052,-17156.234699999608
1567,2025-10-08 04:00:00,-9288.10000000005,-17350.934699999605
1568,2025-10-08 08:00:00,-9595.200000000055,-17658.03469999961
1569,2025-10-08 12:00:00,-9548.60000000005,-17611.434699999605
1570,2025-10-08 16:00:00,-9331.300000000061,-17394.134699999617
1571,2025-10-08 20:00:00,-8056.000000000058,-16118.834699999614
1572,2025-10-09 00:00:00,-8741.60000000005,-16804.434699999605
1573,2025-10-09 04:00:00,-7499.900000000052,-15562.734699999608
1574,2025-10-09 08:00:00,-7644.200000000055,-15707.03469999961
1575,2025-10-09 12:00:00,-8893.300000000061,-16956.134699999617
1576,2025-10-09 16:00:00,-9033.800000000061,-17096.634699999617
1577,2025-10-09 20:00:00,-8208.800000000061,-16271.634699999617
1578,2025-10-10 00:00:00,-9802.300000000061,-17865.134699999617
1579,2025-10-10 04:00:00,-9984.10000000005,-18046.934699999605
1580,2025-10-10 08:00:00,-9302.400000000052,-17365.234699999608
1581,2025-10-10 12:00:00,-9920.900000000052,-17983.734699999608
1582,2025-10-10 16:00:00,-9995.60000000005,-18179.32079999961
1583,2025-10-10 20:00:00,-9995.60000000005,-18179.32079999961
1584,2025-10-11 00:00:00,-9995.60000000005,-18179.32079999961
1585,2025-10-11 04:00:00,-9995.60000000005,-18295.926099999604
1586,2025-10-11 08:00:00,-6105.200000000041,-14405.526099999595
1587,2025-10-11 12:00:00,-5652.200000000041,-13952.526099999595
1588,2025-10-11 16:00:00,-3729.0000000000437,-12029.326099999598
1589,2025-10-11 20:00:00,-5614.900000000052,-13915.226099999607
1590,2025-10-12 00:00:00,-5134.700000000041,-13435.026099999595
1591,2025-10-12 04:00:00,-4517.000000000044,-12817.326099999598
1592,2025-10-12 08:00:00,-3969.4000000000524,-12269.726099999607
1593,2025-10-12 12:00:00,-4033.6000000000495,-12333.926099999604
1594,2025-10-12 16:00:00,-4854.300000000047,-13154.626099999601
1595,2025-10-12 20:00:00,-5174.1000000000495,-13474.426099999604
1596,2025-10-13 00:00:00,-6509.300000000047,-14809.626099999601
1597,2025-10-13 04:00:00,-7679.000000000044,-15979.326099999598
1598,2025-10-13 08:00:00,-8284.70000000004,-16585.026099999595
1599,2025-10-13 12:00:00,-8163.900000000052,-16464.226099999607
1600,2025-10-13 16:00:00,-8732.000000000044,-17032.3260999996
1601,2025-10-13 20:00:00,-7519.6000000000495,-15819.926099999604
1602,2025-10-14 00:00:00,-7651.000000000044,-15951.326099999598
1603,2025-10-14 04:00:00,-9116.900000000052,-17417.226099999607
1604,2025-10-14 08:00:00,-8502.20000000004,-16802.526099999595
1605,2025-10-14 12:00:00,-6831.300000000047,-15131.626099999601
1606,2025-10-14 16:00:00,-5055.500000000044,-13355.826099999598
1607,2025-10-14 20:00:00,-4631.700000000041,-12932.026099999595
1608,2025-10-15 00:00:00,-6213.300000000047,-14513.626099999601
1609,2025-10-15 04:00:00,-5934.200000000041,-14234.526099999595
1610,2025-10-15 08:00:00,-6374.1000000000495,-14674.426099999604
1611,2025-10-15 12:00:00,-5369.000000000044,-13669.326099999598
1612,2025-10-15 16:00:00,-5914.6000000000495,-14214.926099999604
1613,2025-10-15 20:00:00,-5231.300000000047,-13531.626099999601
1614,2025-10-16 00:00:00,-4147.800000000047,-12448.126099999601
1615,2025-10-16 04:00:00,-4593.000000000044,-12893.326099999598
1616,2025-10-16 08:00:00,-4089.3000000000466,-12389.626099999601
1617,2025-10-16 12:00:00,-4667.700000000041,-12968.026099999595
1618,2025-10-16 16:00:00,-3908.5000000000437,-12208.826099999598
1619,2025-10-16 20:00:00,-4754.200000000041,-13054.526099999595
1620,2025-10-17 00:00:00,-1864.3000000000466,-10164.626099999601
1621,2025-10-17 04:00:00,-1541.6000000000495,-9841.926099999604
1622,2025-10-17 08:00:00,-1519.7000000000407,-9820.026099999595
1623,2025-10-17 12:00:00,-2512.1000000000495,-10812.426099999604
1624,2025-10-17 16:00:00,1031.3999999999505,-7268.926099999604
1625,2025-10-17 20:00:00,999.1999999999534,-7301.126099999601
1626,2025-10-18 00:00:00,-140.4000000000524,-8440.726099999607
1627,2025-10-18 04:00:00,193.29999999995925,-8107.026099999595
1628,2025-10-18 08:00:00,231.0999999999476,-8069.226099999607
1629,2025-10-18 12:00:00,-415.30000000004657,-8715.626099999601
1630,2025-10-18 16:00:00,-38.60000000004948,-8338.926099999604
1631,2025-10-18 20:00:00,-541.3000000000466,-8841.626099999601
1632,2025-10-19 00:00:00,-283.50000000004366,-8583.826099999598
1633,2025-10-19 04:00:00,-413.30000000004657,-8713.626099999601
1634,2025-10-19 08:00:00,-507.80000000004657,-8808.126099999601
1635,2025-10-19 12:00:00,-612.2000000000407,-8912.526099999595
1636,2025-10-19 16:00:00,-123.60000000004948,-8423.926099999604
1637,2025-10-19 20:00:00,-1120.9000000000524,-9421.226099999607
1638,2025-10-20 00:00:00,-1819.8000000000466,-10120.126099999601
1639,2025-10-20 04:00:00,-2240.3000000000466,-10540.626099999601
1640,2025-10-20 08:00:00,-1976.5000000000437,-10276.826099999598
1641,2025-10-20 12:00:00,-3490.7000000000407,-11791.026099999595
1642,2025-10-20 16:00:00,-4516.500000000044,-12816.826099999598
1643,2025-10-20 20:00:00,-4359.800000000047,-12660.126099999601
1644,2025-10-21 00:00:00,-4469.400000000052,-12769.726099999607
1645,2025-10-21 04:00:00,-4125.300000000047,-12425.626099999601
1646,2025-10-21 08:00:00,-3860.2000000000407,-12160.526099999595
1647,2025-10-21 12:00:00,-2395.3000000000466,-10695.626099999601
1648,2025-10-21 16:00:00,-1410.3000000000466,-9710.626099999601
1649,2025-10-21 20:00:00,-1909.7000000000407,-10210.026099999595
1650,2025-10-22 00:00:00,-6745.500000000044,-15159.18129999959
1651,2025-10-22 04:00:00,-6745.500000000044,-15159.18129999959
1652,2025-10-22 08:00:00,-6745.500000000044,-15159.18129999959
1653,2025-10-22 12:00:00,-6745.500000000044,-15159.18129999959
1654,2025-10-22 16:00:00,-6745.500000000044,-15159.18129999959
1655,2025-10-22 20:00:00,-6745.500000000044,-15266.682999999583
1656,2025-10-23 00:00:00,-5877.300000000047,-14398.482999999585
1657,2025-10-23 04:00:00,-6418.200000000041,-14939.38299999958
1658,2025-10-23 08:00:00,-6715.200000000041,-15236.38299999958
1659,2025-10-23 12:00:00,-5925.000000000044,-14446.182999999583
1660,2025-10-23 16:00:00,-5018.600000000035,-13539.782999999574
1661,2025-10-23 20:00:00,-5028.700000000041,-13549.88299999958
1662,2025-10-24 00:00:00,-4398.200000000041,-12919.38299999958
1663,2025-10-24 04:00:00,-4109.400000000038,-12630.582999999577
1664,2025-10-24 08:00:00,-4221.300000000047,-12742.482999999585
1665,2025-10-24 12:00:00,-3847.3000000000466,-12368.482999999585
1666,2025-10-24 16:00:00,-3233.5000000000437,-11754.682999999583
1667,2025-10-24 20:00:00,-3240.5000000000437,-11761.682999999583
1668,2025-10-25 00:00:00,-4237.400000000038,-12758.582999999577
1669,2025-10-25 04:00:00,-3675.900000000038,-12197.082999999577
1670,2025-10-25 08:00:00,-3281.8000000000466,-11802.982999999585
1671,2025-10-25 12:00:00,-3284.900000000038,-11806.082999999577
1672,2025-10-25 16:00:00,-2801.8000000000466,-11322.982999999585
1673,2025-10-25 20:00:00,-2724.5000000000437,-11245.682999999583
1674,2025-10-26 00:00:00,-2906.3000000000466,-11427.482999999585
1675,2025-10-26 04:00:00,-2672.3000000000466,-11193.482999999585
1676,2025-10-26 08:00:00,-2657.8000000000466,-11178.982999999585
1677,2025-10-26 12:00:00,-3037.100000000035,-11558.282999999574
1678,2025-10-26 16:00:00,-2574.400000000038,-11095.582999999577
1679,2025-10-26 20:00:00,-1012.0000000000437,-9533.182999999583
1680,2025-10-27 00:00:00,-599.1000000000349,-9120.282999999574
1681,2025-10-27 04:00:00,-700.9000000000378,-9222.082999999577
1682,2025-10-27 08:00:00,250.59999999996217,-8270.582999999577
1683,2025-10-27 12:00:00,680.4999999999563,-7840.6829999995825
1684,2025-10-27 16:00:00,1275.2999999999593,-7245.88299999958
1685,2025-10-27 20:00:00,1055.0999999999622,-7466.082999999577
1686,2025-10-28 00:00:00,667.1999999999534,-7853.982999999585
1687,2025-10-28 04:00:00,647.6999999999534,-7873.482999999585
1688,2025-10-28 08:00:00,-183.10000000003492,-8704.282999999574
1689,2025-10-28 12:00:00,-383.30000000004657,-8904.482999999585
1690,2025-10-28 16:00:00,-118.50000000004366,-8639.682999999583
1691,2025-10-28 20:00:00,43.499999999956344,-8477.682999999583
1692,2025-10-29 00:00:00,324.69999999995343,-8196.482999999585
1693,2025-10-29 04:00:00,-618.2000000000407,-9139.38299999958
1694,2025-10-29 08:00:00,-1413.7000000000407,-9934.88299999958
1695,2025-10-29 12:00:00,-1787.600000000035,-10308.782999999574
1696,2025-10-29 16:00:00,-735.3000000000466,-9256.482999999585
1697,2025-10-29 20:00:00,-1162.7000000000407,-9683.88299999958
1698,2025-10-30 00:00:00,-2786.600000000035,-11307.782999999574
1699,2025-10-30 04:00:00,-3641.600000000035,-12162.782999999574
1700,2025-10-30 08:00:00,-4261.600000000035,-12782.782999999574
1701,2025-10-30 12:00:00,-3552.7000000000407,-12073.88299999958
1702,2025-10-30 16:00:00,-2933.7000000000407,-11454.88299999958
1703,2025-10-30 20:00:00,-4581.200000000041,-13102.38299999958
1704,2025-10-31 00:00:00,-6576.600000000035,-15097.782999999574
1705,2025-10-31 04:00:00,-7752.100000000035,-16273.282999999574
1706,2025-10-31 08:00:00,-5983.700000000041,-14504.88299999958
1707,2025-10-31 12:00:00,-5061.000000000044,-13582.182999999583
1708,2025-10-31 16:00:00,-4847.100000000035,-13368.282999999574
1709,2025-10-31 20:00:00,-3871.5000000000437,-12392.682999999583
1710,2025-11-01 00:00:00,-4087.100000000035,-12608.282999999574
1711,2025-11-01 04:00:00,-4444.400000000038,-12965.582999999577
1712,2025-11-01 08:00:00,-4689.900000000038,-13211.082999999577
1713,2025-11-01 12:00:00,-4052.600000000035,-12573.782999999574
1714,2025-11-01 16:00:00,-4221.900000000038,-12743.082999999577
1715,2025-11-01 20:00:00,-4151.000000000044,-12672.182999999583
1716,2025-11-02 00:00:00,-3994.0000000000437,-12515.182999999583
1717,2025-11-02 04:00:00,-3998.2000000000407,-12519.38299999958
1718,2025-11-02 08:00:00,-4200.000000000044,-12721.182999999583
1719,2025-11-02 12:00:00,-4238.700000000041,-12759.88299999958
1720,2025-11-02 16:00:00,-3403.100000000035,-11924.282999999574
1721,2025-11-02 20:00:00,-3101.8000000000466,-11622.982999999585
1722,2025-11-03 00:00:00,-4181.100000000035,-12702.282999999574
1723,2025-11-03 04:00:00,-4122.000000000044,-12753.308199999577
1724,2025-11-03 08:00:00,-4122.000000000044,-12753.308199999577
1725,2025-11-03 12:00:00,-4122.000000000044,-12753.308199999577
1726,2025-11-03 16:00:00,-4122.000000000044,-12753.308199999577
1727,2025-11-03 20:00:00,-4122.000000000044,-12753.308199999577
1728,2025-11-04 00:00:00,-4122.000000000044,-12753.308199999577
1729,2025-11-04 04:00:00,-4122.000000000044,-12753.308199999577
1730,2025-11-04 08:00:00,-4122.000000000044,-12753.308199999577
1731,2025-11-04 12:00:00,-4122.000000000044,-12753.308199999577
1732,2025-11-04 16:00:00,-4122.000000000044,-12857.751099999572
1733,2025-11-04 20:00:00,-4209.800000000047,-12945.551099999575
1734,2025-11-05 00:00:00,-2836.8000000000466,-11572.551099999575
1735,2025-11-05 04:00:00,-186.10000000004948,-8921.851099999578
1736,2025-11-05 08:00:00,-1129.4000000000524,-9865.15109999958
1737,2025-11-05 12:00:00,-1773.9000000000524,-10509.65109999958
1738,2025-11-05 16:00:00,-1625.2000000000553,-10360.951099999584
1739,2025-11-05 20:00:00,-1698.5000000000437,-10434.251099999572
1740,2025-11-06 00:00:00,-3347.4000000000524,-12083.15109999958
1741,2025-11-06 04:00:00,-3629.1000000000495,-12364.851099999578
1742,2025-11-06 08:00:00,-3516.1000000000495,-12251.851099999578
1743,2025-11-06 12:00:00,-3277.4000000000524,-12013.15109999958
1744,2025-11-06 16:00:00,-2817.7000000000553,-11553.451099999584
1745,2025-11-06 20:00:00,-2861.7000000000553,-11597.451099999584
1746,2025-11-07 00:00:00,-1660.7000000000553,-10396.451099999584
1747,2025-11-07 04:00:00,-1015.0000000000437,-9750.751099999572
1748,2025-11-07 08:00:00,-984.7000000000553,-9720.451099999584
1749,2025-11-07 12:00:00,-1542.6000000000495,-10278.351099999578
1750,2025-11-07 16:00:00,-1657.9000000000524,-10393.65109999958
1751,2025-11-07 20:00:00,-48.2000000000553,-8783.951099999584
1752,2025-11-08 00:00:00,-437.1000000000495,-9172.851099999578
1753,2025-11-08 04:00:00,-3029.1000000000495,-11764.851099999578
1754,2025-11-08 08:00:00,-2984.3000000000466,-11720.051099999575
1755,2025-11-08 12:00:00,-2224.9000000000524,-10960.65109999958
1756,2025-11-08 16:00:00,-1982.0000000000437,-10717.751099999572
1757,2025-11-08 20:00:00,-1484.7000000000553,-10220.451099999584
1758,2025-11-09 00:00:00,-1357.1000000000495,-10092.851099999578
1759,2025-11-09 04:00:00,-1613.4000000000524,-10349.15109999958
1760,2025-11-09 08:00:00,-1948.4000000000524,-10684.15109999958
1761,2025-11-09 12:00:00,-1302.0000000000437,-10037.751099999572
1762,2025-11-09 16:00:00,-1577.3000000000466,-10313.051099999575
1763,2025-11-09 20:00:00,-1877.3000000000466,-10613.051099999575
1764,2025-11-10 00:00:00,-3394.9000000000524,-12234.366899999572
1765,2025-11-10 04:00:00,-3394.9000000000524,-12234.366899999572
1766,2025-11-10 08:00:00,-3394.9000000000524,-12234.366899999572
1767,2025-11-10 12:00:00,-3394.9000000000524,-12340.357499999562
1768,2025-11-10 16:00:00,-2967.800000000061,-11913.25749999957
1769,2025-11-10 20:00:00,-3248.9000000000524,-12194.357499999562
1770,2025-11-11 00:00:00,-4356.600000000064,-13302.057499999573
1771,2025-11-11 04:00:00,-3618.300000000061,-12563.75749999957
1772,2025-11-11 08:00:00,-3419.2000000000553,-12364.657499999565
1773,2025-11-11 12:00:00,-2978.2000000000553,-11923.657499999565
1774,2025-11-11 16:00:00,-4648.500000000058,-13593.957499999568
1775,2025-11-11 20:00:00,-4129.300000000061,-13074.75749999957
1776,2025-11-12 00:00:00,-5968.300000000061,-14913.75749999957
1777,2025-11-12 04:00:00,-6311.900000000052,-15257.357499999562
1778,2025-11-12 08:00:00,-6379.700000000055,-15325.157499999565
1779,2025-11-12 12:00:00,-6118.300000000061,-15063.75749999957
1780,2025-11-12 16:00:00,-6318.800000000061,-15264.25749999957
1781,2025-11-12 20:00:00,-4405.600000000064,-13351.057499999573
1782,2025-11-13 00:00:00,-7260.600000000064,-16206.057499999573
1783,2025-11-13 04:00:00,-8140.100000000064,-17085.557499999573
1784,2025-11-13 08:00:00,-7779.700000000055,-16725.157499999565
1785,2025-11-13 12:00:00,-7297.400000000052,-16242.857499999562
1786,2025-11-13 16:00:00,-5954.600000000064,-14900.057499999573
1787,2025-11-13 20:00:00,-6485.500000000058,-15430.957499999568
1788,2025-11-14 00:00:00,-8047.500000000058,-16992.957499999568
1789,2025-11-14 04:00:00,-10742.400000000052,-19786.500599999563
1790,2025-11-14 08:00:00,-10742.400000000052,-19786.500599999563
1791,2025-11-14 12:00:00,-10742.400000000052,-19885.603899999565
1792,2025-11-14 16:00:00,-8739.000000000044,-17882.203899999557
1793,2025-11-14 20:00:00,-7773.700000000055,-16916.90389999957
1794,2025-11-15 00:00:00,-8391.700000000055,-17534.90389999957
1795,2025-11-15 04:00:00,-7376.400000000052,-16519.603899999565
1796,2025-11-15 08:00:00,-6184.000000000044,-15327.203899999557
1797,2025-11-15 12:00:00,-8027.6000000000495,-17170.803899999562
1798,2025-11-15 16:00:00,-7928.500000000044,-17071.703899999557
1799,2025-11-15 20:00:00,-7296.400000000052,-16439.603899999565
1800,2025-11-16 00:00:00,-7861.200000000055,-17004.40389999957
1801,2025-11-16 04:00:00,-7606.800000000047,-16750.00389999956
1802,2025-11-16 08:00:00,-7199.400000000052,-16342.603899999565
1803,2025-11-16 12:00:00,-7421.1000000000495,-16564.303899999562
1804,2025-11-16 16:00:00,-7703.900000000052,-16847.103899999565
1805,2025-11-16 20:00:00,-7227.1000000000495,-16370.303899999562
1806,2025-11-17 00:00:00,-6170.400000000052,-15313.603899999565
1807,2025-11-17 04:00:00,-5633.6000000000495,-14776.803899999562
1808,2025-11-17 08:00:00,-5860.800000000047,-15004.00389999956
1809,2025-11-17 12:00:00,-7111.200000000055,-16254.403899999568
1810,2025-11-17 16:00:00,-7227.000000000044,-16370.203899999557
1811,2025-11-17 20:00:00,-7169.200000000055,-16312.403899999568
1812,2025-11-18 00:00:00,-5554.800000000047,-14698.00389999956
1813,2025-11-18 04:00:00,-3295.3000000000466,-12438.50389999956
1814,2025-11-18 08:00:00,-3808.8000000000466,-12952.00389999956
1815,2025-11-18 12:00:00,-2451.0000000000437,-11594.203899999557
1816,2025-11-18 16:00:00,-2098.2000000000553,-11241.403899999568
1817,2025-11-18 20:00:00,-3112.7000000000553,-12255.903899999568
1818,2025-11-19 00:00:00,-4490.500000000044,-13633.703899999557
1819,2025-11-19 04:00:00,-4782.200000000055,-13925.403899999568
1820,2025-11-19 08:00:00,-4556.000000000044,-13699.203899999557
1821,2025-11-19 12:00:00,-3481.3000000000466,-12624.50389999956
1822,2025-11-19 16:00:00,-3465.7000000000553,-12608.903899999568
1823,2025-11-19 20:00:00,-3011.5000000000437,-12154.703899999557
1824,2025-11-20 00:00:00,-1540.1000000000495,-10683.303899999562
1825,2025-11-20 04:00:00,-496.80000000004657,-9640.00389999956
1826,2025-11-20 08:00:00,-3148.0000000000437,-12291.203899999557
1827,2025-11-20 12:00:00,-4043.7000000000553,-13186.903899999568
1828,2025-11-20 16:00:00,-3906.5000000000437,-13049.703899999557
1829,2025-11-20 20:00:00,-3531.7000000000553,-12674.903899999568
1830,2025-11-21 00:00:00,-1474.5000000000437,-10617.703899999557
1831,2025-11-21 04:00:00,1480.5999999999476,-7662.603899999565
1832,2025-11-21 08:00:00,1759.5999999999476,-7383.603899999565
1833,2025-11-21 12:00:00,2578.3999999999505,-6564.803899999562
1834,2025-11-21 16:00:00,4354.199999999953,-4789.0038999995595
1835,2025-11-21 20:00:00,6081.799999999945,-3061.4038999995682
1836,2025-11-22 00:00:00,5455.799999999945,-3687.4038999995682
1837,2025-11-22 04:00:00,4193.699999999953,-4949.5038999995595
1838,2025-11-22 08:00:00,3267.3999999999505,-5875.803899999562
1839,2025-11-22 12:00:00,3946.7999999999447,-5196.403899999568
1840,2025-11-22 16:00:00,3823.4999999999563,-5319.703899999557
1841,2025-11-22 20:00:00,4294.699999999953,-4848.5038999995595
1842,2025-11-23 00:00:00,4120.999999999956,-5022.203899999557
1843,2025-11-23 04:00:00,3794.1999999999534,-5349.0038999995595
1844,2025-11-23 08:00:00,3671.4999999999563,-5471.703899999557
1845,2025-11-23 12:00:00,2099.8999999999505,-7043.303899999562
1846,2025-11-23 16:00:00,2628.8999999999505,-6514.303899999562
1847,2025-11-23 20:00:00,2070.5999999999476,-7072.603899999565
1848,2025-11-24 00:00:00,1318.0999999999476,-7825.103899999565
1849,2025-11-24 04:00:00,1084.1999999999534,-8059.0038999995595
1850,2025-11-24 08:00:00,1553.1999999999534,-7590.0038999995595
1851,2025-11-24 12:00:00,952.0999999999476,-8191.103899999565
1852,2025-11-24 16:00:00,1356.2999999999447,-7786.903899999568
1853,2025-11-24 20:00:00,2128.3999999999505,-7014.803899999562
1854,2025-11-25 00:00:00,1789.8999999999505,-7353.303899999562
1855,2025-11-25 04:00:00,83.89999999995052,-9059.303899999562
1856,2025-11-25 08:00:00,113.7999999999447,-9029.403899999568
1857,2025-11-25 12:00:00,585.7999999999447,-8557.403899999568
1858,2025-11-25 16:00:00,998.6999999999534,-8144.5038999995595
1859,2025-11-25 20:00:00,1048.9999999999563,-8094.203899999557
1860,2025-11-26 00:00:00,1414.3999999999505,-7728.803899999562
1861,2025-11-26 04:00:00,1525.8999999999505,-7617.303899999562
1862,2025-11-26 08:00:00,1036.7999999999447,-8106.403899999568
1863,2025-11-26 12:00:00,1272.3999999999505,-7870.803899999562
1864,2025-11-26 16:00:00,464.69999999995343,-8678.50389999956
1865,2025-11-26 20:00:00,1311.6999999999534,-7831.5038999995595
1866,2025-11-27 00:00:00,1434.6999999999534,-7708.5038999995595
1867,2025-11-27 04:00:00,-1562.4000000000524,-10705.603899999565
1868,2025-11-27 08:00:00,-2077.2000000000553,-11220.403899999568
1869,2025-11-27 12:00:00,-2688.4000000000524,-11831.603899999565
1870,2025-11-27 16:00:00,-3000.6000000000495,-12143.803899999562
1871,2025-11-27 20:00:00,-2974.0000000000437,-12208.538799999544
1872,2025-11-28 00:00:00,-2974.0000000000437,-12208.538799999544
1873,2025-11-28 04:00:00,-2974.0000000000437,-12208.538799999544
1874,2025-11-28 08:00:00,-2974.0000000000437,-12208.538799999544
1875,2025-11-28 12:00:00,-2974.0000000000437,-12208.538799999544
1876,2025-11-28 16:00:00,-2974.0000000000437,-12208.538799999544
1877,2025-11-28 20:00:00,-2974.0000000000437,-12208.538799999544
1878,2025-11-29 00:00:00,-2974.0000000000437,-12208.538799999544
1879,2025-11-29 04:00:00,-2974.0000000000437,-12208.538799999544
1880,2025-11-29 08:00:00,-2974.0000000000437,-12299.386599999532
1881,2025-11-29 12:00:00,-3183.8000000000466,-12509.186599999535
1882,2025-11-29 16:00:00,-3298.3000000000466,-12623.686599999535
1883,2025-11-29 20:00:00,-3188.1000000000495,-12513.486599999538
1884,2025-11-30 00:00:00,-2791.8000000000466,-12117.186599999535
1885,2025-11-30 04:00:00,-3218.9000000000524,-12544.286599999541
1886,2025-11-30 08:00:00,-3056.8000000000466,-12382.186599999535
1887,2025-11-30 12:00:00,-2948.8000000000466,-12274.186599999535
1888,2025-11-30 16:00:00,-2897.3000000000466,-12222.686599999535
1889,2025-11-30 20:00:00,-2820.9000000000524,-12146.286599999541
1890,2025-12-01 00:00:00,-2416.0000000000437,-11741.386599999532
1891,2025-12-01 04:00:00,-2398.6000000000495,-11723.986599999538
1892,2025-12-01 08:00:00,-3501.2000000000407,-12826.58659999953
1893,2025-12-01 12:00:00,-7502.6000000000495,-16827.986599999538
1894,2025-12-01 16:00:00,-7334.200000000041,-16659.58659999953
1895,2025-12-01 20:00:00,-7721.700000000041,-17047.08659999953
1896,2025-12-02 00:00:00,-9171.800000000047,-18497.186599999535
1897,2025-12-02 04:00:00,-8836.800000000047,-18162.186599999535
1898,2025-12-02 08:00:00,-7580.200000000041,-16905.58659999953
1899,2025-12-02 12:00:00,-6885.800000000047,-16211.186599999535
1900,2025-12-02 16:00:00,-6856.800000000047,-16269.151599999532
1901,2025-12-02 20:00:00,-6856.800000000047,-16269.151599999532
1902,2025-12-03 00:00:00,-6856.800000000047,-16359.960799999535
1903,2025-12-03 04:00:00,-7897.500000000044,-17400.660799999532
1904,2025-12-03 08:00:00,-7296.700000000055,-16799.860799999544
1905,2025-12-03 12:00:00,-8636.800000000047,-18139.960799999535
1906,2025-12-03 16:00:00,-9017.500000000044,-18520.660799999532
1907,2025-12-03 20:00:00,-9005.300000000047,-18508.460799999535
1908,2025-12-04 00:00:00,-8380.500000000044,-17883.660799999532
1909,2025-12-04 04:00:00,-9043.400000000052,-18546.56079999954
1910,2025-12-04 08:00:00,-9424.300000000047,-18927.460799999535
1911,2025-12-04 12:00:00,-9547.500000000044,-19050.660799999532
1912,2025-12-04 16:00:00,-9406.200000000055,-18909.360799999544
1913,2025-12-04 20:00:00,-8942.500000000044,-18445.660799999532
1914,2025-12-05 00:00:00,-8981.10000000005,-18484.260799999538
1915,2025-12-05 04:00:00,-7989.1000000000495,-17492.260799999538
1916,2025-12-05 08:00:00,-8082.300000000047,-17585.460799999535
1917,2025-12-05 12:00:00,-8152.500000000044,-17655.660799999532
1918,2025-12-05 16:00:00,-8275.10000000005,-17778.260799999538
1919,2025-12-05 20:00:00,-7355.500000000044,-16858.660799999532
1920,2025-12-06 00:00:00,-6461.6000000000495,-15964.760799999538
1921,2025-12-06 04:00:00,-5638.1000000000495,-15141.260799999538
1922,2025-12-06 08:00:00,-5336.1000000000495,-14839.260799999538
1923,2025-12-06 12:00:00,-5684.1000000000495,-15187.260799999538
1924,2025-12-06 16:00:00,-5597.200000000055,-15100.360799999544
1925,2025-12-06 20:00:00,-5633.000000000044,-15136.160799999532
1926,2025-12-07 00:00:00,-5761.000000000044,-15264.160799999532
1927,2025-12-07 04:00:00,-5417.000000000044,-15009.530199999528
1928,2025-12-07 08:00:00,-5417.000000000044,-15009.530199999528
1929,2025-12-07 12:00:00,-5417.000000000044,-15009.530199999528
1930,2025-12-07 16:00:00,-5417.000000000044,-15009.530199999528
1931,2025-12-07 20:00:00,-5417.000000000044,-15009.530199999528
1932,2025-12-08 00:00:00,-5417.000000000044,-15009.530199999528
1933,2025-12-08 04:00:00,-5417.000000000044,-15009.530199999528
1934,2025-12-08 08:00:00,-5417.000000000044,-15009.530199999528
1935,2025-12-08 12:00:00,-5417.000000000044,-15100.569599999522
1936,2025-12-08 16:00:00,-5897.400000000052,-15580.969599999531
1937,2025-12-08 20:00:00,-6301.1000000000495,-15984.669599999528
1938,2025-12-09 00:00:00,-4290.200000000055,-13973.769599999534
1939,2025-12-09 04:00:00,-4451.200000000055,-14134.769599999534
1940,2025-12-09 08:00:00,-4988.400000000052,-14671.969599999531
1941,2025-12-09 12:00:00,-4741.6000000000495,-14425.169599999528
1942,2025-12-09 16:00:00,-4827.500000000044,-14511.069599999522
1943,2025-12-09 20:00:00,-4719.500000000044,-14403.069599999522
1944,2025-12-10 00:00:00,-7054.500000000044,-16738.069599999522
1945,2025-12-10 04:00:00,-8139.500000000044,-17916.831499999505
1946,2025-12-10 08:00:00,-8139.500000000044,-17916.831499999505
1947,2025-12-10 12:00:00,-8139.500000000044,-18009.1974999995
1948,2025-12-10 16:00:00,-8518.20000000004,-18387.897499999497
1949,2025-12-10 20:00:00,-7859.000000000044,-17728.6974999995
1950,2025-12-11 00:00:00,-7795.300000000047,-17664.997499999503
1951,2025-12-11 04:00:00,-8687.300000000047,-18649.911299999498
1952,2025-12-11 08:00:00,-8687.300000000047,-18649.911299999498
1953,2025-12-11 12:00:00,-8687.300000000047,-18649.911299999498
1954,2025-12-11 16:00:00,-8687.300000000047,-18649.911299999498
1955,2025-12-11 20:00:00,-8687.300000000047,-18649.911299999498
1956,2025-12-12 00:00:00,-8687.300000000047,-18649.911299999498
1957,2025-12-12 04:00:00,-8687.300000000047,-18649.911299999498
1958,2025-12-12 08:00:00,-8687.300000000047,-18649.911299999498
1959,2025-12-12 12:00:00,-8687.300000000047,-18649.911299999498
1960,2025-12-12 16:00:00,-8687.300000000047,-18649.911299999498
1961,2025-12-12 20:00:00,-8687.300000000047,-18649.911299999498
1962,2025-12-13 00:00:00,-8687.300000000047,-18649.911299999498
1963,2025-12-13 04:00:00,-8687.300000000047,-18649.911299999498
1964,2025-12-13 08:00:00,-8687.300000000047,-18649.911299999498
1965,2025-12-13 12:00:00,-8687.300000000047,-18649.911299999498
1966,2025-12-13 16:00:00,-8687.300000000047,-18649.911299999498
1967,2025-12-13 20:00:00,-8687.300000000047,-18649.911299999498
1968,2025-12-14 00:00:00,-8687.300000000047,-18649.911299999498
1969,2025-12-14 04:00:00,-8687.300000000047,-18649.911299999498
1970,2025-12-14 08:00:00,-8687.300000000047,-18649.911299999498
1971,2025-12-14 12:00:00,-8687.300000000047,-18649.911299999498
1972,2025-12-14 16:00:00,-8687.300000000047,-18649.911299999498
1973,2025-12-14 20:00:00,-8687.300000000047,-18649.911299999498
1974,2025-12-15 00:00:00,-8687.300000000047,-18649.911299999498
1975,2025-12-15 04:00:00,-8687.300000000047,-18649.911299999498
1976,2025-12-15 08:00:00,-8687.300000000047,-18649.911299999498
1977,2025-12-15 12:00:00,-8687.300000000047,-18649.911299999498
1978,2025-12-15 16:00:00,-8687.300000000047,-18649.911299999498
1979,2025-12-15 20:00:00,-8687.300000000047,-18649.911299999498
1980,2025-12-16 00:00:00,-8687.300000000047,-18649.911299999498
1981,2025-12-16 04:00:00,-8687.300000000047,-18649.911299999498
1982,2025-12-16 08:00:00,-8687.300000000047,-18649.911299999498
1983,2025-12-16 12:00:00,-8687.300000000047,-18649.911299999498
1984,2025-12-16 16:00:00,-8687.300000000047,-18649.911299999498
1985,2025-12-16 20:00:00,-8687.300000000047,-18649.911299999498
1986,2025-12-17 00:00:00,-8687.300000000047,-18649.911299999498
1987,2025-12-17 04:00:00,-8687.300000000047,-18649.911299999498
1988,2025-12-17 08:00:00,-8687.300000000047,-18649.911299999498
1989,2025-12-17 12:00:00,-8687.300000000047,-18737.089399999502
1990,2025-12-17 16:00:00,-8519.600000000035,-18569.38939999949
1991,2025-12-17 20:00:00,-8448.500000000044,-18498.2893999995
1992,2025-12-18 00:00:00,-8700.600000000035,-18750.38939999949
1993,2025-12-18 04:00:00,-7491.900000000038,-17541.689399999494
1994,2025-12-18 08:00:00,-7710.800000000047,-17760.589399999502
1995,2025-12-18 12:00:00,-8084.300000000047,-18134.089399999502
1996,2025-12-18 16:00:00,-8296.70000000004,-18346.489399999497
1997,2025-12-18 20:00:00,-8777.300000000047,-18827.089399999502
1998,2025-12-19 00:00:00,-9990.000000000044,-20039.7893999995
1999,2025-12-19 04:00:00,-5956.200000000041,-16005.989399999497
2000,2025-12-19 08:00:00,-6978.900000000038,-17028.689399999494
2001,2025-12-19 12:00:00,-8372.300000000047,-18422.089399999502
2002,2025-12-19 16:00:00,-9418.900000000038,-19468.689399999494
2003,2025-12-19 20:00:00,-9679.100000000035,-19728.88939999949
2004,2025-12-20 00:00:00,-9434.800000000047,-19484.589399999502
2005,2025-12-20 04:00:00,-9322.000000000044,-19371.7893999995
2006,2025-12-20 08:00:00,-9609.20000000004,-19658.989399999497
2007,2025-12-20 12:00:00,-9674.500000000044,-19724.2893999995
2008,2025-12-20 16:00:00,-9749.100000000035,-19798.88939999949
2009,2025-12-20 20:00:00,-9752.800000000047,-19802.589399999502
2010,2025-12-21 00:00:00,-9643.800000000047,-19693.589399999502
2011,2025-12-21 04:00:00,-9705.500000000044,-19755.2893999995
2012,2025-12-21 08:00:00,-9830.000000000044,-19879.7893999995
2013,2025-12-21 12:00:00,-9552.400000000038,-19602.189399999494
2014,2025-12-21 16:00:00,-9647.900000000038,-19697.689399999494
2015,2025-12-21 20:00:00,-10079.800000000047,-20129.589399999502
2016,2025-12-22 00:00:00,-9533.900000000038,-19583.689399999494
2017,2025-12-22 04:00:00,-9957.400000000038,-20007.189399999494
2018,2025-12-22 08:00:00,-10130.500000000044,-20268.910699999484
2019,2025-12-22 12:00:00,-10130.500000000044,-20268.910699999484
2020,2025-12-22 16:00:00,-10130.500000000044,-20268.910699999484
2021,2025-12-22 20:00:00,-10130.500000000044,-20268.910699999484
2022,2025-12-23 00:00:00,-10130.500000000044,-20268.910699999484
2023,2025-12-23 04:00:00,-10130.500000000044,-20268.910699999484
2024,2025-12-23 08:00:00,-10130.500000000044,-20268.910699999484
2025,2025-12-23 12:00:00,-10130.500000000044,-20268.910699999484
2026,2025-12-23 16:00:00,-10130.500000000044,-20268.910699999484
2027,2025-12-23 20:00:00,-10130.500000000044,-20268.910699999484
2028,2025-12-24 00:00:00,-10130.500000000044,-20356.315999999468
2029,2025-12-24 04:00:00,-9811.60000000005,-20037.415999999474
2030,2025-12-24 08:00:00,-10072.800000000047,-20298.61599999947
2031,2025-12-24 12:00:00,-10224.400000000052,-20450.215999999476
2032,2025-12-24 16:00:00,-10667.70000000004,-20893.515999999465
2033,2025-12-24 20:00:00,-10373.20000000004,-20599.015999999465
2034,2025-12-25 00:00:00,-10523.800000000047,-20749.61599999947
2035,2025-12-25 04:00:00,-10014.400000000052,-20240.215999999476
2036,2025-12-25 08:00:00,-9908.500000000044,-20134.315999999468
2037,2025-12-25 12:00:00,-9724.20000000004,-19950.015999999465
2038,2025-12-25 16:00:00,-9739.900000000052,-19965.715999999476
2039,2025-12-25 20:00:00,-10050.60000000005,-20276.415999999474
2040,2025-12-26 00:00:00,-9196.900000000052,-19422.715999999476
2041,2025-12-26 04:00:00,-9423.500000000044,-19649.315999999468
2042,2025-12-26 08:00:00,-10353.000000000044,-20578.815999999468
2043,2025-12-26 12:00:00,-8739.60000000005,-18965.415999999474
2044,2025-12-26 16:00:00,-9102.800000000047,-19328.61599999947
2045,2025-12-26 20:00:00,-9028.300000000047,-19254.11599999947
2046,2025-12-27 00:00:00,-10435.800000000047,-20661.61599999947
2047,2025-12-27 04:00:00,-10082.10000000005,-20307.915999999474
2048,2025-12-27 08:00:00,-10217.60000000005,-20443.415999999474
2049,2025-12-27 12:00:00,-10062.400000000052,-20288.215999999476
2050,2025-12-27 16:00:00,-10044.900000000052,-20270.715999999476
2051,2025-12-27 20:00:00,-10102.20000000004,-20328.015999999465
2052,2025-12-28 00:00:00,-10019.60000000005,-20245.415999999474
2053,2025-12-28 04:00:00,-10013.400000000052,-20239.215999999476
2054,2025-12-28 08:00:00,-9706.400000000052,-20020.04539999948
2055,2025-12-28 12:00:00,-9706.400000000052,-20020.04539999948
2056,2025-12-28 16:00:00,-9706.400000000052,-20020.04539999948
2057,2025-12-28 20:00:00,-9706.400000000052,-20020.04539999948
2058,2025-12-29 00:00:00,-9706.400000000052,-20020.04539999948
2059,2025-12-29 04:00:00,-9706.400000000052,-20020.04539999948
2060,2025-12-29 08:00:00,-9706.400000000052,-20020.04539999948
2061,2025-12-29 12:00:00,-9706.400000000052,-20110.136999999464
2062,2025-12-29 16:00:00,-10215.000000000058,-20618.73699999947
2063,2025-12-29 20:00:00,-12269.000000000058,-22672.73699999947
2064,2025-12-30 00:00:00,-12161.400000000052,-22565.136999999464
2065,2025-12-30 04:00:00,-12469.100000000064,-22872.836999999476
2066,2025-12-30 08:00:00,-12594.700000000055,-22998.436999999467
2067,2025-12-30 12:00:00,-12463.300000000061,-22867.036999999473
2068,2025-12-30 16:00:00,-12340.500000000058,-22744.23699999947
2069,2025-12-30 20:00:00,-11922.800000000061,-22326.536999999473
2070,2025-12-31 00:00:00,-10831.200000000055,-21234.936999999467
2071,2025-12-31 04:00:00,-11608.300000000061,-22012.036999999473
2072,2025-12-31 08:00:00,-11342.700000000055,-21746.436999999467
2073,2025-12-31 12:00:00,-11386.500000000058,-21790.23699999947
2074,2025-12-31 16:00:00,-11229.000000000058,-21632.73699999947
2075,2025-12-31 20:00:00,-10830.400000000052,-21234.136999999464
2076,2026-01-01 00:00:00,-11889.000000000058,-22292.73699999947
2077,2026-01-01 04:00:00,-12283.000000000058,-22686.73699999947
2078,2026-01-01 08:00:00,-12189.800000000061,-22593.536999999473
2079,2026-01-01 12:00:00,-11973.400000000052,-22377.136999999464
2080,2026-01-01 16:00:00,-12194.300000000061,-22598.036999999473
2081,2026-01-01 20:00:00,-11817.900000000052,-22221.636999999464
2082,2026-01-02 00:00:00,-11811.200000000055,-22214.936999999467
2083,2026-01-02 04:00:00,-11443.200000000055,-21846.936999999467
2084,2026-01-02 08:00:00,-10998.000000000058,-21401.73699999947
2085,2026-01-02 12:00:00,-10898.700000000055,-21302.436999999467
2086,2026-01-02 16:00:00,-10968.700000000055,-21372.436999999467
2087,2026-01-02 20:00:00,-10339.700000000055,-20743.436999999467
2088,2026-01-03 00:00:00,-10424.900000000052,-20828.636999999464
2089,2026-01-03 04:00:00,-9933.000000000058,-20336.73699999947
2090,2026-01-03 08:00:00,-9846.600000000064,-20250.336999999476
2091,2026-01-03 12:00:00,-9518.100000000064,-19921.836999999476
2092,2026-01-03 16:00:00,-10262.100000000064,-20665.836999999476
2093,2026-01-03 20:00:00,-10091.600000000064,-20495.336999999476
2094,2026-01-04 00:00:00,-9866.200000000055,-20269.936999999467
2095,2026-01-04 04:00:00,-9706.200000000055,-20109.936999999467
2096,2026-01-04 08:00:00,-9202.200000000055,-19605.936999999467
2097,2026-01-04 12:00:00,-8605.300000000061,-19009.036999999473
2098,2026-01-04 16:00:00,-8320.500000000058,-18724.23699999947
2099,2026-01-04 20:00:00,-8535.300000000061,-18939.036999999473
2100,2026-01-05 00:00:00,-8505.200000000055,-18908.936999999467
2101,2026-01-05 04:00:00,-8695.100000000064,-19098.836999999476
2102,2026-01-05 08:00:00,-8300.900000000052,-18704.636999999464
2103,2026-01-05 12:00:00,-6962.800000000061,-17366.536999999473
2104,2026-01-05 16:00:00,-7305.900000000052,-17709.636999999464
2105,2026-01-05 20:00:00,-6704.700000000055,-17108.436999999467
2106,2026-01-06 00:00:00,-5898.100000000064,-16301.836999999476
2107,2026-01-06 04:00:00,-5549.400000000052,-15953.136999999464
2108,2026-01-06 08:00:00,-5975.600000000064,-16379.336999999476
2109,2026-01-06 12:00:00,-6072.200000000055,-16475.936999999467
2110,2026-01-06 16:00:00,-6590.600000000064,-16994.336999999476
2111,2026-01-06 20:00:00,-5998.100000000064,-16401.836999999476
2112,2026-01-07 00:00:00,-6189.800000000061,-16593.536999999473
2113,2026-01-07 04:00:00,-7735.800000000061,-18139.536999999473
2114,2026-01-07 08:00:00,-6090.000000000058,-16493.73699999947
2115,2026-01-07 12:00:00,-7019.800000000061,-17423.536999999473
2116,2026-01-07 16:00:00,-6949.900000000052,-17353.636999999464
2117,2026-01-07 20:00:00,-7756.100000000064,-18159.836999999476
2118,2026-01-08 00:00:00,-8494.900000000052,-18898.636999999464
2119,2026-01-08 04:00:00,-8654.400000000052,-19058.136999999464
2120,2026-01-08 08:00:00,-8470.000000000058,-18873.73699999947
2121,2026-01-08 12:00:00,-9017.900000000052,-19421.636999999464
2122,2026-01-08 16:00:00,-9288.100000000064,-19691.836999999476
2123,2026-01-08 20:00:00,-9605.700000000055,-20009.436999999467
2124,2026-01-09 00:00:00,-9068.000000000058,-19471.73699999947
2125,2026-01-09 04:00:00,-8907.100000000064,-19310.836999999476
2126,2026-01-09 08:00:00,-8738.200000000055,-19141.936999999467
2127,2026-01-09 12:00:00,-8607.900000000052,-19011.636999999464
2128,2026-01-09 16:00:00,-9085.900000000052,-19489.636999999464
2129,2026-01-09 20:00:00,-9399.900000000052,-19803.636999999464
2130,2026-01-10 00:00:00,-8660.300000000061,-19064.036999999473
2131,2026-01-10 04:00:00,-9507.400000000052,-19911.136999999464
2132,2026-01-10 08:00:00,-9194.400000000052,-19598.136999999464
2133,2026-01-10 12:00:00,-9206.700000000055,-19610.436999999467
2134,2026-01-10 16:00:00,-9170.900000000052,-19574.636999999464
2135,2026-01-10 20:00:00,-9105.200000000055,-19508.936999999467
2136,2026-01-11 00:00:00,-9175.300000000061,-19579.036999999473
2137,2026-01-11 04:00:00,-9206.600000000064,-19610.336999999476
2138,2026-01-11 08:00:00,-9328.400000000052,-19732.136999999464
2139,2026-01-11 12:00:00,-9101.500000000058,-19505.23699999947
2140,2026-01-11 16:00:00,-9134.000000000058,-19537.73699999947
2141,2026-01-11 20:00:00,-9090.700000000055,-19494.436999999467
2142,2026-01-12 00:00:00,-8963.900000000052,-19367.636999999464
2143,2026-01-12 04:00:00,-9153.300000000061,-19647.681699999477
2144,2026-01-12 08:00:00,-9153.300000000061,-19647.681699999477
2145,2026-01-12 12:00:00,-9153.300000000061,-19739.447899999475
2146,2026-01-12 16:00:00,-8756.300000000061,-19342.447899999475
2147,2026-01-12 20:00:00,-7961.000000000058,-18547.147899999472
2148,2026-01-13 00:00:00,-9005.800000000061,-19591.947899999475
2149,2026-01-13 04:00:00,-9209.000000000058,-19795.147899999472
2150,2026-01-13 08:00:00,-8639.70000000007,-19225.847899999484
2151,2026-01-13 12:00:00,-8768.000000000058,-19354.147899999472
2152,2026-01-13 16:00:00,-9295.100000000064,-19881.24789999948
2153,2026-01-13 20:00:00,-9349.20000000007,-19935.347899999484
2154,2026-01-14 00:00:00,-10795.000000000058,-21381.147899999472
2155,2026-01-14 04:00:00,-11566.600000000064,-22246.927399999462
2156,2026-01-14 08:00:00,-11566.600000000064,-22246.927399999462
2157,2026-01-14 12:00:00,-11566.600000000064,-22342.593099999445
2158,2026-01-14 16:00:00,-12065.700000000055,-22841.693099999437
2159,2026-01-14 20:00:00,-12468.700000000055,-23244.693099999437
2160,2026-01-15 00:00:00,-10540.400000000067,-21316.393099999448
2161,2026-01-15 04:00:00,-10010.500000000058,-20786.49309999944
2162,2026-01-15 08:00:00,-10324.400000000067,-21100.393099999448
2163,2026-01-15 12:00:00,-11289.200000000055,-22065.193099999437
2164,2026-01-15 16:00:00,-10631.100000000064,-21407.093099999445
2165,2026-01-15 20:00:00,-10683.400000000067,-21459.393099999448
2166,2026-01-16 00:00:00,-10515.000000000058,-21290.99309999944
2167,2026-01-16 04:00:00,-11763.100000000064,-22539.093099999445
2168,2026-01-16 08:00:00,-11665.000000000058,-22440.99309999944
2169,2026-01-16 12:00:00,-11912.700000000055,-22688.693099999437
2170,2026-01-16 16:00:00,-11623.900000000067,-22399.893099999448
2171,2026-01-16 20:00:00,-11849.700000000055,-22625.693099999437
2172,2026-01-17 00:00:00,-12694.800000000061,-23470.793099999442
2173,2026-01-17 04:00:00,-12271.300000000061,-23047.293099999442
2174,2026-01-17 08:00:00,-11728.600000000064,-22504.593099999445
2175,2026-01-17 12:00:00,-11908.300000000061,-22684.293099999442
2176,2026-01-17 16:00:00,-12171.200000000055,-22947.193099999437
2177,2026-01-17 20:00:00,-11948.400000000067,-22724.393099999448
2178,2026-01-18 00:00:00,-11703.300000000061,-22479.293099999442
2179,2026-01-18 04:00:00,-11974.000000000058,-22749.99309999944
2180,2026-01-18 08:00:00,-12124.400000000067,-22900.393099999448
2181,2026-01-18 12:00:00,-12077.300000000061,-22853.293099999442
2182,2026-01-18 16:00:00,-12242.400000000067,-23018.393099999448
2183,2026-01-18 20:00:00,-12098.900000000067,-22874.893099999448
2184,2026-01-19 00:00:00,-12164.500000000058,-22940.49309999944
2185,2026-01-19 04:00:00,-11896.700000000055,-22672.693099999437
2186,2026-01-19 08:00:00,-13618.300000000061,-24394.293099999442
2187,2026-01-19 12:00:00,-14575.700000000055,-25444.34969999944
2188,2026-01-19 16:00:00,-14575.700000000055,-25444.34969999944
2189,2026-01-19 20:00:00,-14575.700000000055,-25444.34969999944
2190,2026-01-20 00:00:00,-14575.700000000055,-25444.34969999944
2191,2026-01-20 04:00:00,-14575.700000000055,-25444.34969999944
2192,2026-01-20 08:00:00,-14575.700000000055,-25444.34969999944
2193,2026-01-20 12:00:00,-14575.700000000055,-25444.34969999944
2194,2026-01-20 16:00:00,-14575.700000000055,-25444.34969999944
2195,2026-01-20 20:00:00,-14575.700000000055,-25444.34969999944
2196,2026-01-21 00:00:00,-14575.700000000055,-25444.34969999944
2197,2026-01-21 04:00:00,-14575.700000000055,-25444.34969999944
2198,2026-01-21 08:00:00,-14575.700000000055,-25444.34969999944
2199,2026-01-21 12:00:00,-14575.700000000055,-25533.745699999432
2200,2026-01-21 16:00:00,-14351.000000000058,-25309.045699999435
2201,2026-01-21 20:00:00,-13936.800000000061,-24894.845699999438
2202,2026-01-22 00:00:00,-15416.800000000061,-26374.845699999438
2203,2026-01-22 04:00:00,-15501.60000000005,-26459.645699999426
2204,2026-01-22 08:00:00,-14591.10000000005,-25549.145699999426
2205,2026-01-22 12:00:00,-15036.700000000055,-25994.745699999432
2206,2026-01-22 16:00:00,-14952.300000000061,-25910.345699999438
2207,2026-01-22 20:00:00,-15089.300000000061,-26047.345699999438
2208,2026-01-23 00:00:00,-14133.300000000061,-25091.345699999438
2209,2026-01-23 04:00:00,-14912.60000000005,-25870.645699999426
2210,2026-01-23 08:00:00,-14698.200000000055,-25656.245699999432
2211,2026-01-23 12:00:00,-15065.800000000061,-26023.845699999438
2212,2026-01-23 16:00:00,-14676.900000000052,-25634.94569999943
2213,2026-01-23 20:00:00,-14350.900000000052,-25308.94569999943
2214,2026-01-24 00:00:00,-14890.900000000052,-25848.94569999943
2215,2026-01-24 04:00:00,-15118.000000000058,-26076.045699999435
2216,2026-01-24 08:00:00,-14738.400000000052,-25696.44569999943
2217,2026-01-24 12:00:00,-14918.10000000005,-25876.145699999426
2218,2026-01-24 16:00:00,-14760.900000000052,-25718.94569999943
2219,2026-01-24 20:00:00,-14728.200000000055,-25686.245699999432
2220,2026-01-25 00:00:00,-14414.700000000055,-25372.745699999432
2221,2026-01-25 04:00:00,-14465.700000000055,-25423.745699999432
2222,2026-01-25 08:00:00,-14360.400000000052,-25318.44569999943
2223,2026-01-25 12:00:00,-14099.700000000055,-25057.745699999432
2224,2026-01-25 16:00:00,-13810.000000000058,-24768.045699999435
2225,2026-01-25 20:00:00,-13710.700000000055,-24668.745699999432
2226,2026-01-26 00:00:00,-13585.700000000055,-24543.745699999432
2227,2026-01-26 04:00:00,-11639.10000000005,-22597.145699999426
2228,2026-01-26 08:00:00,-11808.60000000005,-22766.645699999426
2229,2026-01-26 12:00:00,-12412.800000000061,-23370.845699999438
2230,2026-01-26 16:00:00,-13148.60000000005,-24106.645699999426
2231,2026-01-26 20:00:00,-12989.700000000055,-23947.745699999432
2232,2026-01-27 00:00:00,-12789.200000000055,-23747.245699999432
2233,2026-01-27 04:00:00,-13145.300000000061,-24103.345699999438
2234,2026-01-27 08:00:00,-13480.300000000061,-24438.345699999438
2235,2026-01-27 12:00:00,-13924.300000000061,-24882.345699999438
2236,2026-01-27 16:00:00,-13467.60000000005,-24425.645699999426
2237,2026-01-27 20:00:00,-13127.200000000055,-24085.245699999432
2238,2026-01-28 00:00:00,-13179.800000000061,-24137.845699999438
2239,2026-01-28 04:00:00,-13557.800000000061,-24515.845699999438
2240,2026-01-28 08:00:00,-14377.500000000058,-25335.545699999435
2241,2026-01-28 12:00:00,-14259.500000000058,-25217.545699999435
2242,2026-01-28 16:00:00,-14286.500000000058,-25244.545699999435
2243,2026-01-28 20:00:00,-15216.60000000005,-26174.645699999426
2244,2026-01-29 00:00:00,-14624.10000000005,-25582.145699999426
2245,2026-01-29 04:00:00,-14543.300000000061,-25501.345699999438
2246,2026-01-29 08:00:00,-14441.400000000052,-25399.44569999943
2247,2026-01-29 12:00:00,-13182.900000000052,-24140.94569999943
2248,2026-01-29 16:00:00,-13490.60000000005,-24448.645699999426
2249,2026-01-29 20:00:00,-12974.900000000052,-23932.94569999943
2250,2026-01-30 00:00:00,-10077.700000000055,-21035.745699999432
2251,2026-01-30 04:00:00,-9159.10000000005,-20117.145699999426
2252,2026-01-30 08:00:00,-9784.400000000052,-20742.44569999943
2253,2026-01-30 12:00:00,-7820.6000000000495,-18778.645699999426
2254,2026-01-30 16:00:00,-7949.800000000061,-18907.845699999438
2255,2026-01-30 20:00:00,-8284.500000000058,-19242.545699999435
2256,2026-01-31 00:00:00,-8029.900000000052,-18987.94569999943
2257,2026-01-31 04:00:00,-9379.700000000055,-20337.745699999432
2258,2026-01-31 08:00:00,-9391.10000000005,-20349.145699999426
2259,2026-01-31 12:00:00,-9167.200000000055,-20125.245699999432
2260,2026-01-31 16:00:00,-8694.10000000005,-19652.145699999426
2261,2026-01-31 20:00:00,-8162.900000000052,-19120.94569999943
2262,2026-02-01 00:00:00,-6448.300000000061,-17406.345699999438
2263,2026-02-01 04:00:00,-2887.6000000000495,-13845.645699999426
2264,2026-02-01 08:00:00,-3886.500000000058,-14844.545699999435
2265,2026-02-01 12:00:00,-4006.000000000058,-14964.045699999435
2266,2026-02-01 16:00:00,-3500.500000000058,-14458.545699999435
2267,2026-02-01 20:00:00,-3891.800000000061,-14849.845699999438
2268,2026-02-02 00:00:00,-2743.500000000058,-13701.545699999435
2269,2026-02-02 04:00:00,-2322.1000000000495,-13280.145699999426
2270,2026-02-02 08:00:00,-2111.2000000000553,-13069.245699999432
2271,2026-02-02 12:00:00,-1435.9000000000524,-12393.945699999429
2272,2026-02-02 16:00:00,-1792.3000000000611,-12750.345699999438
2273,2026-02-02 20:00:00,-2895.800000000061,-13853.845699999438
2274,2026-02-03 00:00:00,-3980.300000000061,-14938.345699999438
2275,2026-02-03 04:00:00,-3478.9000000000524,-14436.945699999429
2276,2026-02-03 08:00:00,-3872.2000000000553,-14830.245699999432
2277,2026-02-03 12:00:00,-3890.4000000000524,-14848.445699999429
2278,2026-02-03 16:00:00,-3929.6000000000495,-14887.645699999426
2279,2026-02-03 20:00:00,-3219.800000000061,-14177.845699999438
2280,2026-02-04 00:00:00,-3273.800000000061,-14231.845699999438
2281,2026-02-04 04:00:00,-73.50000000005821,-11031.545699999435
2282,2026-02-04 08:00:00,-912.1000000000495,-11870.145699999426
2283,2026-02-04 12:00:00,-1840.8000000000611,-12798.845699999438
2284,2026-02-04 16:00:00,-1658.6000000000495,-12616.645699999426
2285,2026-02-04 20:00:00,-1167.3000000000611,-12125.345699999438
2286,2026-02-05 00:00:00,713.2999999999447,-10244.745699999432
2287,2026-02-05 04:00:00,924.9999999999418,-10033.045699999435
2288,2026-02-05 08:00:00,1682.8999999999505,-9275.145699999426
2289,2026-02-05 12:00:00,3621.3999999999505,-7336.645699999426
2290,2026-02-05 16:00:00,4104.199999999939,-6853.845699999438
2291,2026-02-05 20:00:00,4541.299999999945,-6416.745699999432
2292,2026-02-06 00:00:00,7368.3999999999505,-3589.645699999426
2293,2026-02-06 04:00:00,9582.899999999943,-1375.1456999994334
2294,2026-02-06 08:00:00,11952.199999999946,994.1543000005695
2295,2026-02-06 12:00:00,10682.199999999946,-275.8456999994305
2296,2026-02-06 16:00:00,10009.099999999948,-948.945699999429
2297,2026-02-06 20:00:00,8234.199999999939,-2723.845699999438
2298,2026-02-07 00:00:00,6242.799999999945,-4715.245699999432
2299,2026-02-07 04:00:00,4144.799999999945,-6813.245699999432
2300,2026-02-07 08:00:00,4275.799999999945,-6682.245699999432
2301,2026-02-07 12:00:00,3933.199999999939,-7024.845699999438
2302,2026-02-07 16:00:00,6769.799999999945,-4188.245699999432
2303,2026-02-07 20:00:00,6885.199999999939,-4072.845699999438
2304,2026-02-08 00:00:00,5698.199999999939,-5259.845699999438
2305,2026-02-08 04:00:00,5478.8999999999505,-5479.145699999426
2306,2026-02-08 08:00:00,5566.099999999948,-5391.945699999429
2307,2026-02-08 12:00:00,5755.599999999948,-5202.445699999429
2308,2026-02-08 16:00:00,5155.299999999945,-5802.745699999432
2309,2026-02-08 20:00:00,3866.2999999999447,-7091.745699999432
2310,2026-02-09 00:00:00,3667.699999999939,-7290.345699999438
2311,2026-02-09 04:00:00,3439.2999999999447,-7518.745699999432
2312,2026-02-09 08:00:00,4532.199999999939,-6425.845699999438
2313,2026-02-09 12:00:00,3550.3999999999505,-7407.645699999426
2314,2026-02-09 16:00:00,4426.799999999945,-6531.245699999432
2315,2026-02-09 20:00:00,5920.3999999999505,-5037.645699999426
2316,2026-02-10 00:00:00,5291.3999999999505,-5666.645699999426
2317,2026-02-10 04:00:00,3907.5999999999476,-7050.445699999429
2318,2026-02-10 08:00:00,4709.799999999945,-6248.245699999432
2319,2026-02-10 12:00:00,5346.999999999942,-5611.045699999435
2320,2026-02-10 16:00:00,5938.199999999939,-5019.845699999438
2321,2026-02-10 20:00:00,6330.3999999999505,-4627.645699999426
2322,2026-02-11 00:00:00,5568.799999999945,-5389.245699999432
2323,2026-02-11 04:00:00,5788.8999999999505,-5169.145699999426
2324,2026-02-11 08:00:00,6014.999999999942,-4943.045699999435
2325,2026-02-11 12:00:00,6676.699999999939,-4349.489299999434
2326,2026-02-11 16:00:00,6676.699999999939,-4349.489299999434
2327,2026-02-11 20:00:00,6676.699999999939,-4349.489299999434
2328,2026-02-12 00:00:00,6676.699999999939,-4415.978599999435
2329,2026-02-12 04:00:00,5618.299999999945,-5474.378599999429
2330,2026-02-12 08:00:00,6111.599999999948,-4981.078599999426
2331,2026-02-12 12:00:00,5615.799999999945,-5476.878599999429
2332,2026-02-12 16:00:00,5984.499999999942,-5108.178599999432
2333,2026-02-12 20:00:00,5134.199999999939,-5958.478599999435
2334,2026-02-13 00:00:00,6058.999999999942,-5033.678599999432
2335,2026-02-13 04:00:00,7405.299999999945,-3687.378599999429
2336,2026-02-13 08:00:00,6922.899999999936,-4169.778599999438
2337,2026-02-13 12:00:00,6646.399999999936,-4446.278599999438
2338,2026-02-13 16:00:00,6982.699999999939,-4109.978599999435
2339,2026-02-13 20:00:00,6028.199999999939,-5064.478599999435
2340,2026-02-14 00:00:00,4513.999999999942,-6578.678599999432
2341,2026-02-14 04:00:00,4261.799999999945,-6830.878599999429
2342,2026-02-14 08:00:00,4344.499999999942,-6748.178599999432
2343,2026-02-14 12:00:00,4218.299999999945,-6874.378599999429
2344,2026-02-14 16:00:00,3983.7999999999447,-7178.0607999994245
2345,2026-02-14 20:00:00,3983.7999999999447,-7178.0607999994245
2346,2026-02-15 00:00:00,3983.7999999999447,-7178.0607999994245
2347,2026-02-15 04:00:00,3983.7999999999447,-7178.0607999994245
2348,2026-02-15 08:00:00,3983.7999999999447,-7178.0607999994245
2349,2026-02-15 12:00:00,3983.7999999999447,-7178.0607999994245
2350,2026-02-15 16:00:00,3983.7999999999447,-7178.0607999994245
2351,2026-02-15 20:00:00,3983.7999999999447,-7178.0607999994245
2352,2026-02-16 00:00:00,3983.7999999999447,-7178.0607999994245
2353,2026-02-16 04:00:00,3983.7999999999447,-7178.0607999994245
2354,2026-02-16 08:00:00,3983.7999999999447,-7178.0607999994245
2355,2026-02-16 12:00:00,3983.7999999999447,-7178.0607999994245
2356,2026-02-16 16:00:00,3983.7999999999447,-7178.0607999994245
2357,2026-02-16 20:00:00,3983.7999999999447,-7178.0607999994245
2358,2026-02-17 00:00:00,3983.7999999999447,-7178.0607999994245
2359,2026-02-17 04:00:00,3983.7999999999447,-7178.0607999994245
2360,2026-02-17 08:00:00,3983.7999999999447,-7246.923299999413
2361,2026-02-17 12:00:00,3564.8999999999505,-7665.823299999407
2362,2026-02-17 16:00:00,3474.699999999939,-7756.023299999419
2363,2026-02-17 20:00:00,2945.699999999939,-8285.023299999419
2364,2026-02-18 00:00:00,2484.8999999999505,-8745.823299999407
2365,2026-02-18 04:00:00,2888.199999999939,-8342.523299999419
2366,2026-02-18 08:00:00,2597.199999999939,-8633.523299999419
2367,2026-02-18 12:00:00,2711.499999999942,-8519.223299999416
2368,2026-02-18 16:00:00,3199.699999999939,-8031.023299999419
2369,2026-02-18 20:00:00,2466.699999999939,-8764.023299999419
2370,2026-02-19 00:00:00,2792.2999999999447,-8438.423299999413
2371,2026-02-19 04:00:00,1259.4999999999418,-9971.223299999416
2372,2026-02-19 08:00:00,1544.0999999999476,-9686.62329999941
2373,2026-02-19 12:00:00,2071.699999999939,-9159.023299999419
2374,2026-02-19 16:00:00,2301.699999999939,-8929.023299999419
2375,2026-02-19 20:00:00,1590.1999999999389,-9640.523299999419
2376,2026-02-20 00:00:00,1483.9999999999418,-9746.723299999416
2377,2026-02-20 04:00:00,2144.199999999939,-9086.523299999419
2378,2026-02-20 08:00:00,2095.2999999999447,-9135.423299999413
2379,2026-02-20 12:00:00,2448.499999999942,-8782.223299999416
2380,2026-02-20 16:00:00,2915.999999999942,-8382.517999999414
2381,2026-02-20 20:00:00,2915.999999999942,-8382.517999999414
2382,2026-02-21 00:00:00,2915.999999999942,-8450.065599999405
2383,2026-02-21 04:00:00,2984.899999999936,-8381.165599999411
2384,2026-02-21 08:00:00,3347.699999999939,-8086.344899999414
2385,2026-02-21 12:00:00,3347.699999999939,-8086.344899999414
2386,2026-02-21 16:00:00,3347.699999999939,-8086.344899999414
2387,2026-02-21 20:00:00,3347.699999999939,-8086.344899999414
2388,2026-02-22 00:00:00,3347.699999999939,-8086.344899999414
2389,2026-02-22 04:00:00,3347.699999999939,-8086.344899999414
2390,2026-02-22 08:00:00,3347.699999999939,-8086.344899999414
2391,2026-02-22 12:00:00,3347.699999999939,-8154.355399999418
2392,2026-02-22 16:00:00,3385.199999999939,-8116.855399999418
2393,2026-02-22 20:00:00,3174.7999999999447,-8327.255399999412
2394,2026-02-23 00:00:00,3698.2999999999447,-7803.7553999994125
2395,2026-02-23 04:00:00,3955.999999999942,-7546.055399999415
2396,2026-02-23 08:00:00,3744.699999999939,-7757.355399999418
2397,2026-02-23 12:00:00,6464.199999999939,-5037.855399999418
2398,2026-02-23 16:00:00,5442.399999999936,-6059.655399999421
2399,2026-02-23 20:00:00,5187.399999999936,-6380.826199999414
2400,2026-02-24 00:00:00,5187.399999999936,-6380.826199999414
2401,2026-02-24 04:00:00,5187.399999999936,-6380.826199999414
2402,2026-02-24 08:00:00,5187.399999999936,-6445.451999999415
2403,2026-02-24 12:00:00,6242.699999999939,-5390.1519999994125
2404,2026-02-24 16:00:00,6657.899999999936,-4974.951999999415
2405,2026-02-24 20:00:00,6620.999999999942,-5011.85199999941
2406,2026-02-25 00:00:00,5879.799999999937,-5753.051999999414
2407,2026-02-25 04:00:00,5407.799999999937,-6225.051999999414
2408,2026-02-25 08:00:00,5781.899999999936,-5850.951999999415
2409,2026-02-25 12:00:00,4451.499999999942,-7181.35199999941
2410,2026-02-25 16:00:00,4812.09999999994,-6885.753099999405
2411,2026-02-25 20:00:00,4812.09999999994,-6885.753099999405
2412,2026-02-26 00:00:00,4812.09999999994,-6885.753099999405
2413,2026-02-26 04:00:00,4812.09999999994,-6885.753099999405
2414,2026-02-26 08:00:00,4812.09999999994,-6885.753099999405
2415,2026-02-26 12:00:00,4812.09999999994,-6885.753099999405
2416,2026-02-26 16:00:00,4812.09999999994,-6953.553099999393
2417,2026-02-26 20:00:00,5037.299999999937,-6728.353099999396
2418,2026-02-27 00:00:00,4365.4999999999345,-7400.153099999399
2419,2026-02-27 04:00:00,4562.799999999937,-7202.853099999396
2420,2026-02-27 08:00:00,4460.299999999937,-7305.353099999396
2421,2026-02-27 12:00:00,4569.4999999999345,-7196.153099999399
2422,2026-02-27 16:00:00,4656.199999999946,-7109.453099999388
2423,2026-02-27 20:00:00,3106.199999999946,-8659.453099999388
2424,2026-02-28 00:00:00,3084.699999999946,-8747.025699999387
2425,2026-02-28 04:00:00,3084.699999999946,-8747.025699999387
2426,2026-02-28 08:00:00,3084.699999999946,-8747.025699999387
2427,2026-02-28 12:00:00,3084.699999999946,-8747.025699999387
2428,2026-02-28 16:00:00,3084.699999999946,-8810.814099999385
2429,2026-02-28 20:00:00,3062.699999999946,-8832.814099999385
2430,2026-03-01 00:00:00,2073.0999999999476,-9822.414099999383
2431,2026-03-01 04:00:00,554.9999999999418,-11340.51409999939
2432,2026-03-01 08:00:00,-64.00000000005821,-11959.51409999939
2433,2026-03-01 12:00:00,-601.6000000000495,-12497.11409999938
2434,2026-03-01 16:00:00,-240.80000000004657,-12136.314099999378
2435,2026-03-01 20:00:00,434.0999999999476,-11461.414099999383
2436,2026-03-02 00:00:00,62.2999999999447,-11833.214099999386
2437,2026-03-02 04:00:00,947.0999999999476,-10948.414099999383
2438,2026-03-02 08:00:00,1123.0999999999476,-10772.414099999383
2439,2026-03-02 12:00:00,85.7999999999447,-11809.714099999386
2440,2026-03-02 16:00:00,891.7999999999447,-11003.714099999386
2441,2026-03-02 20:00:00,543.1999999999534,-11352.314099999378
2442,2026-03-03 00:00:00,-2216.000000000058,-14111.51409999939
2443,2026-03-03 04:00:00,-2055.3000000000466,-13950.814099999378
2444,2026-03-03 08:00:00,-1928.7000000000553,-13824.214099999386
2445,2026-03-03 12:00:00,-1476.2000000000553,-13371.714099999386
2446,2026-03-03 16:00:00,-1265.2000000000553,-13160.714099999386
2447,2026-03-03 20:00:00,-126.90000000005239,-12022.414099999383
2448,2026-03-04 00:00:00,-819.4000000000524,-12714.914099999383
2449,2026-03-04 04:00:00,-1522.8000000000466,-13418.314099999378
2450,2026-03-04 08:00:00,-1422.2000000000553,-13386.009399999384
2451,2026-03-04 12:00:00,-1422.2000000000553,-13453.709499999371
2452,2026-03-04 16:00:00,342.1999999999389,-11689.309499999377
2453,2026-03-04 20:00:00,1960.099999999933,-10071.409499999383
2454,2026-03-05 00:00:00,4217.399999999936,-7814.10949999938
2455,2026-03-05 04:00:00,4457.899999999936,-7573.60949999938
2456,2026-03-05 08:00:00,3519.099999999933,-8512.409499999383
2457,2026-03-05 12:00:00,3347.2999999999447,-8684.209499999371
2458,2026-03-05 16:00:00,2903.199999999939,-9128.309499999377
2459,2026-03-05 20:00:00,3757.599999999933,-8273.909499999383
2460,2026-03-06 00:00:00,2489.399999999936,-9542.10949999938
2461,2026-03-06 04:00:00,1753.1999999999389,-10278.309499999377
2462,2026-03-06 08:00:00,1732.4999999999418,-10299.009499999374
2463,2026-03-06 12:00:00,1923.099999999933,-10108.409499999383
2464,2026-03-06 16:00:00,1904.399999999936,-10127.10949999938
2465,2026-03-06 20:00:00,1063.2999999999447,-10968.209499999371
2466,2026-03-07 00:00:00,-653.9000000000669,-12685.409499999383
2467,2026-03-07 04:00:00,-1021.3000000000611,-13052.809499999377
2468,2026-03-07 08:00:00,-1039.3000000000611,-13070.809499999377
2469,2026-03-07 12:00:00,-1059.100000000064,-13090.60949999938
2470,2026-03-07 16:00:00,-1312.900000000067,-13344.409499999383
2471,2026-03-07 20:00:00,-1146.400000000067,-13177.909499999383
2472,2026-03-08 00:00:00,-1277.5000000000582,-13309.009499999374
2473,2026-03-08 04:00:00,-2079.7000000000553,-14111.209499999371
2474,2026-03-08 08:00:00,-1890.2000000000553,-13921.709499999371
2475,2026-03-08 12:00:00,-2147.400000000067,-14178.909499999383
2476,2026-03-08 16:00:00,-1845.100000000064,-13876.60949999938
2477,2026-03-08 20:00:00,-1632.3000000000611,-13731.299499999383
2478,2026-03-09 00:00:00,-1632.3000000000611,-13731.299499999383
2479,2026-03-09 04:00:00,-1632.3000000000611,-13731.299499999383
2480,2026-03-09 08:00:00,-1632.3000000000611,-13731.299499999383
2481,2026-03-09 12:00:00,-1632.3000000000611,-13731.299499999383
2482,2026-03-09 16:00:00,-1632.3000000000611,-13731.299499999383
2483,2026-03-09 20:00:00,-1632.3000000000611,-13799.02279999938
2484,2026-03-10 00:00:00,-2741.300000000061,-14908.02279999938
2485,2026-03-10 04:00:00,-2860.800000000061,-15027.52279999938
2486,2026-03-10 08:00:00,-2303.100000000064,-14469.822799999383
2487,2026-03-10 12:00:00,-3300.000000000058,-15466.722799999377
2488,2026-03-10 16:00:00,-4283.700000000055,-16450.422799999375
2489,2026-03-10 20:00:00,-4479.100000000064,-16645.822799999383
2490,2026-03-11 00:00:00,-5205.900000000052,-17372.62279999937
2491,2026-03-11 04:00:00,-3914.2000000000553,-16080.922799999375
2492,2026-03-11 08:00:00,-3810.9000000000524,-15977.622799999372
2493,2026-03-11 12:00:00,-3426.000000000058,-15592.722799999377
2494,2026-03-11 16:00:00,-3531.100000000064,-15697.822799999383
2495,2026-03-11 20:00:00,-3053.000000000058,-15219.722799999377
2496,2026-03-12 00:00:00,-4095.9000000000524,-16262.622799999372
2497,2026-03-12 04:00:00,-4509.800000000061,-16676.52279999938
2498,2026-03-12 08:00:00,-4059.000000000058,-16225.722799999377
2499,2026-03-12 12:00:00,-3311.600000000064,-15478.322799999383
2500,2026-03-12 16:00:00,-3691.600000000064,-15858.322799999383
2501,2026-03-12 20:00:00,-4297.500000000058,-16464.222799999377
2502,2026-03-13 00:00:00,-4191.900000000052,-16358.622799999372
2503,2026-03-13 04:00:00,-4302.700000000055,-16469.422799999375
2504,2026-03-13 08:00:00,-4389.100000000064,-16555.822799999383
2505,2026-03-13 12:00:00,-5275.300000000061,-17442.02279999938
2506,2026-03-13 16:00:00,-5494.300000000061,-17661.02279999938
2507,2026-03-13 20:00:00,-6098.900000000052,-18265.62279999937
2508,2026-03-14 00:00:00,-5709.000000000058,-17875.722799999377
2509,2026-03-14 04:00:00,-5057.000000000058,-17294.870799999364
2510,2026-03-14 08:00:00,-5057.000000000058,-17294.870799999364
2511,2026-03-14 12:00:00,-5057.000000000058,-17365.905099999363
2512,2026-03-14 16:00:00,-4588.300000000061,-16897.205099999366
2513,2026-03-14 20:00:00,-4727.700000000055,-17036.60509999936
2514,2026-03-15 00:00:00,-4577.300000000061,-16886.205099999366
2515,2026-03-15 04:00:00,-4686.800000000061,-16995.705099999366
2516,2026-03-15 08:00:00,-5197.1000000000495,-17506.005099999355
2517,2026-03-15 12:00:00,-5337.500000000058,-17646.405099999363
2518,2026-03-15 16:00:00,-5443.500000000058,-17823.825899999356
2519,2026-03-15 20:00:00,-5443.500000000058,-17823.825899999356
2520,2026-03-16 00:00:00,-5443.500000000058,-17823.825899999356
2521,2026-03-16 04:00:00,-5443.500000000058,-17895.34109999935
2522,2026-03-16 08:00:00,-4179.800000000061,-16631.641099999353
2523,2026-03-16 12:00:00,-3419.2000000000553,-15871.041099999347
2524,2026-03-16 16:00:00,-3531.000000000058,-15982.84109999935
2525,2026-03-16 20:00:00,-3443.4000000000524,-15895.241099999344
2526,2026-03-17 00:00:00,-3718.500000000058,-16170.34109999935
2527,2026-03-17 04:00:00,-3029.9000000000524,-15481.741099999344
2528,2026-03-17 08:00:00,-2112.300000000061,-14564.141099999353
2529,2026-03-17 12:00:00,-2533.800000000061,-14985.641099999353
2530,2026-03-17 16:00:00,-2746.000000000058,-15197.84109999935
2531,2026-03-17 20:00:00,-2961.6000000000495,-15413.441099999342
2532,2026-03-18 00:00:00,-3080.2000000000553,-15532.041099999347
2533,2026-03-18 04:00:00,-2497.9000000000524,-14949.741099999344
2534,2026-03-18 08:00:00,-3086.300000000061,-15538.141099999353
2535,2026-03-18 12:00:00,-2544.1000000000495,-14995.941099999342
2536,2026-03-18 16:00:00,-3118.7000000000553,-15570.541099999347
2537,2026-03-18 20:00:00,-4052.300000000061,-16504.141099999353
2538,2026-03-19 00:00:00,-5522.300000000061,-17974.141099999353
2539,2026-03-19 04:00:00,-5928.400000000052,-18380.241099999344
2540,2026-03-19 08:00:00,-5755.800000000061,-18207.641099999353
2541,2026-03-19 12:00:00,-5778.700000000055,-18230.541099999347
2542,2026-03-19 16:00:00,-6813.6000000000495,-19265.44109999934
2543,2026-03-19 20:00:00,-7031.900000000052,-19483.741099999344
2544,2026-03-20 00:00:00,-7586.000000000058,-20037.84109999935
2545,2026-03-20 04:00:00,-6725.6000000000495,-19177.44109999934
2546,2026-03-20 08:00:00,-7071.300000000061,-19523.141099999353
2547,2026-03-20 12:00:00,-6262.6000000000495,-18714.44109999934
2548,2026-03-20 16:00:00,-6146.800000000061,-18598.641099999353
2549,2026-03-20 20:00:00,-6518.800000000061,-18970.641099999353
2550,2026-03-21 00:00:00,-7129.200000000055,-19581.041099999347
2551,2026-03-21 04:00:00,-6816.800000000061,-19268.641099999353
2552,2026-03-21 08:00:00,-6486.000000000058,-18937.84109999935
2553,2026-03-21 12:00:00,-6320.700000000055,-18772.541099999347
2554,2026-03-21 16:00:00,-6271.400000000052,-18723.241099999344
2555,2026-03-21 20:00:00,-6340.400000000052,-18792.241099999344
2556,2026-03-22 00:00:00,-6359.6000000000495,-18811.44109999934
2557,2026-03-22 04:00:00,-6592.800000000061,-19044.641099999353
2558,2026-03-22 08:00:00,-8077.200000000055,-20529.041099999347
2559,2026-03-22 12:00:00,-7651.700000000055,-20103.541099999347
2560,2026-03-22 16:00:00,-8074.200000000055,-20526.041099999347
2561,2026-03-22 20:00:00,-8781.700000000055,-21301.718099999343
2562,2026-03-23 00:00:00,-8781.700000000055,-21301.718099999343
2563,2026-03-23 04:00:00,-8781.700000000055,-21301.718099999343
2564,2026-03-23 08:00:00,-8781.700000000055,-21369.548699999345
2565,2026-03-23 12:00:00,-8996.200000000055,-21584.048699999345
2566,2026-03-23 16:00:00,-9257.10000000005,-21844.94869999934
2567,2026-03-23 20:00:00,-11048.400000000052,-23636.24869999934
2568,2026-03-24 00:00:00,-11063.300000000047,-23651.148699999336
2569,2026-03-24 04:00:00,-11598.200000000055,-24186.048699999345
2570,2026-03-24 08:00:00,-11817.000000000044,-24404.848699999333
2571,2026-03-24 12:00:00,-11463.200000000055,-24051.048699999345
2572,2026-03-24 16:00:00,-12206.300000000047,-24794.148699999336
2573,2026-03-24 20:00:00,-12067.500000000044,-24726.465099999332
2574,2026-03-25 00:00:00,-12067.500000000044,-24726.465099999332
2575,2026-03-25 04:00:00,-12067.500000000044,-24726.465099999332
2576,2026-03-25 08:00:00,-12067.500000000044,-24726.465099999332
2577,2026-03-25 12:00:00,-12067.500000000044,-24726.465099999332
2578,2026-03-25 16:00:00,-12067.500000000044,-24797.365099999326
2579,2026-03-25 20:00:00,-11317.20000000004,-24047.065099999323
2580,2026-03-26 00:00:00,-12175.10000000005,-24904.965099999332
2581,2026-03-26 04:00:00,-12114.300000000047,-24844.16509999933
2582,2026-03-26 08:00:00,-11670.000000000044,-24399.865099999326
2583,2026-03-26 12:00:00,-12085.60000000005,-24815.465099999332
2584,2026-03-26 16:00:00,-12913.70000000004,-25643.565099999323
2585,2026-03-26 20:00:00,-13728.20000000004,-26458.065099999323
2586,2026-03-27 00:00:00,-13912.70000000004,-26642.565099999323
2587,2026-03-27 04:00:00,-14464.800000000047,-27194.66509999933
2588,2026-03-27 08:00:00,-14179.500000000044,-26909.365099999326
2589,2026-03-27 12:00:00,-14238.70000000004,-26968.565099999323
2590,2026-03-27 16:00:00,-14465.800000000047,-27195.66509999933
2591,2026-03-27 20:00:00,-16304.300000000047,-29034.16509999933
2592,2026-03-28 00:00:00,-16875.500000000044,-29671.45709999933
2593,2026-03-28 04:00:00,-16875.500000000044,-29671.45709999933
2594,2026-03-28 08:00:00,-16875.500000000044,-29671.45709999933
2595,2026-03-28 12:00:00,-16875.500000000044,-29671.45709999933
2596,2026-03-28 16:00:00,-16875.500000000044,-29737.97789999933
2597,2026-03-28 20:00:00,-16643.20000000004,-29505.677899999326
2598,2026-03-29 00:00:00,-17337.000000000044,-30199.47789999933
2599,2026-03-29 04:00:00,-17227.70000000004,-30090.177899999326
2600,2026-03-29 08:00:00,-16689.500000000044,-29551.97789999933
2601,2026-03-29 12:00:00,-17230.400000000038,-30092.877899999323
2602,2026-03-29 16:00:00,-16987.20000000004,-29849.677899999326
2603,2026-03-29 20:00:00,-17135.500000000044,-29997.97789999933
2604,2026-03-30 00:00:00,-16854.70000000004,-29717.177899999326
2605,2026-03-30 04:00:00,-16674.900000000038,-29537.377899999323
2606,2026-03-30 08:00:00,-16332.600000000035,-29195.07789999932
2607,2026-03-30 12:00:00,-17494.500000000044,-30356.97789999933
2608,2026-03-30 16:00:00,-17950.600000000035,-30813.07789999932
2609,2026-03-30 20:00:00,-18006.20000000004,-30868.677899999326
2610,2026-03-31 00:00:00,-17944.900000000038,-30807.377899999323
2611,2026-03-31 04:00:00,-16870.70000000004,-29733.177899999326
2612,2026-03-31 08:00:00,-17119.100000000035,-29981.57789999932
2613,2026-03-31 12:00:00,-18025.500000000044,-30887.97789999933
2614,2026-03-31 16:00:00,-17698.500000000044,-30560.97789999933
2615,2026-03-31 20:00:00,-17007.100000000035,-29869.57789999932
2616,2026-04-01 00:00:00,-17054.70000000004,-29917.177899999326
2617,2026-04-01 04:00:00,-18157.70000000004,-31020.177899999326
2618,2026-04-01 08:00:00,-18596.20000000004,-31458.677899999326
2619,2026-04-01 12:00:00,-18488.70000000004,-31351.177899999326
2620,2026-04-01 16:00:00,-19006.600000000035,-31869.07789999932
2621,2026-04-01 20:00:00,-19024.600000000035,-31955.747799999313
2622,2026-04-02 00:00:00,-19024.600000000035,-32024.624799999307
2623,2026-04-02 04:00:00,-19757.800000000032,-32757.824799999304
2624,2026-04-02 08:00:00,-19815.100000000035,-32815.12479999931
2625,2026-04-02 12:00:00,-21363.20000000004,-34363.22479999931
2626,2026-04-02 16:00:00,-21013.70000000004,-34013.72479999931
2627,2026-04-02 20:00:00,-21721.00000000003,-34721.0247999993
2628,2026-04-03 00:00:00,-21091.00000000003,-34091.0247999993
2629,2026-04-03 04:00:00,-20958.400000000038,-33958.42479999931
2630,2026-04-03 08:00:00,-21033.100000000035,-34033.12479999931
2631,2026-04-03 12:00:00,-21351.600000000035,-34351.62479999931
2632,2026-04-03 16:00:00,-20892.800000000032,-33892.824799999304
2633,2026-04-03 20:00:00,-20918.20000000004,-33918.22479999931
2634,2026-04-04 00:00:00,-21095.50000000003,-34095.5247999993
2635,2026-04-04 04:00:00,-21044.600000000035,-34044.62479999931
2636,2026-04-04 08:00:00,-20971.600000000035,-33971.62479999931
2637,2026-04-04 12:00:00,-21102.50000000003,-34102.5247999993
2638,2026-04-04 16:00:00,-20919.600000000035,-33919.62479999931
2639,2026-04-04 20:00:00,-20772.70000000004,-33772.72479999931
2640,2026-04-05 00:00:00,-20544.300000000032,-33544.324799999304
2641,2026-04-05 04:00:00,-20638.900000000038,-33638.92479999931
2642,2026-04-05 08:00:00,-20630.600000000035,-33630.62479999931
2643,2026-04-05 12:00:00,-20788.100000000035,-33788.12479999931
2644,2026-04-05 16:00:00,-21114.20000000004,-34114.22479999931
2645,2026-04-05 20:00:00,-20928.900000000038,-33928.92479999931
2646,2026-04-06 00:00:00,-20629.400000000038,-33629.42479999931
2647,2026-04-06 04:00:00,-20572.50000000003,-33639.8538999993
2648,2026-04-06 08:00:00,-20572.50000000003,-33639.8538999993
2649,2026-04-06 12:00:00,-20572.50000000003,-33639.8538999993
2650,2026-04-06 16:00:00,-20572.50000000003,-33708.9435999993
2651,2026-04-06 20:00:00,-21066.400000000038,-34202.84359999931
2652,2026-04-07 00:00:00,-21405.300000000032,-34541.7435999993
2653,2026-04-07 04:00:00,-21187.600000000035,-34324.043599999306
2654,2026-04-07 08:00:00,-20300.700000000026,-33437.1435999993
2655,2026-04-07 12:00:00,-20229.100000000035,-33365.543599999306
2656,2026-04-07 16:00:00,-20074.900000000038,-33211.34359999931
2657,2026-04-07 20:00:00,-19793.600000000035,-32930.043599999306
2658,2026-04-08 00:00:00,-19621.200000000026,-32757.643599999297
2659,2026-04-08 04:00:00,-20458.700000000026,-33595.1435999993
2660,2026-04-08 08:00:00,-23373.00000000003,-36581.333799999295
2661,2026-04-08 12:00:00,-23373.00000000003,-36581.333799999295
2662,2026-04-08 16:00:00,-23373.00000000003,-36581.333799999295
2663,2026-04-08 20:00:00,-23373.00000000003,-36652.983999999284
2664,2026-04-09 00:00:00,-23748.400000000023,-37028.38399999928
2665,2026-04-09 04:00:00,-23740.200000000026,-37020.18399999928
2666,2026-04-09 08:00:00,-23985.10000000002,-37265.083999999275
2667,2026-04-09 12:00:00,-24062.00000000003,-37341.983999999284
2668,2026-04-09 16:00:00,-24078.200000000026,-37358.18399999928
2669,2026-04-09 20:00:00,-23913.300000000032,-37193.28399999929
2670,2026-04-10 00:00:00,-22915.200000000026,-36195.18399999928
2671,2026-04-10 04:00:00,-22967.300000000032,-36247.28399999929
2672,2026-04-10 08:00:00,-23272.800000000032,-36552.78399999929
2673,2026-04-10 12:00:00,-23185.900000000023,-36465.88399999928
2674,2026-04-10 16:00:00,-23562.00000000003,-36841.983999999284
2675,2026-04-10 20:00:00,-22930.50000000003,-36210.483999999284
2676,2026-04-11 00:00:00,-22602.200000000026,-35882.18399999928
2677,2026-04-11 04:00:00,-21835.900000000023,-35115.88399999928
2678,2026-04-11 08:00:00,-22105.800000000032,-35385.78399999929
2679,2026-04-11 12:00:00,-22188.10000000002,-35468.083999999275
2680,2026-04-11 16:00:00,-22315.50000000003,-35595.483999999284
2681,2026-04-11 20:00:00,-22155.00000000003,-35434.983999999284
2682,2026-04-12 00:00:00,-22205.900000000023,-35485.88399999928
2683,2026-04-12 04:00:00,-21387.300000000032,-34667.28399999929
2684,2026-04-12 08:00:00,-22009.800000000032,-35289.78399999929
2685,2026-04-12 12:00:00,-23459.60000000002,-36739.583999999275
2686,2026-04-12 16:00:00,-23395.10000000002,-36675.083999999275
2687,2026-04-12 20:00:00,-23588.200000000026,-36868.18399999928
2688,2026-04-13 00:00:00,-24167.00000000003,-37446.983999999284
2689,2026-04-13 04:00:00,-23968.00000000003,-37247.983999999284
2690,2026-04-13 08:00:00,-24312.10000000002,-37592.083999999275
2691,2026-04-13 12:00:00,-24078.400000000023,-37358.38399999928
2692,2026-04-13 16:00:00,-24243.200000000026,-37523.18399999928
2693,2026-04-13 20:00:00,-24139.300000000032,-37419.28399999929
2694,2026-04-14 00:00:00,-23199.60000000002,-36479.583999999275
2695,2026-04-14 04:00:00,-21751.00000000003,-35030.983999999284
2696,2026-04-14 08:00:00,-20638.200000000026,-33918.18399999928
2697,2026-04-14 12:00:00,-20614.400000000023,-33894.38399999928
2698,2026-04-14 16:00:00,-20509.800000000032,-33789.78399999929
2699,2026-04-14 20:00:00,-20680.800000000032,-33960.78399999929
2700,2026-04-15 00:00:00,-19755.10000000002,-33035.083999999275
2701,2026-04-15 04:00:00,-20846.800000000032,-34126.78399999929
2702,2026-04-15 08:00:00,-20916.300000000032,-34196.28399999929
2703,2026-04-15 12:00:00,-20726.400000000023,-34006.38399999928
2704,2026-04-15 16:00:00,-21318.10000000002,-34598.083999999275
2705,2026-04-15 20:00:00,-20868.10000000002,-34148.083999999275
2706,2026-04-16 00:00:00,-21225.700000000026,-34505.68399999928
2707,2026-04-16 04:00:00,-20065.400000000023,-33345.38399999928
2708,2026-04-16 08:00:00,-20247.00000000003,-33526.983999999284
2709,2026-04-16 12:00:00,-20171.300000000032,-33451.28399999929
2710,2026-04-16 16:00:00,-20355.50000000003,-33635.483999999284
2711,2026-04-16 20:00:00,-20494.800000000032,-33774.78399999929
2712,2026-04-17 00:00:00,-20363.700000000026,-33643.68399999928
2713,2026-04-17 04:00:00,-19713.800000000032,-32993.78399999929
2714,2026-04-17 08:00:00,-19916.400000000023,-33196.38399999928
2715,2026-04-17 12:00:00,-20440.400000000023,-33720.38399999928
2716,2026-04-17 16:00:00,-19975.800000000032,-33255.78399999929
2717,2026-04-17 20:00:00,-19481.00000000003,-32760.983999999284
2718,2026-04-18 00:00:00,-17287.00000000003,-30566.983999999284
2719,2026-04-18 04:00:00,-17674.400000000023,-30954.383999999278
2720,2026-04-18 08:00:00,-17992.60000000002,-31272.583999999275
2721,2026-04-18 12:00:00,-18058.900000000023,-31338.883999999278
2722,2026-04-18 16:00:00,-18072.200000000026,-31429.13499999928
2723,2026-04-18 20:00:00,-18072.200000000026,-31429.13499999928
2724,2026-04-19 00:00:00,-18072.200000000026,-31429.13499999928
2725,2026-04-19 04:00:00,-18072.200000000026,-31504.73919999927
2726,2026-04-19 08:00:00,-18022.60000000002,-31455.139199999263
2727,2026-04-19 12:00:00,-18203.400000000023,-31635.939199999266
2728,2026-04-19 16:00:00,-18470.800000000017,-31903.33919999926
2729,2026-04-19 20:00:00,-18119.00000000003,-31551.53919999927
2730,2026-04-20 00:00:00,-17868.800000000017,-31301.33919999926
2731,2026-04-20 04:00:00,-18758.50000000003,-32191.03919999927
2732,2026-04-20 08:00:00,-19918.00000000003,-33350.53919999927
2733,2026-04-20 12:00:00,-19082.50000000003,-32515.03919999927
2734,2026-04-20 16:00:00,-18880.900000000023,-32313.439199999266
2735,2026-04-20 20:00:00,-18527.700000000026,-31960.23919999927
2736,2026-04-21 00:00:00,-18008.300000000017,-31440.83919999926
2737,2026-04-21 04:00:00,-17423.900000000023,-30856.439199999266
2738,2026-04-21 08:00:00,-17886.300000000017,-31318.83919999926
2739,2026-04-21 12:00:00,-18007.300000000017,-31439.83919999926
2740,2026-04-21 16:00:00,-17626.400000000023,-31058.939199999266
2741,2026-04-21 20:00:00,-17268.10000000002,-30700.639199999263
2742,2026-04-22 00:00:00,-17876.50000000003,-31309.03919999927
2743,2026-04-22 04:00:00,-18687.800000000017,-32120.33919999926
2744,2026-04-22 08:00:00,-17388.200000000026,-30820.73919999927
2745,2026-04-22 12:00:00,-16188.10000000002,-29620.639199999263
2746,2026-04-22 16:00:00,-15696.60000000002,-29129.139199999263
2747,2026-04-22 20:00:00,-15413.200000000026,-28845.73919999927
2748,2026-04-23 00:00:00,-14442.10000000002,-27874.639199999263
2749,2026-04-23 04:00:00,-14885.10000000002,-28317.639199999263
2750,2026-04-23 08:00:00,-15536.60000000002,-28969.139199999263
2751,2026-04-23 12:00:00,-15972.10000000002,-29404.639199999263
2752,2026-04-23 16:00:00,-15667.300000000017,-29099.83919999926
2753,2026-04-23 20:00:00,-16026.50000000003,-29459.03919999927
2754,2026-04-24 00:00:00,-15347.200000000026,-28779.73919999927
2755,2026-04-24 04:00:00,-16005.900000000023,-29438.439199999266
2756,2026-04-24 08:00:00,-15459.60000000002,-28892.139199999263
2757,2026-04-24 12:00:00,-15986.300000000017,-29418.83919999926
2758,2026-04-24 16:00:00,-16055.900000000023,-29488.439199999266
2759,2026-04-24 20:00:00,-15481.60000000002,-28914.139199999263
2760,2026-04-25 00:00:00,-15669.10000000002,-29101.639199999263
2761,2026-04-25 04:00:00,-16080.300000000017,-29512.83919999926
2762,2026-04-25 08:00:00,-16281.00000000003,-29713.53919999927
2763,2026-04-25 12:00:00,-16047.400000000023,-29479.939199999266
2764,2026-04-25 16:00:00,-16226.50000000003,-29659.03919999927
2765,2026-04-25 20:00:00,-16037.700000000026,-29470.23919999927
2766,2026-04-26 00:00:00,-16387.10000000002,-29819.639199999263
2767,2026-04-26 04:00:00,-16390.800000000017,-29823.33919999926
2768,2026-04-26 08:00:00,-16091.400000000023,-29523.939199999266
2769,2026-04-26 12:00:00,-16327.10000000002,-29759.639199999263
2770,2026-04-26 16:00:00,-15614.900000000023,-29047.439199999266
2771,2026-04-26 20:00:00,-15626.400000000023,-29058.939199999266
2772,2026-04-27 00:00:00,-15668.50000000003,-29101.03919999927
2773,2026-04-27 04:00:00,-15493.300000000017,-28925.83919999926
2774,2026-04-27 08:00:00,-15062.900000000023,-28495.439199999266
2775,2026-04-27 12:00:00,-14611.300000000017,-28043.83919999926
2776,2026-04-27 16:00:00,-16119.700000000026,-29552.23919999927
2777,2026-04-27 20:00:00,-15872.10000000002,-29304.639199999263
2778,2026-04-28 00:00:00,-16916.400000000023,-30348.939199999266
2779,2026-04-28 04:00:00,-16832.00000000003,-30264.53919999927
2780,2026-04-28 08:00:00,-16345.200000000026,-29777.73919999927
2781,2026-04-28 12:00:00,-16905.800000000017,-30338.33919999926
2782,2026-04-28 16:00:00,-16848.00000000003,-30280.53919999927
2783,2026-04-28 20:00:00,-17477.60000000002,-30910.139199999263
2784,2026-04-29 00:00:00,-17648.60000000002,-31081.139199999263
2785,2026-04-29 04:00:00,-17382.800000000017,-30815.33919999926
2786,2026-04-29 08:00:00,-17378.300000000017,-30887.13729999926
2787,2026-04-29 12:00:00,-17378.300000000017,-30964.092999999266
2788,2026-04-29 16:00:00,-17426.400000000023,-31012.19299999927
2789,2026-04-29 20:00:00,-17975.10000000002,-31560.89299999927
2790,2026-04-30 00:00:00,-16311.700000000026,-29897.492999999275
2791,2026-04-30 04:00:00,-15941.10000000002,-29526.89299999927
2792,2026-04-30 08:00:00,-16172.500000000015,-29758.292999999263
2793,2026-04-30 12:00:00,-16304.700000000026,-29890.492999999275
2794,2026-04-30 16:00:00,-16552.500000000015,-30138.292999999263
2795,2026-04-30 20:00:00,-16455.500000000015,-30041.292999999263
2796,2026-05-01 00:00:00,-16845.60000000002,-30431.39299999927
2797,2026-05-01 04:00:00,-16789.300000000017,-30375.092999999266
2798,2026-05-01 08:00:00,-16728.000000000015,-30313.792999999263
2799,2026-05-01 12:00:00,-17505.200000000026,-31090.992999999275
2800,2026-05-01 16:00:00,-17522.60000000002,-31108.39299999927
2801,2026-05-01 20:00:00,-17852.10000000002,-31437.89299999927
2802,2026-05-02 00:00:00,-18818.000000000015,-32403.792999999263
2803,2026-05-02 04:00:00,-18739.500000000015,-32325.292999999263
2804,2026-05-02 08:00:00,-18614.60000000002,-32200.39299999927
2805,2026-05-02 12:00:00,-18800.300000000017,-32386.092999999266
2806,2026-05-02 16:00:00,-18604.200000000026,-32189.992999999275
2807,2026-05-02 20:00:00,-18528.300000000017,-32114.092999999266
2808,2026-05-03 00:00:00,-18872.400000000023,-32458.19299999927
2809,2026-05-03 04:00:00,-18866.400000000023,-32452.19299999927
2810,2026-05-03 08:00:00,-19075.500000000015,-32661.292999999263
2811,2026-05-03 12:00:00,-18585.000000000015,-32170.792999999263
2812,2026-05-03 16:00:00,-18739.200000000026,-32324.992999999275
2813,2026-05-03 20:00:00,-19043.10000000002,-32628.89299999927
2814,2026-05-04 00:00:00,-19047.800000000017,-32633.592999999266
2815,2026-05-04 04:00:00,-19151.700000000026,-32737.492999999275
2816,2026-05-04 08:00:00,-18951.60000000002,-32537.39299999927
2817,2026-05-04 12:00:00,-20701.300000000017,-34287.092999999266
2818,2026-05-04 16:00:00,-20086.10000000002,-33671.89299999927
2819,2026-05-04 20:00:00,-19176.10000000002,-32761.89299999927
2820,2026-05-05 00:00:00,-20399.300000000017,-34065.06969999925
2821,2026-05-05 04:00:00,-20399.300000000017,-34065.06969999925
2822,2026-05-05 08:00:00,-20399.300000000017,-34065.06969999925
2823,2026-05-05 12:00:00,-20399.300000000017,-34065.06969999925
2824,2026-05-05 16:00:00,-20399.300000000017,-34065.06969999925
2825,2026-05-05 20:00:00,-20399.300000000017,-34146.04269999925
2826,2026-05-06 00:00:00,-19883.60000000002,-33630.34269999925
2827,2026-05-06 04:00:00,-19817.900000000023,-33564.642699999255
2828,2026-05-06 08:00:00,-20510.400000000023,-34257.142699999255
2829,2026-05-06 12:00:00,-19836.400000000023,-33583.142699999255
2830,2026-05-06 16:00:00,-20039.000000000015,-33785.742699999246
2831,2026-05-06 20:00:00,-18886.900000000023,-32633.642699999255
2832,2026-05-07 00:00:00,-19715.900000000023,-33462.642699999255
2833,2026-05-07 04:00:00,-19955.800000000017,-33702.54269999925
2834,2026-05-07 08:00:00,-19982.20000000001,-33728.94269999924
2835,2026-05-07 12:00:00,-20575.000000000015,-34321.742699999246
2836,2026-05-07 16:00:00,-19892.20000000001,-33638.94269999924
2837,2026-05-07 20:00:00,-20544.400000000023,-34291.142699999255
2838,2026-05-08 00:00:00,-21510.70000000001,-35257.44269999924
2839,2026-05-08 04:00:00,-21269.20000000001,-35015.94269999924
2840,2026-05-08 08:00:00,-21402.900000000023,-35149.642699999255
2841,2026-05-08 12:00:00,-21832.300000000017,-35579.04269999925
2842,2026-05-08 16:00:00,-21737.300000000017,-35484.04269999925
2843,2026-05-08 20:00:00,-21190.400000000023,-34937.142699999255
2844,2026-05-09 00:00:00,-21253.20000000001,-34999.94269999924
2845,2026-05-09 04:00:00,-21224.60000000002,-34971.34269999925
2846,2026-05-09 08:00:00,-21217.10000000002,-34963.84269999925
2847,2026-05-09 12:00:00,-21031.70000000001,-34778.44269999924
2848,2026-05-09 16:00:00,-21190.60000000002,-34937.34269999925
2849,2026-05-09 20:00:00,-21061.900000000023,-34808.642699999255
2850,2026-05-10 00:00:00,-20884.000000000015,-34630.742699999246
2851,2026-05-10 04:00:00,-20475.400000000023,-34222.142699999255
2852,2026-05-10 08:00:00,-20738.300000000017,-34485.04269999925
2853,2026-05-10 12:00:00,-20637.20000000001,-34383.94269999924
2854,2026-05-10 16:00:00,-20676.400000000023,-34423.142699999255
2855,2026-05-10 20:00:00,-20590.20000000001,-34336.94269999924
2856,2026-05-11 00:00:00,-19990.900000000023,-33737.642699999255
2857,2026-05-11 04:00:00,-19974.300000000017,-33721.04269999925
2858,2026-05-11 08:00:00,-19194.60000000002,-32941.34269999925
2859,2026-05-11 12:00:00,-20678.900000000023,-34425.642699999255
2860,2026-05-11 16:00:00,-20663.400000000023,-34410.142699999255
2861,2026-05-11 20:00:00,-20205.20000000001,-33951.94269999924
2862,2026-05-12 00:00:00,-19968.900000000023,-33715.642699999255
2863,2026-05-12 04:00:00,-19455.20000000001,-33201.94269999924
2864,2026-05-12 08:00:00,-19673.20000000001,-33419.94269999924
2865,2026-05-12 12:00:00,-20344.000000000015,-34171.77099999925
2866,2026-05-12 16:00:00,-20344.000000000015,-34171.77099999925
2867,2026-05-12 20:00:00,-20344.000000000015,-34171.77099999925
2868,2026-05-13 00:00:00,-20344.000000000015,-34171.77099999925
2869,2026-05-13 04:00:00,-20344.000000000015,-34171.77099999925
2870,2026-05-13 08:00:00,-20344.000000000015,-34171.77099999925
2871,2026-05-13 12:00:00,-20344.000000000015,-34171.77099999925
2872,2026-05-13 16:00:00,-20344.000000000015,-34171.77099999925
2873,2026-05-13 20:00:00,-20344.000000000015,-34171.77099999925
2874,2026-05-14 00:00:00,-20344.000000000015,-34250.56569999925
2875,2026-05-14 04:00:00,-21154.10000000002,-35060.665699999256
2876,2026-05-14 08:00:00,-20837.60000000002,-34744.165699999256
2877,2026-05-14 12:00:00,-20554.60000000002,-34461.165699999256
2878,2026-05-14 16:00:00,-21249.20000000001,-35155.76569999925
2879,2026-05-14 20:00:00,-20765.900000000023,-34672.46569999926
2880,2026-05-15 00:00:00,-22794.800000000017,-36701.36569999925
2881,2026-05-15 04:00:00,-22923.000000000015,-36829.56569999925
2882,2026-05-15 08:00:00,-22598.20000000001,-36504.76569999925
2883,2026-05-15 12:00:00,-22572.000000000015,-36478.56569999925
2884,2026-05-15 16:00:00,-22332.10000000002,-36238.665699999256
2885,2026-05-15 20:00:00,-22131.400000000023,-36037.96569999926
2886,2026-05-16 00:00:00,-20667.300000000017,-34573.86569999925
2887,2026-05-16 04:00:00,-20653.500000000015,-34560.06569999925
2888,2026-05-16 08:00:00,-20623.300000000017,-34529.86569999925
2889,2026-05-16 12:00:00,-20591.000000000015,-34497.56569999925
2890,2026-05-16 16:00:00,-19883.60000000002,-33790.165699999256
2891,2026-05-16 20:00:00,-19591.800000000017,-33498.36569999925
2892,2026-05-17 00:00:00,-19743.400000000023,-33649.96569999926
2893,2026-05-17 04:00:00,-19773.10000000002,-33679.665699999256
2894,2026-05-17 08:00:00,-19653.500000000015,-33560.06569999925
2895,2026-05-17 12:00:00,-19539.500000000015,-33446.06569999925
2896,2026-05-17 16:00:00,-19686.500000000015,-33593.06569999925
2897,2026-05-17 20:00:00,-19920.800000000017,-33827.36569999925
2898,2026-05-18 00:00:00,-19556.20000000001,-33462.76569999925
2899,2026-05-18 04:00:00,-19918.300000000017,-33824.86569999925
2900,2026-05-18 08:00:00,-18979.70000000001,-32886.26569999925
2901,2026-05-18 12:00:00,-18449.300000000017,-32355.865699999253
2902,2026-05-18 16:00:00,-18588.70000000001,-32495.265699999247
2903,2026-05-18 20:00:00,-18804.300000000017,-32710.865699999253
2904,2026-05-19 00:00:00,-17942.800000000017,-31849.365699999253
2905,2026-05-19 04:00:00,-18447.800000000017,-32354.365699999253
2906,2026-05-19 08:00:00,-18512.500000000015,-32419.06569999925
2907,2026-05-19 12:00:00,-18299.20000000001,-32205.765699999247
2908,2026-05-19 16:00:00,-18749.70000000001,-32656.265699999247
2909,2026-05-19 20:00:00,-18226.400000000023,-32132.96569999926
2910,2026-05-20 00:00:00,-18037.20000000001,-31943.765699999247
2911,2026-05-20 04:00:00,-18329.300000000017,-32235.865699999253
2912,2026-05-20 08:00:00,-18349.20000000001,-32255.765699999247
2913,2026-05-20 12:00:00,-18238.900000000023,-32145.46569999926
2914,2026-05-20 16:00:00,-18799.20000000001,-32705.765699999247
2915,2026-05-20 20:00:00,-18900.500000000015,-32807.06569999925
2916,2026-05-21 00:00:00,-18972.300000000017,-32878.86569999925
2917,2026-05-21 04:00:00,-19179.900000000023,-33086.46569999926
2918,2026-05-21 08:00:00,-19059.60000000002,-32966.165699999256
2919,2026-05-21 12:00:00,-19588.400000000023,-33494.96569999926
2920,2026-05-21 16:00:00,-19395.500000000015,-33302.06569999925
2921,2026-05-21 20:00:00,-18706.70000000001,-32613.265699999247
2922,2026-05-22 00:00:00,-18773.60000000002,-32680.165699999256
2923,2026-05-22 04:00:00,-19206.400000000023,-33112.96569999926
2924,2026-05-22 08:00:00,-19135.500000000015,-33042.06569999925
2925,2026-05-22 12:00:00,-19289.300000000017,-33195.86569999925
2926,2026-05-22 16:00:00,-18916.20000000001,-32822.76569999925
2927,2026-05-22 20:00:00,-18944.10000000002,-32850.665699999256
2928,2026-05-23 00:00:00,-18305.800000000017,-32212.365699999253
2929,2026-05-23 04:00:00,-17376.400000000023,-31282.96569999926
2930,2026-05-23 08:00:00,-17062.400000000023,-30968.96569999926
2931,2026-05-23 12:00:00,-17148.400000000023,-31054.96569999926
2932,2026-05-23 16:00:00,-16122.400000000023,-30028.96569999926
2933,2026-05-23 20:00:00,-16312.60000000002,-30219.165699999256
2934,2026-05-24 00:00:00,-17036.20000000001,-30942.765699999247
2935,2026-05-24 04:00:00,-17498.800000000017,-31405.365699999253
2936,2026-05-24 08:00:00,-18264.500000000015,-32171.06569999925
2937,2026-05-24 12:00:00,-18252.10000000002,-32158.665699999256
2938,2026-05-24 16:00:00,-18320.60000000002,-32227.165699999256
2939,2026-05-24 20:00:00,-18838.800000000017,-32745.365699999253
2940,2026-05-25 00:00:00,-17893.000000000015,-31799.56569999925
2941,2026-05-25 04:00:00,-18287.800000000017,-32194.365699999253
2942,2026-05-25 08:00:00,-18579.60000000002,-32486.165699999256
2943,2026-05-25 12:00:00,-18538.300000000017,-32444.865699999253
2944,2026-05-25 16:00:00,-18926.300000000017,-32832.86569999925
2945,2026-05-25 20:00:00,-18867.500000000015,-32774.06569999925
2946,2026-05-26 00:00:00,-19136.500000000015,-33043.06569999925
2947,2026-05-26 04:00:00,-18952.60000000002,-32859.165699999256
2948,2026-05-26 08:00:00,-18830.800000000017,-32737.365699999253
2949,2026-05-26 12:00:00,-18178.300000000017,-32084.865699999253
2950,2026-05-26 16:00:00,-18234.400000000023,-32140.96569999926
2951,2026-05-26 20:00:00,-18703.20000000001,-32686.919599999237
2952,2026-05-27 00:00:00,-18703.20000000001,-32686.919599999237
2953,2026-05-27 04:00:00,-18703.20000000001,-32686.919599999237
2954,2026-05-27 08:00:00,-18703.20000000001,-32686.919599999237
2955,2026-05-27 12:00:00,-18703.20000000001,-32762.55519999923
2956,2026-05-27 16:00:00,-19002.600000000006,-33061.955199999225
2957,2026-05-27 20:00:00,-18805.5,-32864.85519999922
2958,2026-05-28 00:00:00,-18367.600000000006,-32426.955199999225
2959,2026-05-28 04:00:00,-18107.5,-32166.85519999922
2960,2026-05-28 08:00:00,-17485.70000000001,-31545.05519999923
2961,2026-05-28 12:00:00,-16292.100000000006,-30351.455199999225
2962,2026-05-28 16:00:00,-16534.600000000006,-30593.955199999225
2963,2026-05-28 20:00:00,-16546.70000000001,-30606.05519999923
2964,2026-05-29 00:00:00,-15966.700000000012,-30026.05519999923
2965,2026-05-29 04:00:00,-16461.100000000006,-30520.455199999225
2966,2026-05-29 08:00:00,-16659.0,-30718.35519999922
2967,2026-05-29 12:00:00,-16336.800000000003,-30396.155199999223
2968,2026-05-29 16:00:00,-16555.600000000006,-30614.955199999225
2969,2026-05-29 20:00:00,-16515.20000000001,-30574.55519999923
2970,2026-05-30 00:00:00,-16843.0,-30902.35519999922
2971,2026-05-30 04:00:00,-16556.600000000006,-30615.955199999225
2972,2026-05-30 08:00:00,-16495.800000000003,-30555.155199999223
2973,2026-05-30 12:00:00,-16560.0,-30619.35519999922
2974,2026-05-30 16:00:00,-16581.5,-30640.85519999922
2975,2026-05-30 20:00:00,-16635.5,-30694.85519999922
2976,2026-05-31 00:00:00,-16955.600000000006,-31014.955199999225
2977,2026-05-31 04:00:00,-17047.70000000001,-31107.05519999923
2978,2026-05-31 08:00:00,-16924.40000000001,-30983.75519999923
2979,2026-05-31 12:00:00,-17175.20000000001,-31234.55519999923
2980,2026-05-31 16:00:00,-16900.90000000001,-30960.25519999923
2981,2026-05-31 20:00:00,-16981.20000000001,-31040.55519999923
2982,2026-06-01 00:00:00,-16681.100000000006,-30740.455199999225
2983,2026-06-01 04:00:00,-16589.5,-30648.85519999922
2984,2026-06-01 08:00:00,-16720.800000000003,-30780.155199999223
2985,2026-06-01 12:00:00,-16798.90000000001,-30858.25519999923
2986,2026-06-01 16:00:00,-15843.700000000012,-29903.05519999923
2987,2026-06-01 20:00:00,-15520.400000000009,-29579.75519999923
2988,2026-06-02 00:00:00,-14167.0,-28226.35519999922
2989,2026-06-02 04:00:00,-14638.600000000006,-28697.955199999225
2990,2026-06-02 08:00:00,-14459.100000000006,-28518.455199999225
2991,2026-06-02 12:00:00,-13988.300000000003,-28047.655199999223
2992,2026-06-02 16:00:00,-13147.0,-27206.35519999922
2993,2026-06-02 20:00:00,-12497.800000000003,-26557.155199999223
2994,2026-06-03 00:00:00,-10341.600000000006,-24400.955199999225
2995,2026-06-03 04:00:00,-10354.300000000003,-24413.655199999223
2996,2026-06-03 08:00:00,-9797.600000000006,-23856.955199999225
2997,2026-06-03 12:00:00,-8886.0,-22945.35519999922
2998,2026-06-03 16:00:00,-10254.300000000003,-24313.655199999223
2999,2026-06-03 20:00:00,-10107.700000000012,-24167.05519999923
3000,2026-06-04 00:00:00,-9114.100000000006,-23173.455199999225
3001,2026-06-04 04:00:00,-8496.200000000004,-22555.555199999224
3002,2026-06-04 08:00:00,-7185.300000000003,-21244.655199999223
3003,2026-06-04 12:00:00,-7403.800000000003,-21463.155199999223
3004,2026-06-04 16:00:00,-6629.300000000003,-20688.655199999223
3005,2026-06-04 20:00:00,-5588.300000000003,-19647.655199999223
3006,2026-06-05 00:00:00,-6932.400000000009,-20991.75519999923
3007,2026-06-05 04:00:00,-6667.900000000009,-20727.25519999923
3008,2026-06-05 08:00:00,-6921.000000000007,-20980.355199999227
3009,2026-06-05 12:00:00,-5767.300000000003,-19826.655199999223
3010,2026-06-05 16:00:00,-6143.200000000004,-20202.555199999224
3011,2026-06-05 20:00:00,-4997.100000000006,-19056.455199999225
3012,2026-06-06 00:00:00,-3468.4000000000087,-17527.75519999923
3013,2026-06-06 04:00:00,-3335.300000000003,-17394.655199999223
3014,2026-06-06 08:00:00,-4089.600000000006,-18148.955199999225
3015,2026-06-06 12:00:00,-3730.2000000000044,-17789.555199999224
3016,2026-06-06 16:00:00,-4042.800000000003,-18102.155199999223
3017,2026-06-06 20:00:00,-3841.100000000006,-17900.455199999225
3018,2026-06-07 00:00:00,-3821.7000000000044,-17881.055199999224
3019,2026-06-07 04:00:00,-3631.5000000000073,-17690.855199999227
3020,2026-06-07 08:00:00,-3917.300000000003,-17976.655199999223
3021,2026-06-07 12:00:00,-4738.700000000004,-18798.055199999224
3022,2026-06-07 16:00:00,-5433.600000000006,-19492.955199999225
3023,2026-06-07 20:00:00,-5666.400000000009,-19725.75519999923
3024,2026-06-08 00:00:00,-5139.200000000004,-19198.555199999224
3025,2026-06-08 04:00:00,-4371.400000000009,-18430.75519999923
3026,2026-06-08 08:00:00,-6366.100000000006,-20425.455199999225
3027,2026-06-08 12:00:00,-6169.200000000004,-20228.555199999224
3028,2026-06-08 16:00:00,-6327.500000000007,-20386.855199999227
3029,2026-06-08 20:00:00,-6517.700000000004,-20577.055199999224
3030,2026-06-09 00:00:00,-6813.000000000007,-20872.355199999227
3031,2026-06-09 04:00:00,-6415.800000000003,-20475.155199999223
3032,2026-06-09 08:00:00,-6125.500000000007,-20184.855199999227
3033,2026-06-09 12:00:00,-5908.600000000006,-19967.955199999225
3034,2026-06-09 16:00:00,-6238.400000000009,-20297.75519999923
3035,2026-06-09 20:00:00,-5747.000000000007,-19806.355199999227
3036,2026-06-10 00:00:00,-4168.300000000003,-18227.655199999223
3037,2026-06-10 04:00:00,-5136.400000000009,-19195.75519999923
3038,2026-06-10 08:00:00,-4762.600000000006,-18883.650199999218
3039,2026-06-10 12:00:00,-4762.600000000006,-18883.650199999218
3040,2026-06-10 16:00:00,-4762.600000000006,-18883.650199999218
3041,2026-06-10 20:00:00,-4762.600000000006,-18883.650199999218
3042,2026-06-11 00:00:00,-4762.600000000006,-18883.650199999218
3043,2026-06-11 04:00:00,-4762.600000000006,-18883.650199999218
3044,2026-06-11 08:00:00,-4762.600000000006,-18883.650199999218
3045,2026-06-11 12:00:00,-4762.600000000006,-18946.30769999922
3046,2026-06-11 16:00:00,-4726.800000000003,-18910.507699999216
3047,2026-06-11 20:00:00,-4342.100000000006,-18525.80769999922
3048,2026-06-12 00:00:00,-4699.000000000007,-18882.70769999922
3049,2026-06-12 04:00:00,-3852.5000000000073,-18036.20769999922
3050,2026-06-12 08:00:00,-3822.2000000000044,-18005.907699999218
3051,2026-06-12 12:00:00,-3930.100000000006,-18113.80769999922
3052,2026-06-12 16:00:00,-4353.600000000006,-18537.30769999922
3053,2026-06-12 20:00:00,-3690.7000000000044,-17874.407699999218
3054,2026-06-13 00:00:00,-3863.100000000006,-18046.80769999922
3055,2026-06-13 04:00:00,-3865.0000000000073,-18048.70769999922
3056,2026-06-13 08:00:00,-3873.100000000006,-18056.80769999922
3057,2026-06-13 12:00:00,-3925.7000000000044,-18109.407699999218
3058,2026-06-13 16:00:00,-3596.2000000000044,-17779.907699999218
3059,2026-06-13 20:00:00,-3484.0000000000073,-17667.70769999922
3060,2026-06-14 00:00:00,-3155.100000000006,-17338.80769999922
3061,2026-06-14 04:00:00,-3155.9000000000087,-17339.607699999222
3062,2026-06-14 08:00:00,-3001.9000000000087,-17185.607699999222
3063,2026-06-14 12:00:00,-2905.100000000006,-17088.80769999922
3064,2026-06-14 16:00:00,-3028.100000000006,-17211.80769999922
3065,2026-06-14 20:00:00,-2908.4000000000087,-17092.107699999222
3066,2026-06-15 00:00:00,-3424.9000000000087,-17608.607699999222
3067,2026-06-15 04:00:00,-3642.800000000003,-17826.507699999216
3068,2026-06-15 08:00:00,-1718.0,-15901.707699999213
3069,2026-06-15 12:00:00,-1525.4000000000087,-15709.107699999222
3070,2026-06-15 16:00:00,-1777.800000000003,-15961.507699999216
3071,2026-06-15 20:00:00,-1228.1000000000058,-15411.807699999219
3072,2026-06-16 00:00:00,-171.60000000000582,-14355.307699999219
3073,2026-06-16 04:00:00,-840.9000000000087,-15024.607699999222
3074,2026-06-16 08:00:00,-1134.2000000000116,-15317.907699999225
3075,2026-06-16 12:00:00,-1294.7000000000116,-15478.407699999225
3076,2026-06-16 16:00:00,-1078.4000000000087,-15262.107699999222
3077,2026-06-16 20:00:00,-964.1000000000058,-15147.807699999219
3078,2026-06-17 00:00:00,-1578.300000000003,-15762.007699999216
3079,2026-06-17 04:00:00,-1766.9000000000087,-15950.607699999222
3080,2026-06-17 08:00:00,-1775.300000000003,-15959.007699999216
3081,2026-06-17 12:00:00,-1601.5,-15785.207699999213
3082,2026-06-17 16:00:00,-1916.1000000000058,-16099.807699999219
3083,2026-06-17 20:00:00,-2645.600000000006,-16829.30769999922
3084,2026-06-18 00:00:00,-1707.4000000000087,-15891.107699999222
3085,2026-06-18 04:00:00,-3148.800000000003,-17332.507699999216
3086,2026-06-18 08:00:00,-2947.2000000000044,-17130.907699999218
3087,2026-06-18 12:00:00,-3165.100000000006,-17348.80769999922
3088,2026-06-18 16:00:00,-2949.800000000003,-17133.507699999216
3089,2026-06-18 20:00:00,-3480.0000000000073,-17663.70769999922
3090,2026-06-19 00:00:00,-5082.300000000003,-19266.007699999216
3091,2026-06-19 04:00:00,-4494.700000000004,-18678.407699999218
3092,2026-06-19 08:00:00,-4496.000000000007,-18679.70769999922
3093,2026-06-19 12:00:00,-4675.000000000007,-18858.70769999922
3094,2026-06-19 16:00:00,-4827.700000000004,-19011.407699999218
3095,2026-06-19 20:00:00,-4820.100000000006,-19003.80769999922
3096,2026-06-20 00:00:00,-4227.100000000006,-18410.80769999922
3097,2026-06-20 04:00:00,-4418.200000000004,-18601.907699999218
3098,2026-06-20 08:00:00,-3907.5000000000073,-18091.20769999922
3099,2026-06-20 12:00:00,-3979.600000000006,-18163.30769999922
3100,2026-06-20 16:00:00,-3795.100000000006,-17978.80769999922
3101,2026-06-20 20:00:00,-3768.800000000003,-17952.507699999216
3102,2026-06-21 00:00:00,-3280.600000000006,-17528.447199999217
3103,2026-06-21 04:00:00,-3280.600000000006,-17528.447199999217
3104,2026-06-21 08:00:00,-3280.600000000006,-17528.447199999217
3105,2026-06-21 12:00:00,-3280.600000000006,-17528.447199999217
3106,2026-06-21 16:00:00,-3280.600000000006,-17528.447199999217
3107,2026-06-21 20:00:00,-3280.600000000006,-17528.447199999217
3108,2026-06-22 00:00:00,-3280.600000000006,-17528.447199999217
3109,2026-06-22 04:00:00,-3280.600000000006,-17528.447199999217
3110,2026-06-22 08:00:00,-3280.600000000006,-17528.447199999217
3111,2026-06-22 12:00:00,-3280.600000000006,-17592.38229999922
3112,2026-06-22 16:00:00,-3533.4000000000087,-17845.182299999222
3113,2026-06-22 20:00:00,-3969.80000000001,-18281.582299999223
3114,2026-06-23 00:00:00,-4153.500000000007,-18465.28229999922
3115,2026-06-23 04:00:00,-3793.4000000000087,-18105.182299999222
3116,2026-06-23 08:00:00,-3335.7000000000044,-17647.482299999218
3117,2026-06-23 12:00:00,-3382.80000000001,-17694.582299999223
3118,2026-06-23 16:00:00,-2194.7000000000044,-16506.482299999218
3119,2026-06-23 20:00:00,-1824.0000000000073,-16135.78229999922
3120,2026-06-24 00:00:00,-1801.3000000000102,-16175.53809999922
3121,2026-06-24 04:00:00,-1801.3000000000102,-16175.53809999922
3122,2026-06-24 08:00:00,-1801.3000000000102,-16175.53809999922
3123,2026-06-24 12:00:00,-1801.3000000000102,-16175.53809999922
3124,2026-06-24 16:00:00,-1801.3000000000102,-16238.168399999216
3125,2026-06-24 20:00:00,-2058.7000000000044,-16495.56839999921
3126,2026-06-25 00:00:00,574.0999999999913,-13862.768399999215
3127,2026-06-25 04:00:00,905.1999999999898,-13531.668399999216
3128,2026-06-25 08:00:00,-222.20000000000437,-14659.06839999921
3129,2026-06-25 12:00:00,-24.90000000000873,-14461.768399999215
3130,2026-06-25 16:00:00,-1057.7000000000044,-15494.56839999921
3131,2026-06-25 20:00:00,-429.20000000000437,-14866.06839999921
3132,2026-06-26 00:00:00,1292.7999999999956,-13144.06839999921
3133,2026-06-26 04:00:00,1529.1999999999898,-12907.668399999216
3134,2026-06-26 08:00:00,1057.0999999999913,-13379.768399999215
3135,2026-06-26 12:00:00,813.9999999999927,-13622.868399999214
3136,2026-06-26 16:00:00,337.9999999999927,-14098.868399999214
3137,2026-06-26 20:00:00,1436.5999999999913,-13000.268399999215
3138,2026-06-27 00:00:00,532.3999999999942,-13904.468399999212
3139,2026-06-27 04:00:00,1109.2999999999956,-13327.56839999921
3140,2026-06-27 08:00:00,756.9999999999927,-13679.868399999214
3141,2026-06-27 12:00:00,554.2999999999956,-13882.56839999921
3142,2026-06-27 16:00:00,306.6999999999898,-14130.168399999216
3143,2026-06-27 20:00:00,497.09999999999127,-13939.768399999215
3144,2026-06-28 00:00:00,11.799999999995634,-14425.06839999921
3145,2026-06-28 04:00:00,679.0999999999913,-13757.768399999215
3146,2026-06-28 08:00:00,828.6999999999898,-13608.168399999216
3147,2026-06-28 12:00:00,659.4999999999927,-13777.368399999214
3148,2026-06-28 16:00:00,636.4999999999927,-13800.368399999214
3149,2026-06-28 20:00:00,514.0999999999913,-13922.768399999215
3150,2026-06-29 00:00:00,979.0999999999913,-13457.768399999215
3151,2026-06-29 04:00:00,1377.5999999999913,-13059.268399999215
3152,2026-06-29 08:00:00,1278.7999999999956,-13158.06839999921
3153,2026-06-29 12:00:00,809.1999999999898,-13627.668399999216
3154,2026-06-29 16:00:00,830.0999999999913,-13606.768399999215
3155,2026-06-29 20:00:00,901.7999999999956,-13535.06839999921
3156,2026-06-30 00:00:00,1028.7999999999956,-13408.06839999921
3157,2026-06-30 04:00:00,419.6999999999898,-14017.168399999216
3158,2026-06-30 08:00:00,604.2999999999956,-13832.56839999921
3159,2026-06-30 12:00:00,1232.8999999999942,-13203.968399999212
3160,2026-06-30 16:00:00,1331.2999999999956,-13105.56839999921
3161,2026-06-30 20:00:00,1666.6999999999898,-12770.168399999216
3162,2026-07-01 00:00:00,2472.7999999999956,-11964.06839999921
3163,2026-07-01 04:00:00,2034.5999999999913,-12402.268399999215
3164,2026-07-01 08:00:00,2223.5999999999913,-12213.268399999215
3165,2026-07-01 12:00:00,1659.3999999999942,-12777.468399999212
3166,2026-07-01 16:00:00,2084.5999999999913,-12352.268399999215
3167,2026-07-01 20:00:00,2236.0999999999913,-12200.768399999215
3168,2026-07-02 00:00:00,710.4999999999927,-13726.368399999214
3169,2026-07-02 04:00:00,828.9999999999927,-13607.868399999214
3170,2026-07-02 08:00:00,829.3999999999942,-13667.467999999208
3171,2026-07-02 12:00:00,829.3999999999942,-13667.467999999208
3172,2026-07-02 16:00:00,829.3999999999942,-13727.59379999921
3173,2026-07-02 20:00:00,-373.90000000000146,-14930.893799999205
3174,2026-07-03 00:00:00,-628.8000000000029,-15185.793799999206
3175,2026-07-03 04:00:00,-497.3000000000029,-15054.293799999206
3176,2026-07-03 08:00:00,-585.4000000000015,-15142.393799999205
3177,2026-07-03 12:00:00,-452.40000000000146,-15009.393799999205
3178,2026-07-03 16:00:00,-778.4000000000015,-15335.393799999205
3179,2026-07-03 20:00:00,-1037.6000000000058,-15594.59379999921
3180,2026-07-04 00:00:00,-940.0,-15496.993799999203
3181,2026-07-04 04:00:00,-1223.2000000000044,-15780.193799999208
3182,2026-07-04 08:00:00,-1610.300000000003,-16167.293799999206
3183,2026-07-04 12:00:00,-1654.4000000000015,-16211.393799999205
3184,2026-07-04 16:00:00,-1593.800000000003,-16150.793799999206
3185,2026-07-04 20:00:00,-1503.5,-16060.493799999203
3186,2026-07-05 00:00:00,-1953.6000000000058,-16573.5025999992
3187,2026-07-05 04:00:00,-1953.6000000000058,-16573.5025999992
3188,2026-07-05 08:00:00,-1953.6000000000058,-16573.5025999992
3189,2026-07-05 12:00:00,-1953.6000000000058,-16573.5025999992
3190,2026-07-05 16:00:00,-1953.6000000000058,-16573.5025999992
3191,2026-07-05 20:00:00,-1953.6000000000058,-16573.5025999992
3192,2026-07-06 00:00:00,-1953.6000000000058,-16573.5025999992
3193,2026-07-06 04:00:00,-1953.6000000000058,-16573.5025999992
3194,2026-07-06 08:00:00,-1953.6000000000058,-16573.5025999992
3195,2026-07-06 12:00:00,-1953.6000000000058,-16573.5025999992
3196,2026-07-06 16:00:00,-1953.6000000000058,-16573.5025999992
3197,2026-07-06 20:00:00,-1953.6000000000058,-16573.5025999992
3198,2026-07-07 00:00:00,-1953.6000000000058,-16573.5025999992
3199,2026-07-07 04:00:00,-1953.6000000000058,-16573.5025999992
3200,2026-07-07 08:00:00,-1953.600000000013,-16637.526199999185
3201,2026-07-07 12:00:00,-2812.2000000000116,-17496.126199999184
3202,2026-07-07 16:00:00,-2914.600000000013,-17598.526199999185
3203,2026-07-07 20:00:00,-2599.5000000000146,-17283.426199999187
3204,2026-07-08 00:00:00,-2067.2000000000116,-16751.126199999184
3205,2026-07-08 04:00:00,-2182.30000000001,-16866.226199999182
3206,2026-07-08 08:00:00,-2641.80000000001,-17325.726199999182
3207,2026-07-08 12:00:00,-3236.2000000000116,-17920.126199999184
3208,2026-07-08 16:00:00,-3123.100000000013,-17807.026199999185
3209,2026-07-08 20:00:00,-3707.2000000000116,-18391.126199999184
3210,2026-07-09 00:00:00,-4302.700000000012,-18986.626199999184
3211,2026-07-09 04:00:00,-3725.30000000001,-18409.226199999182
3212,2026-07-09 08:00:00,-3721.9000000000087,-18405.82619999918
3213,2026-07-09 12:00:00,-4034.100000000013,-18718.026199999185
3214,2026-07-09 16:00:00,-3003.5000000000146,-17687.426199999187
3215,2026-07-09 20:00:00,-3221.2000000000116,-17905.126199999184
3216,2026-07-10 00:00:00,-3141.80000000001,-17825.726199999182
3217,2026-07-10 04:00:00,-2754.30000000001,-17438.226199999182
3218,2026-07-10 08:00:00,-2780.2000000000116,-17464.126199999184
3219,2026-07-10 12:00:00,-2060.0000000000146,-16807.84339999919
3220,2026-07-10 16:00:00,-2060.0000000000073,-16871.799499999186
3221,2026-07-10 20:00:00,-1621.9000000000087,-16433.699499999188
3222,2026-07-11 00:00:00,-1997.4000000000087,-16809.199499999188
3223,2026-07-11 04:00:00,-2115.7000000000044,-16991.39989999918
3224,2026-07-11 08:00:00,-2115.7000000000044,-16991.39989999918
3225,2026-07-11 12:00:00,-2115.7000000000044,-16991.39989999918
3226,2026-07-11 16:00:00,-2115.7000000000044,-16991.39989999918
3227,2026-07-11 20:00:00,-2115.7000000000044,-16991.39989999918
3228,2026-07-12 00:00:00,-2115.7000000000044,-16991.39989999918
3229,2026-07-12 04:00:00,-2115.7000000000044,-16991.39989999918
3230,2026-07-12 08:00:00,-2115.7000000000044,-16991.39989999918
3231,2026-07-12 12:00:00,-2115.7000000000044,-16991.39989999918
3232,2026-07-12 16:00:00,-2115.7000000000044,-16991.39989999918
3233,2026-07-12 20:00:00,-2115.699999999997,-17055.393699999186
3234,2026-07-13 00:00:00,-1959.5999999999985,-16899.293699999187
3235,2026-07-13 04:00:00,-1907.5999999999985,-16847.293699999187
3236,2026-07-13 08:00:00,-2359.5,-17299.19369999919
3237,2026-07-13 12:00:00,-3329.300000000003,-18331.773899999193
3238,2026-07-13 16:00:00,-3329.300000000003,-18331.773899999193
3239,2026-07-13 20:00:00,-3329.300000000003,-18331.773899999193
3240,2026-07-14 00:00:00,-3329.300000000003,-18331.773899999193
3241,2026-07-14 04:00:00,-3329.300000000003,-18331.773899999193
3242,2026-07-14 08:00:00,-3329.300000000003,-18331.773899999193
3243,2026-07-14 12:00:00,-3329.300000000003,-18394.31209999918
3244,2026-07-14 16:00:00,-3337.800000000003,-18402.81209999918
3245,2026-07-14 20:00:00,-3057.199999999997,-18122.212099999175
3246,2026-07-15 00:00:00,-1140.0,-16205.012099999178
3247,2026-07-15 04:00:00,-1324.5,-16389.512099999178
3248,2026-07-15 08:00:00,-852.8000000000029,-15917.81209999918
3249,2026-07-15 12:00:00,-1106.699999999997,-16171.712099999175
3250,2026-07-15 16:00:00,-1339.5,-16404.512099999178
3251,2026-07-15 20:00:00,-1160.0,-16289.719599999175
3252,2026-07-16 00:00:00,-1160.0,-16289.719599999175
3253,2026-07-16 04:00:00,-1160.0,-16289.719599999175
3254,2026-07-16 08:00:00,-1160.0,-16289.719599999175
3255,2026-07-16 12:00:00,-1160.0,-16289.719599999175
3256,2026-07-16 16:00:00,-1160.0,-16289.719599999175
3257,2026-07-16 20:00:00,-1160.0,-16289.719599999175
3258,2026-07-17 00:00:00,-1160.0,-16289.719599999175
3259,2026-07-17 04:00:00,-1160.0,-16289.719599999175
3260,2026-07-17 08:00:00,-1160.0,-16289.719599999175
3261,2026-07-17 12:00:00,-1160.0,-16289.719599999175
3262,2026-07-17 16:00:00,-1160.0,-16289.719599999175
3263,2026-07-17 20:00:00,-1160.0,-16289.719599999175
3264,2026-07-18 00:00:00,-1160.0,-16289.719599999175
3265,2026-07-18 04:00:00,-1160.0,-16289.719599999175
3266,2026-07-18 08:00:00,-1160.0,-16289.719599999175
3267,2026-07-18 12:00:00,-1160.0,-16289.719599999175
3268,2026-07-18 16:00:00,-1160.0,-16289.719599999175
3269,2026-07-18 20:00:00,-1160.0,-16289.719599999175
3270,2026-07-19 00:00:00,-1160.0,-16289.719599999175
3271,2026-07-19 04:00:00,-1160.0,-16289.719599999175
3272,2026-07-19 08:00:00,-1160.0,-16289.719599999175
3273,2026-07-19 12:00:00,-1160.0,-16289.719599999175
3274,2026-07-19 16:00:00,-1160.0,-16289.719599999175
3275,2026-07-19 20:00:00,-1160.0,-16289.719599999175
3276,2026-07-20 00:00:00,-1160.0,-16289.719599999175
3277,2026-07-20 04:00:00,-1160.0,-16289.719599999175
3278,2026-07-20 08:00:00,-1160.0,-16289.719599999175
3279,2026-07-20 12:00:00,-1160.0,-16289.719599999175
3280,2026-07-20 16:00:00,-1160.0,-16289.719599999175
3281,2026-07-20 20:00:00,-1160.0,-16289.719599999175
3282,2026-07-21 00:00:00,-1160.0,-16289.719599999175
3283,2026-07-21 04:00:00,-1160.0,-16354.838899999173
3284,2026-07-21 08:00:00,-1265.5,-16460.338899999173
3285,2026-07-21 12:00:00,-1580.199999999997,-16775.03889999917
3286,2026-07-21 16:00:00,-2207.5999999999913,-17402.438899999164
3287,2026-07-21 20:00:00,-2358.5999999999913,-17553.438899999164
3288,2026-07-22 00:00:00,-2689.199999999997,-17884.03889999917
3289,2026-07-22 04:00:00,-2450.199999999997,-17645.03889999917
3290,2026-07-22 08:00:00,-2563.0999999999913,-17757.938899999164
3291,2026-07-22 12:00:00,-2217.399999999994,-17478.415599999164
3292,2026-07-22 16:00:00,-2217.399999999994,-17544.228999999163
3293,2026-07-22 20:00:00,-2049.399999999994,-17376.228999999163
3294,2026-07-23 00:00:00,-2015.9999999999854,-17342.828999999154
3295,2026-07-23 04:00:00,-2139.6999999999825,-17466.52899999915
3296,2026-07-23 08:00:00,-1948.7999999999884,-17275.628999999157
3297,2026-07-23 12:00:00,-2403.9999999999854,-17730.828999999154
3298,2026-07-23 16:00:00,-2625.4999999999854,-17952.328999999154
3299,2026-07-23 20:00:00,-2505.399999999987,-17832.228999999155
3300,2026-07-24 00:00:00,-3090.399999999987,-18417.228999999155
3301,2026-07-24 04:00:00,-3210.0999999999913,-18536.92899999916
3302,2026-07-24 08:00:00,-2961.19999999999,-18288.02899999916
3303,2026-07-24 12:00:00,-2605.399999999987,-17932.228999999155
3304,2026-07-24 16:00:00,-2560.7999999999884,-17887.628999999157
3305,2026-07-24 20:00:00,-2985.0999999999913,-18311.92899999916
3306,2026-07-25 00:00:00,-3965.69999999999,-19292.52899999916
3307,2026-07-25 04:00:00,-3831.2999999999884,-19158.128999999157
3308,2026-07-25 08:00:00,-3914.2999999999884,-19241.128999999157
3309,2026-07-25 12:00:00,-3977.899999999987,-19304.728999999155
3310,2026-07-25 16:00:00,-4057.899999999987,-19448.701899999156
3311,2026-07-25 20:00:00,-4057.899999999987,-19448.701899999156
3312,2026-07-26 00:00:00,-4057.899999999987,-19448.701899999156
3313,2026-07-26 04:00:00,-4057.899999999987,-19513.061499999145
3314,2026-07-26 08:00:00,-4079.399999999987,-19534.561499999145
3315,2026-07-26 12:00:00,-3898.6999999999825,-19353.86149999914
3316,2026-07-26 16:00:00,-4076.2999999999884,-19531.461499999146
3317,2026-07-26 20:00:00,-3936.099999999984,-19391.261499999142
3318,2026-07-27 00:00:00,-3683.899999999987,-19139.061499999145
3319,2026-07-27 04:00:00,-3751.9999999999854,-19207.161499999143
3320,2026-07-27 08:00:00,-3042.399999999987,-18497.561499999145
3321,2026-07-27 12:00:00,-3155.9999999999854,-18611.161499999143
3322,2026-07-27 16:00:00,-3221.599999999984,-18676.761499999142
3323,2026-07-27 20:00:00,-3344.399999999987,-18799.561499999145
3324,2026-07-28 00:00:00,-3900.399999999987,-19355.561499999145
3325,2026-07-28 04:00:00,-3458.2999999999884,-18913.461499999146
3326,2026-07-28 08:00:00,-4696.6999999999825,-20151.86149999914
3327,2026-07-28 12:00:00,-5107.399999999987,-20625.871599999147
3328,2026-07-28 16:00:00,-5107.399999999987,-20625.871599999147
3329,2026-07-28 20:00:00,-5107.399999999987,-20689.30239999915
3330,2026-07-29 00:00:00,-5575.999999999985,-21157.902399999148
3331,2026-07-29 04:00:00,-5558.999999999985,-21140.902399999148
3332,2026-07-29 08:00:00,-5580.1999999999825,-21162.102399999145
3333,2026-07-29 12:00:00,-5403.599999999984,-20985.502399999146
3334,2026-07-29 16:00:00,-6215.599999999984,-21797.502399999146
3335,2026-07-29 20:00:00,-6156.599999999984,-21738.502399999146
3336,2026-07-30 00:00:00,-5616.799999999981,-21198.702399999143
3337,2026-07-30 04:00:00,-5240.6999999999825,-20822.602399999145
3338,2026-07-30 08:00:00,-5635.499999999985,-21217.402399999148
3339,2026-07-30 12:00:00,-5810.599999999984,-21392.502399999146
3340,2026-07-30 16:00:00,-5658.499999999985,-21240.402399999148
3341,2026-07-30 20:00:00,-6443.399999999987,-22025.30239999915
3342,2026-07-31 00:00:00,-6370.799999999981,-21952.702399999143
3343,2026-07-31 04:00:00,-6455.1999999999825,-22037.102399999145
3344,2026-07-31 08:00:00,-6426.599999999984,-22008.502399999146
3345,2026-07-31 12:00:00,-6020.599999999984,-21602.502399999146
3346,2026-07-31 16:00:00,-5585.6999999999825,-21167.602399999145
3347,2026-07-31 20:00:00,-5455.999999999985,-21037.902399999148
3348,2026-08-01 00:00:00,-4371.999999999985,-19953.902399999148
3349,2026-08-01 04:00:00,-4623.799999999981,-20205.702399999143
3350,2026-08-01 08:00:00,-4536.499999999985,-20118.402399999148
3351,2026-08-01 12:00:00,-4650.399999999987,-20232.30239999915
3352,2026-08-01 16:00:00,-4696.1999999999825,-20278.102399999145
3353,2026-08-01 20:00:00,-4721.6999999999825,-20303.602399999145
3354,2026-08-02 00:00:00,-4652.999999999985,-20234.902399999148
3355,2026-08-02 04:00:00,-4178.6999999999825,-19760.602399999145
3356,2026-08-02 08:00:00,-4468.899999999987,-20050.80239999915
3357,2026-08-02 12:00:00,-5113.299999999981,-20695.202399999143
3358,2026-08-02 16:00:00,-5144.6999999999825,-20726.602399999145
3359,2026-08-02 20:00:00,-4683.899999999987,-20265.80239999915
3360,2026-08-03 00:00:00,-4758.1999999999825,-20340.102399999145
3361,2026-08-03 04:00:00,-5109.499999999985,-20691.402399999148
3362,2026-08-03 08:00:00,-5226.599999999984,-20808.502399999146
3363,2026-08-03 12:00:00,-4516.299999999981,-20098.202399999143
3364,2026-08-03 16:00:00,-4267.599999999984,-19849.502399999146
3365,2026-08-03 20:00:00,-4210.6999999999825,-19792.602399999145
3366,2026-08-04 00:00:00,-5336.099999999984,-20918.002399999146
3367,2026-08-04 04:00:00,-5513.499999999985,-21095.402399999148
3368,2026-08-04 08:00:00,-5173.799999999981,-20755.702399999143
3369,2026-08-04 12:00:00,-5447.599999999984,-21029.502399999146
3370,2026-08-04 16:00:00,-5343.099999999984,-20925.002399999146
3371,2026-08-04 20:00:00,-5576.799999999981,-21158.702399999143
3372,2026-08-05 00:00:00,-5764.999999999985,-21346.902399999148
3373,2026-08-05 04:00:00,-5873.899999999987,-21455.80239999915
3374,2026-08-05 08:00:00,-5752.099999999984,-21334.002399999146
3375,2026-08-05 12:00:00,-5822.1999999999825,-21404.102399999145
3376,2026-08-05 16:00:00,-5817.599999999984,-21399.502399999146
3377,2026-08-05 20:00:00,-5721.1999999999825,-21303.102399999145
3378,2026-08-06 00:00:00,-6030.1999999999825,-21612.102399999145
3379,2026-08-06 04:00:00,-6482.299999999981,-22064.202399999143
3380,2026-08-06 08:00:00,-6310.499999999985,-21892.402399999148
3381,2026-08-06 12:00:00,-6172.799999999981,-21754.702399999143
3382,2026-08-06 16:00:00,-6465.999999999985,-22047.902399999148
3383,2026-08-06 20:00:00,-6266.6999999999825,-21848.602399999145
3384,2026-08-07 00:00:00,-6280.799999999981,-21862.702399999143
3385,2026-08-07 04:00:00,-6089.399999999987,-21671.30239999915
3386,2026-08-07 08:00:00,-5976.599999999984,-21558.502399999146
3387,2026-08-07 12:00:00,-5940.599999999984,-21522.502399999146
3388,2026-08-07 16:00:00,-5965.499999999985,-21547.402399999148
3389,2026-08-07 20:00:00,-6672.6999999999825,-22254.602399999145
3390,2026-08-08 00:00:00,-6561.999999999985,-22143.902399999148
3391,2026-08-08 04:00:00,-6609.499999999985,-22191.402399999148
3392,2026-08-08 08:00:00,-6561.999999999985,-22143.902399999148
3393,2026-08-08 12:00:00,-6676.599999999984,-22258.502399999146
3394,2026-08-08 16:00:00,-6612.899999999987,-22194.80239999915
3395,2026-08-08 20:00:00,-6615.099999999984,-22197.002399999146
3396,2026-08-09 00:00:00,-6725.899999999987,-22307.80239999915
3397,2026-08-09 04:00:00,-6722.099999999984,-22369.04789999914
3398,2026-08-09 08:00:00,-6722.099999999984,-22369.04789999914
3399,2026-08-09 12:00:00,-6722.099999999977,-22433.806899999123
3400,2026-08-09 16:00:00,-6687.499999999978,-22399.206899999124
3401,2026-08-09 20:00:00,-6559.299999999974,-22271.00689999912
3402,2026-08-10 00:00:00,-6273.39999999998,-21985.106899999126
3403,2026-08-10 04:00:00,-6327.89999999998,-22039.606899999126
3404,2026-08-10 08:00:00,-6613.299999999974,-22325.00689999912
3405,2026-08-10 12:00:00,-6534.699999999975,-22246.40689999912
3406,2026-08-10 16:00:00,-6298.099999999977,-22009.806899999123
3407,2026-08-10 20:00:00,-6383.499999999978,-22095.206899999124
3408,2026-08-11 00:00:00,-7212.299999999974,-22924.00689999912
3409,2026-08-11 04:00:00,-7463.89999999998,-23175.606899999126
3410,2026-08-11 08:00:00,-7541.799999999974,-23253.50689999912
3411,2026-08-11 12:00:00,-7370.39999999998,-23082.106899999126
3412,2026-08-11 16:00:00,-7449.39999999998,-23161.106899999126
3413,2026-08-11 20:00:00,-7122.799999999974,-22834.50689999912
3414,2026-08-12 00:00:00,-7895.799999999974,-23671.09219999912
3415,2026-08-12 04:00:00,-7895.799999999974,-23671.09219999912
3416,2026-08-12 08:00:00,-7895.799999999974,-23671.09219999912
3417,2026-08-12 12:00:00,-7895.799999999974,-23671.09219999912
3418,2026-08-12 16:00:00,-7895.799999999974,-23671.09219999912
3419,2026-08-12 20:00:00,-7895.799999999974,-23671.09219999912
3420,2026-08-13 00:00:00,-7895.799999999974,-23734.513599999118
3421,2026-08-13 04:00:00,-7869.299999999974,-23708.013599999118
3422,2026-08-13 08:00:00,-7929.099999999969,-23767.813599999114
3423,2026-08-13 12:00:00,-8097.899999999972,-23936.613599999117
3424,2026-08-13 16:00:00,-8307.399999999972,-24146.113599999117
3425,2026-08-13 20:00:00,-7932.899999999972,-23771.613599999117
3426,2026-08-14 00:00:00,-7859.399999999972,-23698.113599999117
3427,2026-08-14 04:00:00,-7861.799999999974,-23700.513599999118
3428,2026-08-14 08:00:00,-7931.099999999969,-23769.813599999114
3429,2026-08-14 12:00:00,-7762.499999999971,-23601.213599999115
3430,2026-08-14 16:00:00,-7362.499999999971,-23201.213599999115
3431,2026-08-14 20:00:00,-7311.799999999974,-23150.513599999118
3432,2026-08-15 00:00:00,-7430.399999999972,-23269.113599999117
3433,2026-08-15 04:00:00,-7410.699999999975,-23249.41359999912
3434,2026-08-15 08:00:00,-7489.399999999972,-23328.113599999117
3435,2026-08-15 12:00:00,-7504.699999999975,-23343.41359999912
3436,2026-08-15 16:00:00,-7524.199999999975,-23362.91359999912
3437,2026-08-15 20:00:00,-7467.499999999971,-23306.213599999115
3438,2026-08-16 00:00:00,-7542.399999999972,-23381.113599999117
3439,2026-08-16 04:00:00,-7567.999999999971,-23406.713599999115
3440,2026-08-16 08:00:00,-7528.299999999974,-23367.013599999118
3441,2026-08-16 12:00:00,-7570.999999999971,-23409.713599999115
3442,2026-08-16 16:00:00,-7508.699999999975,-23347.41359999912
3443,2026-08-16 20:00:00,-7455.499999999971,-23294.213599999115
3444,2026-08-17 00:00:00,-7588.199999999975,-23426.91359999912
3445,2026-08-17 04:00:00,-7556.599999999969,-23395.313599999114
3446,2026-08-17 08:00:00,-7350.399999999972,-23189.113599999117
3447,2026-08-17 12:00:00,-7884.199999999975,-23722.91359999912
3448,2026-08-17 16:00:00,-7967.899999999972,-23806.613599999117
3449,2026-08-17 20:00:00,-8074.399999999972,-23913.113599999117
3450,2026-08-18 00:00:00,-8644.299999999974,-24547.18349999911
3451,2026-08-18 04:00:00,-8644.299999999974,-24547.18349999911
3452,2026-08-18 08:00:00,-8644.299999999967,-24611.68759999911
3453,2026-08-18 12:00:00,-9000.999999999964,-24968.387599999107
3454,2026-08-18 16:00:00,-8977.499999999964,-24944.887599999107
3455,2026-08-18 20:00:00,-8822.399999999965,-24789.78759999911
3456,2026-08-19 00:00:00,-8324.499999999964,-24291.887599999107
3457,2026-08-19 04:00:00,-8528.699999999968,-24496.08759999911
3458,2026-08-19 08:00:00,-8454.399999999965,-24421.78759999911
3459,2026-08-19 12:00:00,-8852.099999999962,-24819.487599999105
3460,2026-08-19 16:00:00,-8882.299999999967,-24849.68759999911
3461,2026-08-19 20:00:00,-8669.399999999965,-24636.78759999911
3462,2026-08-20 00:00:00,-4624.699999999968,-20592.08759999911
3463,2026-08-20 04:00:00,-4744.299999999959,-20711.687599999103
3464,2026-08-20 08:00:00,-3838.399999999965,-19805.78759999911
3465,2026-08-20 12:00:00,-3964.899999999965,-19932.28759999911
3466,2026-08-20 16:00:00,-3332.499999999971,-19299.887599999114
3467,2026-08-20 20:00:00,-1252.199999999968,-17219.58759999911
3468,2026-08-21 00:00:00,-719.3999999999651,-16686.78759999911
3469,2026-08-21 04:00:00,-498.699999999968,-16466.08759999911
3470,2026-08-21 08:00:00,-149.69999999996799,-16117.087599999111
3471,2026-08-21 12:00:00,1334.500000000029,-14632.887599999114
3472,2026-08-21 16:00:00,3162.000000000029,-12805.387599999114
3473,2026-08-21 20:00:00,3600.600000000035,-12366.787599999108
3474,2026-08-22 00:00:00,4071.400000000038,-11895.987599999105
3475,2026-08-22 04:00:00,3847.000000000029,-12120.387599999114
3476,2026-08-22 08:00:00,5160.700000000041,-10806.687599999103
3477,2026-08-22 12:00:00,5246.600000000035,-10720.787599999108
3478,2026-08-22 16:00:00,4138.300000000032,-11829.087599999111
3479,2026-08-22 20:00:00,3989.500000000029,-11977.887599999114
3480,2026-08-23 00:00:00,3847.2000000000407,-12120.187599999103
3481,2026-08-23 04:00:00,4274.000000000029,-11693.387599999114
3482,2026-08-23 08:00:00,3936.100000000035,-12031.287599999108
3483,2026-08-23 12:00:00,3792.7000000000407,-12174.687599999103
3484,2026-08-23 16:00:00,2871.900000000038,-13095.487599999105
3485,2026-08-23 20:00:00,4147.600000000035,-11819.787599999108
3486,2026-08-24 00:00:00,3975.600000000035,-11991.787599999108
3487,2026-08-24 04:00:00,4156.700000000041,-11810.687599999103
3488,2026-08-24 08:00:00,4570.700000000041,-11396.687599999103
3489,2026-08-24 12:00:00,3776.800000000032,-12190.587599999111
3490,2026-08-24 16:00:00,4153.400000000038,-11813.987599999105
3491,2026-08-24 20:00:00,5281.000000000029,-10686.387599999114
3492,2026-08-25 00:00:00,5920.900000000038,-10125.556899999108
3493,2026-08-25 04:00:00,5920.900000000038,-10125.556899999108
3494,2026-08-25 08:00:00,5920.900000000038,-10125.556899999108
3495,2026-08-25 12:00:00,5920.900000000038,-10125.556899999108
3496,2026-08-25 16:00:00,5920.900000000038,-10125.556899999108
3497,2026-08-25 20:00:00,5920.900000000038,-10125.556899999108
3498,2026-08-26 00:00:00,5920.900000000038,-10125.556899999108
3499,2026-08-26 04:00:00,5920.900000000038,-10125.556899999108
3500,2026-08-26 08:00:00,5920.900000000038,-10125.556899999108
3501,2026-08-26 12:00:00,5920.900000000038,-10125.556899999108
3502,2026-08-26 16:00:00,5920.900000000038,-10125.556899999108
3503,2026-08-26 20:00:00,5920.900000000038,-10125.556899999108
3504,2026-08-27 00:00:00,5920.900000000038,-10125.556899999108
3505,2026-08-27 04:00:00,5920.900000000038,-10125.556899999108
3506,2026-08-27 08:00:00,5920.900000000038,-10125.556899999108
3507,2026-08-27 12:00:00,5920.900000000038,-10125.556899999108
3508,2026-08-27 16:00:00,5920.900000000038,-10125.556899999108
3509,2026-08-27 20:00:00,5920.900000000038,-10125.556899999108
3510,2026-08-28 00:00:00,5920.900000000038,-10125.556899999108
3511,2026-08-28 04:00:00,5920.900000000038,-10125.556899999108
3512,2026-08-28 08:00:00,5920.900000000038,-10125.556899999108
3513,2026-08-28 12:00:00,5920.900000000038,-10125.556899999108
3514,2026-08-28 16:00:00,5920.900000000038,-10125.556899999108
3515,2026-08-28 20:00:00,5920.900000000038,-10205.120099999098
3516,2026-08-29 00:00:00,4666.700000000041,-11459.320099999095
3517,2026-08-29 04:00:00,3904.100000000035,-12221.9200999991
3518,2026-08-29 08:00:00,4163.600000000035,-11962.4200999991
3519,2026-08-29 12:00:00,3839.900000000038,-12286.120099999098
3520,2026-08-29 16:00:00,3944.7000000000407,-12181.320099999095
3521,2026-08-29 20:00:00,3921.100000000035,-12204.9200999991
3522,2026-08-30 00:00:00,4181.800000000047,-11944.22009999909
3523,2026-08-30 04:00:00,4512.600000000035,-11613.4200999991
3524,2026-08-30 08:00:00,4558.400000000038,-11567.620099999098
3525,2026-08-30 12:00:00,4459.100000000035,-11666.9200999991
3526,2026-08-30 16:00:00,4440.300000000047,-11685.72009999909
3527,2026-08-30 20:00:00,4499.200000000041,-11626.820099999095
3528,2026-08-31 00:00:00,5148.800000000047,-10977.22009999909
3529,2026-08-31 04:00:00,5185.900000000038,-10940.120099999098
3530,2026-08-31 08:00:00,3992.3000000000466,-12211.354699999094
3531,2026-08-31 12:00:00,3992.3000000000466,-12211.354699999094
3532,2026-08-31 16:00:00,3992.3000000000466,-12211.354699999094
3533,2026-08-31 20:00:00,3992.3000000000466,-12211.354699999094
3534,2026-09-01 00:00:00,3992.3000000000466,-12211.354699999094
3535,2026-09-01 04:00:00,3992.3000000000466,-12211.354699999094
3536,2026-09-01 08:00:00,3992.3000000000466,-12211.354699999094
3537,2026-09-01 12:00:00,3992.3000000000466,-12211.354699999094
3538,2026-09-01 16:00:00,3992.3000000000466,-12211.354699999094
3539,2026-09-01 20:00:00,3992.3000000000466,-12211.354699999094
3540,2026-09-02 00:00:00,3992.3000000000466,-12289.231999999087
3541,2026-09-02 04:00:00,4583.300000000047,-11698.231999999087
3542,2026-09-02 08:00:00,4469.500000000044,-11812.03199999909
3543,2026-09-02 12:00:00,4335.300000000047,-11946.231999999087
3544,2026-09-02 16:00:00,4424.700000000055,-11856.831999999078
3545,2026-09-02 20:00:00,5081.000000000044,-11200.53199999909
3546,2026-09-03 00:00:00,4619.700000000055,-11661.831999999078
3547,2026-09-03 04:00:00,4568.300000000047,-11713.231999999087
3548,2026-09-03 08:00:00,4569.6000000000495,-11711.931999999084
3549,2026-09-03 12:00:00,4204.300000000047,-12077.231999999087
3550,2026-09-03 16:00:00,4242.300000000047,-12039.231999999087
3551,2026-09-03 20:00:00,3959.9000000000524,-12321.631999999081
3552,2026-09-04 00:00:00,552.9000000000524,-15728.631999999081
3553,2026-09-04 04:00:00,146.7000000000553,-16134.831999999078
3554,2026-09-04 08:00:00,638.9000000000524,-15642.631999999081
3555,2026-09-04 12:00:00,1061.6000000000495,-15219.931999999084
3556,2026-09-04 16:00:00,1241.6000000000495,-15039.931999999084
3557,2026-09-04 20:00:00,681.6000000000495,-15599.931999999084
3558,2026-09-05 00:00:00,2484.8000000000466,-13796.731999999087
3559,2026-09-05 04:00:00,2114.9000000000524,-14166.631999999081
3560,2026-09-05 08:00:00,2253.5000000000437,-14028.03199999909
3561,2026-09-05 12:00:00,2325.7000000000553,-13955.831999999078
3562,2026-09-05 16:00:00,2196.6000000000495,-14084.931999999084
3563,2026-09-05 20:00:00,2292.2000000000553,-13989.331999999078
3564,2026-09-06 00:00:00,2109.4000000000524,-14172.131999999081
3565,2026-09-06 04:00:00,2149.7000000000553,-14131.831999999078
3566,2026-09-06 08:00:00,2071.9000000000524,-14209.631999999081
3567,2026-09-06 12:00:00,1878.6000000000495,-14402.931999999084
3568,2026-09-06 16:00:00,2103.4000000000524,-14178.131999999081
3569,2026-09-06 20:00:00,1991.2000000000553,-14290.331999999078
3570,2026-09-07 00:00:00,2191.8000000000466,-14089.731999999087
3571,2026-09-07 04:00:00,2064.9000000000524,-14216.631999999081
3572,2026-09-07 08:00:00,1568.5000000000437,-14713.03199999909
3573,2026-09-07 12:00:00,2309.6000000000495,-13971.931999999084
3574,2026-09-07 16:00:00,2511.9000000000524,-13769.631999999081
3575,2026-09-07 20:00:00,2492.8000000000466,-13868.108799999085
3576,2026-09-08 00:00:00,2492.8000000000466,-13868.108799999085
3577,2026-09-08 04:00:00,2492.8000000000466,-13868.108799999085
3578,2026-09-08 08:00:00,2492.8000000000466,-13868.108799999085
3579,2026-09-08 12:00:00,2492.8000000000466,-13868.108799999085
3580,2026-09-08 16:00:00,2492.8000000000466,-13868.108799999085
3581,2026-09-08 20:00:00,2492.8000000000466,-13868.108799999085
3582,2026-09-09 00:00:00,2492.8000000000466,-13946.97879999908
3583,2026-09-09 04:00:00,2030.1000000000495,-14409.678799999077
3584,2026-09-09 08:00:00,2048.4000000000524,-14391.378799999075
3585,2026-09-09 12:00:00,2216.5000000000437,-14223.278799999083
3586,2026-09-09 16:00:00,2868.8000000000466,-13570.97879999908
3587,2026-09-09 20:00:00,2904.5000000000437,-13535.278799999083
3588,2026-09-10 00:00:00,2192.8000000000466,-14325.548799999087
3589,2026-09-10 04:00:00,2192.8000000000466,-14325.548799999087
3590,2026-09-10 08:00:00,2192.8000000000466,-14325.548799999087
3591,2026-09-10 12:00:00,2192.8000000000466,-14325.548799999087
3592,2026-09-10 16:00:00,2192.8000000000466,-14325.548799999087
3593,2026-09-10 20:00:00,2192.8000000000466,-14325.548799999087
3594,2026-09-11 00:00:00,2192.8000000000466,-14325.548799999087
3595,2026-09-11 04:00:00,2192.8000000000466,-14325.548799999087
3596,2026-09-11 08:00:00,2192.8000000000466,-14325.548799999087
3597,2026-09-11 12:00:00,2192.8000000000466,-14402.409599999082
3598,2026-09-11 16:00:00,1865.5000000000437,-14729.709599999085
3599,2026-09-11 20:00:00,2053.5000000000437,-14541.709599999085
3600,2026-09-12 00:00:00,1370.7000000000553,-15224.509599999074
3601,2026-09-12 04:00:00,1802.9000000000524,-14792.309599999076
3602,2026-09-12 08:00:00,1862.5000000000437,-14732.709599999085
3603,2026-09-12 12:00:00,1816.8000000000466,-14778.409599999082
3604,2026-09-12 16:00:00,1816.7000000000553,-14778.509599999074
3605,2026-09-12 20:00:00,1727.8000000000466,-14867.409599999082
3606,2026-09-13 00:00:00,1709.9000000000524,-14885.309599999076
3607,2026-09-13 04:00:00,1969.5000000000437,-14625.709599999085
3608,2026-09-13 08:00:00,1810.8000000000466,-14784.409599999082
3609,2026-09-13 12:00:00,1891.4000000000524,-14703.809599999076
3610,2026-09-13 16:00:00,1965.9000000000524,-14629.309599999076
3611,2026-09-13 20:00:00,1957.2000000000553,-14638.009599999074
