,date,money,clear_money
0,2025-01-20 00:00:00,0.0,0.0
1,2025-01-20 04:00:00,0.0,-53.12394999999378
2,2025-01-20 08:00:00,-4936.399999999994,-5040.179699999979
3,2025-01-20 12:00:00,-4936.399999999994,-5040.179699999979
4,2025-01-20 16:00:00,-4936.399999999994,-5040.179699999979
5,2025-01-20 20:00:00,-4936.399999999994,-5094.313449999972
6,2025-01-21 00:00:00,-8195.199999999997,-8353.113449999975
7,2025-01-21 04:00:00,-9529.699999999997,-9687.613449999975
8,2025-01-21 08:00:00,-10956.299999999988,-11114.213449999967
9,2025-01-21 12:00:00,-10281.199999999997,-10439.113449999975
10,2025-01-21 16:00:00,-11223.199999999997,-11381.113449999975
11,2025-01-21 20:00:00,-9478.899999999994,-9636.813449999972
12,2025-01-22 00:00:00,-9274.799999999988,-9432.713449999967
13,2025-01-22 04:00:00,-6214.0,-6371.913449999978
14,2025-01-22 08:00:00,-7089.399999999994,-7247.313449999972
15,2025-01-22 12:00:00,-7615.699999999997,-7773.613449999975
16,2025-01-22 16:00:00,-8140.099999999991,-8298.01344999997
17,2025-01-22 20:00:00,-8120.0,-8277.913449999978
18,2025-01-23 00:00:00,-9065.899999999994,-9223.813449999972
19,2025-01-23 04:00:00,-8603.899999999994,-8761.813449999972
20,2025-01-23 08:00:00,-9539.0,-9696.913449999978
21,2025-01-23 12:00:00,-10786.899999999994,-10944.813449999972
22,2025-01-23 16:00:00,-10535.5,-10693.413449999978
23,2025-01-23 20:00:00,-11294.699999999997,-11503.568049999973
24,2025-01-24 00:00:00,-11294.699999999997,-11503.568049999973
25,2025-01-24 04:00:00,-11294.699999999997,-11555.424899999969
26,2025-01-24 08:00:00,-11445.100000000006,-11705.824899999978
27,2025-01-24 12:00:00,-11423.600000000006,-11684.324899999978
28,2025-01-24 16:00:00,-12580.899999999994,-12841.624899999966
29,2025-01-24 20:00:00,-12955.0,-13215.724899999972
30,2025-01-25 00:00:00,-13402.800000000003,-13716.435799999963
31,2025-01-25 04:00:00,-13402.800000000003,-13769.299149999963
32,2025-01-25 08:00:00,-12484.200000000012,-12850.699149999971
33,2025-01-25 12:00:00,-12830.0,-13196.49914999996
34,2025-01-25 16:00:00,-12025.400000000009,-12391.899149999968
35,2025-01-25 20:00:00,-12302.900000000009,-12669.399149999968
36,2025-01-26 00:00:00,-12528.200000000012,-12894.699149999971
37,2025-01-26 04:00:00,-12681.700000000012,-13048.199149999971
38,2025-01-26 08:00:00,-12378.100000000006,-12796.95014999996
39,2025-01-26 12:00:00,-12378.100000000006,-12796.95014999996
40,2025-01-26 16:00:00,-12378.100000000006,-12849.431999999957
41,2025-01-26 20:00:00,-12566.199999999997,-13037.531999999948
42,2025-01-27 00:00:00,-12421.900000000009,-12893.23199999996
43,2025-01-27 04:00:00,-12291.699999999997,-12763.031999999948
44,2025-01-27 08:00:00,-14781.699999999997,-15304.31204999995
45,2025-01-27 12:00:00,-14781.699999999997,-15354.986649999948
46,2025-01-27 16:00:00,-12428.800000000003,-13002.086649999954
47,2025-01-27 20:00:00,-12132.5,-12705.78664999995
48,2025-01-28 00:00:00,-14503.300000000003,-15076.586649999954
49,2025-01-28 04:00:00,-13092.899999999994,-13666.186649999945
50,2025-01-28 08:00:00,-15453.800000000003,-16027.086649999954
51,2025-01-28 12:00:00,-16015.199999999997,-16588.486649999948
52,2025-01-28 16:00:00,-16186.300000000003,-16759.586649999954
53,2025-01-28 20:00:00,-16150.399999999994,-16723.686649999945
54,2025-01-29 00:00:00,-16163.100000000006,-16736.386649999957
55,2025-01-29 04:00:00,-15801.199999999997,-16374.486649999948
56,2025-01-29 08:00:00,-14712.100000000006,-15285.386649999957
57,2025-01-29 12:00:00,-15426.5,-15999.78664999995
58,2025-01-29 16:00:00,-16155.699999999997,-16728.986649999948
59,2025-01-29 20:00:00,-16027.199999999997,-16600.486649999948
60,2025-01-30 00:00:00,-15366.699999999997,-15939.986649999948
61,2025-01-30 04:00:00,-16983.0,-17556.28664999995
62,2025-01-30 08:00:00,-17130.699999999997,-17703.986649999948
63,2025-01-30 12:00:00,-18588.199999999997,-19161.486649999948
64,2025-01-30 16:00:00,-18517.600000000006,-19143.429199999955
65,2025-01-30 20:00:00,-18517.600000000006,-19143.429199999955
66,2025-01-31 00:00:00,-18517.600000000006,-19143.429199999955
67,2025-01-31 04:00:00,-18517.600000000006,-19143.429199999955
68,2025-01-31 08:00:00,-18517.600000000006,-19143.429199999955
69,2025-01-31 12:00:00,-18517.600000000006,-19143.429199999955
70,2025-01-31 16:00:00,-18517.600000000006,-19143.429199999955
71,2025-01-31 20:00:00,-18517.600000000006,-19195.775149999943
72,2025-02-01 00:00:00,-17802.5,-18480.675149999937
73,2025-02-01 04:00:00,-20933.699999999997,-21611.875149999934
74,2025-02-01 08:00:00,-20829.800000000003,-21559.164999999935
75,2025-02-01 12:00:00,-20829.800000000003,-21559.164999999935
76,2025-02-01 16:00:00,-20829.800000000003,-21559.164999999935
77,2025-02-01 20:00:00,-20829.800000000003,-21559.164999999935
78,2025-02-02 00:00:00,-20829.800000000003,-21559.164999999935
79,2025-02-02 04:00:00,-20829.800000000003,-21609.975049999935
80,2025-02-02 08:00:00,-19813.300000000003,-20593.475049999935
81,2025-02-02 12:00:00,-18370.5,-19150.675049999933
82,2025-02-02 16:00:00,-18795.899999999994,-19576.075049999927
83,2025-02-02 20:00:00,-18021.300000000003,-18801.475049999935
84,2025-02-03 00:00:00,-18508.300000000003,-19288.475049999935
85,2025-02-03 04:00:00,-17441.699999999997,-18221.87504999993
86,2025-02-03 08:00:00,-16874.199999999997,-17654.37504999993
87,2025-02-03 12:00:00,-13211.300000000003,-13991.475049999935
88,2025-02-03 16:00:00,-14480.800000000003,-15260.975049999935
89,2025-02-03 20:00:00,-14280.5,-15060.675049999933
90,2025-02-04 00:00:00,-18012.399999999994,-18792.575049999927
91,2025-02-04 04:00:00,-21041.59999999999,-21821.775049999924
92,2025-02-04 08:00:00,-20503.399999999994,-21283.575049999927
93,2025-02-04 12:00:00,-19806.800000000003,-20637.273599999928
94,2025-02-04 16:00:00,-19806.800000000003,-20637.273599999928
95,2025-02-04 20:00:00,-19806.800000000003,-20686.735599999927
96,2025-02-05 00:00:00,-20193.40000000001,-21073.335599999933
97,2025-02-05 04:00:00,-19694.600000000006,-20574.53559999993
98,2025-02-05 08:00:00,-18592.699999999997,-19472.63559999992
99,2025-02-05 12:00:00,-18872.300000000003,-19752.235599999927
100,2025-02-05 16:00:00,-18697.699999999997,-19577.63559999992
101,2025-02-05 20:00:00,-19044.5,-19924.435599999924
102,2025-02-06 00:00:00,-18946.100000000006,-19826.03559999993
103,2025-02-06 04:00:00,-18209.90000000001,-19089.835599999933
104,2025-02-06 08:00:00,-17436.0,-18315.935599999924
105,2025-02-06 12:00:00,-18188.40000000001,-19068.335599999933
106,2025-02-06 16:00:00,-19047.699999999997,-19927.63559999992
107,2025-02-06 20:00:00,-19709.100000000006,-20589.03559999993
108,2025-02-07 00:00:00,-18168.40000000001,-19048.335599999933
109,2025-02-07 04:00:00,-16828.90000000001,-17708.835599999933
110,2025-02-07 08:00:00,-17397.90000000001,-18277.835599999933
111,2025-02-07 12:00:00,-18293.0,-19172.935599999924
112,2025-02-07 16:00:00,-17587.90000000001,-18467.835599999933
113,2025-02-07 20:00:00,-18586.600000000006,-19466.53559999993
114,2025-02-08 00:00:00,-19139.90000000001,-20019.835599999933
115,2025-02-08 04:00:00,-17722.90000000001,-18602.835599999933
116,2025-02-08 08:00:00,-17337.300000000003,-18217.235599999927
117,2025-02-08 12:00:00,-17542.800000000003,-18422.735599999927
118,2025-02-08 16:00:00,-17036.199999999997,-17916.13559999992
119,2025-02-08 20:00:00,-16956.90000000001,-17836.835599999933
120,2025-02-09 00:00:00,-16680.800000000003,-17560.735599999927
121,2025-02-09 04:00:00,-17432.800000000003,-18312.735599999927
122,2025-02-09 08:00:00,-17294.699999999997,-18174.63559999992
123,2025-02-09 12:00:00,-18161.199999999997,-19041.13559999992
124,2025-02-09 16:00:00,-17902.800000000003,-18782.735599999927
125,2025-02-09 20:00:00,-17394.0,-18273.935599999924
126,2025-02-10 00:00:00,-17320.800000000003,-18200.735599999927
127,2025-02-10 04:00:00,-16894.199999999997,-17774.13559999992
128,2025-02-10 08:00:00,-17306.40000000001,-18186.335599999933
129,2025-02-10 12:00:00,-17652.800000000003,-18532.735599999927
130,2025-02-10 16:00:00,-18269.100000000006,-19149.03559999993
131,2025-02-10 20:00:00,-18510.0,-19389.935599999924
132,2025-02-11 00:00:00,-18070.5,-18950.435599999924
133,2025-02-11 04:00:00,-18226.40000000001,-19106.335599999933
134,2025-02-11 08:00:00,-18262.0,-19141.935599999924
135,2025-02-11 12:00:00,-18448.300000000003,-19328.235599999927
136,2025-02-11 16:00:00,-19113.90000000001,-19993.835599999933
137,2025-02-11 20:00:00,-18982.800000000003,-19862.735599999927
138,2025-02-12 00:00:00,-17846.100000000006,-18726.03559999993
139,2025-02-12 04:00:00,-15870.800000000003,-16750.735599999927
140,2025-02-12 08:00:00,-16614.199999999997,-17494.13559999992
141,2025-02-12 12:00:00,-16134.199999999997,-17014.13559999992
142,2025-02-12 16:00:00,-16908.600000000006,-17788.53559999993
143,2025-02-12 20:00:00,-16945.199999999997,-17825.13559999992
144,2025-02-13 00:00:00,-16644.90000000001,-17524.835599999933
145,2025-02-13 04:00:00,-18039.40000000001,-18919.335599999933
146,2025-02-13 08:00:00,-18699.100000000006,-19579.03559999993
147,2025-02-13 12:00:00,-18346.199999999997,-19226.13559999992
148,2025-02-13 16:00:00,-16901.300000000003,-17781.235599999927
149,2025-02-13 20:00:00,-16766.40000000001,-17646.335599999933
150,2025-02-14 00:00:00,-16826.300000000003,-17706.235599999927
151,2025-02-14 04:00:00,-16470.600000000006,-17350.53559999993
152,2025-02-14 08:00:00,-17443.40000000001,-18323.335599999933
153,2025-02-14 12:00:00,-17977.699999999997,-18857.63559999992
154,2025-02-14 16:00:00,-17772.699999999997,-18652.63559999992
155,2025-02-14 20:00:00,-17727.40000000001,-18607.335599999933
156,2025-02-15 00:00:00,-17769.300000000003,-18649.235599999927
157,2025-02-15 04:00:00,-18781.100000000006,-19661.03559999993
158,2025-02-15 08:00:00,-18327.90000000001,-19256.558149999924
159,2025-02-15 12:00:00,-18327.90000000001,-19305.367849999922
160,2025-02-15 16:00:00,-18020.90000000001,-18998.367849999922
161,2025-02-15 20:00:00,-18277.90000000001,-19255.367849999922
162,2025-02-16 00:00:00,-18303.000000000015,-19280.467849999928
163,2025-02-16 04:00:00,-18205.40000000001,-19182.867849999922
164,2025-02-16 08:00:00,-18246.500000000015,-19223.967849999928
165,2025-02-16 12:00:00,-18213.40000000001,-19190.867849999922
166,2025-02-16 16:00:00,-17915.90000000001,-18941.971549999915
167,2025-02-16 20:00:00,-17915.90000000001,-18941.971549999915
168,2025-02-17 00:00:00,-17915.90000000001,-18990.396499999915
169,2025-02-17 04:00:00,-17744.300000000003,-18818.79649999991
170,2025-02-17 08:00:00,-18698.800000000003,-19773.29649999991
171,2025-02-17 12:00:00,-18594.300000000003,-19668.79649999991
172,2025-02-17 16:00:00,-18742.0,-19864.508399999904
173,2025-02-17 20:00:00,-18742.0,-19864.508399999904
174,2025-02-18 00:00:00,-18742.0,-19864.508399999904
175,2025-02-18 04:00:00,-18742.0,-19864.508399999904
176,2025-02-18 08:00:00,-18742.0,-19864.508399999904
177,2025-02-18 12:00:00,-18742.0,-19864.508399999904
178,2025-02-18 16:00:00,-18742.0,-19864.508399999904
179,2025-02-18 20:00:00,-18742.0,-19864.508399999904
180,2025-02-19 00:00:00,-18742.0,-19912.2591999999
181,2025-02-19 04:00:00,-17302.5,-18472.7591999999
182,2025-02-19 08:00:00,-18862.399999999994,-20032.659199999893
183,2025-02-19 12:00:00,-18912.5,-20082.7591999999
184,2025-02-19 16:00:00,-18880.79999999999,-20051.059199999887
185,2025-02-19 20:00:00,-19632.399999999994,-20802.659199999893
186,2025-02-20 00:00:00,-19135.79999999999,-20306.059199999887
187,2025-02-20 04:00:00,-19400.29999999999,-20570.559199999887
188,2025-02-20 08:00:00,-19838.399999999994,-21008.659199999893
189,2025-02-20 12:00:00,-20257.79999999999,-21428.059199999887
190,2025-02-20 16:00:00,-20066.199999999997,-21236.459199999896
191,2025-02-20 20:00:00,-20405.0,-21575.2591999999
192,2025-02-21 00:00:00,-20110.899999999994,-21281.159199999893
193,2025-02-21 04:00:00,-21610.399999999994,-22780.659199999893
194,2025-02-21 08:00:00,-21493.29999999999,-22663.559199999887
195,2025-02-21 12:00:00,-21346.5,-22565.812249999886
196,2025-02-21 16:00:00,-21346.5,-22565.812249999886
197,2025-02-21 20:00:00,-21346.5,-22565.812249999886
198,2025-02-22 00:00:00,-21346.5,-22565.812249999886
199,2025-02-22 04:00:00,-21346.5,-22565.812249999886
200,2025-02-22 08:00:00,-21346.5,-22565.812249999886
201,2025-02-22 12:00:00,-21346.5,-22565.812249999886
202,2025-02-22 16:00:00,-21346.5,-22565.812249999886
203,2025-02-22 20:00:00,-21346.5,-22565.812249999886
204,2025-02-23 00:00:00,-21346.5,-22565.812249999886
205,2025-02-23 04:00:00,-21346.5,-22565.812249999886
206,2025-02-23 08:00:00,-21346.5,-22565.812249999886
207,2025-02-23 12:00:00,-21346.5,-22613.999099999884
208,2025-02-23 16:00:00,-21427.40000000001,-22694.899099999893
209,2025-02-23 20:00:00,-21037.100000000006,-22304.59909999989
210,2025-02-24 00:00:00,-20364.300000000003,-21631.799099999887
211,2025-02-24 04:00:00,-20679.300000000003,-21946.799099999887
212,2025-02-24 08:00:00,-21191.199999999997,-22458.69909999988
213,2025-02-24 12:00:00,-20360.90000000001,-21628.399099999893
214,2025-02-24 16:00:00,-20807.0,-22074.499099999884
215,2025-02-24 20:00:00,-20747.600000000006,-22015.09909999989
216,2025-02-25 00:00:00,-19268.699999999997,-20536.19909999988
217,2025-02-25 04:00:00,-18888.90000000001,-20156.399099999893
218,2025-02-25 08:00:00,-16487.300000000003,-17754.799099999887
219,2025-02-25 12:00:00,-17098.100000000006,-18365.59909999989
220,2025-02-25 16:00:00,-14235.699999999997,-15503.199099999882
221,2025-02-25 20:00:00,-14159.600000000006,-15427.09909999989
222,2025-02-26 00:00:00,-12179.699999999997,-13447.199099999882
223,2025-02-26 04:00:00,-12887.100000000006,-14154.59909999989
224,2025-02-26 08:00:00,-13611.900000000009,-14879.399099999893
225,2025-02-26 12:00:00,-13824.600000000006,-15092.09909999989
226,2025-02-26 16:00:00,-13655.100000000006,-14922.59909999989
227,2025-02-26 20:00:00,-13542.800000000003,-14810.299099999887
228,2025-02-27 00:00:00,-12509.199999999997,-13776.699099999882
229,2025-02-27 04:00:00,-8804.800000000003,-10072.299099999887
230,2025-02-27 08:00:00,-9181.300000000003,-10448.799099999887
231,2025-02-27 12:00:00,-10146.800000000003,-11414.299099999887
232,2025-02-27 16:00:00,-11200.699999999997,-12468.199099999882
233,2025-02-27 20:00:00,-11628.100000000006,-12895.59909999989
234,2025-02-28 00:00:00,-10445.800000000003,-11713.299099999887
235,2025-02-28 04:00:00,-9056.800000000003,-10324.299099999887
236,2025-02-28 08:00:00,-9640.900000000009,-10908.399099999893
237,2025-02-28 12:00:00,-5402.0,-6669.4990999998845
238,2025-02-28 16:00:00,-4132.699999999997,-5400.199099999882
239,2025-02-28 20:00:00,-5447.100000000006,-6714.59909999989
240,2025-03-01 00:00:00,-8920.900000000009,-10188.399099999893
241,2025-03-01 04:00:00,-9366.100000000006,-10633.59909999989
242,2025-03-01 08:00:00,-9272.400000000009,-10539.899099999893
243,2025-03-01 12:00:00,-10252.100000000006,-11519.59909999989
244,2025-03-01 16:00:00,-9680.100000000006,-10947.59909999989
245,2025-03-01 20:00:00,-9566.400000000009,-10833.899099999893
246,2025-03-02 00:00:00,-9727.900000000009,-10995.399099999893
247,2025-03-02 04:00:00,-10404.0,-11671.499099999884
248,2025-03-02 08:00:00,-10980.5,-12247.999099999884
249,2025-03-02 12:00:00,-10784.699999999997,-12095.105049999882
250,2025-03-02 16:00:00,-10784.699999999997,-12095.105049999882
251,2025-03-02 20:00:00,-10784.699999999997,-12138.128549999878
252,2025-03-03 00:00:00,-12127.800000000003,-13481.228549999883
253,2025-03-03 04:00:00,-18205.0,-19558.42854999988
254,2025-03-03 08:00:00,-18960.5,-20313.92854999988
255,2025-03-03 12:00:00,-17397.699999999997,-18751.128549999878
256,2025-03-03 16:00:00,-17055.699999999997,-18409.128549999878
257,2025-03-03 20:00:00,-17437.699999999997,-18791.128549999878
258,2025-03-04 00:00:00,-14747.199999999997,-16100.628549999878
259,2025-03-04 04:00:00,-10289.699999999997,-11643.128549999878
260,2025-03-04 08:00:00,-10930.399999999994,-12283.828549999875
261,2025-03-04 12:00:00,-8666.699999999997,-10020.128549999878
262,2025-03-04 16:00:00,-7897.099999999991,-9250.528549999872
263,2025-03-04 20:00:00,-8627.800000000003,-9981.228549999883
264,2025-03-05 00:00:00,-7682.699999999997,-9036.128549999878
265,2025-03-05 04:00:00,-12903.0,-14256.42854999988
266,2025-03-05 08:00:00,-11983.599999999991,-13337.028549999872
267,2025-03-05 12:00:00,-11551.300000000003,-12904.728549999883
268,2025-03-05 16:00:00,-12311.599999999991,-13665.028549999872
269,2025-03-05 20:00:00,-14515.300000000003,-15868.728549999883
270,2025-03-06 00:00:00,-13050.300000000003,-14403.728549999883
271,2025-03-06 04:00:00,-14448.899999999994,-15802.328549999875
272,2025-03-06 08:00:00,-15303.800000000003,-16657.228549999883
273,2025-03-06 12:00:00,-16300.899999999994,-17654.328549999875
274,2025-03-06 16:00:00,-16049.0,-17402.42854999988
275,2025-03-06 20:00:00,-16056.899999999994,-17410.328549999875
276,2025-03-07 00:00:00,-15515.599999999991,-16869.02854999987
277,2025-03-07 04:00:00,-13226.199999999997,-14579.628549999878
278,2025-03-07 08:00:00,-14625.5,-15978.92854999988
279,2025-03-07 12:00:00,-11696.199999999997,-13049.628549999878
280,2025-03-07 16:00:00,-13046.5,-14399.92854999988
281,2025-03-07 20:00:00,-13666.5,-15019.92854999988
282,2025-03-08 00:00:00,-13162.599999999991,-14516.028549999872
283,2025-03-08 04:00:00,-12524.899999999994,-13878.328549999875
284,2025-03-08 08:00:00,-11491.5,-12844.92854999988
285,2025-03-08 12:00:00,-10617.699999999997,-11971.128549999878
286,2025-03-08 16:00:00,-10896.899999999994,-12250.328549999875
287,2025-03-08 20:00:00,-10661.599999999991,-12015.028549999872
288,2025-03-09 00:00:00,-11097.699999999997,-12451.128549999878
289,2025-03-09 04:00:00,-10928.199999999997,-12281.628549999878
290,2025-03-09 08:00:00,-10922.399999999994,-12275.828549999875
291,2025-03-09 12:00:00,-10814.800000000003,-12168.228549999883
292,2025-03-09 16:00:00,-10706.599999999991,-12060.028549999872
293,2025-03-09 20:00:00,-9727.800000000003,-11081.228549999883
294,2025-03-10 00:00:00,-7768.199999999997,-9121.628549999878
295,2025-03-10 04:00:00,-7342.599999999991,-8696.028549999872
296,2025-03-10 08:00:00,-5426.5,-6779.9285499998805
297,2025-03-10 12:00:00,-6737.800000000003,-8091.228549999883
298,2025-03-10 16:00:00,-7015.300000000003,-8368.728549999883
299,2025-03-10 20:00:00,-8277.899999999994,-9631.328549999875
300,2025-03-11 00:00:00,-4747.399999999994,-6100.828549999875
301,2025-03-11 04:00:00,-3774.800000000003,-5128.228549999883
302,2025-03-11 08:00:00,-3305.5,-4658.9285499998805
303,2025-03-11 12:00:00,-4224.300000000003,-5577.728549999883
304,2025-03-11 16:00:00,-5123.699999999997,-6477.128549999878
305,2025-03-11 20:00:00,-6422.300000000003,-7775.728549999883
306,2025-03-12 00:00:00,-5928.399999999994,-7281.828549999875
307,2025-03-12 04:00:00,-7797.800000000003,-9151.228549999883
308,2025-03-12 08:00:00,-7633.699999999997,-8987.128549999878
309,2025-03-12 12:00:00,-6835.899999999994,-8189.328549999875
310,2025-03-12 16:00:00,-7140.599999999991,-8494.028549999872
311,2025-03-12 20:00:00,-7709.699999999997,-9063.128549999878
312,2025-03-13 00:00:00,-6425.800000000003,-7779.228549999883
313,2025-03-13 04:00:00,-7615.0,-8968.42854999988
314,2025-03-13 08:00:00,-8378.399999999994,-9731.828549999875
315,2025-03-13 12:00:00,-8274.800000000003,-9628.228549999883
316,2025-03-13 16:00:00,-7856.199999999997,-9209.628549999878
317,2025-03-13 20:00:00,-7677.199999999997,-9030.628549999878
318,2025-03-14 00:00:00,-5753.699999999997,-7147.636549999879
319,2025-03-14 04:00:00,-5753.699999999997,-7147.636549999879
320,2025-03-14 08:00:00,-5753.699999999997,-7147.636549999879
321,2025-03-14 12:00:00,-5753.699999999997,-7147.636549999879
322,2025-03-14 16:00:00,-5753.699999999997,-7147.636549999879
323,2025-03-14 20:00:00,-5753.699999999997,-7147.636549999879
324,2025-03-15 00:00:00,-5753.699999999997,-7189.982649999874
325,2025-03-15 04:00:00,-5937.799999999988,-7374.082649999866
326,2025-03-15 08:00:00,-6506.099999999991,-7942.382649999869
327,2025-03-15 12:00:00,-6006.0,-7442.282649999877
328,2025-03-15 16:00:00,-6648.899999999994,-8085.1826499998715
329,2025-03-15 20:00:00,-6391.099999999991,-7827.382649999869
330,2025-03-16 00:00:00,-6150.099999999991,-7586.382649999869
331,2025-03-16 04:00:00,-6184.699999999997,-7620.982649999874
332,2025-03-16 08:00:00,-6143.0,-7579.282649999877
333,2025-03-16 12:00:00,-6150.0,-7586.282649999877
334,2025-03-16 16:00:00,-6203.899999999994,-7640.1826499998715
335,2025-03-16 20:00:00,-8078.0,-9514.282649999877
336,2025-03-17 00:00:00,-7165.899999999994,-8602.182649999872
337,2025-03-17 04:00:00,-7381.599999999991,-8817.882649999869
338,2025-03-17 08:00:00,-7904.299999999988,-9340.582649999866
339,2025-03-17 12:00:00,-6804.899999999994,-8241.182649999872
340,2025-03-17 16:00:00,-6920.699999999997,-8356.982649999874
341,2025-03-17 20:00:00,-6970.899999999994,-8448.92014999986
342,2025-03-18 00:00:00,-6970.899999999994,-8448.92014999986
343,2025-03-18 04:00:00,-6970.899999999994,-8448.92014999986
344,2025-03-18 08:00:00,-6970.899999999994,-8448.92014999986
345,2025-03-18 12:00:00,-6970.899999999994,-8490.473949999854
346,2025-03-18 16:00:00,-6988.099999999991,-8507.673949999851
347,2025-03-18 20:00:00,-6413.299999999988,-7932.873949999848
348,2025-03-19 00:00:00,-5431.099999999991,-6950.673949999851
349,2025-03-19 04:00:00,-6136.6999999999825,-7656.273949999842
350,2025-03-19 08:00:00,-6529.399999999994,-8048.973949999854
351,2025-03-19 12:00:00,-6871.6999999999825,-8391.273949999842
352,2025-03-19 16:00:00,-7015.799999999988,-8535.373949999848
353,2025-03-19 20:00:00,-7711.6999999999825,-9231.273949999842
354,2025-03-20 00:00:00,-8556.599999999991,-10076.173949999851
355,2025-03-20 04:00:00,-9245.799999999988,-10765.373949999848
356,2025-03-20 08:00:00,-10673.099999999991,-12236.078849999845
357,2025-03-20 12:00:00,-10673.099999999991,-12236.078849999845
358,2025-03-20 16:00:00,-10673.099999999991,-12236.078849999845
359,2025-03-20 20:00:00,-10673.099999999991,-12236.078849999845
360,2025-03-21 00:00:00,-10673.099999999991,-12236.078849999845
361,2025-03-21 04:00:00,-10673.099999999991,-12236.078849999845
362,2025-03-21 08:00:00,-10673.099999999991,-12236.078849999845
363,2025-03-21 12:00:00,-10673.099999999991,-12236.078849999845
364,2025-03-21 16:00:00,-10673.099999999991,-12236.078849999845
365,2025-03-21 20:00:00,-10673.099999999991,-12236.078849999845
366,2025-03-22 00:00:00,-10673.099999999991,-12236.078849999845
367,2025-03-22 04:00:00,-10673.099999999991,-12236.078849999845
368,2025-03-22 08:00:00,-10673.099999999991,-12236.078849999845
369,2025-03-22 12:00:00,-10673.099999999991,-12236.078849999845
370,2025-03-22 16:00:00,-10673.099999999991,-12236.078849999845
371,2025-03-22 20:00:00,-10673.099999999991,-12278.174249999836
372,2025-03-23 00:00:00,-10555.799999999988,-12160.874249999833
373,2025-03-23 04:00:00,-10616.899999999994,-12221.97424999984
374,2025-03-23 08:00:00,-10287.199999999983,-11892.274249999828
375,2025-03-23 12:00:00,-10677.399999999994,-12282.47424999984
376,2025-03-23 16:00:00,-10712.199999999983,-12317.274249999828
377,2025-03-23 20:00:00,-11133.799999999988,-12781.199999999822
378,2025-03-24 00:00:00,-11133.799999999988,-12823.773999999816
379,2025-03-24 04:00:00,-11315.099999999991,-13005.073999999819
380,2025-03-24 08:00:00,-10237.599999999991,-11927.573999999819
381,2025-03-24 12:00:00,-9779.199999999983,-11469.17399999981
382,2025-03-24 16:00:00,-9454.199999999983,-11144.17399999981
383,2025-03-24 20:00:00,-8638.299999999988,-10328.273999999816
384,2025-03-25 00:00:00,-7998.1999999999825,-9688.17399999981
385,2025-03-25 04:00:00,-8119.499999999985,-9809.473999999813
386,2025-03-25 08:00:00,-8818.399999999994,-10508.373999999822
387,2025-03-25 12:00:00,-9804.399999999994,-11494.373999999822
388,2025-03-25 16:00:00,-9877.399999999994,-11567.373999999822
389,2025-03-25 20:00:00,-8958.499999999985,-10648.473999999813
390,2025-03-26 00:00:00,-8558.799999999988,-10248.773999999816
391,2025-03-26 04:00:00,-8230.399999999994,-9920.373999999822
392,2025-03-26 08:00:00,-8911.999999999985,-10601.973999999813
393,2025-03-26 12:00:00,-9161.199999999983,-10851.17399999981
394,2025-03-26 16:00:00,-8175.099999999991,-9865.073999999819
395,2025-03-26 20:00:00,-8366.899999999994,-10056.873999999822
396,2025-03-27 00:00:00,-9584.899999999994,-11274.873999999822
397,2025-03-27 04:00:00,-9756.499999999985,-11446.473999999813
398,2025-03-27 08:00:00,-9407.999999999985,-11097.973999999813
399,2025-03-27 12:00:00,-8650.699999999983,-10384.48954999981
400,2025-03-27 16:00:00,-8650.699999999983,-10384.48954999981
401,2025-03-27 20:00:00,-8650.699999999983,-10384.48954999981
402,2025-03-28 00:00:00,-8650.699999999983,-10384.48954999981
403,2025-03-28 04:00:00,-8650.699999999983,-10384.48954999981
404,2025-03-28 08:00:00,-8650.699999999983,-10384.48954999981
405,2025-03-28 12:00:00,-8650.699999999983,-10384.48954999981
406,2025-03-28 16:00:00,-8650.699999999983,-10384.48954999981
407,2025-03-28 20:00:00,-8650.699999999983,-10384.48954999981
408,2025-03-29 00:00:00,-8650.699999999983,-10384.48954999981
409,2025-03-29 04:00:00,-8650.699999999983,-10384.48954999981
410,2025-03-29 08:00:00,-8650.699999999983,-10384.48954999981
411,2025-03-29 12:00:00,-8650.699999999983,-10426.552399999811
412,2025-03-29 16:00:00,-8220.999999999985,-9996.852399999814
413,2025-03-29 20:00:00,-6780.099999999991,-8555.95239999982
414,2025-03-30 00:00:00,-6902.299999999988,-8678.152399999817
415,2025-03-30 04:00:00,-7247.89999999998,-9023.752399999808
416,2025-03-30 08:00:00,-7129.6999999999825,-8905.552399999811
417,2025-03-30 12:00:00,-7567.799999999988,-9343.652399999817
418,2025-03-30 16:00:00,-7562.39999999998,-9338.252399999808
419,2025-03-30 20:00:00,-7604.999999999985,-9380.852399999814
420,2025-03-31 00:00:00,-7224.89999999998,-9000.752399999808
421,2025-03-31 04:00:00,-7035.599999999991,-8811.45239999982
422,2025-03-31 08:00:00,-6877.799999999988,-8653.652399999817
423,2025-03-31 12:00:00,-6016.499999999985,-7792.352399999814
424,2025-03-31 16:00:00,-6420.1999999999825,-8196.052399999811
425,2025-03-31 20:00:00,-6696.499999999985,-8472.352399999814
426,2025-04-01 00:00:00,-7898.39999999998,-9674.252399999808
427,2025-04-01 04:00:00,-6951.6999999999825,-8727.552399999811
428,2025-04-01 08:00:00,-7042.499999999985,-8818.352399999814
429,2025-04-01 12:00:00,-7454.89999999998,-9230.752399999808
430,2025-04-01 16:00:00,-7940.1999999999825,-9716.052399999811
431,2025-04-01 20:00:00,-8404.89999999998,-10180.752399999808
432,2025-04-02 00:00:00,-9770.39999999998,-11546.252399999808
433,2025-04-02 04:00:00,-9436.699999999983,-11212.552399999811
434,2025-04-02 08:00:00,-9645.89999999998,-11464.312849999798
435,2025-04-02 12:00:00,-9645.89999999998,-11464.312849999798
436,2025-04-02 16:00:00,-9645.89999999998,-11464.312849999798
437,2025-04-02 20:00:00,-9645.89999999998,-11464.312849999798
438,2025-04-03 00:00:00,-9645.89999999998,-11507.667599999797
439,2025-04-03 04:00:00,-9501.199999999983,-11362.9675999998
440,2025-04-03 08:00:00,-13870.299999999974,-15732.067599999791
441,2025-04-03 12:00:00,-12906.39999999998,-14768.167599999797
442,2025-04-03 16:00:00,-12931.699999999983,-14793.4675999998
443,2025-04-03 20:00:00,-13297.299999999974,-15159.067599999791
444,2025-04-04 00:00:00,-14353.599999999977,-16215.367599999794
445,2025-04-04 04:00:00,-14377.999999999985,-16239.767599999803
446,2025-04-04 08:00:00,-13173.89999999998,-15035.667599999797
447,2025-04-04 12:00:00,-13567.499999999985,-15429.267599999803
448,2025-04-04 16:00:00,-12387.199999999983,-14248.9675999998
449,2025-04-04 20:00:00,-13721.699999999983,-15583.4675999998
450,2025-04-05 00:00:00,-13533.39999999998,-15395.167599999797
451,2025-04-05 04:00:00,-12383.499999999985,-14245.267599999803
452,2025-04-05 08:00:00,-12494.099999999977,-14397.798249999789
453,2025-04-05 12:00:00,-12494.099999999977,-14397.798249999789
454,2025-04-05 16:00:00,-12494.099999999977,-14439.543249999784
455,2025-04-05 20:00:00,-12432.49999999997,-14377.943249999778
456,2025-04-06 00:00:00,-11580.49999999997,-13525.943249999778
457,2025-04-06 04:00:00,-11822.799999999974,-13768.243249999781
458,2025-04-06 08:00:00,-12510.199999999983,-14455.64324999979
459,2025-04-06 12:00:00,-12305.799999999974,-14251.243249999781
460,2025-04-06 16:00:00,-11994.99999999997,-13940.443249999778
461,2025-04-06 20:00:00,-11814.199999999983,-13759.64324999979
462,2025-04-07 00:00:00,-11501.49999999997,-13446.943249999778
463,2025-04-07 04:00:00,-8576.699999999983,-10522.14324999979
464,2025-04-07 08:00:00,-7394.099999999977,-9339.543249999784
465,2025-04-07 12:00:00,-6673.6999999999825,-8619.14324999979
466,2025-04-07 16:00:00,-4088.1999999999825,-6033.64324999979
467,2025-04-07 20:00:00,-5659.999999999971,-7605.443249999778
468,2025-04-08 00:00:00,-7448.6999999999825,-9394.14324999979
469,2025-04-08 04:00:00,-7090.39999999998,-9035.843249999787
470,2025-04-08 08:00:00,-8144.099999999977,-10089.543249999784
471,2025-04-08 12:00:00,-8873.299999999974,-10818.743249999781
472,2025-04-08 16:00:00,-8452.699999999983,-10398.14324999979
473,2025-04-08 20:00:00,-8953.799999999974,-10899.243249999781
474,2025-04-09 00:00:00,-7464.099999999977,-9409.543249999784
475,2025-04-09 04:00:00,-5834.099999999977,-7779.543249999784
476,2025-04-09 08:00:00,-5301.999999999971,-7247.443249999778
477,2025-04-09 12:00:00,-4044.0999999999767,-5989.543249999784
478,2025-04-09 16:00:00,-6655.499999999971,-8600.943249999778
479,2025-04-09 20:00:00,-5208.1999999999825,-7153.64324999979
480,2025-04-10 00:00:00,-6241.6999999999825,-8187.14324999979
481,2025-04-10 04:00:00,-11295.49999999997,-13240.943249999778
482,2025-04-10 08:00:00,-11592.099999999977,-13537.543249999784
483,2025-04-10 12:00:00,-10735.89999999998,-12722.209149999777
484,2025-04-10 16:00:00,-10735.89999999998,-12722.209149999777
485,2025-04-10 20:00:00,-10735.89999999998,-12722.209149999777
486,2025-04-11 00:00:00,-10735.89999999998,-12722.209149999777
487,2025-04-11 04:00:00,-10735.89999999998,-12722.209149999777
488,2025-04-11 08:00:00,-10735.89999999998,-12722.209149999777
489,2025-04-11 12:00:00,-10735.89999999998,-12722.209149999777
490,2025-04-11 16:00:00,-10735.89999999998,-12762.815949999771
491,2025-04-11 20:00:00,-9852.89999999998,-11879.815949999771
492,2025-04-12 00:00:00,-9462.799999999988,-11489.71594999978
493,2025-04-12 04:00:00,-8139.999999999985,-10166.915949999777
494,2025-04-12 08:00:00,-8571.199999999983,-10598.115949999774
495,2025-04-12 12:00:00,-9009.199999999983,-11036.115949999774
496,2025-04-12 16:00:00,-8264.099999999991,-10291.015949999783
497,2025-04-12 20:00:00,-8465.499999999985,-10492.415949999777
498,2025-04-13 00:00:00,-6975.39999999998,-9002.315949999771
499,2025-04-13 04:00:00,-7057.6999999999825,-9084.615949999774
500,2025-04-13 08:00:00,-6711.6999999999825,-8738.615949999774
501,2025-04-13 12:00:00,-6560.6999999999825,-8587.615949999774
502,2025-04-13 16:00:00,-7571.099999999991,-9598.015949999783
503,2025-04-13 20:00:00,-7458.89999999998,-9485.815949999771
504,2025-04-14 00:00:00,-8129.39999999998,-10156.315949999771
505,2025-04-14 04:00:00,-7999.599999999991,-10026.515949999783
506,2025-04-14 08:00:00,-8235.799999999988,-10262.71594999978
507,2025-04-14 12:00:00,-7413.099999999991,-9440.015949999783
508,2025-04-14 16:00:00,-7405.299999999988,-9432.21594999978
509,2025-04-14 20:00:00,-7057.999999999985,-9084.915949999777
510,2025-04-15 00:00:00,-7895.099999999991,-9922.015949999783
511,2025-04-15 04:00:00,-7076.89999999998,-9103.815949999771
512,2025-04-15 08:00:00,-7395.599999999991,-9422.515949999783
513,2025-04-15 12:00:00,-6597.599999999991,-8624.515949999783
514,2025-04-15 16:00:00,-6258.1999999999825,-8285.115949999774
515,2025-04-15 20:00:00,-6400.1999999999825,-8427.115949999774
516,2025-04-16 00:00:00,-7077.599999999991,-9104.515949999783
517,2025-04-16 04:00:00,-7994.89999999998,-10021.815949999771
518,2025-04-16 08:00:00,-8340.799999999988,-10367.71594999978
519,2025-04-16 12:00:00,-8295.499999999985,-10322.415949999777
520,2025-04-16 16:00:00,-8624.499999999985,-10693.078449999768
521,2025-04-16 20:00:00,-8624.499999999985,-10693.078449999768
522,2025-04-17 00:00:00,-8624.499999999985,-10693.078449999768
523,2025-04-17 04:00:00,-8624.499999999985,-10693.078449999768
524,2025-04-17 08:00:00,-8624.499999999985,-10693.078449999768
525,2025-04-17 12:00:00,-8624.499999999985,-10693.078449999768
526,2025-04-17 16:00:00,-8624.499999999985,-10693.078449999768
527,2025-04-17 20:00:00,-8624.499999999985,-10735.344349999767
528,2025-04-18 00:00:00,-8588.199999999983,-10699.044349999764
529,2025-04-18 04:00:00,-8890.199999999983,-11001.044349999764
530,2025-04-18 08:00:00,-9007.699999999983,-11118.544349999764
531,2025-04-18 12:00:00,-8882.999999999985,-10993.844349999767
532,2025-04-18 16:00:00,-8715.599999999977,-10826.444349999758
533,2025-04-18 20:00:00,-8722.099999999977,-10832.944349999758
534,2025-04-19 00:00:00,-8424.999999999985,-10535.844349999767
535,2025-04-19 04:00:00,-8621.799999999988,-10774.908899999762
536,2025-04-19 08:00:00,-8621.799999999988,-10774.908899999762
537,2025-04-19 12:00:00,-8621.799999999988,-10774.908899999762
538,2025-04-19 16:00:00,-8621.799999999988,-10817.496149999759
539,2025-04-19 20:00:00,-8616.999999999985,-10812.696149999756
540,2025-04-20 00:00:00,-8649.999999999985,-10845.696149999756
541,2025-04-20 04:00:00,-8741.999999999985,-10937.696149999756
542,2025-04-20 08:00:00,-8749.399999999994,-10945.096149999765
543,2025-04-20 12:00:00,-8679.699999999983,-10875.396149999753
544,2025-04-20 16:00:00,-9059.799999999988,-11255.496149999759
545,2025-04-20 20:00:00,-9711.699999999983,-11907.396149999753
546,2025-04-21 00:00:00,-9491.799999999988,-11687.496149999759
547,2025-04-21 04:00:00,-9187.499999999985,-11383.196149999756
548,2025-04-21 08:00:00,-8657.499999999985,-10853.196149999756
549,2025-04-21 12:00:00,-6629.6999999999825,-8825.396149999753
550,2025-04-21 16:00:00,-6395.6999999999825,-8591.396149999753
551,2025-04-21 20:00:00,-6859.899999999994,-9055.596149999765
552,2025-04-22 00:00:00,-5798.899999999994,-7994.596149999765
553,2025-04-22 04:00:00,-6427.1999999999825,-8622.896149999753
554,2025-04-22 08:00:00,-6330.299999999988,-8525.996149999759
555,2025-04-22 12:00:00,-5685.299999999988,-7880.996149999759
556,2025-04-22 16:00:00,-5361.399999999994,-7557.096149999765
557,2025-04-22 20:00:00,-5223.599999999991,-7419.296149999762
558,2025-04-23 00:00:00,-2915.0999999999913,-5110.796149999762
559,2025-04-23 04:00:00,-2439.899999999994,-4635.596149999765
560,2025-04-23 08:00:00,-391.3999999999942,-2587.0961499997647
561,2025-04-23 12:00:00,-670.2999999999884,-2865.996149999759
562,2025-04-23 16:00:00,306.20000000001164,-1889.496149999759
563,2025-04-23 20:00:00,-371.09999999999127,-2566.796149999762
564,2025-04-24 00:00:00,-655.9999999999854,-2851.696149999756
565,2025-04-24 04:00:00,-359.99999999998545,-2555.696149999756
566,2025-04-24 08:00:00,-164.19999999998254,-2359.896149999753
567,2025-04-24 12:00:00,-1163.3999999999942,-3359.0961499997647
568,2025-04-24 16:00:00,-1630.2999999999884,-3825.996149999759
569,2025-04-24 20:00:00,-1221.1999999999825,-3416.896149999753
570,2025-04-25 00:00:00,-651.4999999999854,-2847.196149999756
571,2025-04-25 04:00:00,-298.79999999998836,-2494.496149999759
572,2025-04-25 08:00:00,135.30000000001746,-2107.361949999744
573,2025-04-25 12:00:00,135.30000000001746,-2107.361949999744
574,2025-04-25 16:00:00,135.30000000001746,-2107.361949999744
575,2025-04-25 20:00:00,135.30000000001746,-2107.361949999744
576,2025-04-26 00:00:00,135.30000000001746,-2154.861849999739
577,2025-04-26 04:00:00,364.70000000001164,-1925.461849999745
578,2025-04-26 08:00:00,-272.69999999998254,-2562.861849999739
579,2025-04-26 12:00:00,-179.49999999998545,-2469.661849999742
580,2025-04-26 16:00:00,-344.3999999999796,-2634.5618499997363
581,2025-04-26 20:00:00,-768.8999999999796,-3059.0618499997363
582,2025-04-27 00:00:00,-539.4999999999854,-2829.661849999742
583,2025-04-27 04:00:00,-603.4999999999854,-2893.661849999742
584,2025-04-27 08:00:00,-288.79999999998836,-2578.961849999745
585,2025-04-27 12:00:00,-742.7999999999884,-3032.961849999745
586,2025-04-27 16:00:00,-836.8999999999796,-3127.0618499997363
587,2025-04-27 20:00:00,-993.3999999999796,-3283.5618499997363
588,2025-04-28 00:00:00,-1006.7999999999884,-3296.961849999745
589,2025-04-28 04:00:00,-475.59999999999127,-2765.761849999748
590,2025-04-28 08:00:00,-1167.3999999999796,-3457.5618499997363
591,2025-04-28 12:00:00,-1064.5999999999913,-3354.761849999748
592,2025-04-28 16:00:00,-222.89999999997963,-2560.3826499997376
593,2025-04-28 20:00:00,-222.89999999997963,-2560.3826499997376
594,2025-04-29 00:00:00,-222.89999999997963,-2560.3826499997376
595,2025-04-29 04:00:00,-222.89999999997963,-2560.3826499997376
596,2025-04-29 08:00:00,-222.89999999997963,-2560.3826499997376
597,2025-04-29 12:00:00,-222.89999999997963,-2560.3826499997376
598,2025-04-29 16:00:00,-222.89999999997963,-2560.3826499997376
599,2025-04-29 20:00:00,-222.89999999997963,-2560.3826499997376
600,2025-04-30 00:00:00,-222.89999999997963,-2560.3826499997376
601,2025-04-30 04:00:00,-222.89999999997963,-2560.3826499997376
602,2025-04-30 08:00:00,-222.89999999997963,-2560.3826499997376
603,2025-04-30 12:00:00,-222.89999999997963,-2560.3826499997376
604,2025-04-30 16:00:00,-222.89999999997963,-2560.3826499997376
605,2025-04-30 20:00:00,-222.89999999997963,-2560.3826499997376
606,2025-05-01 00:00:00,-222.89999999997963,-2560.3826499997376
607,2025-05-01 04:00:00,-222.89999999997963,-2607.441749999736
608,2025-05-01 08:00:00,-215.9999999999709,-2600.5417499997275
609,2025-05-01 12:00:00,396.4000000000233,-1988.1417499997333
610,2025-05-01 16:00:00,637.5000000000291,-1747.0417499997275
611,2025-05-01 20:00:00,1788.8000000000175,-595.7417499997391
612,2025-05-02 00:00:00,2452.8000000000175,68.25825000026089
613,2025-05-02 04:00:00,2118.000000000029,-266.5417499997275
614,2025-05-02 08:00:00,2082.200000000026,-302.3417499997304
615,2025-05-02 12:00:00,2713.8000000000175,329.2582500002609
616,2025-05-02 16:00:00,1960.9000000000233,-423.6417499997333
617,2025-05-02 20:00:00,2534.6000000000204,150.0582500002638
618,2025-05-03 00:00:00,2929.000000000029,544.4582500002725
619,2025-05-03 04:00:00,2515.700000000026,131.15825000026962
620,2025-05-03 08:00:00,2490.1000000000204,105.5582500002638
621,2025-05-03 12:00:00,1951.000000000029,-433.5417499997275
622,2025-05-03 16:00:00,1949.7000000000262,-434.8417499997304
623,2025-05-03 20:00:00,1554.500000000029,-830.0417499997275
624,2025-05-04 00:00:00,2017.6000000000204,-366.9417499997362
625,2025-05-04 04:00:00,1970.9000000000233,-413.6417499997333
626,2025-05-04 08:00:00,1462.2000000000262,-922.3417499997304
627,2025-05-04 12:00:00,1338.9000000000233,-1045.6417499997333
628,2025-05-04 16:00:00,1501.000000000029,-931.4627999997174
629,2025-05-04 20:00:00,1501.000000000029,-931.4627999997174
630,2025-05-05 00:00:00,1501.000000000029,-931.4627999997174
631,2025-05-05 04:00:00,1501.000000000029,-931.4627999997174
632,2025-05-05 08:00:00,1501.000000000029,-978.5778999997128
633,2025-05-05 12:00:00,1730.1000000000204,-749.4778999997216
634,2025-05-05 16:00:00,1034.800000000032,-1444.77789999971
635,2025-05-05 20:00:00,1745.2000000000262,-734.3778999997157
636,2025-05-06 00:00:00,2005.2000000000262,-474.37789999971574
637,2025-05-06 04:00:00,1435.7000000000262,-1043.8778999997157
638,2025-05-06 08:00:00,1034.500000000029,-1445.0778999997128
639,2025-05-06 12:00:00,1312.9000000000233,-1166.6778999997186
640,2025-05-06 16:00:00,1381.2000000000262,-1098.3778999997157
641,2025-05-06 20:00:00,1960.9000000000233,-518.6778999997186
642,2025-05-07 00:00:00,1218.000000000029,-1261.5778999997128
643,2025-05-07 04:00:00,820.4000000000233,-1659.1778999997186
644,2025-05-07 08:00:00,-1067.699999999968,-3547.27789999971
645,2025-05-07 12:00:00,-722.5999999999767,-3202.1778999997186
646,2025-05-07 16:00:00,-1208.7999999999738,-3688.3778999997157
647,2025-05-07 20:00:00,-1268.7999999999738,-3748.3778999997157
648,2025-05-08 00:00:00,-1157.7999999999738,-3637.3778999997157
649,2025-05-08 04:00:00,-393.3999999999796,-2872.9778999997216
650,2025-05-08 08:00:00,-1257.199999999968,-3785.272099999711
651,2025-05-08 12:00:00,-1257.199999999968,-3785.272099999711
652,2025-05-08 16:00:00,-1257.199999999968,-3834.8780999997107
653,2025-05-08 20:00:00,-1099.399999999965,-3677.078099999708
654,2025-05-09 00:00:00,261.6000000000349,-2316.078099999708
655,2025-05-09 04:00:00,785.0000000000291,-1792.6780999997136
656,2025-05-09 08:00:00,2758.900000000038,181.22190000029514
657,2025-05-09 12:00:00,1950.300000000032,-627.3780999997107
658,2025-05-09 16:00:00,3128.200000000026,550.5219000002835
659,2025-05-09 20:00:00,2445.300000000032,-132.37809999971068
660,2025-05-10 00:00:00,2383.700000000026,-193.9780999997165
661,2025-05-10 04:00:00,2676.300000000032,98.62190000028932
662,2025-05-10 08:00:00,2472.700000000026,-104.9780999997165
663,2025-05-10 12:00:00,2710.200000000026,132.5219000002835
664,2025-05-10 16:00:00,3252.500000000029,674.8219000002864
665,2025-05-10 20:00:00,2905.400000000038,327.72190000029514
666,2025-05-11 00:00:00,2633.400000000038,55.721900000295136
667,2025-05-11 04:00:00,2679.400000000038,101.72190000029514
668,2025-05-11 08:00:00,4319.600000000035,1741.9219000002922
669,2025-05-11 12:00:00,3478.600000000035,900.9219000002922
670,2025-05-11 16:00:00,2858.700000000026,281.0219000002835
671,2025-05-11 20:00:00,4144.500000000029,1566.8219000002864
672,2025-05-12 00:00:00,3613.800000000032,1036.1219000002893
673,2025-05-12 04:00:00,3904.600000000035,1326.9219000002922
674,2025-05-12 08:00:00,3603.500000000029,1025.8219000002864
675,2025-05-12 12:00:00,3594.800000000032,1017.1219000002893
676,2025-05-12 16:00:00,3957.000000000029,1379.3219000002864
677,2025-05-12 20:00:00,3235.900000000038,658.2219000002951
678,2025-05-13 00:00:00,2012.500000000029,-565.1780999997136
679,2025-05-13 04:00:00,1343.600000000035,-1234.0780999997078
680,2025-05-13 08:00:00,2270.100000000035,-307.5780999997078
681,2025-05-13 12:00:00,1212.100000000035,-1365.5780999997078
682,2025-05-13 16:00:00,2154.800000000032,-422.8780999997107
683,2025-05-13 20:00:00,3216.300000000032,638.6219000002893
684,2025-05-14 00:00:00,3163.900000000038,586.2219000002951
685,2025-05-14 04:00:00,4275.500000000029,1697.8219000002864
686,2025-05-14 08:00:00,3612.800000000032,1035.1219000002893
687,2025-05-14 12:00:00,3080.000000000029,502.3219000002864
688,2025-05-14 16:00:00,3193.000000000029,563.4908000002906
689,2025-05-14 20:00:00,3193.000000000029,563.4908000002906
690,2025-05-15 00:00:00,3193.000000000029,563.4908000002906
691,2025-05-15 04:00:00,3193.000000000029,563.4908000002906
692,2025-05-15 08:00:00,3193.000000000029,563.4908000002906
693,2025-05-15 12:00:00,3193.000000000029,563.4908000002906
694,2025-05-15 16:00:00,3193.000000000029,563.4908000002906
695,2025-05-15 20:00:00,3193.000000000029,512.3231500003021
696,2025-05-16 00:00:00,4068.9000000000233,1388.2231500002963
697,2025-05-16 04:00:00,3964.700000000026,1284.0231500002992
698,2025-05-16 08:00:00,4572.200000000026,1891.5231500002992
699,2025-05-16 12:00:00,4836.700000000026,2156.023150000299
700,2025-05-16 16:00:00,4504.300000000032,1823.623150000305
701,2025-05-16 20:00:00,4472.200000000026,1791.5231500002992
702,2025-05-17 00:00:00,5001.700000000026,2321.023150000299
703,2025-05-17 04:00:00,4832.000000000029,2151.323150000302
704,2025-05-17 08:00:00,4269.900000000023,1589.2231500002963
705,2025-05-17 12:00:00,4322.400000000023,1641.7231500002963
706,2025-05-17 16:00:00,4257.10000000002,1576.4231500002934
707,2025-05-17 20:00:00,3801.9000000000233,1121.2231500002963
708,2025-05-18 00:00:00,3757.700000000026,1077.0231500002992
709,2025-05-18 04:00:00,3957.800000000032,1277.123150000305
710,2025-05-18 08:00:00,3937.300000000032,1256.623150000305
711,2025-05-18 12:00:00,4101.900000000023,1421.2231500002963
712,2025-05-18 16:00:00,4750.700000000026,2070.023150000299
713,2025-05-18 20:00:00,4626.700000000026,1946.0231500002992
714,2025-05-19 00:00:00,6341.900000000023,3661.2231500002963
715,2025-05-19 04:00:00,4691.700000000026,2011.0231500002992
716,2025-05-19 08:00:00,7265.300000000032,4584.623150000305
717,2025-05-19 12:00:00,4427.10000000002,1746.4231500002934
718,2025-05-19 16:00:00,4024.700000000026,1344.0231500002992
719,2025-05-19 20:00:00,3769.700000000026,1089.0231500002992
720,2025-05-20 00:00:00,5598.10000000002,2917.4231500002934
721,2025-05-20 04:00:00,6315.500000000029,3634.823150000302
722,2025-05-20 08:00:00,6389.300000000032,3708.623150000305
723,2025-05-20 12:00:00,6577.700000000026,3897.023150000299
724,2025-05-20 16:00:00,5837.800000000032,3157.123150000305
725,2025-05-20 20:00:00,6016.900000000023,3336.2231500002963
726,2025-05-21 00:00:00,6152.200000000026,3471.523150000299
727,2025-05-21 04:00:00,7829.900000000023,5149.223150000296
728,2025-05-21 08:00:00,7657.800000000032,4977.123150000305
729,2025-05-21 12:00:00,7648.700000000026,4968.023150000299
730,2025-05-21 16:00:00,7321.300000000032,4640.623150000305
731,2025-05-21 20:00:00,7348.60000000002,4667.923150000293
732,2025-05-22 00:00:00,9794.300000000032,7113.623150000305
733,2025-05-22 04:00:00,9405.00000000003,6724.323150000302
734,2025-05-22 08:00:00,10467.200000000026,7786.523150000299
735,2025-05-22 12:00:00,12613.60000000002,9932.923150000293
736,2025-05-22 16:00:00,11863.50000000003,9182.823150000302
737,2025-05-22 20:00:00,11801.800000000032,9121.123150000305
738,2025-05-23 00:00:00,12108.300000000032,9427.623150000305
739,2025-05-23 04:00:00,11993.800000000032,9313.123150000305
740,2025-05-23 08:00:00,12520.400000000023,9839.723150000296
741,2025-05-23 12:00:00,11901.700000000026,9221.0231500003
742,2025-05-23 16:00:00,11542.900000000023,8862.223150000296
743,2025-05-23 20:00:00,9890.900000000023,7210.223150000296
744,2025-05-24 00:00:00,9750.10000000002,7069.423150000293
745,2025-05-24 04:00:00,9517.10000000002,6836.423150000293
746,2025-05-24 08:00:00,8129.200000000026,5448.523150000299
747,2025-05-24 12:00:00,9164.50000000003,6483.823150000302
748,2025-05-24 16:00:00,8408.300000000032,5727.623150000305
749,2025-05-24 20:00:00,10009.900000000023,7329.223150000296
750,2025-05-25 00:00:00,9746.900000000023,7066.223150000296
751,2025-05-25 04:00:00,9770.400000000023,7089.723150000296
752,2025-05-25 08:00:00,8556.60000000002,5822.073700000299
753,2025-05-25 12:00:00,8556.60000000002,5822.073700000299
754,2025-05-25 16:00:00,8556.60000000002,5822.073700000299
755,2025-05-25 20:00:00,8556.60000000002,5822.073700000299
756,2025-05-26 00:00:00,8556.60000000002,5768.609750000309
757,2025-05-26 04:00:00,7828.200000000012,5040.2097500003
758,2025-05-26 08:00:00,6528.60000000002,3740.609750000309
759,2025-05-26 12:00:00,5897.500000000015,3109.509750000303
760,2025-05-26 16:00:00,5434.60000000002,2646.609750000309
761,2025-05-26 20:00:00,5747.8000000000175,2959.809750000306
762,2025-05-27 00:00:00,5521.3000000000175,2733.309750000306
763,2025-05-27 04:00:00,6410.200000000012,3622.2097500003
764,2025-05-27 08:00:00,6097.700000000012,3255.016350000311
765,2025-05-27 12:00:00,6097.700000000012,3255.016350000311
766,2025-05-27 16:00:00,6097.700000000012,3255.016350000311
767,2025-05-27 20:00:00,6097.700000000012,3255.016350000311
768,2025-05-28 00:00:00,6097.700000000012,3255.016350000311
769,2025-05-28 04:00:00,6097.700000000012,3255.016350000311
770,2025-05-28 08:00:00,6097.700000000012,3200.5717000003206
771,2025-05-28 12:00:00,6016.000000000015,3118.8717000003235
772,2025-05-28 16:00:00,5973.300000000003,3076.171700000312
773,2025-05-28 20:00:00,6029.800000000003,3132.671700000312
774,2025-05-29 00:00:00,4273.900000000009,1323.2389500003192
775,2025-05-29 04:00:00,4273.900000000009,1323.2389500003192
776,2025-05-29 08:00:00,4273.900000000009,1269.3774000003323
777,2025-05-29 12:00:00,4000.6000000000204,996.0774000003439
778,2025-05-29 16:00:00,4157.60000000002,1099.1577000003454
779,2025-05-29 20:00:00,4157.60000000002,1044.78770000035
780,2025-05-30 00:00:00,5925.10000000002,2812.28770000035
781,2025-05-30 04:00:00,7198.400000000023,4085.587700000353
782,2025-05-30 08:00:00,7357.700000000026,4244.887700000356
783,2025-05-30 12:00:00,6918.8000000000175,3805.987700000347
784,2025-05-30 16:00:00,7900.10000000002,4787.28770000035
785,2025-05-30 20:00:00,7070.200000000026,3957.387700000356
786,2025-05-31 00:00:00,7393.60000000002,4280.78770000035
787,2025-05-31 04:00:00,8300.000000000015,5187.187700000344
788,2025-05-31 08:00:00,8947.60000000002,5834.78770000035
789,2025-05-31 12:00:00,9257.500000000015,6144.687700000344
790,2025-05-31 16:00:00,9197.000000000015,6084.187700000344
791,2025-05-31 20:00:00,9436.700000000026,6323.887700000356
792,2025-06-01 00:00:00,8400.500000000015,5287.687700000344
793,2025-06-01 04:00:00,8243.700000000026,5130.887700000356
794,2025-06-01 08:00:00,8352.900000000023,5240.087700000353
795,2025-06-01 12:00:00,8561.200000000026,5448.387700000356
796,2025-06-01 16:00:00,8666.60000000002,5553.78770000035
797,2025-06-01 20:00:00,8859.60000000002,5746.78770000035
798,2025-06-02 00:00:00,8233.60000000002,5120.78770000035
799,2025-06-02 04:00:00,7822.400000000023,4709.587700000353
800,2025-06-02 08:00:00,7314.3000000000175,4201.487700000347
801,2025-06-02 12:00:00,8115.8000000000175,5002.987700000347
802,2025-06-02 16:00:00,7551.200000000026,4438.387700000356
803,2025-06-02 20:00:00,8897.60000000002,5784.78770000035
804,2025-06-03 00:00:00,8500.800000000017,5387.987700000347
805,2025-06-03 04:00:00,8531.200000000026,5418.387700000356
806,2025-06-03 08:00:00,7083.3000000000175,3970.487700000347
807,2025-06-03 12:00:00,7448.8000000000175,4335.987700000347
808,2025-06-03 16:00:00,7763.200000000026,4650.387700000356
809,2025-06-03 20:00:00,7657.500000000015,4544.687700000344
810,2025-06-04 00:00:00,6341.500000000015,3228.687700000344
811,2025-06-04 04:00:00,6725.8000000000175,3559.901800000356
812,2025-06-04 08:00:00,6725.8000000000175,3559.901800000356
813,2025-06-04 12:00:00,6725.8000000000175,3559.901800000356
814,2025-06-04 16:00:00,6725.8000000000175,3559.901800000356
815,2025-06-04 20:00:00,6725.8000000000175,3559.901800000356
816,2025-06-05 00:00:00,6725.8000000000175,3559.901800000356
817,2025-06-05 04:00:00,6725.8000000000175,3507.4666000003635
818,2025-06-05 08:00:00,6497.200000000026,3278.8666000003723
819,2025-06-05 12:00:00,6846.8000000000175,3628.4666000003635
820,2025-06-05 16:00:00,6328.400000000023,3057.8301000003703
821,2025-06-05 20:00:00,6328.400000000023,3057.8301000003703
822,2025-06-06 00:00:00,6328.400000000023,3057.8301000003703
823,2025-06-06 04:00:00,6328.400000000023,3006.8936500003765
824,2025-06-06 08:00:00,6742.700000000012,3421.193650000365
825,2025-06-06 12:00:00,5756.400000000023,2434.8936500003765
826,2025-06-06 16:00:00,5104.500000000015,1782.9936500003678
827,2025-06-06 20:00:00,4335.3000000000175,1013.7936500003707
828,2025-06-07 00:00:00,3165.9000000000233,-208.12404999962018
829,2025-06-07 04:00:00,3165.9000000000233,-208.12404999962018
830,2025-06-07 08:00:00,3165.9000000000233,-208.12404999962018
831,2025-06-07 12:00:00,3165.9000000000233,-208.12404999962018
832,2025-06-07 16:00:00,3165.9000000000233,-208.12404999962018
833,2025-06-07 20:00:00,3165.9000000000233,-208.12404999962018
834,2025-06-08 00:00:00,3165.9000000000233,-260.8779999996186
835,2025-06-08 04:00:00,2979.6000000000204,-447.17799999962153
836,2025-06-08 08:00:00,3166.3000000000175,-260.47799999962444
837,2025-06-08 12:00:00,3237.4000000000233,-189.37799999961862
838,2025-06-08 16:00:00,3293.4000000000233,-133.37799999961862
839,2025-06-08 20:00:00,3054.6000000000204,-372.17799999962153
840,2025-06-09 00:00:00,2756.3000000000175,-670.4779999996244
841,2025-06-09 04:00:00,2431.2000000000116,-995.5779999996303
842,2025-06-09 08:00:00,2997.3000000000175,-482.31624999962514
843,2025-06-09 12:00:00,2997.3000000000175,-535.1247499996243
844,2025-06-09 16:00:00,2897.0000000000146,-635.4247499996272
845,2025-06-09 20:00:00,5088.200000000012,1555.7752500003699
846,2025-06-10 00:00:00,4944.60000000002,1412.1752500003786
847,2025-06-10 04:00:00,5895.400000000023,2362.9752500003815
848,2025-06-10 08:00:00,7608.200000000012,4075.77525000037
849,2025-06-10 12:00:00,6906.10000000002,3373.6752500003786
850,2025-06-10 16:00:00,6558.3000000000175,3025.8752500003757
851,2025-06-10 20:00:00,6878.400000000023,3345.9752500003815
852,2025-06-11 00:00:00,6355.60000000002,2823.1752500003786
853,2025-06-11 04:00:00,6840.3000000000175,3307.8752500003757
854,2025-06-11 08:00:00,7615.700000000012,4083.27525000037
855,2025-06-11 12:00:00,7044.400000000023,3511.9752500003815
856,2025-06-11 16:00:00,6777.200000000012,3244.77525000037
857,2025-06-11 20:00:00,6580.400000000023,3047.9752500003815
858,2025-06-12 00:00:00,7075.10000000002,3542.6752500003786
859,2025-06-12 04:00:00,6064.8000000000175,2532.3752500003757
860,2025-06-12 08:00:00,5980.3000000000175,2447.8752500003757
861,2025-06-12 12:00:00,5200.8000000000175,1668.3752500003757
862,2025-06-12 16:00:00,4957.3000000000175,1424.8752500003757
863,2025-06-12 20:00:00,4243.200000000012,657.3438000003807
864,2025-06-13 00:00:00,4243.200000000012,657.3438000003807
865,2025-06-13 04:00:00,4243.200000000012,657.3438000003807
866,2025-06-13 08:00:00,4243.200000000012,604.539050000385
867,2025-06-13 12:00:00,5618.8000000000175,1980.1390500003909
868,2025-06-13 16:00:00,5021.3000000000175,1382.6390500003909
869,2025-06-13 20:00:00,4862.8000000000175,1224.1390500003909
870,2025-06-14 00:00:00,4460.8000000000175,822.1390500003909
871,2025-06-14 04:00:00,4802.700000000012,1164.039050000385
872,2025-06-14 08:00:00,3825.4000000000087,186.73905000038212
873,2025-06-14 12:00:00,4663.3000000000175,1024.6390500003909
874,2025-06-14 16:00:00,4827.600000000006,1188.9390500003792
875,2025-06-14 20:00:00,4822.100000000006,1183.4390500003792
876,2025-06-15 00:00:00,5069.3000000000175,1430.6390500003909
877,2025-06-15 04:00:00,5270.400000000009,1631.7390500003821
878,2025-06-15 08:00:00,4492.8000000000175,854.1390500003909
879,2025-06-15 12:00:00,4427.100000000006,788.4390500003792
880,2025-06-15 16:00:00,4478.600000000006,839.9390500003792
881,2025-06-15 20:00:00,4928.200000000012,1289.539050000385
882,2025-06-16 00:00:00,4326.700000000012,688.039050000385
883,2025-06-16 04:00:00,4600.700000000012,962.039050000385
884,2025-06-16 08:00:00,4318.100000000006,679.4390500003792
885,2025-06-16 12:00:00,3987.100000000006,348.4390500003792
886,2025-06-16 16:00:00,2828.9000000000087,-809.7609499996179
887,2025-06-16 20:00:00,3010.2000000000116,-681.8821999996144
888,2025-06-17 00:00:00,3010.2000000000116,-735.569649999612
889,2025-06-17 04:00:00,4229.500000000015,483.7303500003909
890,2025-06-17 08:00:00,2385.4000000000233,-1360.3696499996004
891,2025-06-17 12:00:00,3188.6000000000204,-557.1696499996033
892,2025-06-17 16:00:00,2346.4000000000233,-1399.3696499996004
893,2025-06-17 20:00:00,1228.2000000000116,-2517.569649999612
894,2025-06-18 00:00:00,-165.49999999998545,-3911.269649999609
895,2025-06-18 04:00:00,265.9000000000233,-3479.8696499996004
896,2025-06-18 08:00:00,143.30000000001746,-3602.469649999606
897,2025-06-18 12:00:00,767.5000000000146,-2978.269649999609
898,2025-06-18 16:00:00,561.0000000000146,-3184.769649999609
899,2025-06-18 20:00:00,426.50000000001455,-3319.269649999609
900,2025-06-19 00:00:00,379.50000000001455,-3366.269649999609
901,2025-06-19 04:00:00,-591.3999999999796,-4337.169649999603
902,2025-06-19 08:00:00,468.1000000000204,-3330.0860499995906
903,2025-06-19 12:00:00,468.1000000000204,-3382.6132499995874
904,2025-06-19 16:00:00,936.6000000000204,-2914.1132499995874
905,2025-06-19 20:00:00,804.8000000000175,-3045.9132499995903
906,2025-06-20 00:00:00,1467.4000000000087,-2383.313249999599
907,2025-06-20 04:00:00,1319.9000000000087,-2530.813249999599
908,2025-06-20 08:00:00,915.4000000000087,-2935.313249999599
909,2025-06-20 12:00:00,967.4000000000087,-2883.313249999599
910,2025-06-20 16:00:00,-240.99999999998545,-4091.7132499995932
911,2025-06-20 20:00:00,-406.09999999999127,-4309.777549999591
912,2025-06-21 00:00:00,-406.09999999999127,-4309.777549999591
913,2025-06-21 04:00:00,-406.09999999999127,-4309.777549999591
914,2025-06-21 08:00:00,-406.09999999999127,-4309.777549999591
915,2025-06-21 12:00:00,-406.09999999999127,-4309.777549999591
916,2025-06-21 16:00:00,-406.09999999999127,-4361.478649999583
917,2025-06-21 20:00:00,-831.3999999999942,-4786.7786499995855
918,2025-06-22 00:00:00,-520.5999999999913,-4475.978649999583
919,2025-06-22 04:00:00,788.6000000000058,-3166.7786499995855
920,2025-06-22 08:00:00,916.3000000000029,-3039.0786499995884
921,2025-06-22 12:00:00,656.1000000000058,-3299.2786499995855
922,2025-06-22 16:00:00,597.1000000000058,-3358.2786499995855
923,2025-06-22 20:00:00,302.40000000000873,-3652.9786499995826
924,2025-06-23 00:00:00,4146.200000000012,190.82135000042035
925,2025-06-23 04:00:00,4166.400000000009,211.02135000041744
926,2025-06-23 08:00:00,2091.4000000000087,-1863.9786499995826
927,2025-06-23 12:00:00,1891.7000000000116,-2063.6786499995796
928,2025-06-23 16:00:00,1121.6000000000058,-2833.7786499995855
929,2025-06-23 20:00:00,1747.6000000000058,-2207.7786499995855
930,2025-06-24 00:00:00,1626.4000000000087,-2328.9786499995826
931,2025-06-24 04:00:00,-118.09999999999127,-4073.4786499995826
932,2025-06-24 08:00:00,-2294.7999999999884,-6250.17864999958
933,2025-06-24 12:00:00,-1873.8999999999942,-5829.2786499995855
934,2025-06-24 16:00:00,-1895.699999999997,-5903.52454999958
935,2025-06-24 20:00:00,-1895.699999999997,-5903.52454999958
936,2025-06-25 00:00:00,-1895.699999999997,-5903.52454999958
937,2025-06-25 04:00:00,-1895.699999999997,-5903.52454999958
938,2025-06-25 08:00:00,-1895.699999999997,-5903.52454999958
939,2025-06-25 12:00:00,-1895.699999999997,-5903.52454999958
940,2025-06-25 16:00:00,-1895.699999999997,-5956.798299999573
941,2025-06-25 20:00:00,-1306.8999999999942,-5367.99829999957
942,2025-06-26 00:00:00,-1460.5999999999913,-5521.698299999567
943,2025-06-26 04:00:00,-745.0,-4806.098299999576
944,2025-06-26 08:00:00,-1163.199999999997,-5224.298299999573
945,2025-06-26 12:00:00,-633.8999999999942,-4694.99829999957
946,2025-06-26 16:00:00,-674.6999999999971,-4735.798299999573
947,2025-06-26 20:00:00,-1170.3999999999942,-5231.49829999957
948,2025-06-27 00:00:00,-1183.199999999997,-5244.298299999573
949,2025-06-27 04:00:00,-967.0999999999913,-5028.198299999567
950,2025-06-27 08:00:00,-1529.5,-5590.598299999576
951,2025-06-27 12:00:00,-1015.1999999999971,-5076.298299999573
952,2025-06-27 16:00:00,-1626.300000000003,-5687.398299999579
953,2025-06-27 20:00:00,-1499.5,-5560.598299999576
954,2025-06-28 00:00:00,-1181.8999999999942,-5242.99829999957
955,2025-06-28 04:00:00,-1695.0999999999913,-5809.572349999566
956,2025-06-28 08:00:00,-1695.0999999999913,-5809.572349999566
957,2025-06-28 12:00:00,-1695.0999999999913,-5809.572349999566
958,2025-06-28 16:00:00,-1695.0999999999913,-5863.288849999561
959,2025-06-28 20:00:00,-1582.3999999999942,-5750.5888499995635
960,2025-06-29 00:00:00,-1669.699999999997,-5837.888849999566
961,2025-06-29 04:00:00,-1424.5999999999913,-5592.788849999561
962,2025-06-29 08:00:00,-1503.0999999999913,-5671.288849999561
963,2025-06-29 12:00:00,-1418.5999999999913,-5586.788849999561
964,2025-06-29 16:00:00,-1629.2999999999884,-5797.488849999558
965,2025-06-29 20:00:00,-2710.399999999994,-6932.812999999558
966,2025-06-30 00:00:00,-2710.399999999994,-6932.812999999558
967,2025-06-30 04:00:00,-2710.399999999994,-6932.812999999558
968,2025-06-30 08:00:00,-2710.399999999994,-6932.812999999558
969,2025-06-30 12:00:00,-2710.399999999994,-6932.812999999558
970,2025-06-30 16:00:00,-2710.399999999994,-6932.812999999558
971,2025-06-30 20:00:00,-2710.399999999994,-6932.812999999558
972,2025-07-01 00:00:00,-2710.399999999994,-6932.812999999558
973,2025-07-01 04:00:00,-2710.399999999994,-6932.812999999558
974,2025-07-01 08:00:00,-2710.399999999994,-6986.356699999553
975,2025-07-01 12:00:00,-2648.399999999994,-6924.356699999553
976,2025-07-01 16:00:00,-2662.899999999994,-6938.856699999553
977,2025-07-01 20:00:00,-3240.9999999999854,-7516.956699999544
978,2025-07-02 00:00:00,-3889.4999999999854,-8165.456699999544
979,2025-07-02 04:00:00,-4457.6999999999825,-8786.326749999542
980,2025-07-02 08:00:00,-4457.6999999999825,-8786.326749999542
981,2025-07-02 12:00:00,-4457.6999999999825,-8786.326749999542
982,2025-07-02 16:00:00,-4457.6999999999825,-8786.326749999542
983,2025-07-02 20:00:00,-4457.6999999999825,-8786.326749999542
984,2025-07-03 00:00:00,-4457.6999999999825,-8786.326749999542
985,2025-07-03 04:00:00,-4457.6999999999825,-8786.326749999542
986,2025-07-03 08:00:00,-4457.6999999999825,-8786.326749999542
987,2025-07-03 12:00:00,-4457.6999999999825,-8786.326749999542
988,2025-07-03 16:00:00,-4457.6999999999825,-8840.944249999535
989,2025-07-03 20:00:00,-4141.6999999999825,-8524.944249999535
990,2025-07-04 00:00:00,-4602.89999999998,-8986.144249999532
991,2025-07-04 04:00:00,-3948.7999999999884,-8332.04424999954
992,2025-07-04 08:00:00,-4147.499999999985,-8530.744249999538
993,2025-07-04 12:00:00,-4497.099999999977,-8880.344249999529
994,2025-07-04 16:00:00,-5031.6999999999825,-9414.944249999535
995,2025-07-04 20:00:00,-4850.39999999998,-9233.644249999532
996,2025-07-05 00:00:00,-6157.999999999985,-10541.244249999538
997,2025-07-05 04:00:00,-6263.099999999977,-10646.344249999529
998,2025-07-05 08:00:00,-5757.299999999988,-10140.54424999954
999,2025-07-05 12:00:00,-5599.1999999999825,-9982.444249999535
1000,2025-07-05 16:00:00,-5691.799999999988,-10129.044699999533
1001,2025-07-05 20:00:00,-5691.799999999988,-10129.044699999533
1002,2025-07-06 00:00:00,-5691.799999999988,-10129.044699999533
1003,2025-07-06 04:00:00,-5691.799999999988,-10129.044699999533
1004,2025-07-06 08:00:00,-5691.799999999988,-10129.044699999533
1005,2025-07-06 12:00:00,-5691.799999999988,-10129.044699999533
1006,2025-07-06 16:00:00,-5691.799999999988,-10129.044699999533
1007,2025-07-06 20:00:00,-5691.799999999988,-10129.044699999533
1008,2025-07-07 00:00:00,-5691.799999999988,-10129.044699999533
1009,2025-07-07 04:00:00,-5691.799999999988,-10129.044699999533
1010,2025-07-07 08:00:00,-5691.799999999988,-10129.044699999533
1011,2025-07-07 12:00:00,-5691.799999999988,-10129.044699999533
1012,2025-07-07 16:00:00,-5691.799999999988,-10129.044699999533
1013,2025-07-07 20:00:00,-5691.799999999988,-10129.044699999533
1014,2025-07-08 00:00:00,-5691.799999999988,-10129.044699999533
1015,2025-07-08 04:00:00,-5691.799999999988,-10129.044699999533
1016,2025-07-08 08:00:00,-5691.799999999988,-10129.044699999533
1017,2025-07-08 12:00:00,-5691.799999999988,-10129.044699999533
1018,2025-07-08 16:00:00,-5691.799999999988,-10129.044699999533
1019,2025-07-08 20:00:00,-5691.799999999988,-10129.044699999533
1020,2025-07-09 00:00:00,-5691.799999999988,-10129.044699999533
1021,2025-07-09 04:00:00,-5691.799999999988,-10183.406499999532
1022,2025-07-09 08:00:00,-5542.299999999988,-10033.906499999532
1023,2025-07-09 12:00:00,-6103.5,-10595.106499999543
1024,2025-07-09 16:00:00,-5740.599999999991,-10286.543899999524
1025,2025-07-09 20:00:00,-5740.599999999991,-10286.543899999524
1026,2025-07-10 00:00:00,-5740.599999999991,-10341.053899999519
1027,2025-07-10 04:00:00,-8439.399999999994,-13039.853899999522
1028,2025-07-10 08:00:00,-7920.499999999985,-12576.553849999502
1029,2025-07-10 12:00:00,-7920.499999999985,-12632.067949999502
1030,2025-07-10 16:00:00,-7762.599999999977,-12474.167949999493
1031,2025-07-10 20:00:00,-7976.499999999985,-12688.067949999502
1032,2025-07-11 00:00:00,-7598.6999999999825,-12310.2679499995
1033,2025-07-11 04:00:00,-5702.599999999977,-10414.167949999493
1034,2025-07-11 08:00:00,-2969.4999999999854,-7681.067949999502
1035,2025-07-11 12:00:00,-2109.1999999999825,-6820.767949999499
1036,2025-07-11 16:00:00,-1425.9999999999854,-6137.567949999502
1037,2025-07-11 20:00:00,-1158.5999999999767,-5870.167949999493
1038,2025-07-12 00:00:00,-2038.3999999999796,-6749.967949999496
1039,2025-07-12 04:00:00,-875.9999999999854,-5587.567949999502
1040,2025-07-12 08:00:00,-1448.6999999999825,-6160.267949999499
1041,2025-07-12 12:00:00,-1218.6999999999825,-5930.267949999499
1042,2025-07-12 16:00:00,-1258.9999999999854,-5970.567949999502
1043,2025-07-12 20:00:00,-1175.0999999999767,-5886.667949999493
1044,2025-07-13 00:00:00,-1873.0999999999767,-6584.667949999493
1045,2025-07-13 04:00:00,-1422.9999999999854,-6134.567949999502
1046,2025-07-13 08:00:00,-1559.3999999999796,-6270.967949999496
1047,2025-07-13 12:00:00,-1237.1999999999825,-5948.767949999499
1048,2025-07-13 16:00:00,-998.6999999999825,-5710.267949999499
1049,2025-07-13 20:00:00,-912.5999999999767,-5624.167949999493
1050,2025-07-14 00:00:00,-338.0999999999767,-5049.667949999493
1051,2025-07-14 04:00:00,-25.699999999982538,-4737.267949999499
1052,2025-07-14 08:00:00,89.60000000002037,-4621.967949999496
1053,2025-07-14 12:00:00,1784.5000000000146,-2927.067949999502
1054,2025-07-14 16:00:00,3782.3000000000175,-929.2679499994993
1055,2025-07-14 20:00:00,2525.8000000000175,-2185.7679499994993
1056,2025-07-15 00:00:00,914.4000000000233,-3797.1679499994934
1057,2025-07-15 04:00:00,971.3000000000175,-3740.2679499994993
1058,2025-07-15 08:00:00,867.8000000000175,-3843.7679499994993
1059,2025-07-15 12:00:00,-1739.4999999999854,-6451.067949999502
1060,2025-07-15 16:00:00,-2171.5999999999767,-6883.167949999493
1061,2025-07-15 20:00:00,-1838.2999999999884,-6549.867949999505
1062,2025-07-16 00:00:00,-2555.6999999999825,-7267.267949999499
1063,2025-07-16 04:00:00,-2519.7999999999884,-7231.367949999505
1064,2025-07-16 08:00:00,-1210.1999999999825,-5921.767949999499
1065,2025-07-16 12:00:00,-1471.0999999999767,-6241.406749999485
1066,2025-07-16 16:00:00,-1471.0999999999767,-6300.497349999481
1067,2025-07-16 20:00:00,-2044.9999999999854,-6874.39734999949
1068,2025-07-17 00:00:00,-2345.8999999999796,-7175.297349999484
1069,2025-07-17 04:00:00,-2476.5999999999767,-7305.997349999481
1070,2025-07-17 08:00:00,-1880.5999999999767,-6709.997349999481
1071,2025-07-17 12:00:00,-1380.7999999999738,-6210.197349999478
1072,2025-07-17 16:00:00,-1583.7999999999738,-6413.197349999478
1073,2025-07-17 20:00:00,-1258.7999999999738,-6088.197349999478
1074,2025-07-18 00:00:00,-2164.8999999999796,-6994.297349999484
1075,2025-07-18 04:00:00,-2238.6999999999825,-7068.097349999487
1076,2025-07-18 08:00:00,-2466.4999999999854,-7295.89734999949
1077,2025-07-18 12:00:00,-3502.6999999999825,-8332.097349999487
1078,2025-07-18 16:00:00,-2646.4999999999854,-7475.89734999949
1079,2025-07-18 20:00:00,-2465.3999999999796,-7354.385099999476
1080,2025-07-19 00:00:00,-2465.3999999999796,-7413.300099999469
1081,2025-07-19 04:00:00,-1996.9999999999854,-6944.900099999475
1082,2025-07-19 08:00:00,-2531.799999999974,-7479.700099999463
1083,2025-07-19 12:00:00,-2930.5999999999767,-7878.500099999466
1084,2025-07-19 16:00:00,-2770.3999999999796,-7718.300099999469
1085,2025-07-19 20:00:00,-2935.3999999999796,-7883.300099999469
1086,2025-07-20 00:00:00,-2660.9999999999854,-7608.900099999475
1087,2025-07-20 04:00:00,-2613.6999999999825,-7561.600099999472
1088,2025-07-20 08:00:00,-2449.799999999974,-7397.700099999463
1089,2025-07-20 12:00:00,-2569.4999999999854,-7517.400099999475
1090,2025-07-20 16:00:00,-2619.6999999999825,-7567.600099999472
1091,2025-07-20 20:00:00,-2504.5999999999767,-7452.500099999466
1092,2025-07-21 00:00:00,-3304.6999999999825,-8252.600099999472
1093,2025-07-21 04:00:00,-2766.5999999999767,-7714.500099999466
1094,2025-07-21 08:00:00,-1851.3999999999796,-6799.300099999469
1095,2025-07-21 12:00:00,-3010.1999999999825,-7958.100099999472
1096,2025-07-21 16:00:00,-3987.5999999999767,-8935.500099999466
1097,2025-07-21 20:00:00,-2680.3999999999796,-7628.300099999469
1098,2025-07-22 00:00:00,-2939.4999999999854,-7887.400099999475
1099,2025-07-22 04:00:00,-1360.0999999999767,-6308.000099999466
1100,2025-07-22 08:00:00,-1965.5999999999767,-6913.500099999466
1101,2025-07-22 12:00:00,-1812.3999999999796,-6760.300099999469
1102,2025-07-22 16:00:00,-2594.8999999999796,-7542.800099999469
1103,2025-07-22 20:00:00,-3777.5999999999767,-8725.500099999466
1104,2025-07-23 00:00:00,-3535.1999999999825,-8483.100099999472
1105,2025-07-23 04:00:00,-3921.8999999999796,-8869.80009999947
1106,2025-07-23 08:00:00,-4629.099999999977,-9577.000099999466
1107,2025-07-23 12:00:00,-3256.1999999999825,-8204.100099999472
1108,2025-07-23 16:00:00,-2962.3999999999796,-7910.300099999469
1109,2025-07-23 20:00:00,-3120.1999999999825,-8068.100099999472
1110,2025-07-24 00:00:00,-3166.3999999999796,-8114.300099999469
1111,2025-07-24 04:00:00,-2979.799999999974,-7927.700099999463
1112,2025-07-24 08:00:00,-3348.8999999999796,-8296.80009999947
1113,2025-07-24 12:00:00,-3086.8999999999796,-8034.800099999469
1114,2025-07-24 16:00:00,-3003.3999999999796,-7951.300099999469
1115,2025-07-24 20:00:00,-3193.3999999999796,-8200.579099999464
1116,2025-07-25 00:00:00,-3193.3999999999796,-8200.579099999464
1117,2025-07-25 04:00:00,-3193.3999999999796,-8200.579099999464
1118,2025-07-25 08:00:00,-3193.3999999999796,-8200.579099999464
1119,2025-07-25 12:00:00,-3193.3999999999796,-8258.27139999946
1120,2025-07-25 16:00:00,-3097.5999999999767,-8162.4713999994565
1121,2025-07-25 20:00:00,-4313.39999999998,-9378.27139999946
1122,2025-07-26 00:00:00,-3496.199999999968,-8561.071399999448
1123,2025-07-26 04:00:00,-4458.39999999998,-9523.27139999946
1124,2025-07-26 08:00:00,-5392.299999999974,-10457.171399999454
1125,2025-07-26 12:00:00,-5264.599999999977,-10329.471399999456
1126,2025-07-26 16:00:00,-5096.89999999998,-10161.77139999946
1127,2025-07-26 20:00:00,-5566.799999999974,-10631.671399999454
1128,2025-07-27 00:00:00,-5919.89999999998,-10984.77139999946
1129,2025-07-27 04:00:00,-6017.799999999974,-11082.671399999454
1130,2025-07-27 08:00:00,-5697.999999999971,-10762.87139999945
1131,2025-07-27 12:00:00,-5970.799999999974,-11035.671399999454
1132,2025-07-27 16:00:00,-5892.39999999998,-10957.27139999946
1133,2025-07-27 20:00:00,-5862.199999999968,-10927.071399999448
1134,2025-07-28 00:00:00,-6389.599999999977,-11454.471399999456
1135,2025-07-28 04:00:00,-6762.099999999977,-11826.971399999456
1136,2025-07-28 08:00:00,-7232.199999999968,-12297.071399999448
1137,2025-07-28 12:00:00,-7078.499999999971,-12143.37139999945
1138,2025-07-28 16:00:00,-6681.999999999971,-11746.87139999945
1139,2025-07-28 20:00:00,-6622.099999999977,-11686.971399999456
1140,2025-07-29 00:00:00,-5961.599999999977,-11026.471399999456
1141,2025-07-29 04:00:00,-5858.799999999974,-10923.671399999454
1142,2025-07-29 08:00:00,-5850.199999999968,-10915.071399999448
1143,2025-07-29 12:00:00,-6554.39999999998,-11678.644199999457
1144,2025-07-29 16:00:00,-6554.39999999998,-11678.644199999457
1145,2025-07-29 20:00:00,-6554.39999999998,-11678.644199999457
1146,2025-07-30 00:00:00,-6554.39999999998,-11678.644199999457
1147,2025-07-30 04:00:00,-6554.39999999998,-11737.386649999447
1148,2025-07-30 08:00:00,-6966.499999999985,-12149.486649999453
1149,2025-07-30 12:00:00,-7175.999999999985,-12358.986649999453
1150,2025-07-30 16:00:00,-7152.599999999991,-12335.586649999459
1151,2025-07-30 20:00:00,-6596.1999999999825,-11779.18664999945
1152,2025-07-31 00:00:00,-7019.499999999985,-12202.486649999453
1153,2025-07-31 04:00:00,-5934.6999999999825,-11117.68664999945
1154,2025-07-31 08:00:00,-6840.499999999985,-12023.486649999453
1155,2025-07-31 12:00:00,-7498.499999999985,-12681.486649999453
1156,2025-07-31 16:00:00,-7693.599999999991,-12876.586649999459
1157,2025-07-31 20:00:00,-7400.39999999998,-12583.386649999447
1158,2025-08-01 00:00:00,-7328.799999999988,-12511.786649999456
1159,2025-08-01 04:00:00,-5788.39999999998,-10971.386649999447
1160,2025-08-01 08:00:00,-4766.799999999988,-9949.786649999456
1161,2025-08-01 12:00:00,-4665.1999999999825,-9848.18664999945
1162,2025-08-01 16:00:00,-4084.5999999999913,-9267.586649999459
1163,2025-08-01 20:00:00,-4316.099999999991,-9499.086649999459
1164,2025-08-02 00:00:00,-4374.799999999988,-9557.786649999456
1165,2025-08-02 04:00:00,-2347.9999999999854,-7530.986649999453
1166,2025-08-02 08:00:00,-2314.2999999999884,-7497.286649999456
1167,2025-08-02 12:00:00,-2929.3999999999796,-8112.386649999447
1168,2025-08-02 16:00:00,-2989.3999999999796,-8172.386649999447
1169,2025-08-02 20:00:00,-2801.9999999999854,-7984.986649999453
1170,2025-08-03 00:00:00,-1868.0999999999913,-7051.086649999459
1171,2025-08-03 04:00:00,-1244.9999999999854,-6427.986649999453
1172,2025-08-03 08:00:00,-1578.2999999999884,-6761.286649999456
1173,2025-08-03 12:00:00,-2620.3999999999796,-7803.386649999447
1174,2025-08-03 16:00:00,-2716.6999999999825,-7899.68664999945
1175,2025-08-03 20:00:00,-2879.5999999999913,-8062.586649999459
1176,2025-08-04 00:00:00,-2973.7999999999884,-8156.786649999456
1177,2025-08-04 04:00:00,-3328.4999999999854,-8511.486649999453
1178,2025-08-04 08:00:00,-3220.2999999999884,-8403.286649999456
1179,2025-08-04 12:00:00,-3589.6999999999825,-8772.68664999945
1180,2025-08-04 16:00:00,-3676.4999999999854,-8859.486649999453
1181,2025-08-04 20:00:00,-3519.4999999999854,-8702.486649999453
1182,2025-08-05 00:00:00,-3835.7999999999884,-9018.786649999456
1183,2025-08-05 04:00:00,-3793.4999999999854,-8976.486649999453
1184,2025-08-05 08:00:00,-4071.5999999999913,-9254.586649999459
1185,2025-08-05 12:00:00,-3284.4999999999854,-8467.486649999453
1186,2025-08-05 16:00:00,-2994.1999999999825,-8177.18664999945
1187,2025-08-05 20:00:00,-3851.4999999999854,-9091.877649999442
1188,2025-08-06 00:00:00,-3851.4999999999854,-9091.877649999442
1189,2025-08-06 04:00:00,-3851.4999999999854,-9148.664199999432
1190,2025-08-06 08:00:00,-3354.9999999999854,-8652.164199999432
1191,2025-08-06 12:00:00,-3954.4999999999854,-9308.39924999942
1192,2025-08-06 16:00:00,-3954.4999999999854,-9308.39924999942
1193,2025-08-06 20:00:00,-3954.4999999999854,-9308.39924999942
1194,2025-08-07 00:00:00,-3954.4999999999854,-9308.39924999942
1195,2025-08-07 04:00:00,-3954.4999999999854,-9308.39924999942
1196,2025-08-07 08:00:00,-3954.4999999999854,-9308.39924999942
1197,2025-08-07 12:00:00,-3954.4999999999854,-9308.39924999942
1198,2025-08-07 16:00:00,-3954.4999999999854,-9308.39924999942
1199,2025-08-07 20:00:00,-3954.4999999999854,-9308.39924999942
1200,2025-08-08 00:00:00,-3954.4999999999854,-9308.39924999942
1201,2025-08-08 04:00:00,-3954.4999999999854,-9367.103049999409
1202,2025-08-08 08:00:00,-3942.199999999997,-9354.80304999942
1203,2025-08-08 12:00:00,-4669.899999999994,-10082.503049999417
1204,2025-08-08 16:00:00,-4590.099999999991,-10002.703049999414
1205,2025-08-08 20:00:00,-4521.599999999991,-9934.203049999414
1206,2025-08-09 00:00:00,-5200.099999999991,-10612.703049999414
1207,2025-08-09 04:00:00,-4977.699999999997,-10390.30304999942
1208,2025-08-09 08:00:00,-4733.899999999994,-10146.503049999417
1209,2025-08-09 12:00:00,-5030.599999999991,-10443.203049999414
1210,2025-08-09 16:00:00,-4658.899999999994,-10071.503049999417
1211,2025-08-09 20:00:00,-4297.199999999997,-9709.80304999942
1212,2025-08-10 00:00:00,-4526.499999999985,-9939.103049999409
1213,2025-08-10 04:00:00,-4862.199999999997,-10274.80304999942
1214,2025-08-10 08:00:00,-4939.999999999985,-10352.603049999409
1215,2025-08-10 12:00:00,-2881.9999999999854,-8294.603049999409
1216,2025-08-10 16:00:00,-3592.0999999999913,-9004.703049999414
1217,2025-08-10 20:00:00,-3066.199999999997,-8478.80304999942
1218,2025-08-11 00:00:00,-2596.0999999999913,-8008.703049999414
1219,2025-08-11 04:00:00,-2737.5999999999913,-8150.203049999414
1220,2025-08-11 08:00:00,-2106.7999999999884,-7519.403049999411
1221,2025-08-11 12:00:00,338.00000000001455,-5074.6030499994085
1222,2025-08-11 16:00:00,172.70000000001164,-5239.903049999411
1223,2025-08-11 20:00:00,-817.0999999999913,-6229.703049999414
1224,2025-08-12 00:00:00,-1090.8999999999942,-6503.503049999417
1225,2025-08-12 04:00:00,-2326.7999999999884,-7739.403049999411
1226,2025-08-12 08:00:00,-2720.199999999997,-8132.80304999942
1227,2025-08-12 12:00:00,-2548.9999999999854,-7961.6030499994085
1228,2025-08-12 16:00:00,-2430.199999999997,-7842.80304999942
1229,2025-08-12 20:00:00,-2897.9999999999854,-8310.603049999409
1230,2025-08-13 00:00:00,-1474.0999999999913,-6886.703049999414
1231,2025-08-13 04:00:00,-1761.7999999999884,-7174.403049999411
1232,2025-08-13 08:00:00,-1281.0999999999913,-6693.703049999414
1233,2025-08-13 12:00:00,-1926.0999999999913,-7338.703049999414
1234,2025-08-13 16:00:00,-1821.7999999999884,-7234.403049999411
1235,2025-08-13 20:00:00,-823.5999999999913,-6236.203049999414
1236,2025-08-14 00:00:00,-464.8999999999942,-5937.951649999406
1237,2025-08-14 04:00:00,-464.8999999999942,-5999.311599999404
1238,2025-08-14 08:00:00,139.10000000000582,-5395.311599999404
1239,2025-08-14 12:00:00,220.40000000000873,-5314.011599999401
1240,2025-08-14 16:00:00,-1442.3999999999942,-6976.811599999404
1241,2025-08-14 20:00:00,-2236.899999999994,-7771.311599999404
1242,2025-08-15 00:00:00,-4998.899999999994,-10533.311599999404
1243,2025-08-15 04:00:00,-5295.299999999988,-10829.711599999398
1244,2025-08-15 08:00:00,-4942.599999999991,-10477.011599999401
1245,2025-08-15 12:00:00,-4266.6999999999825,-9801.111599999393
1246,2025-08-15 16:00:00,-4276.499999999985,-9810.911599999396
1247,2025-08-15 20:00:00,-4234.799999999988,-9769.211599999398
1248,2025-08-16 00:00:00,-5967.999999999985,-11561.019999999393
1249,2025-08-16 04:00:00,-5967.999999999985,-11561.019999999393
1250,2025-08-16 08:00:00,-5967.999999999985,-11619.659599999388
1251,2025-08-16 12:00:00,-6073.799999999988,-11725.45959999939
1252,2025-08-16 16:00:00,-6238.6999999999825,-11890.359599999385
1253,2025-08-16 20:00:00,-6029.1999999999825,-11680.859599999385
1254,2025-08-17 00:00:00,-6315.6999999999825,-11967.359599999385
1255,2025-08-17 04:00:00,-6311.099999999991,-11962.759599999394
1256,2025-08-17 08:00:00,-6018.499999999985,-11670.159599999388
1257,2025-08-17 12:00:00,-6316.1999999999825,-11967.859599999385
1258,2025-08-17 16:00:00,-6638.6999999999825,-12290.359599999385
1259,2025-08-17 20:00:00,-6942.6999999999825,-12594.359599999385
1260,2025-08-18 00:00:00,-6879.799999999988,-12531.45959999939
1261,2025-08-18 04:00:00,-6215.799999999988,-11867.45959999939
1262,2025-08-18 08:00:00,-6042.599999999991,-11694.259599999394
1263,2025-08-18 12:00:00,-3953.6999999999825,-9605.359599999385
1264,2025-08-18 16:00:00,-3841.9999999999854,-9493.659599999388
1265,2025-08-18 20:00:00,-3588.7999999999884,-9240.45959999939
1266,2025-08-19 00:00:00,-4788.1999999999825,-10439.859599999385
1267,2025-08-19 04:00:00,-4962.1999999999825,-10613.859599999385
1268,2025-08-19 08:00:00,-4872.399999999994,-10524.059599999397
1269,2025-08-19 12:00:00,-3445.399999999994,-9097.059599999397
1270,2025-08-19 16:00:00,-3617.4999999999854,-9269.159599999388
1271,2025-08-19 20:00:00,-4149.799999999988,-9801.45959999939
1272,2025-08-20 00:00:00,-2418.7999999999884,-8070.459599999391
1273,2025-08-20 04:00:00,-1767.0999999999913,-7418.759599999394
1274,2025-08-20 08:00:00,-1512.9999999999854,-7164.659599999388
1275,2025-08-20 12:00:00,-2154.1999999999825,-7805.859599999385
1276,2025-08-20 16:00:00,-2125.4999999999854,-7777.159599999388
1277,2025-08-20 20:00:00,-2316.2999999999884,-7967.959599999391
1278,2025-08-21 00:00:00,-1985.7999999999884,-7637.459599999391
1279,2025-08-21 04:00:00,-2905.0999999999913,-8556.759599999394
1280,2025-08-21 08:00:00,-2909.2999999999884,-8560.95959999939
1281,2025-08-21 12:00:00,-2600.899999999994,-8252.559599999397
1282,2025-08-21 16:00:00,-2525.5999999999913,-8177.259599999394
1283,2025-08-21 20:00:00,-1788.9999999999854,-7440.659599999388
1284,2025-08-22 00:00:00,-1437.6999999999825,-7089.359599999385
1285,2025-08-22 04:00:00,-841.5999999999913,-6493.259599999394
1286,2025-08-22 08:00:00,-1150.9999999999854,-6802.659599999388
1287,2025-08-22 12:00:00,-1578.6999999999825,-7230.359599999385
1288,2025-08-22 16:00:00,-1728.8999999999942,-7380.559599999397
1289,2025-08-22 20:00:00,-961.5999999999913,-6613.259599999394
1290,2025-08-23 00:00:00,-5008.099999999991,-10659.759599999394
1291,2025-08-23 04:00:00,-5314.299999999988,-11024.272349999388
1292,2025-08-23 08:00:00,-5314.299999999988,-11024.272349999388
1293,2025-08-23 12:00:00,-5314.299999999988,-11024.272349999388
1294,2025-08-23 16:00:00,-5314.299999999988,-11024.272349999388
1295,2025-08-23 20:00:00,-5314.299999999988,-11081.905699999377
1296,2025-08-24 00:00:00,-5804.499999999985,-11572.105699999374
1297,2025-08-24 04:00:00,-5476.099999999991,-11243.70569999938
1298,2025-08-24 08:00:00,-5203.89999999998,-10971.505699999369
1299,2025-08-24 12:00:00,-5574.499999999985,-11342.105699999374
1300,2025-08-24 16:00:00,-5726.1999999999825,-11493.805699999371
1301,2025-08-24 20:00:00,-5878.999999999985,-11646.605699999374
1302,2025-08-25 00:00:00,-6208.39999999998,-11976.005699999369
1303,2025-08-25 04:00:00,-8024.599999999991,-13848.48389999938
1304,2025-08-25 08:00:00,-8024.599999999991,-13848.48389999938
1305,2025-08-25 12:00:00,-8024.599999999991,-13848.48389999938
1306,2025-08-25 16:00:00,-8024.599999999991,-13848.48389999938
1307,2025-08-25 20:00:00,-8024.599999999991,-13904.075749999378
1308,2025-08-26 00:00:00,-8983.099999999991,-14862.575749999378
1309,2025-08-26 04:00:00,-7491.299999999988,-13370.775749999375
1310,2025-08-26 08:00:00,-6904.899999999994,-12784.37574999938
1311,2025-08-26 12:00:00,-6665.899999999994,-12545.37574999938
1312,2025-08-26 16:00:00,-7085.099999999991,-12964.575749999378
1313,2025-08-26 20:00:00,-6683.099999999991,-12562.575749999378
1314,2025-08-27 00:00:00,-6465.5,-12344.975749999387
1315,2025-08-27 04:00:00,-7894.399999999994,-13773.87574999938
1316,2025-08-27 08:00:00,-8550.799999999988,-14430.275749999375
1317,2025-08-27 12:00:00,-8214.599999999991,-14094.075749999378
1318,2025-08-27 16:00:00,-7528.899999999994,-13408.37574999938
1319,2025-08-27 20:00:00,-8111.699999999997,-13991.175749999384
1320,2025-08-28 00:00:00,-8806.0,-14685.475749999387
1321,2025-08-28 04:00:00,-8873.699999999997,-14753.175749999384
1322,2025-08-28 08:00:00,-8035.799999999988,-13915.275749999375
1323,2025-08-28 12:00:00,-8795.0,-14674.475749999387
1324,2025-08-28 16:00:00,-9920.099999999991,-15856.115349999367
1325,2025-08-28 20:00:00,-9920.099999999991,-15856.115349999367
1326,2025-08-29 00:00:00,-9920.099999999991,-15856.115349999367
1327,2025-08-29 04:00:00,-9920.099999999991,-15856.115349999367
1328,2025-08-29 08:00:00,-9920.099999999991,-15856.115349999367
1329,2025-08-29 12:00:00,-9920.099999999991,-15856.115349999367
1330,2025-08-29 16:00:00,-9920.099999999991,-15856.115349999367
1331,2025-08-29 20:00:00,-9920.099999999991,-15856.115349999367
1332,2025-08-30 00:00:00,-9920.099999999991,-15856.115349999367
1333,2025-08-30 04:00:00,-9920.099999999991,-15856.115349999367
1334,2025-08-30 08:00:00,-9920.099999999991,-15856.115349999367
1335,2025-08-30 12:00:00,-9920.099999999991,-15856.115349999367
1336,2025-08-30 16:00:00,-9920.099999999991,-15856.115349999367
1337,2025-08-30 20:00:00,-9920.099999999991,-15856.115349999367
1338,2025-08-31 00:00:00,-9920.099999999991,-15856.115349999367
1339,2025-08-31 04:00:00,-9920.099999999991,-15856.115349999367
1340,2025-08-31 08:00:00,-9920.099999999991,-15910.494299999365
1341,2025-08-31 12:00:00,-10337.599999999991,-16327.994299999365
1342,2025-08-31 16:00:00,-9819.099999999991,-15809.494299999365
1343,2025-08-31 20:00:00,-9512.199999999997,-15502.594299999371
1344,2025-09-01 00:00:00,-9920.399999999994,-15910.794299999368
1345,2025-09-01 04:00:00,-10039.399999999994,-16029.794299999368
1346,2025-09-01 08:00:00,-9370.599999999991,-15360.994299999365
1347,2025-09-01 12:00:00,-8781.300000000003,-14771.694299999377
1348,2025-09-01 16:00:00,-10552.5,-16542.894299999374
1349,2025-09-01 20:00:00,-9884.099999999991,-15874.494299999365
1350,2025-09-02 00:00:00,-9900.199999999997,-15890.594299999371
1351,2025-09-02 04:00:00,-10340.899999999994,-16331.294299999368
1352,2025-09-02 08:00:00,-10350.099999999991,-16340.494299999365
1353,2025-09-02 12:00:00,-11448.199999999997,-17493.737299999368
1354,2025-09-02 16:00:00,-11448.199999999997,-17548.832349999357
1355,2025-09-02 20:00:00,-11939.699999999997,-18040.332349999357
1356,2025-09-03 00:00:00,-10848.400000000009,-16949.03234999937
1357,2025-09-03 04:00:00,-10895.400000000009,-16996.03234999937
1358,2025-09-03 08:00:00,-10450.300000000003,-16550.932349999362
1359,2025-09-03 12:00:00,-10646.600000000006,-16747.232349999365
1360,2025-09-03 16:00:00,-10596.800000000003,-16697.432349999362
1361,2025-09-03 20:00:00,-10246.699999999997,-16347.332349999357
1362,2025-09-04 00:00:00,-9469.699999999997,-15570.332349999357
1363,2025-09-04 04:00:00,-9498.400000000009,-15599.032349999368
1364,2025-09-04 08:00:00,-9978.5,-16079.13234999936
1365,2025-09-04 12:00:00,-10531.199999999997,-16631.832349999357
1366,2025-09-04 16:00:00,-11221.0,-17321.63234999936
1367,2025-09-04 20:00:00,-10874.400000000009,-16975.03234999937
1368,2025-09-05 00:00:00,-12190.300000000003,-18290.932349999362
1369,2025-09-05 04:00:00,-11884.400000000009,-17985.03234999937
1370,2025-09-05 08:00:00,-10958.900000000009,-17059.53234999937
1371,2025-09-05 12:00:00,-10371.400000000009,-16472.03234999937
1372,2025-09-05 16:00:00,-8738.199999999997,-14838.832349999357
1373,2025-09-05 20:00:00,-9338.699999999997,-15439.332349999357
1374,2025-09-06 00:00:00,-10964.199999999997,-17064.832349999357
1375,2025-09-06 04:00:00,-10088.199999999997,-16188.832349999357
1376,2025-09-06 08:00:00,-11023.400000000009,-17124.03234999937
1377,2025-09-06 12:00:00,-10604.300000000003,-16704.932349999362
1378,2025-09-06 16:00:00,-10858.400000000009,-16959.03234999937
1379,2025-09-06 20:00:00,-10905.400000000009,-17061.398799999355
1380,2025-09-07 00:00:00,-10905.400000000009,-17116.560849999354
1381,2025-09-07 04:00:00,-11242.800000000017,-17453.960849999363
1382,2025-09-07 08:00:00,-11094.200000000012,-17305.360849999357
1383,2025-09-07 12:00:00,-10649.700000000012,-16860.860849999357
1384,2025-09-07 16:00:00,-10518.700000000012,-16729.860849999357
1385,2025-09-07 20:00:00,-9980.000000000015,-16191.16084999936
1386,2025-09-08 00:00:00,-9953.300000000017,-16164.460849999363
1387,2025-09-08 04:00:00,-10012.500000000015,-16279.269349999347
1388,2025-09-08 08:00:00,-10012.500000000015,-16334.807349999348
1389,2025-09-08 12:00:00,-9941.400000000009,-16263.707349999342
1390,2025-09-08 16:00:00,-10172.900000000009,-16495.207349999342
1391,2025-09-08 20:00:00,-10958.500000000015,-17280.807349999348
1392,2025-09-09 00:00:00,-11510.10000000002,-17888.69414999934
1393,2025-09-09 04:00:00,-11510.10000000002,-17888.69414999934
1394,2025-09-09 08:00:00,-11510.10000000002,-17888.69414999934
1395,2025-09-09 12:00:00,-11510.10000000002,-17944.52294999933
1396,2025-09-09 16:00:00,-10217.60000000002,-16652.02294999933
1397,2025-09-09 20:00:00,-10770.300000000032,-17204.72294999934
1398,2025-09-10 00:00:00,-12337.60000000002,-18772.02294999933
1399,2025-09-10 04:00:00,-11925.400000000023,-18359.822949999332
1400,2025-09-10 08:00:00,-11667.800000000032,-18102.22294999934
1401,2025-09-10 12:00:00,-11668.800000000032,-18103.22294999934
1402,2025-09-10 16:00:00,-10667.60000000002,-17102.02294999933
1403,2025-09-10 20:00:00,-10901.300000000032,-17391.856149999338
1404,2025-09-11 00:00:00,-10901.300000000032,-17448.75679999932
1405,2025-09-11 04:00:00,-11177.400000000038,-17724.856799999325
1406,2025-09-11 08:00:00,-10805.800000000032,-17353.25679999932
1407,2025-09-11 12:00:00,-10348.20000000004,-16895.656799999328
1408,2025-09-11 16:00:00,-10662.600000000035,-17210.05679999932
1409,2025-09-11 20:00:00,-10741.70000000004,-17289.156799999328
1410,2025-09-12 00:00:00,-10580.300000000032,-17127.75679999932
1411,2025-09-12 04:00:00,-10332.100000000035,-16879.55679999932
1412,2025-09-12 08:00:00,-9275.600000000035,-15823.056799999322
1413,2025-09-12 12:00:00,-9564.300000000032,-16111.756799999319
1414,2025-09-12 16:00:00,-9653.600000000035,-16201.056799999322
1415,2025-09-12 20:00:00,-9839.600000000035,-16387.05679999932
1416,2025-09-13 00:00:00,-9637.70000000004,-16185.156799999328
1417,2025-09-13 04:00:00,-8141.500000000029,-14688.956799999316
1418,2025-09-13 08:00:00,-8724.20000000004,-15271.656799999328
1419,2025-09-13 12:00:00,-8789.00000000003,-15336.456799999316
1420,2025-09-13 16:00:00,-8987.100000000035,-15534.556799999322
1421,2025-09-13 20:00:00,-8789.70000000004,-15337.156799999328
1422,2025-09-14 00:00:00,-8981.300000000032,-15528.756799999319
1423,2025-09-14 04:00:00,-8951.20000000004,-15498.656799999328
1424,2025-09-14 08:00:00,-8839.900000000038,-15387.356799999325
1425,2025-09-14 12:00:00,-9076.600000000035,-15624.056799999322
1426,2025-09-14 16:00:00,-8956.600000000035,-15504.056799999322
1427,2025-09-14 20:00:00,-8952.600000000035,-15500.056799999322
1428,2025-09-15 00:00:00,-9540.400000000038,-16087.856799999325
1429,2025-09-15 04:00:00,-9105.20000000004,-15652.656799999328
1430,2025-09-15 08:00:00,-9492.600000000035,-16040.056799999322
1431,2025-09-15 12:00:00,-9315.00000000003,-15862.456799999316
1432,2025-09-15 16:00:00,-8933.100000000035,-15480.556799999322
1433,2025-09-15 20:00:00,-9693.600000000035,-16241.056799999322
1434,2025-09-16 00:00:00,-9914.20000000004,-16461.656799999328
1435,2025-09-16 04:00:00,-9455.900000000038,-16003.356799999325
1436,2025-09-16 08:00:00,-9402.00000000003,-16007.10709999931
1437,2025-09-16 12:00:00,-9402.00000000003,-16007.10709999931
1438,2025-09-16 16:00:00,-9402.00000000003,-16007.10709999931
1439,2025-09-16 20:00:00,-9402.00000000003,-16007.10709999931
1440,2025-09-17 00:00:00,-9402.00000000003,-16065.046049999306
1441,2025-09-17 04:00:00,-10282.100000000035,-16945.14604999931
1442,2025-09-17 08:00:00,-10271.400000000038,-16934.446049999315
1443,2025-09-17 12:00:00,-9844.20000000004,-16507.246049999318
1444,2025-09-17 16:00:00,-10644.600000000035,-17307.64604999931
1445,2025-09-17 20:00:00,-9724.20000000004,-16387.246049999318
1446,2025-09-18 00:00:00,-9349.20000000004,-16012.246049999318
1447,2025-09-18 04:00:00,-9111.70000000004,-15774.746049999318
1448,2025-09-18 08:00:00,-9926.600000000035,-16589.64604999931
1449,2025-09-18 12:00:00,-11055.300000000032,-17777.111649999308
1450,2025-09-18 16:00:00,-11055.300000000032,-17777.111649999308
1451,2025-09-18 20:00:00,-11055.300000000032,-17777.111649999308
1452,2025-09-19 00:00:00,-11055.300000000032,-17777.111649999308
1453,2025-09-19 04:00:00,-11055.300000000032,-17777.111649999308
1454,2025-09-19 08:00:00,-11055.300000000032,-17777.111649999308
1455,2025-09-19 12:00:00,-11055.300000000032,-17777.111649999308
1456,2025-09-19 16:00:00,-11055.300000000032,-17777.111649999308
1457,2025-09-19 20:00:00,-11055.300000000032,-17777.111649999308
1458,2025-09-20 00:00:00,-11055.300000000032,-17777.111649999308
1459,2025-09-20 04:00:00,-11055.300000000032,-17777.111649999308
1460,2025-09-20 08:00:00,-11055.300000000032,-17777.111649999308
1461,2025-09-20 12:00:00,-11055.300000000032,-17777.111649999308
1462,2025-09-20 16:00:00,-11055.300000000032,-17777.111649999308
1463,2025-09-20 20:00:00,-11055.300000000032,-17835.029099999316
1464,2025-09-21 00:00:00,-10961.700000000026,-17799.3933499993
1465,2025-09-21 04:00:00,-10961.700000000026,-17799.3933499993
1466,2025-09-21 08:00:00,-10961.700000000026,-17799.3933499993
1467,2025-09-21 12:00:00,-10961.700000000026,-17799.3933499993
1468,2025-09-21 16:00:00,-10961.700000000026,-17857.27979999929
1469,2025-09-21 20:00:00,-10748.100000000035,-17643.6797999993
1470,2025-09-22 00:00:00,-10659.900000000038,-17555.479799999302
1471,2025-09-22 04:00:00,-10629.800000000032,-17525.379799999297
1472,2025-09-22 08:00:00,-10372.700000000026,-17268.27979999929
1473,2025-09-22 12:00:00,-9791.700000000026,-16687.27979999929
1474,2025-09-22 16:00:00,-7643.200000000026,-14538.77979999929
1475,2025-09-22 20:00:00,-8002.900000000038,-14898.479799999302
1476,2025-09-23 00:00:00,-7957.500000000029,-14853.079799999294
1477,2025-09-23 04:00:00,-7261.700000000026,-14157.27979999929
1478,2025-09-23 08:00:00,-7793.500000000029,-14689.079799999294
1479,2025-09-23 12:00:00,-7482.800000000032,-14378.379799999297
1480,2025-09-23 16:00:00,-8236.900000000038,-15132.479799999302
1481,2025-09-23 20:00:00,-8127.400000000038,-15022.979799999302
1482,2025-09-24 00:00:00,-8017.400000000038,-14912.979799999302
1483,2025-09-24 04:00:00,-6800.600000000035,-13696.1797999993
1484,2025-09-24 08:00:00,-7135.800000000032,-14031.379799999297
1485,2025-09-24 12:00:00,-6828.500000000029,-13724.079799999294
1486,2025-09-24 16:00:00,-7733.500000000029,-14629.079799999294
1487,2025-09-24 20:00:00,-8170.800000000032,-15066.379799999297
1488,2025-09-25 00:00:00,-8488.700000000026,-15384.27979999929
1489,2025-09-25 04:00:00,-8560.50000000003,-15456.079799999294
1490,2025-09-25 08:00:00,-8442.800000000032,-15338.379799999297
1491,2025-09-25 12:00:00,-7674.600000000035,-14570.1797999993
1492,2025-09-25 16:00:00,-6897.300000000032,-13848.734049999286
1493,2025-09-25 20:00:00,-6897.300000000032,-13904.392099999284
1494,2025-09-26 00:00:00,-7119.60000000002,-14126.692099999273
1495,2025-09-26 04:00:00,-4901.700000000026,-11908.792099999278
1496,2025-09-26 08:00:00,-4515.700000000026,-11522.792099999278
1497,2025-09-26 12:00:00,-5118.800000000032,-12125.892099999284
1498,2025-09-26 16:00:00,-4838.500000000029,-11845.592099999281
1499,2025-09-26 20:00:00,-4664.10000000002,-11671.192099999273
1500,2025-09-27 00:00:00,-4557.200000000026,-11564.292099999278
1501,2025-09-27 04:00:00,-4697.10000000002,-11704.192099999273
1502,2025-09-27 08:00:00,-5169.700000000026,-12176.792099999278
1503,2025-09-27 12:00:00,-5085.000000000029,-12092.092099999281
1504,2025-09-27 16:00:00,-4936.000000000029,-11943.092099999281
1505,2025-09-27 20:00:00,-4847.000000000029,-11854.092099999281
1506,2025-09-28 00:00:00,-4921.900000000023,-11928.992099999276
1507,2025-09-28 04:00:00,-4950.500000000029,-11957.592099999281
1508,2025-09-28 08:00:00,-5158.500000000029,-12165.592099999281
1509,2025-09-28 12:00:00,-4978.500000000029,-11985.592099999281
1510,2025-09-28 16:00:00,-5049.700000000026,-12056.792099999278
1511,2025-09-28 20:00:00,-4901.10000000002,-11908.192099999273
1512,2025-09-29 00:00:00,-5571.200000000026,-12578.292099999278
1513,2025-09-29 04:00:00,-5862.800000000032,-12925.032899999278
1514,2025-09-29 08:00:00,-5862.800000000032,-12981.092699999266
1515,2025-09-29 12:00:00,-6164.500000000044,-13282.792699999278
1516,2025-09-29 16:00:00,-6167.700000000041,-13285.992699999275
1517,2025-09-29 20:00:00,-5930.400000000038,-13048.692699999272
1518,2025-09-30 00:00:00,-4230.400000000038,-11348.692699999272
1519,2025-09-30 04:00:00,-3777.600000000035,-10895.89269999927
1520,2025-09-30 08:00:00,-3725.300000000032,-10843.592699999266
1521,2025-09-30 12:00:00,-3660.900000000038,-10779.192699999272
1522,2025-09-30 16:00:00,-4320.000000000044,-11438.292699999278
1523,2025-09-30 20:00:00,-4978.700000000041,-12096.992699999275
1524,2025-10-01 00:00:00,-4927.000000000044,-12045.292699999278
1525,2025-10-01 04:00:00,-3673.300000000032,-10791.592699999266
1526,2025-10-01 08:00:00,-3993.600000000035,-11111.89269999927
1527,2025-10-01 12:00:00,-3846.5000000000437,-10964.792699999278
1528,2025-10-01 16:00:00,-3501.600000000035,-10619.89269999927
1529,2025-10-01 20:00:00,-1245.600000000035,-8363.89269999927
1530,2025-10-02 00:00:00,-616.0000000000437,-7734.292699999278
1531,2025-10-02 04:00:00,-608.300000000032,-7726.592699999266
1532,2025-10-02 08:00:00,569.9999999999563,-6548.292699999278
1533,2025-10-02 12:00:00,714.5999999999622,-6403.692699999272
1534,2025-10-02 16:00:00,461.699999999968,-6656.592699999266
1535,2025-10-02 20:00:00,733.5999999999622,-6384.692699999272
1536,2025-10-03 00:00:00,1892.699999999968,-5225.592699999266
1537,2025-10-03 04:00:00,2805.4999999999563,-4312.792699999278
1538,2025-10-03 08:00:00,2498.899999999965,-4619.392699999269
1539,2025-10-03 12:00:00,2202.9999999999563,-4915.292699999278
1540,2025-10-03 16:00:00,1637.699999999968,-5480.592699999266
1541,2025-10-03 20:00:00,2324.7999999999593,-4793.492699999275
1542,2025-10-04 00:00:00,4256.099999999962,-2862.192699999272
1543,2025-10-04 04:00:00,4626.899999999965,-2491.392699999269
1544,2025-10-04 08:00:00,4200.299999999959,-2917.992699999275
1545,2025-10-04 12:00:00,4214.799999999959,-2903.492699999275
1546,2025-10-04 16:00:00,4288.899999999965,-2829.392699999269
1547,2025-10-04 20:00:00,3942.199999999968,-3176.092699999266
1548,2025-10-05 00:00:00,3762.399999999965,-3355.892699999269
1549,2025-10-05 04:00:00,3936.599999999962,-3181.692699999272
1550,2025-10-05 08:00:00,4360.799999999959,-2757.492699999275
1551,2025-10-05 12:00:00,5753.299999999959,-1364.992699999275
1552,2025-10-05 16:00:00,6709.999999999956,-408.29269999927783
1553,2025-10-05 20:00:00,5430.799999999959,-1687.492699999275
1554,2025-10-06 00:00:00,4770.599999999962,-2347.692699999272
1555,2025-10-06 04:00:00,4567.999999999956,-2550.292699999278
1556,2025-10-06 08:00:00,5444.299999999959,-1673.992699999275
1557,2025-10-06 12:00:00,5810.499999999956,-1307.7926999992778
1558,2025-10-06 16:00:00,5349.899999999965,-1768.392699999269
1559,2025-10-06 20:00:00,6178.799999999959,-939.4926999992749
1560,2025-10-07 00:00:00,6963.799999999959,-154.49269999927492
1561,2025-10-07 04:00:00,7374.899999999965,256.6073000007309
1562,2025-10-07 08:00:00,6646.099999999962,-472.192699999272
1563,2025-10-07 12:00:00,6295.299999999959,-822.9926999992749
1564,2025-10-07 16:00:00,5644.699999999968,-1473.5926999992662
1565,2025-10-07 20:00:00,6414.799999999959,-703.4926999992749
1566,2025-10-08 00:00:00,3805.899999999965,-3312.392699999269
1567,2025-10-08 04:00:00,3611.199999999968,-3507.092699999266
1568,2025-10-08 08:00:00,3304.099999999962,-3814.192699999272
1569,2025-10-08 12:00:00,3350.699999999968,-3767.592699999266
1570,2025-10-08 16:00:00,3567.9999999999563,-3550.292699999278
1571,2025-10-08 20:00:00,4843.299999999959,-2274.992699999275
1572,2025-10-09 00:00:00,4157.699999999968,-2960.592699999266
1573,2025-10-09 04:00:00,5399.399999999965,-1718.892699999269
1574,2025-10-09 08:00:00,5255.099999999962,-1863.192699999272
1575,2025-10-09 12:00:00,4005.9999999999563,-3112.292699999278
1576,2025-10-09 16:00:00,3865.4999999999563,-3252.792699999278
1577,2025-10-09 20:00:00,4690.499999999956,-2427.792699999278
1578,2025-10-10 00:00:00,3096.9999999999563,-4021.292699999278
1579,2025-10-10 04:00:00,2915.199999999968,-4203.092699999266
1580,2025-10-10 08:00:00,3596.899999999965,-3521.392699999269
1581,2025-10-10 12:00:00,2978.399999999965,-4200.3730999992695
1582,2025-10-10 16:00:00,2978.399999999965,-4200.3730999992695
1583,2025-10-10 20:00:00,2978.399999999965,-4200.3730999992695
1584,2025-10-11 00:00:00,2978.399999999965,-4200.3730999992695
1585,2025-10-11 04:00:00,2978.399999999965,-4258.675749999267
1586,2025-10-11 08:00:00,6868.799999999974,-368.27574999925855
1587,2025-10-11 12:00:00,7321.799999999974,84.72425000074145
1588,2025-10-11 16:00:00,9244.99999999997,2007.9242500007385
1589,2025-10-11 20:00:00,7359.099999999962,122.02425000072981
1590,2025-10-12 00:00:00,7839.299999999974,602.2242500007414
1591,2025-10-12 04:00:00,8456.99999999997,1219.9242500007385
1592,2025-10-12 08:00:00,9004.599999999962,1767.5242500007298
1593,2025-10-12 12:00:00,8940.399999999965,1703.3242500007327
1594,2025-10-12 16:00:00,8119.699999999968,882.6242500007356
1595,2025-10-12 20:00:00,7799.899999999965,562.8242500007327
1596,2025-10-13 00:00:00,6464.699999999968,-772.3757499992644
1597,2025-10-13 04:00:00,5294.999999999971,-1942.0757499992615
1598,2025-10-13 08:00:00,4689.299999999974,-2547.7757499992586
1599,2025-10-13 12:00:00,4810.099999999962,-2426.97574999927
1600,2025-10-13 16:00:00,4241.999999999971,-2995.0757499992615
1601,2025-10-13 20:00:00,5454.399999999965,-1782.6757499992673
1602,2025-10-14 00:00:00,5322.999999999971,-1914.0757499992615
1603,2025-10-14 04:00:00,3857.099999999962,-3437.8390499992674
1604,2025-10-14 08:00:00,3857.099999999962,-3437.8390499992674
1605,2025-10-14 12:00:00,3857.099999999962,-3437.8390499992674
1606,2025-10-14 16:00:00,3857.099999999962,-3437.8390499992674
1607,2025-10-14 20:00:00,3857.099999999962,-3493.459749999267
1608,2025-10-15 00:00:00,5438.699999999968,-1911.859749999261
1609,2025-10-15 04:00:00,5159.599999999962,-2190.959749999267
1610,2025-10-15 08:00:00,5599.499999999971,-1751.0597499992582
1611,2025-10-15 12:00:00,4594.399999999965,-2756.159749999264
1612,2025-10-15 16:00:00,5139.999999999971,-2210.559749999258
1613,2025-10-15 20:00:00,4456.699999999968,-2893.859749999261
1614,2025-10-16 00:00:00,3373.199999999968,-3977.359749999261
1615,2025-10-16 04:00:00,3818.399999999965,-3532.159749999264
1616,2025-10-16 08:00:00,3314.699999999968,-4035.859749999261
1617,2025-10-16 12:00:00,3893.099999999962,-3457.459749999267
1618,2025-10-16 16:00:00,3133.899999999965,-4216.659749999264
1619,2025-10-16 20:00:00,3979.599999999962,-3426.6416999992653
1620,2025-10-17 00:00:00,3979.599999999962,-3480.878699999259
1621,2025-10-17 04:00:00,4302.299999999959,-3158.178699999262
1622,2025-10-17 08:00:00,4324.199999999968,-3136.278699999253
1623,2025-10-17 12:00:00,3331.7999999999593,-4128.678699999262
1624,2025-10-17 16:00:00,6875.299999999959,-585.1786999992619
1625,2025-10-17 20:00:00,6843.099999999962,-617.378699999259
1626,2025-10-18 00:00:00,5703.499999999956,-1756.9786999992648
1627,2025-10-18 04:00:00,6037.199999999968,-1423.2786999992531
1628,2025-10-18 08:00:00,6074.999999999956,-1385.4786999992648
1629,2025-10-18 12:00:00,5428.599999999962,-2031.878699999259
1630,2025-10-18 16:00:00,5805.299999999959,-1655.1786999992619
1631,2025-10-18 20:00:00,5302.599999999962,-2157.878699999259
1632,2025-10-19 00:00:00,5560.399999999965,-1900.078699999256
1633,2025-10-19 04:00:00,5430.599999999962,-2029.878699999259
1634,2025-10-19 08:00:00,5336.099999999962,-2124.378699999259
1635,2025-10-19 12:00:00,5231.699999999968,-2228.778699999253
1636,2025-10-19 16:00:00,5720.299999999959,-1740.1786999992619
1637,2025-10-19 20:00:00,4722.999999999956,-2737.478699999265
1638,2025-10-20 00:00:00,4024.099999999962,-3436.378699999259
1639,2025-10-20 04:00:00,3603.599999999962,-3911.3036999992473
1640,2025-10-20 08:00:00,3603.599999999962,-3965.5967999992426
1641,2025-10-20 12:00:00,5117.799999999959,-2451.3967999992456
1642,2025-10-20 16:00:00,6143.599999999962,-1425.5967999992426
1643,2025-10-20 20:00:00,5986.899999999965,-1582.2967999992397
1644,2025-10-21 00:00:00,6096.499999999971,-1472.696799999234
1645,2025-10-21 04:00:00,5752.399999999965,-1816.7967999992397
1646,2025-10-21 08:00:00,5487.299999999959,-2081.8967999992456
1647,2025-10-21 12:00:00,4022.399999999965,-3546.7967999992397
1648,2025-10-21 16:00:00,3037.399999999965,-4531.79679999924
1649,2025-10-21 20:00:00,3536.7999999999593,-4032.3967999992456
1650,2025-10-22 00:00:00,8372.599999999962,803.4032000007574
1651,2025-10-22 04:00:00,6738.099999999962,-831.0967999992426
1652,2025-10-22 08:00:00,3271.099999999962,-4298.096799999243
1653,2025-10-22 12:00:00,3191.499999999971,-4377.696799999234
1654,2025-10-22 16:00:00,3301.499999999971,-4267.696799999234
1655,2025-10-22 20:00:00,2519.099999999962,-5050.096799999243
1656,2025-10-23 00:00:00,3387.2999999999593,-4236.081749999241
1657,2025-10-23 04:00:00,3387.2999999999593,-4236.081749999241
1658,2025-10-23 08:00:00,3387.2999999999593,-4236.081749999241
1659,2025-10-23 12:00:00,3387.2999999999593,-4236.081749999241
1660,2025-10-23 16:00:00,3387.2999999999593,-4236.081749999241
1661,2025-10-23 20:00:00,3387.2999999999593,-4236.081749999241
1662,2025-10-24 00:00:00,3387.2999999999593,-4236.081749999241
1663,2025-10-24 04:00:00,3387.2999999999593,-4236.081749999241
1664,2025-10-24 08:00:00,3387.2999999999593,-4236.081749999241
1665,2025-10-24 12:00:00,3387.2999999999593,-4291.281699999236
1666,2025-10-24 16:00:00,2773.4999999999563,-4905.0816999992385
1667,2025-10-24 20:00:00,2780.4999999999563,-4898.0816999992385
1668,2025-10-25 00:00:00,3777.3999999999505,-3901.1816999992443
1669,2025-10-25 04:00:00,3215.8999999999505,-4462.681699999244
1670,2025-10-25 08:00:00,2821.7999999999593,-4856.781699999236
1671,2025-10-25 12:00:00,2824.8999999999505,-4853.681699999244
1672,2025-10-25 16:00:00,2341.7999999999593,-5336.781699999236
1673,2025-10-25 20:00:00,2264.4999999999563,-5469.843049999239
1674,2025-10-26 00:00:00,2264.4999999999563,-5469.843049999239
1675,2025-10-26 04:00:00,2264.4999999999563,-5469.843049999239
1676,2025-10-26 08:00:00,2264.4999999999563,-5525.637749999238
1677,2025-10-26 12:00:00,1885.199999999968,-5904.937749999226
1678,2025-10-26 16:00:00,2347.899999999965,-5442.237749999229
1679,2025-10-26 20:00:00,3910.2999999999593,-3879.837749999235
1680,2025-10-27 00:00:00,4323.199999999968,-3466.937749999226
1681,2025-10-27 04:00:00,4221.399999999965,-3568.737749999229
1682,2025-10-27 08:00:00,5172.899999999965,-2617.237749999229
1683,2025-10-27 12:00:00,5602.799999999959,-2187.337749999235
1684,2025-10-27 16:00:00,6197.599999999962,-1592.537749999232
1685,2025-10-27 20:00:00,5977.399999999965,-1812.737749999229
1686,2025-10-28 00:00:00,5589.499999999956,-2200.6377499992377
1687,2025-10-28 04:00:00,5569.999999999956,-2220.1377499992377
1688,2025-10-28 08:00:00,4739.199999999968,-3050.937749999226
1689,2025-10-28 12:00:00,4538.999999999956,-3251.1377499992377
1690,2025-10-28 16:00:00,4803.799999999959,-2986.337749999235
1691,2025-10-28 20:00:00,4965.799999999959,-2824.337749999235
1692,2025-10-29 00:00:00,5246.999999999956,-2543.1377499992377
1693,2025-10-29 04:00:00,4304.099999999962,-3486.037749999232
1694,2025-10-29 08:00:00,3508.599999999962,-4281.537749999232
1695,2025-10-29 12:00:00,3134.699999999968,-4655.437749999226
1696,2025-10-29 16:00:00,4186.999999999956,-3603.1377499992377
1697,2025-10-29 20:00:00,3759.599999999962,-4030.537749999232
1698,2025-10-30 00:00:00,2135.699999999968,-5710.168049999222
1699,2025-10-30 04:00:00,2135.699999999968,-5710.168049999222
1700,2025-10-30 08:00:00,2135.699999999968,-5710.168049999222
1701,2025-10-30 12:00:00,2135.699999999968,-5765.515299999213
1702,2025-10-30 16:00:00,1516.699999999968,-6384.515299999213
1703,2025-10-30 20:00:00,3164.199999999968,-4737.015299999213
1704,2025-10-31 00:00:00,5159.599999999962,-2741.615299999219
1705,2025-10-31 04:00:00,6335.099999999962,-1566.1152999992191
1706,2025-10-31 08:00:00,4566.699999999968,-3334.5152999992133
1707,2025-10-31 12:00:00,3643.999999999971,-4257.21529999921
1708,2025-10-31 16:00:00,3430.099999999962,-4471.115299999219
1709,2025-10-31 20:00:00,2454.499999999971,-5446.71529999921
1710,2025-11-01 00:00:00,2670.099999999962,-5231.115299999219
1711,2025-11-01 04:00:00,3027.399999999965,-4873.815299999216
1712,2025-11-01 08:00:00,3272.899999999965,-4628.315299999216
1713,2025-11-01 12:00:00,2635.599999999962,-5265.615299999219
1714,2025-11-01 16:00:00,2804.899999999965,-5096.315299999216
1715,2025-11-01 20:00:00,2733.999999999971,-5167.21529999921
1716,2025-11-02 00:00:00,2576.999999999971,-5324.21529999921
1717,2025-11-02 04:00:00,2581.199999999968,-5320.015299999213
1718,2025-11-02 08:00:00,2782.999999999971,-5118.21529999921
1719,2025-11-02 12:00:00,2821.699999999968,-5134.519549999211
1720,2025-11-02 16:00:00,2821.699999999968,-5134.519549999211
1721,2025-11-02 20:00:00,2821.699999999968,-5134.519549999211
1722,2025-11-03 00:00:00,2821.699999999968,-5134.519549999211
1723,2025-11-03 04:00:00,2821.699999999968,-5134.519549999211
1724,2025-11-03 08:00:00,2821.699999999968,-5134.519549999211
1725,2025-11-03 12:00:00,2821.699999999968,-5134.519549999211
1726,2025-11-03 16:00:00,2821.699999999968,-5188.229799999201
1727,2025-11-03 20:00:00,2504.799999999974,-5505.129799999195
1728,2025-11-04 00:00:00,4523.399999999965,-3486.5297999992035
1729,2025-11-04 04:00:00,3207.499999999971,-4802.429799999198
1730,2025-11-04 08:00:00,3698.199999999968,-4311.729799999201
1731,2025-11-04 12:00:00,3144.999999999971,-4864.929799999198
1732,2025-11-04 16:00:00,5799.299999999974,-2210.629799999195
1733,2025-11-04 20:00:00,5711.499999999971,-2298.4297999991977
1734,2025-11-05 00:00:00,7084.499999999971,-925.4297999991977
1735,2025-11-05 04:00:00,9735.199999999968,1725.2702000007994
1736,2025-11-05 08:00:00,8791.899999999965,781.9702000007965
1737,2025-11-05 12:00:00,8147.399999999965,137.47020000079647
1738,2025-11-05 16:00:00,8296.099999999962,286.17020000079356
1739,2025-11-05 20:00:00,8222.799999999974,161.86050000081013
1740,2025-11-06 00:00:00,8222.799999999974,161.86050000081013
1741,2025-11-06 04:00:00,8222.799999999974,161.86050000081013
1742,2025-11-06 08:00:00,8222.799999999974,161.86050000081013
1743,2025-11-06 12:00:00,8222.799999999974,161.86050000081013
1744,2025-11-06 16:00:00,8222.799999999974,161.86050000081013
1745,2025-11-06 20:00:00,8222.799999999974,161.86050000081013
1746,2025-11-07 00:00:00,8222.799999999974,161.86050000081013
1747,2025-11-07 04:00:00,8222.799999999974,161.86050000081013
1748,2025-11-07 08:00:00,8222.799999999974,111.20770000081393
1749,2025-11-07 12:00:00,7664.89999999998,-446.69229999918025
1750,2025-11-07 16:00:00,7549.599999999977,-561.9922999991832
1751,2025-11-07 20:00:00,9159.299999999974,1047.707700000814
1752,2025-11-08 00:00:00,8770.39999999998,658.8077000008198
1753,2025-11-08 04:00:00,6178.39999999998,-1933.1922999991802
1754,2025-11-08 08:00:00,6223.1999999999825,-1888.3922999991773
1755,2025-11-08 12:00:00,6982.599999999977,-1128.9922999991832
1756,2025-11-08 16:00:00,7225.499999999985,-886.0922999991744
1757,2025-11-08 20:00:00,7722.799999999974,-388.79229999918607
1758,2025-11-09 00:00:00,7850.39999999998,-261.19229999918025
1759,2025-11-09 04:00:00,7594.099999999977,-517.4922999991832
1760,2025-11-09 08:00:00,7259.099999999977,-852.4922999991832
1761,2025-11-09 12:00:00,7905.499999999985,-206.09229999917443
1762,2025-11-09 16:00:00,7630.1999999999825,-532.3413999991753
1763,2025-11-09 20:00:00,7630.1999999999825,-532.3413999991753
1764,2025-11-10 00:00:00,7630.1999999999825,-532.3413999991753
1765,2025-11-10 04:00:00,7630.1999999999825,-584.7234499991755
1766,2025-11-10 08:00:00,7536.6999999999825,-678.2234499991755
1767,2025-11-10 12:00:00,8856.699999999983,641.7765500008245
1768,2025-11-10 16:00:00,9283.799999999974,1068.8765500008158
1769,2025-11-10 20:00:00,9002.699999999983,787.7765500008245
1770,2025-11-11 00:00:00,7894.999999999971,-319.92344999918714
1771,2025-11-11 04:00:00,8633.299999999974,418.37655000081577
1772,2025-11-11 08:00:00,8832.39999999998,617.4765500008216
1773,2025-11-11 12:00:00,9273.39999999998,1058.4765500008216
1774,2025-11-11 16:00:00,7603.099999999977,-611.8234499991813
1775,2025-11-11 20:00:00,8122.299999999974,-92.62344999918423
1776,2025-11-12 00:00:00,6283.299999999974,-1931.6234499991842
1777,2025-11-12 04:00:00,5939.6999999999825,-2275.2234499991755
1778,2025-11-12 08:00:00,5871.89999999998,-2343.0234499991784
1779,2025-11-12 12:00:00,6133.299999999974,-2081.6234499991842
1780,2025-11-12 16:00:00,5932.799999999974,-2282.1234499991842
1781,2025-11-12 20:00:00,7845.999999999971,-421.41339999917545
1782,2025-11-13 00:00:00,7845.999999999971,-421.41339999917545
1783,2025-11-13 04:00:00,7845.999999999971,-421.41339999917545
1784,2025-11-13 08:00:00,7845.999999999971,-421.41339999917545
1785,2025-11-13 12:00:00,7845.999999999971,-421.41339999917545
1786,2025-11-13 16:00:00,7845.999999999971,-421.41339999917545
1787,2025-11-13 20:00:00,7845.999999999971,-472.86339999917254
1788,2025-11-14 00:00:00,9407.99999999997,1089.1366000008275
1789,2025-11-14 04:00:00,12102.899999999965,3784.0366000008216
1790,2025-11-14 08:00:00,11091.699999999968,2772.8366000008245
1791,2025-11-14 12:00:00,11642.699999999968,3323.8366000008245
1792,2025-11-14 16:00:00,13646.099999999977,5327.236600000833
1793,2025-11-14 20:00:00,14611.399999999965,6292.536600000822
1794,2025-11-15 00:00:00,13993.399999999965,5674.536600000822
1795,2025-11-15 04:00:00,15008.699999999968,6689.836600000825
1796,2025-11-15 08:00:00,16201.099999999977,7882.236600000833
1797,2025-11-15 12:00:00,14357.49999999997,6038.6366000008275
1798,2025-11-15 16:00:00,14456.599999999977,6137.736600000833
1799,2025-11-15 20:00:00,15088.699999999968,6769.836600000825
1800,2025-11-16 00:00:00,14523.899999999965,6205.036600000822
1801,2025-11-16 04:00:00,14778.299999999974,6459.43660000083
1802,2025-11-16 08:00:00,15185.699999999968,6866.836600000825
1803,2025-11-16 12:00:00,14963.99999999997,6645.1366000008275
1804,2025-11-16 16:00:00,14681.199999999968,6362.336600000825
1805,2025-11-16 20:00:00,15157.99999999997,6839.1366000008275
1806,2025-11-17 00:00:00,16214.699999999968,7895.836600000825
1807,2025-11-17 04:00:00,16751.49999999997,8432.636600000827
1808,2025-11-17 08:00:00,16524.299999999974,8205.43660000083
1809,2025-11-17 12:00:00,15273.899999999965,6955.036600000822
1810,2025-11-17 16:00:00,15158.099999999977,6839.236600000833
1811,2025-11-17 20:00:00,15215.899999999965,6897.036600000822
1812,2025-11-18 00:00:00,16830.299999999974,8511.43660000083
1813,2025-11-18 04:00:00,19089.799999999974,10770.93660000083
1814,2025-11-18 08:00:00,18576.299999999974,10257.43660000083
1815,2025-11-18 12:00:00,19934.099999999977,11615.236600000833
1816,2025-11-18 16:00:00,20286.899999999965,11968.036600000822
1817,2025-11-18 20:00:00,19272.399999999965,10953.536600000822
1818,2025-11-19 00:00:00,17894.599999999977,9575.736600000833
1819,2025-11-19 04:00:00,17602.899999999965,9284.036600000822
1820,2025-11-19 08:00:00,17829.099999999977,9510.236600000833
1821,2025-11-19 12:00:00,18903.799999999974,10584.93660000083
1822,2025-11-19 16:00:00,18919.399999999965,10600.536600000822
1823,2025-11-19 20:00:00,19373.599999999977,11054.736600000833
1824,2025-11-20 00:00:00,20844.99999999997,12526.136600000827
1825,2025-11-20 04:00:00,21888.299999999974,13569.43660000083
1826,2025-11-20 08:00:00,19237.099999999977,10918.236600000833
1827,2025-11-20 12:00:00,18341.399999999965,10022.536600000822
1828,2025-11-20 16:00:00,18478.599999999977,10159.736600000833
1829,2025-11-20 20:00:00,18853.399999999965,10534.536600000822
1830,2025-11-21 00:00:00,20910.599999999977,12591.736600000833
1831,2025-11-21 04:00:00,23865.699999999968,15546.836600000825
1832,2025-11-21 08:00:00,24144.699999999968,15825.836600000825
1833,2025-11-21 12:00:00,24963.49999999997,16644.636600000827
1834,2025-11-21 16:00:00,26739.299999999974,18420.43660000083
1835,2025-11-21 20:00:00,28466.899999999965,20148.03660000082
1836,2025-11-22 00:00:00,27840.899999999965,19522.03660000082
1837,2025-11-22 04:00:00,26578.799999999974,18259.93660000083
1838,2025-11-22 08:00:00,25652.49999999997,17333.636600000827
1839,2025-11-22 12:00:00,26331.899999999965,18013.03660000082
1840,2025-11-22 16:00:00,26208.599999999977,17889.736600000833
1841,2025-11-22 20:00:00,26679.799999999974,18360.93660000083
1842,2025-11-23 00:00:00,26506.099999999977,18187.236600000833
1843,2025-11-23 04:00:00,26179.299999999974,17860.43660000083
1844,2025-11-23 08:00:00,26056.599999999977,17737.736600000833
1845,2025-11-23 12:00:00,24484.99999999997,16166.136600000827
1846,2025-11-23 16:00:00,25013.99999999997,16695.136600000827
1847,2025-11-23 20:00:00,24455.699999999968,16136.836600000825
1848,2025-11-24 00:00:00,23703.199999999968,15384.336600000825
1849,2025-11-24 04:00:00,23469.299999999974,15150.43660000083
1850,2025-11-24 08:00:00,23938.299999999974,15619.43660000083
1851,2025-11-24 12:00:00,23337.199999999968,15018.336600000825
1852,2025-11-24 16:00:00,23741.399999999965,15422.536600000822
1853,2025-11-24 20:00:00,24513.49999999997,16194.636600000827
1854,2025-11-25 00:00:00,24174.99999999997,15812.85110000083
1855,2025-11-25 04:00:00,24174.99999999997,15768.712600000828
1856,2025-11-25 08:00:00,24145.099999999977,15738.812600000834
1857,2025-11-25 12:00:00,23673.099999999977,15266.812600000834
1858,2025-11-25 16:00:00,23260.199999999968,14853.912600000825
1859,2025-11-25 20:00:00,23209.899999999965,14803.612600000823
1860,2025-11-26 00:00:00,22844.49999999997,14438.212600000828
1861,2025-11-26 04:00:00,22732.99999999997,14326.712600000828
1862,2025-11-26 08:00:00,23222.099999999977,14815.812600000834
1863,2025-11-26 12:00:00,22986.49999999997,14580.212600000828
1864,2025-11-26 16:00:00,23794.199999999968,15387.912600000825
1865,2025-11-26 20:00:00,22947.199999999968,14540.912600000825
1866,2025-11-27 00:00:00,22824.199999999968,14417.912600000825
1867,2025-11-27 04:00:00,25821.299999999974,17415.01260000083
1868,2025-11-27 08:00:00,26336.099999999977,17929.812600000834
1869,2025-11-27 12:00:00,26947.299999999974,18541.01260000083
1870,2025-11-27 16:00:00,27259.49999999997,18853.21260000083
1871,2025-11-27 20:00:00,27232.899999999965,18826.612600000823
1872,2025-11-28 00:00:00,26810.899999999965,18404.612600000823
1873,2025-11-28 04:00:00,27386.99999999997,18980.71260000083
1874,2025-11-28 08:00:00,27190.199999999968,18783.912600000825
1875,2025-11-28 12:00:00,27065.99999999997,18659.71260000083
1876,2025-11-28 16:00:00,26768.199999999968,18361.912600000825
1877,2025-11-28 20:00:00,27280.899999999965,18874.612600000823
1878,2025-11-29 00:00:00,28197.899999999965,19791.612600000823
1879,2025-11-29 04:00:00,27004.099999999977,18597.812600000834
1880,2025-11-29 08:00:00,26745.799999999974,18339.51260000083
1881,2025-11-29 12:00:00,26535.99999999997,18129.71260000083
1882,2025-11-29 16:00:00,26421.49999999997,18015.21260000083
1883,2025-11-29 20:00:00,26531.699999999968,18125.412600000825
1884,2025-11-30 00:00:00,26927.99999999997,18521.71260000083
1885,2025-11-30 04:00:00,26500.899999999965,18094.612600000823
1886,2025-11-30 08:00:00,26662.99999999997,18256.71260000083
1887,2025-11-30 12:00:00,26770.99999999997,18364.71260000083
1888,2025-11-30 16:00:00,26822.49999999997,18416.21260000083
1889,2025-11-30 20:00:00,26898.899999999965,18492.612600000823
1890,2025-12-01 00:00:00,27303.799999999974,18897.51260000083
1891,2025-12-01 04:00:00,27321.199999999968,18914.912600000825
1892,2025-12-01 08:00:00,26218.599999999977,17812.312600000834
1893,2025-12-01 12:00:00,22217.199999999968,13810.912600000825
1894,2025-12-01 16:00:00,22385.599999999977,13979.312600000834
1895,2025-12-01 20:00:00,21998.099999999977,13591.812600000834
1896,2025-12-02 00:00:00,20547.99999999997,12141.712600000828
1897,2025-12-02 04:00:00,20882.99999999997,12476.712600000828
1898,2025-12-02 08:00:00,22139.599999999977,13733.312600000834
1899,2025-12-02 12:00:00,22833.99999999997,14427.712600000828
1900,2025-12-02 16:00:00,22862.99999999997,14456.712600000828
1901,2025-12-02 20:00:00,23224.899999999965,14818.612600000823
1902,2025-12-03 00:00:00,26707.199999999968,18300.912600000825
1903,2025-12-03 04:00:00,27747.899999999965,19341.612600000823
1904,2025-12-03 08:00:00,27147.099999999977,18740.812600000834
1905,2025-12-03 12:00:00,28487.199999999968,20080.912600000825
1906,2025-12-03 16:00:00,28867.899999999965,20461.612600000823
1907,2025-12-03 20:00:00,28855.699999999968,20449.412600000825
1908,2025-12-04 00:00:00,28230.899999999965,19824.612600000823
1909,2025-12-04 04:00:00,28893.799999999974,20487.51260000083
1910,2025-12-04 08:00:00,29274.699999999968,20868.412600000825
1911,2025-12-04 12:00:00,29397.899999999965,20991.612600000823
1912,2025-12-04 16:00:00,29256.599999999977,20850.312600000834
1913,2025-12-04 20:00:00,28792.899999999965,20386.612600000823
1914,2025-12-05 00:00:00,28831.49999999997,20425.21260000083
1915,2025-12-05 04:00:00,27839.49999999997,19433.21260000083
1916,2025-12-05 08:00:00,27932.699999999968,19526.412600000825
1917,2025-12-05 12:00:00,28002.899999999965,19596.612600000823
1918,2025-12-05 16:00:00,28125.49999999997,19719.21260000083
1919,2025-12-05 20:00:00,27205.899999999965,18753.95865000083
1920,2025-12-06 00:00:00,27205.899999999965,18753.95865000083
1921,2025-12-06 04:00:00,27205.899999999965,18753.95865000083
1922,2025-12-06 08:00:00,27205.899999999965,18753.95865000083
1923,2025-12-06 12:00:00,27205.899999999965,18709.140400000833
1924,2025-12-06 16:00:00,27292.79999999996,18796.040400000828
1925,2025-12-06 20:00:00,27256.99999999997,18760.24040000084
1926,2025-12-07 00:00:00,27128.99999999997,18632.24040000084
1927,2025-12-07 04:00:00,27472.99999999997,18976.24040000084
1928,2025-12-07 08:00:00,27645.29999999996,19148.540400000828
1929,2025-12-07 12:00:00,27166.79999999996,18670.040400000828
1930,2025-12-07 16:00:00,27505.29999999996,19008.540400000828
1931,2025-12-07 20:00:00,27732.99999999997,19236.24040000084
1932,2025-12-08 00:00:00,27337.399999999965,18840.640400000833
1933,2025-12-08 04:00:00,25462.699999999968,16965.940400000836
1934,2025-12-08 08:00:00,26496.99999999997,18000.24040000084
1935,2025-12-08 12:00:00,25802.99999999997,17306.24040000084
1936,2025-12-08 16:00:00,25322.599999999962,16780.08050000084
1937,2025-12-08 20:00:00,25322.599999999962,16734.11875000084
1938,2025-12-09 00:00:00,23311.699999999968,14723.218750000844
1939,2025-12-09 04:00:00,23472.699999999968,14884.218750000844
1940,2025-12-09 08:00:00,24009.899999999965,15421.418750000841
1941,2025-12-09 12:00:00,23763.099999999962,15174.618750000838
1942,2025-12-09 16:00:00,23848.999999999956,15260.518750000832
1943,2025-12-09 20:00:00,23740.999999999956,15152.518750000832
1944,2025-12-10 00:00:00,26075.999999999956,17487.518750000832
1945,2025-12-10 04:00:00,27160.999999999956,18572.518750000832
1946,2025-12-10 08:00:00,26037.499999999956,17449.018750000832
1947,2025-12-10 12:00:00,25765.099999999962,17176.61875000084
1948,2025-12-10 16:00:00,26143.79999999996,17555.318750000835
1949,2025-12-10 20:00:00,25484.599999999962,16896.11875000084
1950,2025-12-11 00:00:00,25420.899999999965,16832.41875000084
1951,2025-12-11 04:00:00,26312.899999999965,17724.41875000084
1952,2025-12-11 08:00:00,25376.599999999962,16788.11875000084
1953,2025-12-11 12:00:00,23232.199999999968,14643.718750000844
1954,2025-12-11 16:00:00,23630.499999999956,15042.018750000832
1955,2025-12-11 20:00:00,23594.399999999965,15005.918750000841
1956,2025-12-12 00:00:00,23229.199999999968,14640.718750000844
1957,2025-12-12 04:00:00,24192.599999999962,15604.118750000838
1958,2025-12-12 08:00:00,25876.599999999962,17288.11875000084
1959,2025-12-12 12:00:00,25633.399999999965,17044.91875000084
1960,2025-12-12 16:00:00,25788.599999999962,17200.11875000084
1961,2025-12-12 20:00:00,25780.599999999962,17192.11875000084
1962,2025-12-13 00:00:00,23294.099999999962,14705.618750000838
1963,2025-12-13 04:00:00,23546.399999999965,14957.918750000841
1964,2025-12-13 08:00:00,23628.699999999968,15040.218750000844
1965,2025-12-13 12:00:00,23703.099999999962,15114.618750000838
1966,2025-12-13 16:00:00,23685.199999999968,15096.718750000844
1967,2025-12-13 20:00:00,23697.499999999956,15109.018750000832
1968,2025-12-14 00:00:00,23454.499999999956,14866.018750000832
1969,2025-12-14 04:00:00,23549.999999999956,14961.518750000832
1970,2025-12-14 08:00:00,23590.399999999965,15001.918750000841
1971,2025-12-14 12:00:00,23621.399999999965,15032.918750000841
1972,2025-12-14 16:00:00,23604.199999999968,15015.718750000844
1973,2025-12-14 20:00:00,22707.29999999996,14118.818750000835
1974,2025-12-15 00:00:00,22384.29999999996,13795.818750000835
1975,2025-12-15 04:00:00,21997.79999999996,13409.318750000835
1976,2025-12-15 08:00:00,21517.899999999965,12929.418750000841
1977,2025-12-15 12:00:00,22638.999999999956,14050.518750000832
1978,2025-12-15 16:00:00,23102.099999999962,14513.618750000838
1979,2025-12-15 20:00:00,23005.099999999962,14416.618750000838
1980,2025-12-16 00:00:00,20395.699999999968,11763.720450000852
1981,2025-12-16 04:00:00,20395.699999999968,11720.668350000851
1982,2025-12-16 08:00:00,20109.99999999997,11434.968350000854
1983,2025-12-16 12:00:00,20662.199999999968,11987.168350000851
1984,2025-12-16 16:00:00,20535.099999999962,11860.068350000845
1985,2025-12-16 20:00:00,19283.29999999996,10608.268350000842
1986,2025-12-17 00:00:00,18563.599999999962,9888.568350000845
1987,2025-12-17 04:00:00,18961.199999999968,10286.168350000851
1988,2025-12-17 08:00:00,18673.599999999962,9998.568350000845
1989,2025-12-17 12:00:00,19321.79999999996,10646.768350000842
1990,2025-12-17 16:00:00,19489.49999999997,10814.468350000854
1991,2025-12-17 20:00:00,19560.599999999962,10885.568350000845
1992,2025-12-18 00:00:00,19308.49999999997,10633.468350000854
1993,2025-12-18 04:00:00,20517.199999999968,11842.168350000851
1994,2025-12-18 08:00:00,20298.29999999996,11623.268350000842
1995,2025-12-18 12:00:00,19924.79999999996,11249.768350000842
1996,2025-12-18 16:00:00,19712.399999999965,11037.368350000848
1997,2025-12-18 20:00:00,19231.79999999996,10556.768350000842
1998,2025-12-19 00:00:00,18019.099999999962,9344.068350000845
1999,2025-12-19 04:00:00,22052.899999999965,13377.868350000848
2000,2025-12-19 08:00:00,21030.199999999968,12355.168350000851
2001,2025-12-19 12:00:00,19636.79999999996,10961.768350000842
2002,2025-12-19 16:00:00,18590.199999999968,9915.168350000851
2003,2025-12-19 20:00:00,18329.99999999997,9654.968350000854
2004,2025-12-20 00:00:00,18574.29999999996,9899.268350000842
2005,2025-12-20 04:00:00,18687.099999999962,10012.068350000845
2006,2025-12-20 08:00:00,18399.899999999965,9724.868350000848
2007,2025-12-20 12:00:00,18334.599999999962,9615.485700000849
2008,2025-12-20 16:00:00,18334.599999999962,9615.485700000849
2009,2025-12-20 20:00:00,18334.599999999962,9615.485700000849
2010,2025-12-21 00:00:00,18334.599999999962,9571.418400000854
2011,2025-12-21 04:00:00,18272.899999999965,9509.718400000856
2012,2025-12-21 08:00:00,18148.399999999965,9385.218400000856
2013,2025-12-21 12:00:00,18425.99999999997,9618.79680000087
2014,2025-12-21 16:00:00,18425.99999999997,9618.79680000087
2015,2025-12-21 20:00:00,18425.99999999997,9574.511500000881
2016,2025-12-22 00:00:00,18971.89999999998,10076.3991500009
2017,2025-12-22 04:00:00,18971.89999999998,10032.175050000908
2018,2025-12-22 08:00:00,19144.999999999985,10205.275050000913
2019,2025-12-22 12:00:00,19251.199999999983,10311.47505000091
2020,2025-12-22 16:00:00,19651.39999999998,10711.675050000908
2021,2025-12-22 20:00:00,20428.89999999998,11489.175050000908
2022,2025-12-23 00:00:00,20212.199999999983,11272.47505000091
2023,2025-12-23 04:00:00,18534.79999999999,9595.075050000916
2024,2025-12-23 08:00:00,19105.199999999983,10165.47505000091
2025,2025-12-23 12:00:00,18651.89999999998,9712.175050000908
2026,2025-12-23 16:00:00,18054.999999999985,9115.275050000913
2027,2025-12-23 20:00:00,18337.599999999977,9397.875050000905
2028,2025-12-24 00:00:00,17928.999999999985,8989.275050000913
2029,2025-12-24 04:00:00,18247.89999999998,9308.175050000908
2030,2025-12-24 08:00:00,17986.699999999983,9046.97505000091
2031,2025-12-24 12:00:00,17835.099999999977,8895.375050000905
2032,2025-12-24 16:00:00,17391.79999999999,8452.075050000916
2033,2025-12-24 20:00:00,17686.29999999999,8746.575050000916
2034,2025-12-25 00:00:00,17535.699999999983,8552.469050000916
2035,2025-12-25 04:00:00,17535.699999999983,8552.469050000916
2036,2025-12-25 08:00:00,17535.699999999983,8552.469050000916
2037,2025-12-25 12:00:00,17535.699999999983,8508.563250000923
2038,2025-12-25 16:00:00,17551.399999999994,8524.263250000935
2039,2025-12-25 20:00:00,17862.09999999999,8834.963250000932
2040,2025-12-26 00:00:00,17008.399999999994,7981.263250000935
2041,2025-12-26 04:00:00,17234.999999999985,8207.863250000926
2042,2025-12-26 08:00:00,18164.499999999985,9137.363250000926
2043,2025-12-26 12:00:00,16551.09999999999,7523.963250000932
2044,2025-12-26 16:00:00,16914.29999999999,7887.163250000929
2045,2025-12-26 20:00:00,16839.79999999999,7812.663250000929
2046,2025-12-27 00:00:00,18247.29999999999,9220.16325000093
2047,2025-12-27 04:00:00,17893.59999999999,8866.463250000932
2048,2025-12-27 08:00:00,18029.09999999999,9001.963250000932
2049,2025-12-27 12:00:00,17873.899999999994,8846.763250000935
2050,2025-12-27 16:00:00,17856.399999999994,8829.263250000935
2051,2025-12-27 20:00:00,17913.699999999983,8886.563250000923
2052,2025-12-28 00:00:00,17831.09999999999,8803.963250000932
2053,2025-12-28 04:00:00,17824.899999999994,8797.763250000935
2054,2025-12-28 08:00:00,17517.899999999994,8490.763250000935
2055,2025-12-28 12:00:00,17654.29999999999,8627.16325000093
2056,2025-12-28 16:00:00,17649.59999999999,8622.463250000932
2057,2025-12-28 20:00:00,17496.499999999985,8469.363250000926
2058,2025-12-29 00:00:00,17549.59999999999,8522.463250000932
2059,2025-12-29 04:00:00,17858.699999999983,8831.563250000923
2060,2025-12-29 08:00:00,17426.79999999999,8399.66325000093
2061,2025-12-29 12:00:00,15255.699999999983,6183.517450000931
2062,2025-12-29 16:00:00,15255.699999999983,6138.725950000939
2063,2025-12-29 20:00:00,13201.699999999983,4084.7259500009386
2064,2025-12-30 00:00:00,13309.299999999988,4192.325950000944
2065,2025-12-30 04:00:00,13001.599999999977,3884.625950000933
2066,2025-12-30 08:00:00,12875.999999999985,3759.0259500009415
2067,2025-12-30 12:00:00,13007.39999999998,3890.4259500009357
2068,2025-12-30 16:00:00,13130.199999999983,4013.2259500009386
2069,2025-12-30 20:00:00,13547.89999999998,4430.925950000936
2070,2025-12-31 00:00:00,14639.499999999985,5522.5259500009415
2071,2025-12-31 04:00:00,13862.39999999998,4745.425950000936
2072,2025-12-31 08:00:00,14127.999999999985,5011.0259500009415
2073,2025-12-31 12:00:00,14084.199999999983,4967.225950000939
2074,2025-12-31 16:00:00,14241.699999999983,5124.725950000939
2075,2025-12-31 20:00:00,14640.299999999988,5478.842150000943
2076,2026-01-01 00:00:00,14640.299999999988,5478.842150000943
2077,2026-01-01 04:00:00,14640.299999999988,5435.08465000095
2078,2026-01-01 08:00:00,14733.499999999985,5528.284650000947
2079,2026-01-01 12:00:00,14949.899999999994,5744.684650000956
2080,2026-01-01 16:00:00,14728.999999999985,5523.784650000947
2081,2026-01-01 20:00:00,15105.399999999994,5900.184650000956
2082,2026-01-02 00:00:00,15112.099999999991,5906.884650000953
2083,2026-01-02 04:00:00,15480.099999999991,6274.884650000953
2084,2026-01-02 08:00:00,15925.299999999988,6720.08465000095
2085,2026-01-02 12:00:00,16024.599999999991,6819.384650000953
2086,2026-01-02 16:00:00,15954.599999999991,6749.384650000953
2087,2026-01-02 20:00:00,16583.59999999999,7378.384650000953
2088,2026-01-03 00:00:00,16498.399999999994,7293.184650000956
2089,2026-01-03 04:00:00,16990.29999999999,7785.08465000095
2090,2026-01-03 08:00:00,17076.699999999983,7871.484650000944
2091,2026-01-03 12:00:00,17405.199999999983,8199.984650000944
2092,2026-01-03 16:00:00,16661.199999999983,7455.984650000944
2093,2026-01-03 20:00:00,16831.699999999983,7626.484650000944
2094,2026-01-04 00:00:00,17057.09999999999,7851.884650000953
2095,2026-01-04 04:00:00,17217.09999999999,8011.884650000953
2096,2026-01-04 08:00:00,17721.09999999999,8515.884650000953
2097,2026-01-04 12:00:00,18317.999999999985,9112.784650000947
2098,2026-01-04 16:00:00,18602.79999999999,9397.58465000095
2099,2026-01-04 20:00:00,18387.999999999985,9182.784650000947
2100,2026-01-05 00:00:00,18418.09999999999,9212.884650000953
2101,2026-01-05 04:00:00,18228.199999999983,9022.984650000944
2102,2026-01-05 08:00:00,18622.399999999994,9417.184650000956
2103,2026-01-05 12:00:00,19960.499999999985,10755.284650000947
2104,2026-01-05 16:00:00,19617.399999999994,10412.184650000956
2105,2026-01-05 20:00:00,20218.59999999999,11013.384650000953
2106,2026-01-06 00:00:00,21025.199999999983,11819.984650000944
2107,2026-01-06 04:00:00,21373.899999999994,12168.684650000956
2108,2026-01-06 08:00:00,20947.699999999983,11742.484650000944
2109,2026-01-06 12:00:00,20851.09999999999,11645.884650000953
2110,2026-01-06 16:00:00,20332.699999999983,11127.484650000944
2111,2026-01-06 20:00:00,20925.199999999983,11719.984650000944
2112,2026-01-07 00:00:00,20733.499999999985,11528.284650000947
2113,2026-01-07 04:00:00,19187.499999999985,9982.284650000947
2114,2026-01-07 08:00:00,20833.29999999999,11628.08465000095
2115,2026-01-07 12:00:00,19903.499999999985,10698.284650000947
2116,2026-01-07 16:00:00,19973.399999999994,10768.184650000956
2117,2026-01-07 20:00:00,19167.199999999983,9961.984650000944
2118,2026-01-08 00:00:00,18428.399999999994,9223.184650000956
2119,2026-01-08 04:00:00,18268.899999999994,9063.684650000956
2120,2026-01-08 08:00:00,18453.29999999999,9248.08465000095
2121,2026-01-08 12:00:00,17905.399999999994,8654.794600000954
2122,2026-01-08 16:00:00,17905.399999999994,8609.539650000952
2123,2026-01-08 20:00:00,18222.999999999985,8927.139650000943
2124,2026-01-09 00:00:00,17685.29999999999,8389.439650000946
2125,2026-01-09 04:00:00,17524.399999999994,8228.539650000952
2126,2026-01-09 08:00:00,17355.499999999985,8059.639650000943
2127,2026-01-09 12:00:00,17225.199999999983,7929.33965000094
2128,2026-01-09 16:00:00,17703.199999999983,8407.33965000094
2129,2026-01-09 20:00:00,18017.199999999983,8721.33965000094
2130,2026-01-10 00:00:00,17277.59999999999,7981.739650000949
2131,2026-01-10 04:00:00,18124.699999999983,8828.83965000094
2132,2026-01-10 08:00:00,17811.699999999983,8515.83965000094
2133,2026-01-10 12:00:00,17823.999999999985,8528.139650000943
2134,2026-01-10 16:00:00,17788.199999999983,8492.33965000094
2135,2026-01-10 20:00:00,17722.499999999985,8426.639650000943
2136,2026-01-11 00:00:00,17792.59999999999,8496.739650000949
2137,2026-01-11 04:00:00,17823.899999999994,8528.039650000952
2138,2026-01-11 08:00:00,17945.699999999983,8649.83965000094
2139,2026-01-11 12:00:00,17718.79999999999,8422.939650000946
2140,2026-01-11 16:00:00,17751.29999999999,8455.439650000946
2141,2026-01-11 20:00:00,17707.999999999985,8412.139650000943
2142,2026-01-12 00:00:00,17581.199999999983,8285.33965000094
2143,2026-01-12 04:00:00,17770.59999999999,8474.739650000949
2144,2026-01-12 08:00:00,17450.899999999994,8155.039650000952
2145,2026-01-12 12:00:00,16649.09999999999,7307.356550000957
2146,2026-01-12 16:00:00,16649.09999999999,7307.356550000957
2147,2026-01-12 20:00:00,16649.09999999999,7307.356550000957
2148,2026-01-13 00:00:00,16649.09999999999,7261.547200000961
2149,2026-01-13 04:00:00,16852.29999999999,7464.747200000958
2150,2026-01-13 08:00:00,16283.0,6895.44720000097
2151,2026-01-13 12:00:00,16411.29999999999,7023.747200000958
2152,2026-01-13 16:00:00,16938.399999999994,7550.847200000964
2153,2026-01-13 20:00:00,16992.5,7604.94720000097
2154,2026-01-14 00:00:00,18438.29999999999,9050.747200000958
2155,2026-01-14 04:00:00,19209.899999999994,9822.347200000964
2156,2026-01-14 08:00:00,20405.59999999999,11018.047200000961
2157,2026-01-14 12:00:00,20696.09999999999,11308.547200000961
2158,2026-01-14 16:00:00,20197.0,10809.44720000097
2159,2026-01-14 20:00:00,19794.0,10406.44720000097
2160,2026-01-15 00:00:00,21722.29999999999,12334.747200000958
2161,2026-01-15 04:00:00,22252.199999999997,12864.647200000967
2162,2026-01-15 08:00:00,21938.29999999999,12550.747200000958
2163,2026-01-15 12:00:00,20973.5,11585.94720000097
2164,2026-01-15 16:00:00,21631.59999999999,12244.047200000961
2165,2026-01-15 20:00:00,21579.29999999999,12191.747200000958
2166,2026-01-16 00:00:00,21747.699999999997,12360.147200000967
2167,2026-01-16 04:00:00,20499.59999999999,11112.047200000961
2168,2026-01-16 08:00:00,20597.699999999997,11210.147200000967
2169,2026-01-16 12:00:00,20350.0,10962.44720000097
2170,2026-01-16 16:00:00,20638.79999999999,11251.247200000958
2171,2026-01-16 20:00:00,20413.0,11025.44720000097
2172,2026-01-17 00:00:00,19567.899999999994,10180.347200000964
2173,2026-01-17 04:00:00,19991.399999999994,10603.847200000964
2174,2026-01-17 08:00:00,20534.09999999999,11146.547200000961
2175,2026-01-17 12:00:00,20354.399999999994,10966.847200000964
2176,2026-01-17 16:00:00,20091.5,10703.94720000097
2177,2026-01-17 20:00:00,20314.29999999999,10879.105250000968
2178,2026-01-18 00:00:00,20314.29999999999,10831.340750000978
2179,2026-01-18 04:00:00,20584.999999999985,11102.040750000975
2180,2026-01-18 08:00:00,20735.399999999994,11252.440750000984
2181,2026-01-18 12:00:00,20688.29999999999,11205.340750000978
2182,2026-01-18 16:00:00,20853.399999999994,11370.440750000984
2183,2026-01-18 20:00:00,20709.899999999994,11226.940750000984
2184,2026-01-19 00:00:00,20775.499999999985,11292.540750000975
2185,2026-01-19 04:00:00,20507.699999999983,11024.740750000972
2186,2026-01-19 08:00:00,22229.29999999999,12746.340750000978
2187,2026-01-19 12:00:00,23186.699999999983,13703.740750000972
2188,2026-01-19 16:00:00,23055.399999999994,13572.440750000984
2189,2026-01-19 20:00:00,22706.59999999999,13223.640750000981
2190,2026-01-20 00:00:00,22829.79999999999,13346.840750000978
2191,2026-01-20 04:00:00,22777.09999999999,13294.140750000981
2192,2026-01-20 08:00:00,23253.699999999983,13770.740750000972
2193,2026-01-20 12:00:00,23446.29999999999,13963.340750000978
2194,2026-01-20 16:00:00,24707.199999999983,15224.240750000972
2195,2026-01-20 20:00:00,24657.499999999985,15174.540750000975
2196,2026-01-21 00:00:00,25199.09999999999,15716.140750000981
2197,2026-01-21 04:00:00,26149.199999999983,16666.240750000972
2198,2026-01-21 08:00:00,27452.699999999983,17969.740750000972
2199,2026-01-21 12:00:00,26447.29999999999,16964.340750000978
2200,2026-01-21 16:00:00,26671.999999999985,17189.040750000975
2201,2026-01-21 20:00:00,27086.199999999983,17603.240750000972
2202,2026-01-22 00:00:00,25606.199999999983,16123.240750000972
2203,2026-01-22 04:00:00,25521.399999999994,16038.440750000984
2204,2026-01-22 08:00:00,26431.899999999994,16948.940750000984
2205,2026-01-22 12:00:00,25986.29999999999,16503.340750000978
2206,2026-01-22 16:00:00,26070.699999999983,16587.740750000972
2207,2026-01-22 20:00:00,25933.699999999983,16450.740750000972
2208,2026-01-23 00:00:00,26889.699999999983,17406.740750000972
2209,2026-01-23 04:00:00,26110.399999999994,16627.440750000984
2210,2026-01-23 08:00:00,26324.79999999999,16841.840750000978
2211,2026-01-23 12:00:00,25957.199999999983,16474.240750000972
2212,2026-01-23 16:00:00,26346.09999999999,16863.14075000098
2213,2026-01-23 20:00:00,26672.09999999999,17189.14075000098
2214,2026-01-24 00:00:00,26132.09999999999,16649.14075000098
2215,2026-01-24 04:00:00,25904.999999999985,16422.040750000975
2216,2026-01-24 08:00:00,26284.59999999999,16801.64075000098
2217,2026-01-24 12:00:00,26104.899999999994,16621.940750000984
2218,2026-01-24 16:00:00,26262.09999999999,16779.14075000098
2219,2026-01-24 20:00:00,26294.79999999999,16811.840750000978
2220,2026-01-25 00:00:00,26608.29999999999,17125.340750000978
2221,2026-01-25 04:00:00,26557.29999999999,17074.340750000978
2222,2026-01-25 08:00:00,26662.59999999999,17179.64075000098
2223,2026-01-25 12:00:00,26923.29999999999,17440.340750000978
2224,2026-01-25 16:00:00,27212.999999999985,17730.040750000975
2225,2026-01-25 20:00:00,27312.29999999999,17829.340750000978
2226,2026-01-26 00:00:00,27437.29999999999,17954.340750000978
2227,2026-01-26 04:00:00,29383.899999999994,19900.940750000984
2228,2026-01-26 08:00:00,29214.399999999994,19731.440750000984
2229,2026-01-26 12:00:00,28610.199999999983,19127.240750000972
2230,2026-01-26 16:00:00,27874.399999999994,18391.440750000984
2231,2026-01-26 20:00:00,28033.29999999999,18550.340750000978
2232,2026-01-27 00:00:00,28233.79999999999,18750.840750000978
2233,2026-01-27 04:00:00,27877.699999999983,18394.740750000972
2234,2026-01-27 08:00:00,27542.699999999983,18059.740750000972
2235,2026-01-27 12:00:00,27098.699999999983,17615.740750000972
2236,2026-01-27 16:00:00,27555.399999999994,18072.440750000984
2237,2026-01-27 20:00:00,27895.79999999999,18412.840750000978
2238,2026-01-28 00:00:00,27843.199999999983,18360.240750000972
2239,2026-01-28 04:00:00,27465.199999999983,17982.240750000972
2240,2026-01-28 08:00:00,26645.499999999985,17162.540750000975
2241,2026-01-28 12:00:00,26763.499999999985,17280.540750000975
2242,2026-01-28 16:00:00,26736.499999999985,17253.540750000975
2243,2026-01-28 20:00:00,25806.399999999994,16323.440750000984
2244,2026-01-29 00:00:00,26398.899999999994,16915.940750000984
2245,2026-01-29 04:00:00,26479.699999999983,16952.05895000098
2246,2026-01-29 08:00:00,26479.699999999983,16952.05895000098
2247,2026-01-29 12:00:00,26479.699999999983,16952.05895000098
2248,2026-01-29 16:00:00,26479.699999999983,16952.05895000098
2249,2026-01-29 20:00:00,26479.699999999983,16952.05895000098
2250,2026-01-30 00:00:00,26479.699999999983,16952.05895000098
2251,2026-01-30 04:00:00,26479.699999999983,16952.05895000098
2252,2026-01-30 08:00:00,26479.699999999983,16952.05895000098
2253,2026-01-30 12:00:00,26479.699999999983,16952.05895000098
2254,2026-01-30 16:00:00,26479.699999999983,16952.05895000098
2255,2026-01-30 20:00:00,26479.699999999983,16910.50655000098
2256,2026-01-31 00:00:00,26734.29999999999,17165.106550000986
2257,2026-01-31 04:00:00,25384.499999999985,15815.306550000983
2258,2026-01-31 08:00:00,25373.09999999999,15803.90655000099
2259,2026-01-31 12:00:00,25596.999999999985,16027.806550000983
2260,2026-01-31 16:00:00,26070.09999999999,16500.90655000099
2261,2026-01-31 20:00:00,26601.29999999999,16990.614950000992
2262,2026-02-01 00:00:00,26601.29999999999,16949.980650001
2263,2026-02-01 04:00:00,30162.0,20510.680650001013
2264,2026-02-01 08:00:00,29163.09999999999,19511.780650001005
2265,2026-02-01 12:00:00,29043.59999999999,19392.280650001005
2266,2026-02-01 16:00:00,29549.09999999999,19897.780650001005
2267,2026-02-01 20:00:00,29157.79999999999,19506.480650001
2268,2026-02-02 00:00:00,30306.09999999999,20654.780650001005
2269,2026-02-02 04:00:00,30727.5,21076.180650001013
2270,2026-02-02 08:00:00,30938.399999999994,21287.080650001008
2271,2026-02-02 12:00:00,31613.699999999997,21962.38065000101
2272,2026-02-02 16:00:00,31257.29999999999,21605.980650001
2273,2026-02-02 20:00:00,30153.79999999999,20502.480650001
2274,2026-02-03 00:00:00,29069.29999999999,19417.980650001
2275,2026-02-03 04:00:00,29570.699999999997,19919.38065000101
2276,2026-02-03 08:00:00,29177.399999999994,19526.080650001008
2277,2026-02-03 12:00:00,29159.199999999997,19507.88065000101
2278,2026-02-03 16:00:00,29120.0,19468.680650001013
2279,2026-02-03 20:00:00,29829.79999999999,20178.480650001
2280,2026-02-04 00:00:00,29775.79999999999,20124.480650001
2281,2026-02-04 04:00:00,32976.09999999999,23324.780650001005
2282,2026-02-04 08:00:00,32137.5,22486.180650001013
2283,2026-02-04 12:00:00,31208.79999999999,21557.480650001
2284,2026-02-04 16:00:00,31391.0,21739.680650001013
2285,2026-02-04 20:00:00,31882.29999999999,22230.980650001
2286,2026-02-05 00:00:00,33762.899999999994,24111.580650001008
2287,2026-02-05 04:00:00,33974.59999999999,24323.280650001005
2288,2026-02-05 08:00:00,34732.5,25081.180650001013
2289,2026-02-05 12:00:00,36671.0,27019.680650001013
2290,2026-02-05 16:00:00,37153.79999999999,27502.480650001
2291,2026-02-05 20:00:00,37590.899999999994,27939.580650001008
2292,2026-02-06 00:00:00,40418.0,30766.680650001013
2293,2026-02-06 04:00:00,42632.49999999999,32981.180650001006
2294,2026-02-06 08:00:00,45001.799999999996,35350.48065000101
2295,2026-02-06 12:00:00,43731.799999999996,34080.48065000101
2296,2026-02-06 16:00:00,43058.7,33407.38065000101
2297,2026-02-06 20:00:00,41283.79999999999,31632.480650001
2298,2026-02-07 00:00:00,39292.399999999994,29641.080650001008
2299,2026-02-07 04:00:00,37194.399999999994,27543.080650001008
2300,2026-02-07 08:00:00,37325.399999999994,27674.080650001008
2301,2026-02-07 12:00:00,36982.79999999999,27331.480650001
2302,2026-02-07 16:00:00,39819.399999999994,30168.080650001008
2303,2026-02-07 20:00:00,39934.79999999999,30283.480650001
2304,2026-02-08 00:00:00,38747.79999999999,29096.480650001
2305,2026-02-08 04:00:00,38528.5,28877.180650001013
2306,2026-02-08 08:00:00,38615.7,28964.38065000101
2307,2026-02-08 12:00:00,38805.2,29153.88065000101
2308,2026-02-08 16:00:00,38204.899999999994,28553.580650001008
2309,2026-02-08 20:00:00,36915.899999999994,27264.580650001008
2310,2026-02-09 00:00:00,36717.29999999999,27065.980650001
2311,2026-02-09 04:00:00,36488.899999999994,26801.89015000101
2312,2026-02-09 08:00:00,36488.899999999994,26801.89015000101
2313,2026-02-09 12:00:00,36488.899999999994,26801.89015000101
2314,2026-02-09 16:00:00,36488.899999999994,26766.693400001008
2315,2026-02-09 20:00:00,37982.5,28260.293400001014
2316,2026-02-10 00:00:00,37353.5,27631.293400001014
2317,2026-02-10 04:00:00,35969.7,26247.49340000101
2318,2026-02-10 08:00:00,36771.899999999994,27014.638150001017
2319,2026-02-10 12:00:00,36771.899999999994,27014.638150001017
2320,2026-02-10 16:00:00,36771.899999999994,27014.638150001017
2321,2026-02-10 20:00:00,36771.899999999994,27014.638150001017
2322,2026-02-11 00:00:00,36771.899999999994,27014.638150001017
2323,2026-02-11 04:00:00,36771.899999999994,27014.638150001017
2324,2026-02-11 08:00:00,36771.899999999994,27014.638150001017
2325,2026-02-11 12:00:00,36771.899999999994,27014.638150001017
2326,2026-02-11 16:00:00,36771.899999999994,27014.638150001017
2327,2026-02-11 20:00:00,36771.899999999994,26981.126650001024
2328,2026-02-12 00:00:00,37305.59999999999,27514.82665000102
2329,2026-02-12 04:00:00,36247.2,26456.426650001027
2330,2026-02-12 08:00:00,36740.5,26949.72665000103
2331,2026-02-12 12:00:00,36244.7,26453.926650001027
2332,2026-02-12 16:00:00,36613.399999999994,26822.626650001024
2333,2026-02-12 20:00:00,35763.09999999999,25972.32665000102
2334,2026-02-13 00:00:00,36687.899999999994,26897.126650001024
2335,2026-02-13 04:00:00,38034.2,28243.426650001027
2336,2026-02-13 08:00:00,37551.79999999999,27761.02665000102
2337,2026-02-13 12:00:00,37275.29999999999,27484.52665000102
2338,2026-02-13 16:00:00,37611.59999999999,27820.82665000102
2339,2026-02-13 20:00:00,36657.09999999999,26866.32665000102
2340,2026-02-14 00:00:00,35142.899999999994,25317.800650001023
2341,2026-02-14 04:00:00,35142.899999999994,25317.800650001023
2342,2026-02-14 08:00:00,35142.899999999994,25317.800650001023
2343,2026-02-14 12:00:00,35142.899999999994,25283.32680000103
2344,2026-02-14 16:00:00,35377.399999999994,25517.82680000103
2345,2026-02-14 20:00:00,36660.0,26800.426800001034
2346,2026-02-15 00:00:00,35949.399999999994,26089.82680000103
2347,2026-02-15 04:00:00,36044.2,26184.62680000103
2348,2026-02-15 08:00:00,35990.59999999999,26131.026800001026
2349,2026-02-15 12:00:00,36121.2,26261.62680000103
2350,2026-02-15 16:00:00,36979.2,27119.62680000103
2351,2026-02-15 20:00:00,36463.899999999994,26604.32680000103
2352,2026-02-16 00:00:00,35263.3,25403.726800001037
2353,2026-02-16 04:00:00,34458.8,24599.226800001037
2354,2026-02-16 08:00:00,34992.09999999999,25132.526800001026
2355,2026-02-16 12:00:00,34587.8,24728.226800001037
2356,2026-02-16 16:00:00,34747.59999999999,24888.026800001026
2357,2026-02-16 20:00:00,34964.59999999999,25105.026800001026
2358,2026-02-17 00:00:00,33700.7,23841.12680000103
2359,2026-02-17 04:00:00,34078.8,24219.226800001037
2360,2026-02-17 08:00:00,35057.7,25163.695550001037
2361,2026-02-17 12:00:00,35057.7,25129.473750001038
2362,2026-02-17 16:00:00,35147.90000000001,25219.67375000105
2363,2026-02-17 20:00:00,35676.90000000001,25748.67375000105
2364,2026-02-18 00:00:00,36137.7,26209.473750001038
2365,2026-02-18 04:00:00,35734.40000000001,25806.17375000105
2366,2026-02-18 08:00:00,36025.40000000001,26097.17375000105
2367,2026-02-18 12:00:00,35911.100000000006,25982.873750001047
2368,2026-02-18 16:00:00,35422.90000000001,25494.67375000105
2369,2026-02-18 20:00:00,36155.90000000001,26227.67375000105
2370,2026-02-19 00:00:00,35830.3,25902.073750001044
2371,2026-02-19 04:00:00,37363.100000000006,27434.873750001047
2372,2026-02-19 08:00:00,37078.5,27150.27375000104
2373,2026-02-19 12:00:00,36550.90000000001,26622.67375000105
2374,2026-02-19 16:00:00,36320.90000000001,26392.67375000105
2375,2026-02-19 20:00:00,37032.40000000001,27104.17375000105
2376,2026-02-20 00:00:00,37138.600000000006,27210.373750001047
2377,2026-02-20 04:00:00,36478.40000000001,26550.17375000105
2378,2026-02-20 08:00:00,36527.3,26599.073750001044
2379,2026-02-20 12:00:00,36174.100000000006,26245.873750001047
2380,2026-02-20 16:00:00,35706.600000000006,25778.373750001047
2381,2026-02-20 20:00:00,36210.8,26282.573750001044
2382,2026-02-21 00:00:00,35953.7,26025.473750001038
2383,2026-02-21 04:00:00,35884.8,25956.573750001044
2384,2026-02-21 08:00:00,35522.0,25559.784100001038
2385,2026-02-21 12:00:00,35522.0,25559.784100001038
2386,2026-02-21 16:00:00,35522.0,25525.87360000104
2387,2026-02-21 20:00:00,35761.899999999994,25765.773600001034
2388,2026-02-22 00:00:00,36272.5,26276.37360000104
2389,2026-02-22 04:00:00,36217.3,26221.173600001042
2390,2026-02-22 08:00:00,35634.100000000006,25637.973600001045
2391,2026-02-22 12:00:00,35711.5,25715.37360000104
2392,2026-02-22 16:00:00,35674.0,25677.87360000104
2393,2026-02-22 20:00:00,35884.399999999994,25888.273600001034
2394,2026-02-23 00:00:00,35360.899999999994,25364.773600001034
2395,2026-02-23 04:00:00,35103.2,25107.073600001037
2396,2026-02-23 08:00:00,35314.5,25318.37360000104
2397,2026-02-23 12:00:00,32595.0,22566.426600001047
2398,2026-02-23 16:00:00,32595.0,22566.426600001047
2399,2026-02-23 20:00:00,32595.0,22566.426600001047
2400,2026-02-24 00:00:00,32595.0,22566.426600001047
2401,2026-02-24 04:00:00,32595.0,22566.426600001047
2402,2026-02-24 08:00:00,32595.0,22566.426600001047
2403,2026-02-24 12:00:00,32595.0,22566.426600001047
2404,2026-02-24 16:00:00,32595.0,22566.426600001047
2405,2026-02-24 20:00:00,32595.0,22566.426600001047
2406,2026-02-25 00:00:00,32595.0,22566.426600001047
2407,2026-02-25 04:00:00,32595.0,22566.426600001047
2408,2026-02-25 08:00:00,32595.0,22566.426600001047
2409,2026-02-25 12:00:00,32595.0,22566.426600001047
2410,2026-02-25 16:00:00,32595.0,22566.426600001047
2411,2026-02-25 20:00:00,32595.0,22566.426600001047
2412,2026-02-26 00:00:00,32595.0,22566.426600001047
2413,2026-02-26 04:00:00,32595.0,22566.426600001047
2414,2026-02-26 08:00:00,32595.0,22566.426600001047
2415,2026-02-26 12:00:00,32595.0,22566.426600001047
2416,2026-02-26 16:00:00,32595.0,22566.426600001047
2417,2026-02-26 20:00:00,32595.0,22566.426600001047
2418,2026-02-27 00:00:00,32595.0,22532.74990000105
2419,2026-02-27 04:00:00,32792.3,22730.049900001053
2420,2026-02-27 08:00:00,32689.800000000003,22627.549900001053
2421,2026-02-27 12:00:00,32799.0,22736.74990000105
2422,2026-02-27 16:00:00,32885.70000000001,22823.449900001062
2423,2026-02-27 20:00:00,31335.70000000001,21273.449900001062
2424,2026-02-28 00:00:00,31314.20000000001,21251.949900001062
2425,2026-02-28 04:00:00,30607.000000000007,20544.749900001058
2426,2026-02-28 08:00:00,31077.600000000006,21015.349900001056
2427,2026-02-28 12:00:00,31005.40000000001,20910.268000001066
2428,2026-02-28 16:00:00,31005.40000000001,20910.268000001066
2429,2026-02-28 20:00:00,31005.40000000001,20910.268000001066
2430,2026-03-01 00:00:00,31005.40000000001,20910.268000001066
2431,2026-03-01 04:00:00,31005.40000000001,20910.268000001066
2432,2026-03-01 08:00:00,31005.40000000001,20876.799450001068
2433,2026-03-01 12:00:00,30467.800000000017,20339.199450001077
2434,2026-03-01 16:00:00,30828.60000000002,20699.99945000108
2435,2026-03-01 20:00:00,31503.500000000015,21374.899450001074
2436,2026-03-02 00:00:00,31131.70000000001,21003.09945000107
2437,2026-03-02 04:00:00,32016.500000000015,21887.899450001074
2438,2026-03-02 08:00:00,32192.500000000015,22063.899450001074
2439,2026-03-02 12:00:00,31155.20000000001,21026.59945000107
2440,2026-03-02 16:00:00,31961.20000000001,21832.59945000107
2441,2026-03-02 20:00:00,31612.60000000002,21483.99945000108
2442,2026-03-03 00:00:00,28853.40000000001,18724.799450001068
2443,2026-03-03 04:00:00,29014.10000000002,18851.035250001078
2444,2026-03-03 08:00:00,29014.10000000002,18851.035250001078
2445,2026-03-03 12:00:00,29014.10000000002,18851.035250001078
2446,2026-03-03 16:00:00,29014.10000000002,18851.035250001078
2447,2026-03-03 20:00:00,29014.10000000002,18851.035250001078
2448,2026-03-04 00:00:00,29014.10000000002,18851.035250001078
2449,2026-03-04 04:00:00,29014.10000000002,18851.035250001078
2450,2026-03-04 08:00:00,29014.10000000002,18851.035250001078
2451,2026-03-04 12:00:00,29014.10000000002,18817.185200001084
2452,2026-03-04 16:00:00,30778.500000000015,20581.58520000108
2453,2026-03-04 20:00:00,32396.40000000001,22199.485200001072
2454,2026-03-05 00:00:00,34653.70000000001,24456.785200001075
2455,2026-03-05 04:00:00,34894.20000000001,24697.285200001075
2456,2026-03-05 08:00:00,33955.40000000001,23758.485200001072
2457,2026-03-05 12:00:00,33783.60000000002,23586.685200001084
2458,2026-03-05 16:00:00,33339.500000000015,23142.58520000108
2459,2026-03-05 20:00:00,34193.90000000001,23996.985200001072
2460,2026-03-06 00:00:00,32925.70000000001,22728.785200001075
2461,2026-03-06 04:00:00,32189.500000000015,21992.58520000108
2462,2026-03-06 08:00:00,32168.800000000017,21971.88520000108
2463,2026-03-06 12:00:00,32359.40000000001,22162.485200001072
2464,2026-03-06 16:00:00,32340.70000000001,22143.785200001075
2465,2026-03-06 20:00:00,31499.60000000002,21302.685200001084
2466,2026-03-07 00:00:00,29782.40000000001,19585.485200001072
2467,2026-03-07 04:00:00,29415.000000000015,19184.03470000108
2468,2026-03-07 08:00:00,29415.000000000015,19184.03470000108
2469,2026-03-07 12:00:00,29415.000000000015,19184.03470000108
2470,2026-03-07 16:00:00,29415.000000000015,19184.03470000108
2471,2026-03-07 20:00:00,29415.000000000015,19150.046750001085
2472,2026-03-08 00:00:00,29546.100000000006,19281.146750001077
2473,2026-03-08 04:00:00,30348.300000000003,20083.346750001074
2474,2026-03-08 08:00:00,30158.800000000003,19893.846750001074
2475,2026-03-08 12:00:00,30416.000000000015,20117.559300001085
2476,2026-03-08 16:00:00,30416.000000000015,20117.559300001085
2477,2026-03-08 20:00:00,30416.000000000015,20117.559300001085
2478,2026-03-09 00:00:00,30416.000000000015,20117.559300001085
2479,2026-03-09 04:00:00,30416.000000000015,20117.559300001085
2480,2026-03-09 08:00:00,30416.000000000015,20117.559300001085
2481,2026-03-09 12:00:00,30416.000000000015,20083.97665000109
2482,2026-03-09 16:00:00,30076.500000000015,19744.47665000109
2483,2026-03-09 20:00:00,29858.000000000015,19525.97665000109
2484,2026-03-10 00:00:00,28749.000000000015,18416.97665000109
2485,2026-03-10 04:00:00,28629.500000000015,18297.47665000109
2486,2026-03-10 08:00:00,29187.20000000001,18855.176650001085
2487,2026-03-10 12:00:00,28190.300000000017,17858.27665000109
2488,2026-03-10 16:00:00,27206.60000000002,16839.3893000011
2489,2026-03-10 20:00:00,27206.60000000002,16839.3893000011
2490,2026-03-11 00:00:00,27206.60000000002,16803.740850001108
2491,2026-03-11 04:00:00,25914.900000000023,15512.04085000111
2492,2026-03-11 08:00:00,25811.60000000002,15408.740850001108
2493,2026-03-11 12:00:00,25426.700000000026,15023.840850001114
2494,2026-03-11 16:00:00,25531.800000000032,15128.94085000112
2495,2026-03-11 20:00:00,25053.700000000026,14650.840850001114
2496,2026-03-12 00:00:00,26096.60000000002,15693.740850001108
2497,2026-03-12 04:00:00,26510.50000000003,16107.640850001117
2498,2026-03-12 08:00:00,26059.700000000026,15656.840850001114
2499,2026-03-12 12:00:00,25312.300000000032,14909.44085000112
2500,2026-03-12 16:00:00,25692.300000000032,15254.549550001117
2501,2026-03-12 20:00:00,25692.300000000032,15254.549550001117
2502,2026-03-13 00:00:00,25692.300000000032,15254.549550001117
2503,2026-03-13 04:00:00,25692.300000000032,15254.549550001117
2504,2026-03-13 08:00:00,25692.300000000032,15254.549550001117
2505,2026-03-13 12:00:00,25692.300000000032,15254.549550001117
2506,2026-03-13 16:00:00,25692.300000000032,15218.756900001114
2507,2026-03-13 20:00:00,26296.900000000023,15823.356900001105
2508,2026-03-14 00:00:00,25907.00000000003,15433.45690000111
2509,2026-03-14 04:00:00,25255.00000000003,14781.45690000111
2510,2026-03-14 08:00:00,25002.50000000003,14528.95690000111
2511,2026-03-14 12:00:00,25141.300000000032,14667.756900001114
2512,2026-03-14 16:00:00,24672.600000000035,14199.056900001116
2513,2026-03-14 20:00:00,24812.00000000003,14338.45690000111
2514,2026-03-15 00:00:00,24661.600000000035,14188.056900001116
2515,2026-03-15 04:00:00,24771.100000000035,14297.556900001116
2516,2026-03-15 08:00:00,25281.400000000023,14807.856900001105
2517,2026-03-15 12:00:00,25421.800000000032,14948.256900001114
2518,2026-03-15 16:00:00,25527.800000000032,15054.256900001114
2519,2026-03-15 20:00:00,25907.00000000003,15433.45690000111
2520,2026-03-16 00:00:00,25551.400000000023,15077.856900001105
2521,2026-03-16 04:00:00,25622.200000000026,15148.656900001108
2522,2026-03-16 08:00:00,26885.900000000023,16412.356900001105
2523,2026-03-16 12:00:00,27646.50000000003,17172.95690000111
2524,2026-03-16 16:00:00,27534.700000000026,17061.156900001108
2525,2026-03-16 20:00:00,27622.300000000032,17148.756900001114
2526,2026-03-17 00:00:00,27347.200000000026,16873.656900001108
2527,2026-03-17 04:00:00,28035.800000000032,17562.256900001114
2528,2026-03-17 08:00:00,28953.400000000023,18479.856900001105
2529,2026-03-17 12:00:00,28531.900000000023,18058.356900001105
2530,2026-03-17 16:00:00,28319.700000000026,17846.156900001108
2531,2026-03-17 20:00:00,28104.100000000035,17630.556900001116
2532,2026-03-18 00:00:00,27985.50000000003,17511.95690000111
2533,2026-03-18 04:00:00,28567.800000000032,18094.256900001114
2534,2026-03-18 08:00:00,27979.400000000023,17505.856900001105
2535,2026-03-18 12:00:00,28521.600000000035,18048.056900001116
2536,2026-03-18 16:00:00,27947.00000000003,17473.45690000111
2537,2026-03-18 20:00:00,27013.400000000023,16539.856900001105
2538,2026-03-19 00:00:00,25543.400000000023,15034.138700001102
2539,2026-03-19 04:00:00,25543.400000000023,14998.62355000111
2540,2026-03-19 08:00:00,25370.800000000032,14826.023550001119
2541,2026-03-19 12:00:00,25393.700000000026,14848.923550001113
2542,2026-03-19 16:00:00,26428.60000000002,15883.823550001107
2543,2026-03-19 20:00:00,26646.900000000023,16102.12355000111
2544,2026-03-20 00:00:00,27201.00000000003,16656.223550001116
2545,2026-03-20 04:00:00,26340.60000000002,15795.823550001107
2546,2026-03-20 08:00:00,26686.300000000032,16141.523550001119
2547,2026-03-20 12:00:00,25877.60000000002,15332.823550001107
2548,2026-03-20 16:00:00,25761.800000000032,15217.023550001119
2549,2026-03-20 20:00:00,26133.800000000032,15589.023550001119
2550,2026-03-21 00:00:00,26744.200000000026,16199.423550001113
2551,2026-03-21 04:00:00,26431.800000000032,15887.023550001119
2552,2026-03-21 08:00:00,26101.00000000003,15556.223550001116
2553,2026-03-21 12:00:00,25935.700000000026,15390.923550001113
2554,2026-03-21 16:00:00,25886.400000000023,15341.62355000111
2555,2026-03-21 20:00:00,25955.400000000023,15410.62355000111
2556,2026-03-22 00:00:00,25974.60000000002,15429.823550001107
2557,2026-03-22 04:00:00,26207.800000000032,15663.023550001119
2558,2026-03-22 08:00:00,27692.200000000026,17147.423550001113
2559,2026-03-22 12:00:00,27266.700000000026,16721.923550001113
2560,2026-03-22 16:00:00,27689.200000000026,17144.423550001113
2561,2026-03-22 20:00:00,28396.700000000026,17851.923550001113
2562,2026-03-23 00:00:00,27758.800000000032,17214.02355000112
2563,2026-03-23 04:00:00,28403.10000000002,17858.323550001107
2564,2026-03-23 08:00:00,28743.10000000002,18198.323550001107
2565,2026-03-23 12:00:00,28528.60000000002,17983.823550001107
2566,2026-03-23 16:00:00,28267.700000000026,17722.923550001113
2567,2026-03-23 20:00:00,26476.400000000023,15931.62355000111
2568,2026-03-24 00:00:00,26461.50000000003,15916.723550001116
2569,2026-03-24 04:00:00,25926.60000000002,15381.823550001107
2570,2026-03-24 08:00:00,25707.800000000032,15163.023550001119
2571,2026-03-24 12:00:00,26061.60000000002,15516.823550001107
2572,2026-03-24 16:00:00,25318.50000000003,14773.723550001116
2573,2026-03-24 20:00:00,25457.300000000032,14912.523550001119
2574,2026-03-25 00:00:00,26736.00000000003,16191.223550001116
2575,2026-03-25 04:00:00,27231.10000000002,16686.323550001107
2576,2026-03-25 08:00:00,26049.800000000032,15505.023550001119
2577,2026-03-25 12:00:00,25884.400000000023,15339.62355000111
2578,2026-03-25 16:00:00,25673.700000000026,15128.923550001113
2579,2026-03-25 20:00:00,24923.400000000023,14378.62355000111
2580,2026-03-26 00:00:00,25781.300000000032,15201.127350001116
2581,2026-03-26 04:00:00,25781.300000000032,15201.127350001116
2582,2026-03-26 08:00:00,25781.300000000032,15165.478600001123
2583,2026-03-26 12:00:00,25365.700000000026,14749.878600001117
2584,2026-03-26 16:00:00,24537.600000000035,13886.751700001128
2585,2026-03-26 20:00:00,24537.600000000035,13886.751700001128
2586,2026-03-27 00:00:00,24537.600000000035,13852.224300001137
2587,2026-03-27 04:00:00,25089.70000000004,14404.324300001143
2588,2026-03-27 08:00:00,24804.400000000038,14119.02430000114
2589,2026-03-27 12:00:00,24863.600000000035,14178.224300001137
2590,2026-03-27 16:00:00,25090.70000000004,14405.324300001143
2591,2026-03-27 20:00:00,26929.20000000004,16243.824300001143
2592,2026-03-28 00:00:00,27500.400000000038,16815.02430000114
2593,2026-03-28 04:00:00,27587.000000000044,16901.624300001145
2594,2026-03-28 08:00:00,27228.20000000004,16542.824300001143
2595,2026-03-28 12:00:00,27400.600000000035,16715.224300001137
2596,2026-03-28 16:00:00,27071.600000000035,16386.224300001137
2597,2026-03-28 20:00:00,27303.900000000038,16618.52430000114
2598,2026-03-29 00:00:00,26610.100000000035,15924.724300001137
2599,2026-03-29 04:00:00,26719.400000000038,16034.02430000114
2600,2026-03-29 08:00:00,27257.600000000035,16572.224300001137
2601,2026-03-29 12:00:00,26716.70000000004,16031.324300001143
2602,2026-03-29 16:00:00,26959.900000000038,16274.52430000114
2603,2026-03-29 20:00:00,26811.600000000035,16126.224300001137
2604,2026-03-30 00:00:00,27092.400000000038,16407.02430000114
2605,2026-03-30 04:00:00,27272.20000000004,16586.824300001143
2606,2026-03-30 08:00:00,27614.500000000044,16929.124300001145
2607,2026-03-30 12:00:00,26452.600000000035,15767.224300001137
2608,2026-03-30 16:00:00,25996.500000000044,15277.326350001153
2609,2026-03-30 20:00:00,25996.500000000044,15277.326350001153
2610,2026-03-31 00:00:00,25996.500000000044,15243.53125000115
2611,2026-03-31 04:00:00,24922.300000000047,14169.331250001153
2612,2026-03-31 08:00:00,25170.70000000004,14417.731250001147
2613,2026-03-31 12:00:00,26077.10000000005,15324.131250001155
2614,2026-03-31 16:00:00,25750.10000000005,14997.131250001155
2615,2026-03-31 20:00:00,25058.70000000004,14305.731250001147
2616,2026-04-01 00:00:00,25106.300000000047,14353.331250001153
2617,2026-04-01 04:00:00,26209.300000000047,15456.331250001153
2618,2026-04-01 08:00:00,26647.800000000047,15894.831250001153
2619,2026-04-01 12:00:00,26540.300000000047,15787.331250001153
2620,2026-04-01 16:00:00,27058.20000000004,16305.231250001147
2621,2026-04-01 20:00:00,27076.20000000004,16323.231250001147
2622,2026-04-02 00:00:00,27283.300000000047,16530.331250001153
2623,2026-04-02 04:00:00,26550.10000000005,15797.131250001155
2624,2026-04-02 08:00:00,26492.800000000047,15739.831250001153
2625,2026-04-02 12:00:00,24944.70000000004,14191.731250001147
2626,2026-04-02 16:00:00,25294.20000000004,14541.231250001147
2627,2026-04-02 20:00:00,24586.900000000052,13833.931250001158
2628,2026-04-03 00:00:00,25216.900000000052,14463.931250001158
2629,2026-04-03 04:00:00,25349.500000000044,14596.53125000115
2630,2026-04-03 08:00:00,25274.800000000047,14521.831250001153
2631,2026-04-03 12:00:00,24956.300000000047,14203.331250001153
2632,2026-04-03 16:00:00,25415.10000000005,14662.131250001155
2633,2026-04-03 20:00:00,25389.70000000004,14636.731250001147
2634,2026-04-04 00:00:00,25212.400000000052,14459.431250001158
2635,2026-04-04 04:00:00,25263.300000000047,14510.331250001153
2636,2026-04-04 08:00:00,25336.300000000047,14583.331250001153
2637,2026-04-04 12:00:00,25205.400000000052,14419.031700001156
2638,2026-04-04 16:00:00,25205.400000000052,14419.031700001156
2639,2026-04-04 20:00:00,25205.400000000052,14419.031700001156
2640,2026-04-05 00:00:00,25205.400000000052,14419.031700001156
2641,2026-04-05 04:00:00,25205.400000000052,14385.40035000116
2642,2026-04-05 08:00:00,25213.700000000055,14393.700350001163
2643,2026-04-05 12:00:00,25056.200000000055,14236.200350001163
2644,2026-04-05 16:00:00,24730.10000000005,13910.100350001157
2645,2026-04-05 20:00:00,24915.400000000052,14061.914000001168
2646,2026-04-06 00:00:00,24915.400000000052,14061.914000001168
2647,2026-04-06 04:00:00,24915.400000000052,14061.914000001168
2648,2026-04-06 08:00:00,24915.400000000052,14027.415050001175
2649,2026-04-06 12:00:00,25009.900000000052,14121.915050001175
2650,2026-04-06 16:00:00,25007.200000000055,14119.215050001178
2651,2026-04-06 20:00:00,25501.100000000064,14613.115050001186
2652,2026-04-07 00:00:00,25840.00000000006,14952.01505000118
2653,2026-04-07 04:00:00,25622.30000000006,14734.315050001183
2654,2026-04-07 08:00:00,24735.400000000052,13847.415050001175
2655,2026-04-07 12:00:00,24663.80000000006,13775.815050001183
2656,2026-04-07 16:00:00,24509.600000000064,13621.615050001186
2657,2026-04-07 20:00:00,24228.30000000006,13340.315050001183
2658,2026-04-08 00:00:00,24055.900000000052,13167.915050001175
2659,2026-04-08 04:00:00,24893.400000000052,14005.415050001175
2660,2026-04-08 08:00:00,27807.700000000055,16919.715050001178
2661,2026-04-08 12:00:00,27177.100000000064,16289.115050001186
2662,2026-04-08 16:00:00,27529.50000000006,16641.51505000118
2663,2026-04-08 20:00:00,27567.700000000055,16679.715050001178
2664,2026-04-09 00:00:00,27192.30000000006,16304.315050001183
2665,2026-04-09 04:00:00,27200.50000000006,16312.51505000118
2666,2026-04-09 08:00:00,26955.600000000064,16067.615050001186
2667,2026-04-09 12:00:00,26878.700000000055,15990.715050001178
2668,2026-04-09 16:00:00,26862.50000000006,15974.51505000118
2669,2026-04-09 20:00:00,27027.400000000052,16139.415050001175
2670,2026-04-10 00:00:00,28025.50000000006,17137.51505000118
2671,2026-04-10 04:00:00,27973.400000000052,17085.415050001175
2672,2026-04-10 08:00:00,27667.900000000052,16779.915050001175
2673,2026-04-10 12:00:00,27754.80000000006,16866.815050001183
2674,2026-04-10 16:00:00,27378.700000000055,16490.715050001178
2675,2026-04-10 20:00:00,28010.200000000055,17122.215050001178
2676,2026-04-11 00:00:00,28338.50000000006,17450.51505000118
2677,2026-04-11 04:00:00,29104.80000000006,18216.815050001183
2678,2026-04-11 08:00:00,28834.900000000052,17946.915050001175
2679,2026-04-11 12:00:00,28752.600000000064,17864.615050001186
2680,2026-04-11 16:00:00,28625.200000000055,17737.215050001178
2681,2026-04-11 20:00:00,28785.700000000055,17897.715050001178
2682,2026-04-12 00:00:00,28734.80000000006,17846.815050001183
2683,2026-04-12 04:00:00,29553.400000000052,18665.415050001175
2684,2026-04-12 08:00:00,28930.900000000052,18042.915050001175
2685,2026-04-12 12:00:00,27481.100000000064,16593.115050001186
2686,2026-04-12 16:00:00,27545.600000000064,16657.615050001186
2687,2026-04-12 20:00:00,27352.50000000006,16464.51505000118
2688,2026-04-13 00:00:00,26773.700000000055,15850.286950001188
2689,2026-04-13 04:00:00,26773.700000000055,15850.286950001188
2690,2026-04-13 08:00:00,26773.700000000055,15850.286950001188
2691,2026-04-13 12:00:00,26773.700000000055,15850.286950001188
2692,2026-04-13 16:00:00,26773.700000000055,15850.286950001188
2693,2026-04-13 20:00:00,26773.700000000055,15850.286950001188
2694,2026-04-14 00:00:00,26773.700000000055,15850.286950001188
2695,2026-04-14 04:00:00,26773.700000000055,15850.286950001188
2696,2026-04-14 08:00:00,26773.700000000055,15850.286950001188
2697,2026-04-14 12:00:00,26773.700000000055,15850.286950001188
2698,2026-04-14 16:00:00,26773.700000000055,15850.286950001188
2699,2026-04-14 20:00:00,26773.700000000055,15813.11575000119
2700,2026-04-15 00:00:00,25848.000000000044,14849.781700001186
2701,2026-04-15 04:00:00,25848.000000000044,14849.781700001186
2702,2026-04-15 08:00:00,25848.000000000044,14849.781700001186
2703,2026-04-15 12:00:00,25848.000000000044,14849.781700001186
2704,2026-04-15 16:00:00,25848.000000000044,14849.781700001186
2705,2026-04-15 20:00:00,25848.000000000044,14849.781700001186
2706,2026-04-16 00:00:00,25848.000000000044,14812.882950001193
2707,2026-04-16 04:00:00,27008.300000000047,15973.182950001195
2708,2026-04-16 08:00:00,26826.70000000004,15791.58295000119
2709,2026-04-16 12:00:00,26902.400000000038,15867.282950001187
2710,2026-04-16 16:00:00,26718.20000000004,15683.08295000119
2711,2026-04-16 20:00:00,26578.900000000038,15543.782950001187
2712,2026-04-17 00:00:00,26710.000000000044,15674.882950001193
2713,2026-04-17 04:00:00,27359.900000000038,16324.782950001187
2714,2026-04-17 08:00:00,27157.300000000047,16122.182950001195
2715,2026-04-17 12:00:00,26633.300000000047,15598.182950001195
2716,2026-04-17 16:00:00,27097.900000000038,16062.782950001187
2717,2026-04-17 20:00:00,27592.70000000004,16557.58295000119
2718,2026-04-18 00:00:00,29786.70000000004,18751.58295000119
2719,2026-04-18 04:00:00,29399.300000000047,18364.182950001195
2720,2026-04-18 08:00:00,29081.10000000005,18045.9829500012
2721,2026-04-18 12:00:00,29014.800000000047,17979.682950001195
2722,2026-04-18 16:00:00,29001.500000000044,17966.382950001193
2723,2026-04-18 20:00:00,28052.500000000044,17017.382950001193
2724,2026-04-19 00:00:00,28175.300000000047,17140.182950001195
2725,2026-04-19 04:00:00,27654.70000000004,16619.58295000119
2726,2026-04-19 08:00:00,27704.300000000047,16669.182950001195
2727,2026-04-19 12:00:00,27523.500000000044,16488.382950001193
2728,2026-04-19 16:00:00,27256.10000000005,16220.982950001198
2729,2026-04-19 20:00:00,27607.900000000038,16572.782950001187
2730,2026-04-20 00:00:00,27858.10000000005,16822.9829500012
2731,2026-04-20 04:00:00,26968.400000000038,15933.282950001187
2732,2026-04-20 08:00:00,25808.900000000038,14773.782950001187
2733,2026-04-20 12:00:00,26644.400000000038,15609.282950001187
2734,2026-04-20 16:00:00,26846.000000000044,15810.882950001193
2735,2026-04-20 20:00:00,27199.20000000004,16164.08295000119
2736,2026-04-21 00:00:00,27718.60000000005,16645.648900001208
2737,2026-04-21 04:00:00,27718.60000000005,16645.648900001208
2738,2026-04-21 08:00:00,27718.60000000005,16645.648900001208
2739,2026-04-21 12:00:00,27718.60000000005,16645.648900001208
2740,2026-04-21 16:00:00,27718.60000000005,16607.623900001214
2741,2026-04-21 20:00:00,27360.300000000047,16211.11975000122
2742,2026-04-22 00:00:00,27360.300000000047,16211.11975000122
2743,2026-04-22 04:00:00,27360.300000000047,16173.62545000123
2744,2026-04-22 08:00:00,26060.700000000055,14874.025450001238
2745,2026-04-22 12:00:00,24860.60000000005,13635.181300001233
2746,2026-04-22 16:00:00,24860.60000000005,13635.181300001233
2747,2026-04-22 20:00:00,24860.60000000005,13596.04970000124
2748,2026-04-23 00:00:00,25831.700000000055,14567.149700001246
2749,2026-04-23 04:00:00,25388.700000000055,14124.149700001246
2750,2026-04-23 08:00:00,24737.200000000055,13472.649700001246
2751,2026-04-23 12:00:00,24301.700000000055,13037.149700001246
2752,2026-04-23 16:00:00,24606.50000000006,13341.949700001249
2753,2026-04-23 20:00:00,24247.300000000047,12982.749700001237
2754,2026-04-24 00:00:00,24926.60000000005,13662.04970000124
2755,2026-04-24 04:00:00,24267.900000000052,13003.349700001243
2756,2026-04-24 08:00:00,24814.200000000055,13549.649700001246
2757,2026-04-24 12:00:00,24287.50000000006,13022.949700001249
2758,2026-04-24 16:00:00,24217.900000000052,12953.349700001243
2759,2026-04-24 20:00:00,24792.200000000055,13527.649700001246
2760,2026-04-25 00:00:00,24604.700000000055,13340.149700001246
2761,2026-04-25 04:00:00,24193.50000000006,12928.949700001249
2762,2026-04-25 08:00:00,23992.800000000047,12728.249700001237
2763,2026-04-25 12:00:00,24226.400000000052,12961.849700001243
2764,2026-04-25 16:00:00,24047.300000000047,12782.749700001237
2765,2026-04-25 20:00:00,24236.10000000005,12971.54970000124
2766,2026-04-26 00:00:00,23886.700000000055,12622.149700001246
2767,2026-04-26 04:00:00,23883.00000000006,12618.449700001249
2768,2026-04-26 08:00:00,24182.400000000052,12917.849700001243
2769,2026-04-26 12:00:00,23946.700000000055,12643.475050001245
2770,2026-04-26 16:00:00,23946.700000000055,12643.475050001245
2771,2026-04-26 20:00:00,23946.700000000055,12643.475050001245
2772,2026-04-27 00:00:00,23946.700000000055,12643.475050001245
2773,2026-04-27 04:00:00,23946.700000000055,12643.475050001245
2774,2026-04-27 08:00:00,23946.700000000055,12604.168300001256
2775,2026-04-27 12:00:00,24398.30000000006,13055.768300001262
2776,2026-04-27 16:00:00,22889.900000000052,11547.368300001253
2777,2026-04-27 20:00:00,23137.50000000006,11794.96830000126
2778,2026-04-28 00:00:00,22093.200000000055,10750.668300001256
2779,2026-04-28 04:00:00,22177.60000000005,10835.06830000125
2780,2026-04-28 08:00:00,22664.400000000052,11321.868300001253
2781,2026-04-28 12:00:00,22103.80000000006,10761.268300001262
2782,2026-04-28 16:00:00,22161.60000000005,10819.06830000125
2783,2026-04-28 20:00:00,21532.00000000006,10151.368900001267
2784,2026-04-29 00:00:00,21532.00000000006,10151.368900001267
2785,2026-04-29 04:00:00,21532.00000000006,10151.368900001267
2786,2026-04-29 08:00:00,21532.00000000006,10151.368900001267
2787,2026-04-29 12:00:00,21532.00000000006,10151.368900001267
2788,2026-04-29 16:00:00,21532.00000000006,10151.368900001267
2789,2026-04-29 20:00:00,21532.00000000006,10151.368900001267
2790,2026-04-30 00:00:00,21532.00000000006,10151.368900001267
2791,2026-04-30 04:00:00,21532.00000000006,10151.368900001267
2792,2026-04-30 08:00:00,21532.00000000006,10151.368900001267
2793,2026-04-30 12:00:00,21532.00000000006,10151.368900001267
2794,2026-04-30 16:00:00,21532.00000000006,10151.368900001267
2795,2026-04-30 20:00:00,21532.00000000006,10151.368900001267
2796,2026-05-01 00:00:00,21532.00000000006,10151.368900001267
2797,2026-05-01 04:00:00,21532.00000000006,10151.368900001267
2798,2026-05-01 08:00:00,21532.00000000006,10151.368900001267
2799,2026-05-01 12:00:00,21532.00000000006,10151.368900001267
2800,2026-05-01 16:00:00,21532.00000000006,10151.368900001267
2801,2026-05-01 20:00:00,21532.00000000006,10151.368900001267
2802,2026-05-02 00:00:00,21532.00000000006,10151.368900001267
2803,2026-05-02 04:00:00,21532.00000000006,10151.368900001267
2804,2026-05-02 08:00:00,21532.00000000006,10112.272900001277
2805,2026-05-02 12:00:00,21717.700000000055,10297.972900001274
2806,2026-05-02 16:00:00,21521.600000000064,10101.872900001283
2807,2026-05-02 20:00:00,21445.700000000055,10025.972900001274
2808,2026-05-03 00:00:00,21789.80000000006,10370.07290000128
2809,2026-05-03 04:00:00,21783.80000000006,10364.07290000128
2810,2026-05-03 08:00:00,21992.900000000052,10573.172900001271
2811,2026-05-03 12:00:00,21502.400000000052,10082.672900001271
2812,2026-05-03 16:00:00,21656.600000000064,10236.872900001283
2813,2026-05-03 20:00:00,21960.50000000006,10540.772900001277
2814,2026-05-04 00:00:00,21965.200000000055,10545.472900001274
2815,2026-05-04 04:00:00,22069.100000000064,10649.372900001283
2816,2026-05-04 08:00:00,21869.00000000006,10449.272900001277
2817,2026-05-04 12:00:00,23618.700000000055,12198.972900001274
2818,2026-05-04 16:00:00,23003.50000000006,11583.772900001277
2819,2026-05-04 20:00:00,22093.50000000006,10673.772900001277
2820,2026-05-05 00:00:00,23316.700000000055,11896.972900001274
2821,2026-05-05 04:00:00,23358.400000000052,11938.672900001271
2822,2026-05-05 08:00:00,23166.100000000064,11746.372900001283
2823,2026-05-05 12:00:00,24176.900000000052,12757.172900001271
2824,2026-05-05 16:00:00,24155.80000000006,12736.07290000128
2825,2026-05-05 20:00:00,24313.00000000006,12893.272900001277
2826,2026-05-06 00:00:00,24828.700000000055,13408.972900001274
2827,2026-05-06 04:00:00,24894.400000000052,13474.672900001271
2828,2026-05-06 08:00:00,24201.900000000052,12782.172900001271
2829,2026-05-06 12:00:00,24875.900000000052,13456.172900001271
2830,2026-05-06 16:00:00,24673.30000000006,13253.57290000128
2831,2026-05-06 20:00:00,25825.400000000052,14405.672900001271
2832,2026-05-07 00:00:00,24996.400000000052,13576.672900001271
2833,2026-05-07 04:00:00,24756.50000000006,13336.772900001277
2834,2026-05-07 08:00:00,24730.100000000064,13310.372900001283
2835,2026-05-07 12:00:00,24137.30000000006,12717.57290000128
2836,2026-05-07 16:00:00,24820.100000000064,13400.372900001283
2837,2026-05-07 20:00:00,24167.900000000052,12748.172900001271
2838,2026-05-08 00:00:00,23201.600000000064,11781.872900001283
2839,2026-05-08 04:00:00,23443.100000000064,12023.372900001283
2840,2026-05-08 08:00:00,23309.400000000052,11889.672900001271
2841,2026-05-08 12:00:00,22880.00000000006,11460.272900001277
2842,2026-05-08 16:00:00,22975.00000000006,11555.272900001277
2843,2026-05-08 20:00:00,23521.900000000052,12102.172900001271
2844,2026-05-09 00:00:00,23459.100000000064,12039.372900001283
2845,2026-05-09 04:00:00,23487.700000000055,12027.899050001273
2846,2026-05-09 08:00:00,23487.700000000055,12027.899050001273
2847,2026-05-09 12:00:00,23487.700000000055,12027.899050001273
2848,2026-05-09 16:00:00,23487.700000000055,11987.80820000128
2849,2026-05-09 20:00:00,23359.00000000006,11859.108200001283
2850,2026-05-10 00:00:00,23181.10000000005,11681.208200001274
2851,2026-05-10 04:00:00,22772.50000000006,11272.608200001283
2852,2026-05-10 08:00:00,23035.400000000052,11535.508200001277
2853,2026-05-10 12:00:00,22934.300000000047,11394.040650001276
2854,2026-05-10 16:00:00,22934.300000000047,11394.040650001276
2855,2026-05-10 20:00:00,22934.300000000047,11394.040650001276
2856,2026-05-11 00:00:00,22934.300000000047,11353.349950001284
2857,2026-05-11 04:00:00,22950.900000000052,11369.94995000129
2858,2026-05-11 08:00:00,23730.60000000005,12149.649950001287
2859,2026-05-11 12:00:00,22246.300000000047,10665.349950001284
2860,2026-05-11 16:00:00,22261.800000000047,10680.849950001284
2861,2026-05-11 20:00:00,22720.00000000006,11139.049950001296
2862,2026-05-12 00:00:00,22956.300000000047,11375.349950001284
2863,2026-05-12 04:00:00,23470.00000000006,11889.049950001296
2864,2026-05-12 08:00:00,23252.00000000006,11671.049950001296
2865,2026-05-12 12:00:00,22581.200000000055,11000.249950001293
2866,2026-05-12 16:00:00,22362.10000000005,10781.149950001287
2867,2026-05-12 20:00:00,22295.60000000005,10714.649950001287
2868,2026-05-13 00:00:00,21854.50000000006,10273.549950001296
2869,2026-05-13 04:00:00,22352.400000000052,10771.44995000129
2870,2026-05-13 08:00:00,22013.900000000052,10432.94995000129
2871,2026-05-13 12:00:00,22770.00000000006,11189.049950001296
2872,2026-05-13 16:00:00,22534.800000000047,10953.849950001284
2873,2026-05-13 20:00:00,22013.00000000006,10432.049950001296
2874,2026-05-14 00:00:00,20347.60000000005,8727.252600001288
2875,2026-05-14 04:00:00,20347.60000000005,8727.252600001288
2876,2026-05-14 08:00:00,20347.60000000005,8727.252600001288
2877,2026-05-14 12:00:00,20347.60000000005,8687.749950001293
2878,2026-05-14 16:00:00,19653.00000000006,7993.1499500013015
2879,2026-05-14 20:00:00,20136.300000000047,8476.44995000129
2880,2026-05-15 00:00:00,18107.400000000052,6447.549950001296
2881,2026-05-15 04:00:00,17979.200000000055,6319.349950001299
2882,2026-05-15 08:00:00,18304.00000000006,6644.1499500013015
2883,2026-05-15 12:00:00,18330.200000000055,6670.349950001299
2884,2026-05-15 16:00:00,18570.10000000005,6910.249950001293
2885,2026-05-15 20:00:00,18770.800000000047,7110.94995000129
2886,2026-05-16 00:00:00,20234.900000000052,8575.049950001296
2887,2026-05-16 04:00:00,20248.700000000055,8588.849950001299
2888,2026-05-16 08:00:00,20278.900000000052,8619.049950001296
2889,2026-05-16 12:00:00,20311.200000000055,8651.349950001299
2890,2026-05-16 16:00:00,21018.60000000005,9319.582800001299
2891,2026-05-16 20:00:00,21018.60000000005,9280.561550001308
2892,2026-05-17 00:00:00,20867.000000000044,9128.961550001302
2893,2026-05-17 04:00:00,20837.300000000047,9099.261550001305
2894,2026-05-17 08:00:00,20956.900000000052,9218.861550001311
2895,2026-05-17 12:00:00,21070.900000000052,9332.861550001311
2896,2026-05-17 16:00:00,20923.900000000052,9185.861550001311
2897,2026-05-17 20:00:00,20689.60000000005,8951.561550001308
2898,2026-05-18 00:00:00,21054.200000000055,9277.158100001325
2899,2026-05-18 04:00:00,21054.200000000055,9277.158100001325
2900,2026-05-18 08:00:00,21054.200000000055,9277.158100001325
2901,2026-05-18 12:00:00,21054.200000000055,9238.708100001328
2902,2026-05-18 16:00:00,20914.80000000006,9099.308100001334
2903,2026-05-18 20:00:00,20699.200000000055,8883.708100001328
2904,2026-05-19 00:00:00,21560.700000000055,9745.208100001328
2905,2026-05-19 04:00:00,21055.700000000055,9240.208100001328
2906,2026-05-19 08:00:00,20991.00000000006,9175.50810000133
2907,2026-05-19 12:00:00,21204.30000000006,9388.808100001334
2908,2026-05-19 16:00:00,20753.80000000006,8938.308100001334
2909,2026-05-19 20:00:00,21277.10000000005,9461.608100001322
2910,2026-05-20 00:00:00,21466.30000000006,9650.808100001334
2911,2026-05-20 04:00:00,21174.200000000055,9358.708100001328
2912,2026-05-20 08:00:00,21154.30000000006,9338.808100001334
2913,2026-05-20 12:00:00,21264.60000000005,9449.108100001322
2914,2026-05-20 16:00:00,20704.30000000006,8888.808100001334
2915,2026-05-20 20:00:00,20603.00000000006,8787.50810000133
2916,2026-05-21 00:00:00,20531.200000000055,8715.708100001328
2917,2026-05-21 04:00:00,20323.60000000005,8508.108100001322
2918,2026-05-21 08:00:00,20443.900000000052,8628.408100001325
2919,2026-05-21 12:00:00,19915.10000000005,8099.608100001322
2920,2026-05-21 16:00:00,20108.00000000006,8292.50810000133
2921,2026-05-21 20:00:00,20796.80000000006,8981.308100001334
2922,2026-05-22 00:00:00,20729.900000000052,8914.408100001325
2923,2026-05-22 04:00:00,20297.10000000005,8481.608100001322
2924,2026-05-22 08:00:00,20368.00000000006,8552.50810000133
2925,2026-05-22 12:00:00,20214.200000000055,8398.708100001328
2926,2026-05-22 16:00:00,20587.30000000006,8771.808100001334
2927,2026-05-22 20:00:00,20559.400000000052,8705.210700001335
2928,2026-05-23 00:00:00,20559.400000000052,8705.210700001335
2929,2026-05-23 04:00:00,20559.400000000052,8705.210700001335
2930,2026-05-23 08:00:00,20559.400000000052,8705.210700001335
2931,2026-05-23 12:00:00,20559.400000000052,8705.210700001335
2932,2026-05-23 16:00:00,20559.400000000052,8667.924150001345
2933,2026-05-23 20:00:00,20369.200000000055,8477.724150001348
2934,2026-05-24 00:00:00,19645.600000000064,7754.124150001357
2935,2026-05-24 04:00:00,19183.00000000006,7291.524150001351
2936,2026-05-24 08:00:00,18417.30000000006,6525.824150001354
2937,2026-05-24 12:00:00,18429.700000000055,6538.224150001348
2938,2026-05-24 16:00:00,18361.200000000055,6469.724150001348
2939,2026-05-24 20:00:00,17843.00000000006,5951.524150001351
2940,2026-05-25 00:00:00,18788.80000000006,6897.324150001354
2941,2026-05-25 04:00:00,18394.00000000006,6502.524150001351
2942,2026-05-25 08:00:00,18102.200000000055,6210.724150001348
2943,2026-05-25 12:00:00,18143.50000000006,6252.024150001351
2944,2026-05-25 16:00:00,17755.50000000006,5825.3356500013615
2945,2026-05-25 20:00:00,17755.50000000006,5786.676550001372
2946,2026-05-26 00:00:00,17486.50000000006,5517.676550001372
2947,2026-05-26 04:00:00,17670.400000000052,5701.576550001366
2948,2026-05-26 08:00:00,17792.200000000055,5823.376550001369
2949,2026-05-26 12:00:00,18444.700000000055,6475.876550001369
2950,2026-05-26 16:00:00,18388.60000000005,6381.434000001362
2951,2026-05-26 20:00:00,18388.60000000005,6381.434000001362
2952,2026-05-27 00:00:00,18388.60000000005,6381.434000001362
2953,2026-05-27 04:00:00,18388.60000000005,6381.434000001362
2954,2026-05-27 08:00:00,18388.60000000005,6381.434000001362
2955,2026-05-27 12:00:00,18388.60000000005,6381.434000001362
2956,2026-05-27 16:00:00,18388.60000000005,6381.434000001362
2957,2026-05-27 20:00:00,18388.60000000005,6343.565050001373
2958,2026-05-28 00:00:00,18826.500000000044,6781.465050001367
2959,2026-05-28 04:00:00,19086.60000000005,7041.565050001373
2960,2026-05-28 08:00:00,19708.400000000038,7663.365050001361
2961,2026-05-28 12:00:00,20902.000000000044,8856.965050001367
2962,2026-05-28 16:00:00,20659.500000000044,8614.465050001367
2963,2026-05-28 20:00:00,20647.400000000038,8602.365050001361
2964,2026-05-29 00:00:00,21227.400000000038,9182.365050001361
2965,2026-05-29 04:00:00,20733.000000000044,8687.965050001367
2966,2026-05-29 08:00:00,20535.10000000005,8490.065050001373
2967,2026-05-29 12:00:00,20857.300000000047,8812.26505000137
2968,2026-05-29 16:00:00,20638.500000000044,8593.465050001367
2969,2026-05-29 20:00:00,20678.900000000038,8633.865050001361
2970,2026-05-30 00:00:00,20351.10000000005,8306.065050001373
2971,2026-05-30 04:00:00,20637.500000000044,8592.465050001367
2972,2026-05-30 08:00:00,20698.300000000047,8653.26505000137
2973,2026-05-30 12:00:00,20634.10000000005,8589.065050001373
2974,2026-05-30 16:00:00,20612.60000000005,8567.565050001373
2975,2026-05-30 20:00:00,20558.60000000005,8513.565050001373
2976,2026-05-31 00:00:00,20238.500000000044,8193.465050001367
2977,2026-05-31 04:00:00,20146.400000000038,8064.375000001368
2978,2026-05-31 08:00:00,20146.400000000038,8064.375000001368
2979,2026-05-31 12:00:00,20146.400000000038,8027.321200001374
2980,2026-05-31 16:00:00,19872.100000000035,7753.021200001371
2981,2026-05-31 20:00:00,19952.400000000038,7833.321200001374
2982,2026-06-01 00:00:00,19652.300000000032,7533.221200001368
2983,2026-06-01 04:00:00,19560.700000000026,7441.621200001362
2984,2026-06-01 08:00:00,19692.00000000003,7572.921200001365
2985,2026-06-01 12:00:00,19770.100000000035,7651.021200001371
2986,2026-06-01 16:00:00,18814.900000000038,6659.4331500013795
2987,2026-06-01 20:00:00,18814.900000000038,6623.20675000138
2988,2026-06-02 00:00:00,20168.300000000047,7976.606750001389
2989,2026-06-02 04:00:00,19696.70000000004,7505.006750001383
2990,2026-06-02 08:00:00,19876.20000000004,7684.506750001383
2991,2026-06-02 12:00:00,20347.000000000044,8155.306750001386
2992,2026-06-02 16:00:00,21188.300000000047,8996.606750001389
2993,2026-06-02 20:00:00,21837.500000000044,9645.806750001386
2994,2026-06-03 00:00:00,23993.70000000004,11802.006750001383
2995,2026-06-03 04:00:00,23981.000000000044,11789.306750001386
2996,2026-06-03 08:00:00,24537.70000000004,12346.006750001383
2997,2026-06-03 12:00:00,25449.300000000047,13257.606750001389
2998,2026-06-03 16:00:00,24081.000000000044,11889.306750001386
2999,2026-06-03 20:00:00,24227.600000000035,12035.906750001377
3000,2026-06-04 00:00:00,25221.20000000004,13029.506750001383
3001,2026-06-04 04:00:00,25839.100000000042,13647.406750001384
3002,2026-06-04 08:00:00,27150.000000000044,14958.306750001386
3003,2026-06-04 12:00:00,26931.500000000044,14739.806750001386
3004,2026-06-04 16:00:00,27706.000000000044,15514.306750001386
3005,2026-06-04 20:00:00,28747.000000000044,16555.306750001386
3006,2026-06-05 00:00:00,27402.900000000038,15211.20675000138
3007,2026-06-05 04:00:00,27667.400000000038,15475.70675000138
3008,2026-06-05 08:00:00,27414.30000000004,15222.606750001381
3009,2026-06-05 12:00:00,28568.000000000044,16376.306750001386
3010,2026-06-05 16:00:00,28192.100000000042,16000.406750001384
3011,2026-06-05 20:00:00,29338.20000000004,17146.506750001383
3012,2026-06-06 00:00:00,30866.900000000038,18675.20675000138
3013,2026-06-06 04:00:00,31000.000000000044,18808.306750001386
3014,2026-06-06 08:00:00,30245.70000000004,18054.006750001383
3015,2026-06-06 12:00:00,30605.100000000042,18413.406750001384
3016,2026-06-06 16:00:00,30292.500000000044,18100.806750001386
3017,2026-06-06 20:00:00,30494.20000000004,18302.506750001383
3018,2026-06-07 00:00:00,30513.600000000042,18321.906750001384
3019,2026-06-07 04:00:00,30703.80000000004,18512.10675000138
3020,2026-06-07 08:00:00,30418.000000000044,18226.306750001386
3021,2026-06-07 12:00:00,29596.600000000042,17404.906750001384
3022,2026-06-07 16:00:00,28901.70000000004,16710.006750001383
3023,2026-06-07 20:00:00,28668.900000000038,16477.20675000138
3024,2026-06-08 00:00:00,29196.100000000042,17004.406750001384
3025,2026-06-08 04:00:00,29963.900000000038,17772.20675000138
3026,2026-06-08 08:00:00,27969.20000000004,15777.506750001383
3027,2026-06-08 12:00:00,28166.100000000042,15974.406750001384
3028,2026-06-08 16:00:00,28007.80000000004,15784.476800001386
3029,2026-06-08 20:00:00,28007.80000000004,15784.476800001386
3030,2026-06-09 00:00:00,28007.80000000004,15784.476800001386
3031,2026-06-09 04:00:00,28007.80000000004,15784.476800001386
3032,2026-06-09 08:00:00,28007.80000000004,15784.476800001386
3033,2026-06-09 12:00:00,28007.80000000004,15784.476800001386
3034,2026-06-09 16:00:00,28007.80000000004,15752.89140000139
3035,2026-06-09 20:00:00,27516.400000000038,15261.491400001389
3036,2026-06-10 00:00:00,25937.700000000033,13682.791400001384
3037,2026-06-10 04:00:00,26905.80000000004,14650.89140000139
3038,2026-06-10 08:00:00,26532.000000000036,14277.091400001387
3039,2026-06-10 12:00:00,26355.200000000033,14100.291400001384
3040,2026-06-10 16:00:00,26491.30000000004,14236.39140000139
3041,2026-06-10 20:00:00,25840.100000000035,13585.191400001386
3042,2026-06-11 00:00:00,27441.80000000004,15186.89140000139
3043,2026-06-11 04:00:00,26745.700000000033,14490.791400001384
3044,2026-06-11 08:00:00,26320.700000000033,14065.791400001384
3045,2026-06-11 12:00:00,27494.500000000036,15239.591400001387
3046,2026-06-11 16:00:00,27530.30000000004,15275.39140000139
3047,2026-06-11 20:00:00,27915.000000000036,15660.091400001387
3048,2026-06-12 00:00:00,27558.100000000035,15303.191400001386
3049,2026-06-12 04:00:00,28404.600000000035,16149.691400001386
3050,2026-06-12 08:00:00,28434.900000000038,16179.991400001389
3051,2026-06-12 12:00:00,28327.000000000036,16072.091400001387
3052,2026-06-12 16:00:00,27903.500000000036,15648.591400001387
3053,2026-06-12 20:00:00,28566.400000000038,16311.491400001389
3054,2026-06-13 00:00:00,28394.000000000036,16139.091400001387
3055,2026-06-13 04:00:00,28392.100000000035,16137.191400001386
3056,2026-06-13 08:00:00,28384.000000000036,16129.091400001387
3057,2026-06-13 12:00:00,28331.400000000038,16076.491400001389
3058,2026-06-13 16:00:00,28660.900000000038,16405.99140000139
3059,2026-06-13 20:00:00,28773.100000000035,16486.22335000139
3060,2026-06-14 00:00:00,28773.100000000035,16454.09085000139
3061,2026-06-14 04:00:00,28772.300000000032,16453.290850001387
3062,2026-06-14 08:00:00,28926.300000000032,16607.290850001387
3063,2026-06-14 12:00:00,29023.100000000035,16704.09085000139
3064,2026-06-14 16:00:00,28900.100000000035,16581.09085000139
3065,2026-06-14 20:00:00,29019.800000000032,16700.790850001387
3066,2026-06-15 00:00:00,28503.300000000032,16184.290850001387
3067,2026-06-15 04:00:00,28285.400000000038,15966.390850001393
3068,2026-06-15 08:00:00,30210.20000000004,17891.190850001396
3069,2026-06-15 12:00:00,30402.800000000032,18083.790850001387
3070,2026-06-15 16:00:00,30150.400000000038,17831.390850001393
3071,2026-06-15 20:00:00,30700.100000000035,18381.09085000139
3072,2026-06-16 00:00:00,31756.600000000035,19437.59085000139
3073,2026-06-16 04:00:00,31087.300000000032,18768.290850001387
3074,2026-06-16 08:00:00,30794.00000000003,18474.990850001384
3075,2026-06-16 12:00:00,30633.50000000003,18314.490850001384
3076,2026-06-16 16:00:00,30849.800000000032,18530.790850001387
3077,2026-06-16 20:00:00,30964.100000000035,18645.09085000139
3078,2026-06-17 00:00:00,30349.900000000038,18030.890850001393
3079,2026-06-17 04:00:00,30161.300000000032,17842.290850001387
3080,2026-06-17 08:00:00,30152.900000000038,17833.890850001393
3081,2026-06-17 12:00:00,30326.70000000004,18007.690850001396
3082,2026-06-17 16:00:00,30012.100000000035,17693.09085000139
3083,2026-06-17 20:00:00,29282.600000000035,16963.59085000139
3084,2026-06-18 00:00:00,30220.800000000032,17901.790850001387
3085,2026-06-18 04:00:00,28779.400000000038,16460.390850001393
3086,2026-06-18 08:00:00,28981.000000000036,16661.99085000139
3087,2026-06-18 12:00:00,28763.100000000035,16444.09085000139
3088,2026-06-18 16:00:00,28978.400000000038,16659.390850001393
3089,2026-06-18 20:00:00,28448.200000000033,16097.220800001392
3090,2026-06-19 00:00:00,28448.200000000026,16066.051900001403
3091,2026-06-19 04:00:00,27860.600000000028,15478.451900001404
3092,2026-06-19 08:00:00,27861.90000000003,15479.751900001407
3093,2026-06-19 12:00:00,28040.90000000003,15658.751900001407
3094,2026-06-19 16:00:00,28193.600000000028,15811.451900001404
3095,2026-06-19 20:00:00,28186.00000000003,15803.851900001406
3096,2026-06-20 00:00:00,27593.00000000003,15210.851900001406
3097,2026-06-20 04:00:00,27784.100000000028,15401.951900001404
3098,2026-06-20 08:00:00,27273.40000000003,14891.251900001407
3099,2026-06-20 12:00:00,27345.50000000003,14963.351900001406
3100,2026-06-20 16:00:00,27161.00000000003,14778.851900001406
3101,2026-06-20 20:00:00,27134.700000000026,14752.551900001403
3102,2026-06-21 00:00:00,26646.50000000003,14264.351900001406
3103,2026-06-21 04:00:00,26880.50000000003,14498.351900001406
3104,2026-06-21 08:00:00,26516.00000000003,14133.851900001406
3105,2026-06-21 12:00:00,26387.200000000026,14005.051900001403
3106,2026-06-21 16:00:00,26615.90000000003,14233.751900001407
3107,2026-06-21 20:00:00,26636.100000000028,14253.951900001404
3108,2026-06-22 00:00:00,26585.700000000026,14203.551900001403
3109,2026-06-22 04:00:00,26612.40000000003,14198.16510000141
3110,2026-06-22 08:00:00,26612.40000000003,14198.16510000141
3111,2026-06-22 12:00:00,26612.40000000003,14166.197550001416
3112,2026-06-22 16:00:00,26865.200000000033,14418.997550001419
3113,2026-06-22 20:00:00,27301.600000000035,14855.39755000142
3114,2026-06-23 00:00:00,27485.300000000032,15039.097550001417
3115,2026-06-23 04:00:00,27125.200000000033,14678.997550001419
3116,2026-06-23 08:00:00,26667.50000000003,14221.297550001414
3117,2026-06-23 12:00:00,26714.600000000035,14268.39755000142
3118,2026-06-23 16:00:00,25526.50000000003,13048.872950001416
3119,2026-06-23 20:00:00,25526.50000000003,13048.872950001416
3120,2026-06-24 00:00:00,25526.50000000003,13017.645050001418
3121,2026-06-24 04:00:00,25616.600000000035,13107.745050001424
3122,2026-06-24 08:00:00,25285.600000000035,12776.745050001424
3123,2026-06-24 12:00:00,25277.700000000033,12768.845050001422
3124,2026-06-24 16:00:00,25352.00000000003,12843.145050001418
3125,2026-06-24 20:00:00,25094.600000000035,12585.745050001424
3126,2026-06-25 00:00:00,27727.40000000003,15218.54505000142
3127,2026-06-25 04:00:00,28058.50000000003,15549.645050001418
3128,2026-06-25 08:00:00,26931.100000000035,14422.245050001424
3129,2026-06-25 12:00:00,27128.40000000003,14619.54505000142
3130,2026-06-25 16:00:00,26095.600000000035,13586.745050001424
3131,2026-06-25 20:00:00,26724.100000000035,14184.615950001426
3132,2026-06-26 00:00:00,26724.100000000035,14154.847850001432
3133,2026-06-26 04:00:00,26960.50000000003,14391.247850001426
3134,2026-06-26 08:00:00,26488.40000000003,13919.147850001427
3135,2026-06-26 12:00:00,26245.300000000032,13676.047850001429
3136,2026-06-26 16:00:00,25769.300000000032,13200.047850001429
3137,2026-06-26 20:00:00,26867.90000000003,14298.647850001427
3138,2026-06-27 00:00:00,25963.700000000033,13394.44785000143
3139,2026-06-27 04:00:00,26540.600000000035,13971.347850001432
3140,2026-06-27 08:00:00,26188.300000000032,13619.047850001429
3141,2026-06-27 12:00:00,25985.600000000035,13416.347850001432
3142,2026-06-27 16:00:00,25738.00000000003,13168.747850001426
3143,2026-06-27 20:00:00,25928.40000000003,13359.147850001427
3144,2026-06-28 00:00:00,25443.100000000035,12873.847850001432
3145,2026-06-28 04:00:00,26110.40000000003,13541.147850001427
3146,2026-06-28 08:00:00,26260.00000000003,13690.747850001426
3147,2026-06-28 12:00:00,26090.800000000032,13521.547850001429
3148,2026-06-28 16:00:00,26067.800000000032,13468.451600001434
3149,2026-06-28 20:00:00,26067.800000000032,13468.451600001434
3150,2026-06-29 00:00:00,26067.800000000032,13468.451600001434
3151,2026-06-29 04:00:00,26067.80000000004,13438.725900001438
3152,2026-06-29 08:00:00,25969.000000000044,13339.925900001443
3153,2026-06-29 12:00:00,25499.400000000038,12870.325900001437
3154,2026-06-29 16:00:00,25520.30000000004,12891.225900001438
3155,2026-06-29 20:00:00,25592.000000000044,12932.962300001447
3156,2026-06-30 00:00:00,25592.000000000044,12932.962300001447
3157,2026-06-30 04:00:00,25592.000000000044,12932.962300001447
3158,2026-06-30 08:00:00,25592.000000000044,12932.962300001447
3159,2026-06-30 12:00:00,25592.000000000044,12932.962300001447
3160,2026-06-30 16:00:00,25592.000000000044,12932.962300001447
3161,2026-06-30 20:00:00,25592.000000000044,12932.962300001447
3162,2026-07-01 00:00:00,25592.000000000044,12903.78420000145
3163,2026-07-01 04:00:00,25153.80000000004,12465.584200001445
3164,2026-07-01 08:00:00,25342.80000000004,12654.584200001445
3165,2026-07-01 12:00:00,24778.600000000042,12090.384200001448
3166,2026-07-01 16:00:00,25203.80000000004,12515.584200001445
3167,2026-07-01 20:00:00,25355.30000000004,12667.084200001445
3168,2026-07-02 00:00:00,23829.70000000004,11141.484200001447
3169,2026-07-02 04:00:00,23948.20000000004,11259.984200001447
3170,2026-07-02 08:00:00,23948.600000000042,11260.384200001448
3171,2026-07-02 12:00:00,22915.30000000004,10227.084200001445
3172,2026-07-02 16:00:00,23822.400000000038,11104.121300001447
3173,2026-07-02 20:00:00,23822.400000000038,11104.121300001447
3174,2026-07-03 00:00:00,23822.400000000038,11104.121300001447
3175,2026-07-03 04:00:00,23822.400000000038,11104.121300001447
3176,2026-07-03 08:00:00,23822.400000000038,11104.121300001447
3177,2026-07-03 12:00:00,23822.400000000038,11104.121300001447
3178,2026-07-03 16:00:00,23822.400000000038,11104.121300001447
3179,2026-07-03 20:00:00,23822.400000000038,11104.121300001447
3180,2026-07-04 00:00:00,23822.400000000038,11104.121300001447
3181,2026-07-04 04:00:00,23822.400000000038,11073.032100001452
3182,2026-07-04 08:00:00,24209.500000000036,11460.13210000145
3183,2026-07-04 12:00:00,24253.600000000035,11504.232100001449
3184,2026-07-04 16:00:00,24193.000000000036,11443.63210000145
3185,2026-07-04 20:00:00,24102.700000000033,11353.332100001448
3186,2026-07-05 00:00:00,24552.80000000004,11803.432100001453
3187,2026-07-05 04:00:00,24912.100000000035,12162.732100001449
3188,2026-07-05 08:00:00,24758.80000000004,12009.432100001453
3189,2026-07-05 12:00:00,24383.100000000035,11633.732100001449
3190,2026-07-05 16:00:00,24639.100000000035,11889.732100001449
3191,2026-07-05 20:00:00,24274.000000000036,11524.63210000145
3192,2026-07-06 00:00:00,24355.900000000038,11606.532100001452
3193,2026-07-06 04:00:00,24388.000000000036,11638.63210000145
3194,2026-07-06 08:00:00,25261.100000000035,12511.732100001449
3195,2026-07-06 12:00:00,24917.000000000036,12167.63210000145
3196,2026-07-06 16:00:00,24708.500000000036,11959.13210000145
3197,2026-07-06 20:00:00,24105.400000000038,11356.032100001452
3198,2026-07-07 00:00:00,25167.100000000035,12417.732100001449
3199,2026-07-07 04:00:00,25353.80000000004,12604.432100001453
3200,2026-07-07 08:00:00,25667.600000000035,12918.232100001449
3201,2026-07-07 12:00:00,24809.000000000036,12059.63210000145
3202,2026-07-07 16:00:00,24706.600000000035,11957.232100001449
3203,2026-07-07 20:00:00,25021.700000000033,12272.332100001448
3204,2026-07-08 00:00:00,25554.000000000036,12804.63210000145
3205,2026-07-08 04:00:00,25438.900000000038,12689.532100001452
3206,2026-07-08 08:00:00,24979.400000000038,12230.032100001452
3207,2026-07-08 12:00:00,24385.000000000036,11635.63210000145
3208,2026-07-08 16:00:00,24498.100000000035,11748.732100001449
3209,2026-07-08 20:00:00,23914.000000000036,11164.63210000145
3210,2026-07-09 00:00:00,23318.500000000036,10569.13210000145
3211,2026-07-09 04:00:00,23895.900000000038,11115.406150001458
3212,2026-07-09 08:00:00,23895.900000000038,11115.406150001458
3213,2026-07-09 12:00:00,23895.90000000003,11084.43460000147
3214,2026-07-09 16:00:00,22865.300000000032,10053.834600001472
3215,2026-07-09 20:00:00,23083.00000000003,10271.534600001469
3216,2026-07-10 00:00:00,23003.600000000028,10192.134600001467
3217,2026-07-10 04:00:00,22616.100000000028,9804.634600001467
3218,2026-07-10 08:00:00,22642.00000000003,9830.534600001469
3219,2026-07-10 12:00:00,21921.800000000032,9110.334600001472
3220,2026-07-10 16:00:00,21882.90000000003,9071.43460000147
3221,2026-07-10 20:00:00,21444.800000000032,8633.334600001472
3222,2026-07-11 00:00:00,21820.300000000032,9008.834600001472
3223,2026-07-11 04:00:00,21938.600000000028,9127.134600001467
3224,2026-07-11 08:00:00,21709.50000000003,8898.034600001469
3225,2026-07-11 12:00:00,21721.800000000032,8910.334600001472
3226,2026-07-11 16:00:00,21706.40000000003,8894.93460000147
3227,2026-07-11 20:00:00,21663.00000000003,8851.534600001469
3228,2026-07-12 00:00:00,21700.00000000003,8888.534600001469
3229,2026-07-12 04:00:00,21577.00000000003,8765.534600001469
3230,2026-07-12 08:00:00,22056.00000000003,9212.64310000147
3231,2026-07-12 12:00:00,22056.00000000003,9212.64310000147
3232,2026-07-12 16:00:00,22056.00000000003,9180.714900001476
3233,2026-07-12 20:00:00,22193.40000000003,9318.114900001478
3234,2026-07-13 00:00:00,22349.50000000003,9474.214900001476
3235,2026-07-13 04:00:00,22401.50000000003,9526.214900001476
3236,2026-07-13 08:00:00,21949.600000000028,9042.439900001475
3237,2026-07-13 12:00:00,21949.60000000002,9011.049800001478
3238,2026-07-13 16:00:00,21777.10000000002,8838.549800001478
3239,2026-07-13 20:00:00,21848.500000000015,8909.949800001472
3240,2026-07-14 00:00:00,22133.20000000002,9194.649800001476
3241,2026-07-14 04:00:00,22471.800000000017,9533.249800001475
3242,2026-07-14 08:00:00,22422.800000000017,9484.249800001475
3243,2026-07-14 12:00:00,22191.60000000002,9253.049800001478
3244,2026-07-14 16:00:00,22200.10000000002,9261.549800001478
3245,2026-07-14 20:00:00,21919.500000000015,8980.949800001472
3246,2026-07-15 00:00:00,20002.300000000017,7063.749800001475
3247,2026-07-15 04:00:00,20186.800000000017,7248.249800001475
3248,2026-07-15 08:00:00,19715.10000000002,6776.549800001478
3249,2026-07-15 12:00:00,19969.000000000015,7030.449800001472
3250,2026-07-15 16:00:00,20201.800000000017,7263.249800001475
3251,2026-07-15 20:00:00,20022.300000000017,7083.749800001475
3252,2026-07-16 00:00:00,19338.20000000002,6399.649800001476
3253,2026-07-16 04:00:00,19787.800000000017,6849.249800001475
3254,2026-07-16 08:00:00,20008.400000000016,7069.849800001473
3255,2026-07-16 12:00:00,20136.800000000017,7165.953300001478
3256,2026-07-16 16:00:00,20136.800000000017,7165.953300001478
3257,2026-07-16 20:00:00,20136.800000000017,7165.953300001478
3258,2026-07-17 00:00:00,20136.800000000017,7133.614450001485
3259,2026-07-17 04:00:00,19700.70000000002,6697.514450001487
3260,2026-07-17 08:00:00,19260.10000000002,6256.914450001488
3261,2026-07-17 12:00:00,18997.20000000002,5994.014450001487
3262,2026-07-17 16:00:00,18252.000000000022,5217.418000001497
3263,2026-07-17 20:00:00,18252.000000000022,5217.418000001497
3264,2026-07-18 00:00:00,18252.000000000022,5217.418000001497
3265,2026-07-18 04:00:00,18252.000000000022,5217.418000001497
3266,2026-07-18 08:00:00,18252.000000000022,5217.418000001497
3267,2026-07-18 12:00:00,18252.00000000003,5185.423250001506
3268,2026-07-18 16:00:00,18261.40000000003,5194.823250001507
3269,2026-07-18 20:00:00,18208.200000000026,5141.623250001503
3270,2026-07-19 00:00:00,18151.50000000003,5084.923250001506
3271,2026-07-19 04:00:00,17715.200000000026,4648.623250001503
3272,2026-07-19 08:00:00,17434.800000000032,4335.819900001516
3273,2026-07-19 12:00:00,17434.800000000032,4335.819900001516
3274,2026-07-19 16:00:00,17434.800000000032,4335.819900001516
3275,2026-07-19 20:00:00,17434.800000000032,4335.819900001516
3276,2026-07-20 00:00:00,17434.800000000032,4335.819900001516
3277,2026-07-20 04:00:00,17434.800000000032,4335.819900001516
3278,2026-07-20 08:00:00,17434.800000000032,4335.819900001516
3279,2026-07-20 12:00:00,17434.800000000032,4335.819900001516
3280,2026-07-20 16:00:00,17434.800000000032,4303.694900001516
3281,2026-07-20 20:00:00,18155.600000000035,5024.4949000015185
3282,2026-07-21 00:00:00,18754.900000000038,5623.7949000015215
3283,2026-07-21 04:00:00,18304.100000000035,5172.9949000015185
3284,2026-07-21 08:00:00,18409.600000000035,5278.4949000015185
3285,2026-07-21 12:00:00,18724.300000000032,5593.194900001516
3286,2026-07-21 16:00:00,19351.700000000026,6220.59490000151
3287,2026-07-21 20:00:00,19502.700000000026,6371.59490000151
3288,2026-07-22 00:00:00,19833.300000000032,6702.194900001516
3289,2026-07-22 04:00:00,19594.300000000032,6463.194900001516
3290,2026-07-22 08:00:00,19707.200000000026,6576.09490000151
3291,2026-07-22 12:00:00,19361.50000000003,6230.394900001513
3292,2026-07-22 16:00:00,18998.200000000026,5867.09490000151
3293,2026-07-22 20:00:00,19166.200000000026,6035.09490000151
3294,2026-07-23 00:00:00,19199.600000000035,6068.4949000015185
3295,2026-07-23 04:00:00,19075.900000000038,5944.7949000015215
3296,2026-07-23 08:00:00,19266.800000000032,6135.694900001516
3297,2026-07-23 12:00:00,18811.600000000035,5680.4949000015185
3298,2026-07-23 16:00:00,18590.100000000035,5458.9949000015185
3299,2026-07-23 20:00:00,18710.200000000033,5579.094900001517
3300,2026-07-24 00:00:00,18125.200000000033,4961.624700001521
3301,2026-07-24 04:00:00,18125.200000000026,4929.214350001523
3302,2026-07-24 08:00:00,17876.300000000025,4680.314350001521
3303,2026-07-24 12:00:00,17520.500000000022,4324.514350001518
3304,2026-07-24 16:00:00,17475.900000000023,4279.91435000152
3305,2026-07-24 20:00:00,17900.200000000026,4704.214350001523
3306,2026-07-25 00:00:00,18880.800000000025,5684.814350001521
3307,2026-07-25 04:00:00,18746.400000000023,5550.41435000152
3308,2026-07-25 08:00:00,18829.400000000023,5633.41435000152
3309,2026-07-25 12:00:00,18893.000000000022,5697.014350001518
3310,2026-07-25 16:00:00,18973.000000000022,5777.014350001518
3311,2026-07-25 20:00:00,18914.60000000002,5718.614350001517
3312,2026-07-26 00:00:00,18795.900000000023,5599.91435000152
3313,2026-07-26 04:00:00,18586.300000000025,5390.314350001521
3314,2026-07-26 08:00:00,18607.800000000025,5411.814350001521
3315,2026-07-26 12:00:00,18427.10000000002,5231.114350001517
3316,2026-07-26 16:00:00,18604.700000000026,5408.714350001523
3317,2026-07-26 20:00:00,18464.500000000022,5268.514350001518
3318,2026-07-27 00:00:00,18212.300000000025,5016.314350001521
3319,2026-07-27 04:00:00,18280.400000000023,5084.41435000152
3320,2026-07-27 08:00:00,17570.800000000025,4342.126800001526
3321,2026-07-27 12:00:00,17570.800000000025,4342.126800001526
3322,2026-07-27 16:00:00,17570.800000000025,4342.126800001526
3323,2026-07-27 20:00:00,17570.800000000025,4342.126800001526
3324,2026-07-28 00:00:00,17570.800000000025,4309.8682500015275
3325,2026-07-28 04:00:00,18012.900000000023,4751.968250001526
3326,2026-07-28 08:00:00,16774.50000000003,3513.568250001532
3327,2026-07-28 12:00:00,16363.800000000025,3102.8682500015275
3328,2026-07-28 16:00:00,16530.50000000003,3237.829850001537
3329,2026-07-28 20:00:00,16530.50000000003,3237.829850001537
3330,2026-07-29 00:00:00,16530.50000000003,3237.829850001537
3331,2026-07-29 04:00:00,16530.50000000003,3237.829850001537
3332,2026-07-29 08:00:00,16530.50000000003,3237.829850001537
3333,2026-07-29 12:00:00,16530.50000000003,3237.829850001537
3334,2026-07-29 16:00:00,16530.50000000003,3237.829850001537
3335,2026-07-29 20:00:00,16530.50000000003,3237.829850001537
3336,2026-07-30 00:00:00,16530.50000000003,3237.829850001537
3337,2026-07-30 04:00:00,16530.50000000003,3237.829850001537
3338,2026-07-30 08:00:00,16530.50000000003,3237.829850001537
3339,2026-07-30 12:00:00,16530.50000000003,3237.829850001537
3340,2026-07-30 16:00:00,16530.50000000003,3237.829850001537
3341,2026-07-30 20:00:00,16530.50000000003,3237.829850001537
3342,2026-07-31 00:00:00,16530.50000000003,3237.829850001537
3343,2026-07-31 04:00:00,16530.50000000003,3237.829850001537
3344,2026-07-31 08:00:00,16530.50000000003,3205.454850001537
3345,2026-07-31 12:00:00,16124.50000000003,2799.454850001537
3346,2026-07-31 16:00:00,15689.600000000028,2364.5548500015357
3347,2026-07-31 20:00:00,15559.90000000003,2234.8548500015386
3348,2026-08-01 00:00:00,14475.90000000003,1150.8548500015386
3349,2026-08-01 04:00:00,14727.700000000026,1402.6548500015342
3350,2026-08-01 08:00:00,14640.40000000003,1315.3548500015386
3351,2026-08-01 12:00:00,14754.300000000032,1429.25485000154
3352,2026-08-01 16:00:00,14800.100000000028,1475.0548500015357
3353,2026-08-01 20:00:00,14825.600000000028,1500.5548500015357
3354,2026-08-02 00:00:00,14756.90000000003,1400.3666500015388
3355,2026-08-02 04:00:00,14756.90000000003,1400.3666500015388
3356,2026-08-02 08:00:00,14756.90000000003,1400.3666500015388
3357,2026-08-02 12:00:00,14756.90000000003,1400.3666500015388
3358,2026-08-02 16:00:00,14756.90000000003,1400.3666500015388
3359,2026-08-02 20:00:00,14756.900000000038,1368.86300000154
3360,2026-08-03 00:00:00,14682.600000000042,1294.5630000015444
3361,2026-08-03 04:00:00,14331.30000000004,943.2630000015415
3362,2026-08-03 08:00:00,14214.20000000004,826.163000001543
3363,2026-08-03 12:00:00,14924.500000000044,1505.0431500015475
3364,2026-08-03 16:00:00,14924.500000000044,1505.0431500015475
3365,2026-08-03 20:00:00,14924.500000000044,1505.0431500015475
3366,2026-08-04 00:00:00,14924.500000000044,1473.2134000015503
3367,2026-08-04 04:00:00,15101.900000000045,1650.6134000015518
3368,2026-08-04 08:00:00,14762.20000000004,1310.9134000015474
3369,2026-08-04 12:00:00,15036.000000000044,1584.7134000015503
3370,2026-08-04 16:00:00,14931.500000000044,1480.2134000015503
3371,2026-08-04 20:00:00,15165.20000000004,1713.9134000015474
3372,2026-08-05 00:00:00,15353.400000000045,1902.1134000015518
3373,2026-08-05 04:00:00,15462.300000000047,2011.0134000015532
3374,2026-08-05 08:00:00,15340.500000000044,1889.2134000015503
3375,2026-08-05 12:00:00,15410.600000000042,1959.3134000015489
3376,2026-08-05 16:00:00,15406.000000000044,1954.7134000015503
3377,2026-08-05 20:00:00,15309.600000000042,1858.3134000015489
3378,2026-08-06 00:00:00,15618.600000000042,2167.313400001549
3379,2026-08-06 04:00:00,16070.70000000004,2587.010550001549
3380,2026-08-06 08:00:00,16070.70000000004,2587.010550001549
3381,2026-08-06 12:00:00,16070.70000000004,2554.7624500015518
3382,2026-08-06 16:00:00,16363.900000000045,2847.962450001556
3383,2026-08-06 20:00:00,16164.600000000042,2648.662450001553
3384,2026-08-07 00:00:00,16178.70000000004,2662.7624500015518
3385,2026-08-07 04:00:00,15987.300000000047,2471.3624500015576
3386,2026-08-07 08:00:00,15874.500000000044,2358.5624500015547
3387,2026-08-07 12:00:00,15838.500000000044,2322.5624500015547
3388,2026-08-07 16:00:00,15863.400000000045,2347.462450001556
3389,2026-08-07 20:00:00,16570.600000000042,3054.662450001553
3390,2026-08-08 00:00:00,16459.900000000045,2943.962450001556
3391,2026-08-08 04:00:00,16507.400000000045,2991.462450001556
3392,2026-08-08 08:00:00,16459.900000000045,2943.962450001556
3393,2026-08-08 12:00:00,16574.500000000044,3058.5624500015547
3394,2026-08-08 16:00:00,16510.800000000047,2994.8624500015576
3395,2026-08-08 20:00:00,16513.000000000044,2997.0624500015547
3396,2026-08-09 00:00:00,16623.800000000047,3107.8624500015576
3397,2026-08-09 04:00:00,16620.000000000044,3104.0624500015547
3398,2026-08-09 08:00:00,16503.000000000044,2987.0624500015547
3399,2026-08-09 12:00:00,16333.500000000044,2817.5624500015547
3400,2026-08-09 16:00:00,16368.100000000042,2852.162450001553
3401,2026-08-09 20:00:00,16496.300000000047,2980.3624500015576
3402,2026-08-10 00:00:00,16782.20000000004,3266.2624500015518
3403,2026-08-10 04:00:00,16727.70000000004,3211.7624500015518
3404,2026-08-10 08:00:00,16442.300000000047,2926.3624500015576
3405,2026-08-10 12:00:00,16520.900000000045,3004.962450001556
3406,2026-08-10 16:00:00,16757.500000000044,3241.5624500015547
3407,2026-08-10 20:00:00,16672.100000000042,3156.162450001553
3408,2026-08-11 00:00:00,15843.300000000047,2295.228050001562
3409,2026-08-11 04:00:00,15843.300000000047,2263.219450001561
3410,2026-08-11 08:00:00,15921.20000000004,2341.1194500015554
3411,2026-08-11 12:00:00,15749.800000000047,2169.719450001561
3412,2026-08-11 16:00:00,15828.800000000047,2248.719450001561
3413,2026-08-11 20:00:00,15502.20000000004,1922.1194500015554
3414,2026-08-12 00:00:00,16275.20000000004,2695.1194500015554
3415,2026-08-12 04:00:00,16352.000000000044,2771.9194500015583
3416,2026-08-12 08:00:00,16288.500000000044,2708.4194500015583
3417,2026-08-12 12:00:00,16060.400000000045,2480.3194500015597
3418,2026-08-12 16:00:00,16055.70000000004,2475.6194500015554
3419,2026-08-12 20:00:00,15653.20000000004,2073.1194500015554
3420,2026-08-13 00:00:00,16439.100000000042,2859.019450001557
3421,2026-08-13 04:00:00,16465.600000000042,2885.519450001557
3422,2026-08-13 08:00:00,16405.800000000047,2825.719450001561
3423,2026-08-13 12:00:00,16237.000000000044,2625.107700001565
3424,2026-08-13 16:00:00,16237.000000000044,2625.107700001565
3425,2026-08-13 20:00:00,16237.000000000044,2593.378450001561
3426,2026-08-14 00:00:00,16310.500000000044,2666.878450001561
3427,2026-08-14 04:00:00,16308.100000000042,2664.4784500015594
3428,2026-08-14 08:00:00,16238.800000000047,2595.1784500015638
3429,2026-08-14 12:00:00,16407.400000000045,2763.7784500015623
3430,2026-08-14 16:00:00,16807.400000000045,3163.7784500015623
3431,2026-08-14 20:00:00,16858.100000000042,3214.4784500015594
3432,2026-08-15 00:00:00,16739.500000000044,3095.878450001561
3433,2026-08-15 04:00:00,16759.20000000004,3115.578450001558
3434,2026-08-15 08:00:00,16680.500000000044,3036.878450001561
3435,2026-08-15 12:00:00,16665.20000000004,3021.578450001558
3436,2026-08-15 16:00:00,16645.70000000004,3002.078450001558
3437,2026-08-15 20:00:00,16702.400000000045,3058.7784500015623
3438,2026-08-16 00:00:00,16627.500000000044,2983.878450001561
3439,2026-08-16 04:00:00,16601.900000000045,2958.2784500015623
3440,2026-08-16 08:00:00,16641.600000000042,2997.9784500015594
3441,2026-08-16 12:00:00,16598.900000000045,2955.2784500015623
3442,2026-08-16 16:00:00,16661.20000000004,3017.578450001558
3443,2026-08-16 20:00:00,16714.400000000045,3070.7784500015623
3444,2026-08-17 00:00:00,16581.70000000004,2938.078450001558
3445,2026-08-17 04:00:00,16613.300000000047,2969.6784500015638
3446,2026-08-17 08:00:00,16819.500000000044,3175.878450001561
3447,2026-08-17 12:00:00,16285.70000000004,2610.373550001561
3448,2026-08-17 16:00:00,16285.70000000004,2610.373550001561
3449,2026-08-17 20:00:00,16285.70000000004,2578.5735500015653
3450,2026-08-18 00:00:00,16855.600000000042,3148.4735500015668
3451,2026-08-18 04:00:00,16966.100000000042,3258.9735500015668
3452,2026-08-18 08:00:00,17189.80000000004,3482.673550001564
3453,2026-08-18 12:00:00,16833.100000000042,3125.9735500015668
3454,2026-08-18 16:00:00,16856.600000000042,3149.4735500015668
3455,2026-08-18 20:00:00,17011.70000000004,3304.5735500015653
3456,2026-08-19 00:00:00,17509.600000000042,3802.4735500015668
3457,2026-08-19 04:00:00,17305.400000000038,3598.2735500015624
3458,2026-08-19 08:00:00,17379.70000000004,3672.5735500015653
3459,2026-08-19 12:00:00,16982.000000000044,3274.873550001568
3460,2026-08-19 16:00:00,16951.80000000004,3212.540500001567
3461,2026-08-19 20:00:00,16951.80000000004,3180.301000001571
3462,2026-08-20 00:00:00,20996.500000000036,7225.001000001568
3463,2026-08-20 04:00:00,20876.900000000045,7105.401000001577
3464,2026-08-20 08:00:00,21782.80000000004,8011.301000001571
3465,2026-08-20 12:00:00,21656.30000000004,7884.801000001571
3466,2026-08-20 16:00:00,22288.700000000033,8517.201000001565
3467,2026-08-20 20:00:00,24369.000000000036,10597.501000001568
3468,2026-08-21 00:00:00,24901.80000000004,11130.301000001571
3469,2026-08-21 04:00:00,25122.500000000036,11351.001000001568
3470,2026-08-21 08:00:00,25471.500000000036,11700.001000001568
3471,2026-08-21 12:00:00,26955.700000000033,13184.201000001565
3472,2026-08-21 16:00:00,28783.200000000033,15011.701000001565
3473,2026-08-21 20:00:00,29221.80000000004,15450.301000001571
3474,2026-08-22 00:00:00,29692.600000000042,15921.101000001574
3475,2026-08-22 04:00:00,29468.200000000033,15696.701000001565
3476,2026-08-22 08:00:00,30781.900000000045,17010.401000001577
3477,2026-08-22 12:00:00,30867.80000000004,17096.30100000157
3478,2026-08-22 16:00:00,29759.500000000036,15988.001000001568
3479,2026-08-22 20:00:00,29610.700000000033,15839.201000001565
3480,2026-08-23 00:00:00,29468.400000000045,15696.901000001577
3481,2026-08-23 04:00:00,29895.200000000033,16123.701000001565
3482,2026-08-23 08:00:00,29557.30000000004,15785.801000001571
3483,2026-08-23 12:00:00,29413.900000000045,15642.401000001577
3484,2026-08-23 16:00:00,28493.100000000042,14721.601000001574
3485,2026-08-23 20:00:00,29768.80000000004,15997.301000001571
3486,2026-08-24 00:00:00,29596.80000000004,15825.301000001571
3487,2026-08-24 04:00:00,29777.900000000045,16006.401000001577
3488,2026-08-24 08:00:00,30191.900000000045,16420.401000001577
3489,2026-08-24 12:00:00,29398.000000000036,15626.501000001568
3490,2026-08-24 16:00:00,29774.600000000042,16003.101000001574
3491,2026-08-24 20:00:00,30902.200000000033,17130.701000001565
3492,2026-08-25 00:00:00,31542.100000000042,17770.601000001574
3493,2026-08-25 04:00:00,31187.900000000045,17416.401000001577
3494,2026-08-25 08:00:00,31425.80000000004,17654.30100000157
3495,2026-08-25 12:00:00,32930.400000000045,19158.901000001577
3496,2026-08-25 16:00:00,32134.30000000004,18362.80100000157
3497,2026-08-25 20:00:00,31569.80000000004,17798.30100000157
3498,2026-08-26 00:00:00,31935.900000000045,18164.401000001577
3499,2026-08-26 04:00:00,31363.500000000036,17592.001000001568
3500,2026-08-26 08:00:00,30978.200000000033,17206.701000001565
3501,2026-08-26 12:00:00,31521.80000000004,17750.30100000157
3502,2026-08-26 16:00:00,31359.80000000004,17588.30100000157
3503,2026-08-26 20:00:00,30915.400000000045,17143.901000001577
3504,2026-08-27 00:00:00,30453.500000000036,16682.001000001568
3505,2026-08-27 04:00:00,30907.700000000033,17136.201000001565
3506,2026-08-27 08:00:00,31462.200000000033,17690.701000001565
3507,2026-08-27 12:00:00,31274.600000000042,17503.101000001574
3508,2026-08-27 16:00:00,31527.200000000033,17716.17380000157
3509,2026-08-27 20:00:00,31527.200000000033,17716.17380000157
3510,2026-08-28 00:00:00,31527.200000000033,17716.17380000157
3511,2026-08-28 04:00:00,31527.200000000033,17716.17380000157
3512,2026-08-28 08:00:00,31527.200000000033,17716.17380000157
3513,2026-08-28 12:00:00,31527.200000000033,17716.17380000157
3514,2026-08-28 16:00:00,31527.200000000033,17716.17380000157
3515,2026-08-28 20:00:00,31527.200000000033,17676.392200001566
3516,2026-08-29 00:00:00,30273.000000000036,16422.19220000157
3517,2026-08-29 04:00:00,29510.40000000003,15659.592200001563
3518,2026-08-29 08:00:00,29769.90000000003,15919.092200001563
3519,2026-08-29 12:00:00,29446.200000000033,15595.392200001566
3520,2026-08-29 16:00:00,29551.000000000036,15700.19220000157
3521,2026-08-29 20:00:00,29527.40000000003,15676.592200001563
3522,2026-08-30 00:00:00,29788.100000000042,15937.292200001575
3523,2026-08-30 04:00:00,30118.90000000003,16268.092200001563
3524,2026-08-30 08:00:00,30164.700000000033,16274.791850001573
3525,2026-08-30 12:00:00,30164.700000000033,16274.791850001573
3526,2026-08-30 16:00:00,30164.700000000033,16274.791850001573
3527,2026-08-30 20:00:00,30164.700000000033,16274.791850001573
3528,2026-08-31 00:00:00,30164.700000000033,16274.791850001573
3529,2026-08-31 04:00:00,30164.700000000033,16274.791850001573
3530,2026-08-31 08:00:00,30164.700000000033,16274.791850001573
3531,2026-08-31 12:00:00,30164.700000000033,16274.791850001573
3532,2026-08-31 16:00:00,30164.700000000033,16274.791850001573
3533,2026-08-31 20:00:00,30164.700000000033,16274.791850001573
3534,2026-09-01 00:00:00,30164.700000000033,16274.791850001573
3535,2026-09-01 04:00:00,30164.700000000033,16235.35725000158
3536,2026-09-01 08:00:00,29845.100000000042,15915.757250001589
3537,2026-09-01 12:00:00,29949.40000000003,16020.057250001577
3538,2026-09-01 16:00:00,29895.700000000033,15966.35725000158
3539,2026-09-01 20:00:00,29351.90000000003,15422.557250001577
3540,2026-09-02 00:00:00,29172.80000000004,15243.457250001586
3541,2026-09-02 04:00:00,28581.80000000004,14652.457250001586
3542,2026-09-02 08:00:00,28695.600000000042,14766.257250001589
3543,2026-09-02 12:00:00,28829.80000000004,14900.457250001586
3544,2026-09-02 16:00:00,28740.40000000003,14772.334800001576
3545,2026-09-02 20:00:00,28740.400000000023,14733.940500001569
3546,2026-09-03 00:00:00,28279.100000000035,14272.64050000158
3547,2026-09-03 04:00:00,28227.700000000026,14221.240500001571
3548,2026-09-03 08:00:00,28229.00000000003,14222.540500001574
3549,2026-09-03 12:00:00,27863.700000000026,13857.240500001571
3550,2026-09-03 16:00:00,27901.700000000026,13895.240500001571
3551,2026-09-03 20:00:00,27619.300000000032,13612.840500001577
3552,2026-09-04 00:00:00,24212.300000000032,10165.18215000158
3553,2026-09-04 04:00:00,24212.300000000032,10124.320700001583
3554,2026-09-04 08:00:00,23720.100000000035,9632.120700001586
3555,2026-09-04 12:00:00,23297.400000000038,9209.420700001589
3556,2026-09-04 16:00:00,23117.400000000038,9029.420700001589
3557,2026-09-04 20:00:00,23677.400000000038,9589.420700001589
3558,2026-09-05 00:00:00,21874.20000000004,7786.2207000015915
3559,2026-09-05 04:00:00,22244.100000000035,8156.120700001586
3560,2026-09-05 08:00:00,22105.500000000044,8017.520700001594
3561,2026-09-05 12:00:00,22033.300000000032,7945.320700001583
3562,2026-09-05 16:00:00,22162.400000000038,8074.420700001589
3563,2026-09-05 20:00:00,22066.800000000032,7939.032000001593
3564,2026-09-06 00:00:00,22066.800000000032,7899.151900001598
3565,2026-09-06 04:00:00,22026.50000000003,7858.851900001595
3566,2026-09-06 08:00:00,22104.300000000032,7936.651900001598
3567,2026-09-06 12:00:00,22297.600000000035,8129.951900001601
3568,2026-09-06 16:00:00,22072.800000000032,7905.151900001598
3569,2026-09-06 20:00:00,22185.00000000003,8017.351900001595
3570,2026-09-07 00:00:00,21984.400000000038,7816.751900001604
3571,2026-09-07 04:00:00,22111.300000000032,7903.749550001608
3572,2026-09-07 08:00:00,22111.300000000032,7863.599000001617
3573,2026-09-07 12:00:00,22852.400000000038,8604.699000001623
3574,2026-09-07 16:00:00,23054.70000000004,8806.999000001626
3575,2026-09-07 20:00:00,23035.600000000035,8787.89900000162
3576,2026-09-08 00:00:00,23626.300000000032,9378.599000001617
3577,2026-09-08 04:00:00,23087.100000000035,8839.39900000162
3578,2026-09-08 08:00:00,23336.500000000044,9088.799000001629
3579,2026-09-08 12:00:00,23532.400000000038,9284.699000001623
3580,2026-09-08 16:00:00,23967.400000000038,9719.699000001623
3581,2026-09-08 20:00:00,24012.400000000038,9764.699000001623
3582,2026-09-09 00:00:00,23542.400000000038,9294.699000001623
3583,2026-09-09 04:00:00,24005.100000000035,9757.39900000162
3584,2026-09-09 08:00:00,23986.800000000032,9739.099000001617
3585,2026-09-09 12:00:00,23818.70000000004,9570.999000001626
3586,2026-09-09 16:00:00,23166.400000000038,8918.699000001623
3587,2026-09-09 20:00:00,23130.70000000004,8882.999000001626
3588,2026-09-10 00:00:00,23842.400000000038,9594.699000001623
3589,2026-09-10 04:00:00,24218.000000000044,9970.299000001629
3590,2026-09-10 08:00:00,24148.300000000032,9900.599000001617
3591,2026-09-10 12:00:00,24115.000000000044,9867.299000001629
3592,2026-09-10 16:00:00,24341.300000000032,10093.599000001617
3593,2026-09-10 20:00:00,24596.000000000044,10348.299000001629
3594,2026-09-11 00:00:00,25193.900000000038,10946.199000001623
3595,2026-09-11 04:00:00,25283.300000000032,11035.599000001617
3596,2026-09-11 08:00:00,25876.70000000004,11628.999000001626
3597,2026-09-11 12:00:00,25551.600000000035,11303.89900000162
3598,2026-09-11 16:00:00,25224.300000000032,10976.599000001617
3599,2026-09-11 20:00:00,25412.300000000032,11164.599000001617
3600,2026-09-12 00:00:00,24729.500000000044,10481.799000001629
3601,2026-09-12 04:00:00,25161.70000000004,10913.999000001626
3602,2026-09-12 08:00:00,25221.300000000032,10973.599000001617
3603,2026-09-12 12:00:00,25175.600000000035,10927.89900000162
3604,2026-09-12 16:00:00,25175.500000000044,10927.799000001629
3605,2026-09-12 20:00:00,25086.600000000035,10838.89900000162
3606,2026-09-13 00:00:00,25068.70000000004,10820.999000001626
3607,2026-09-13 04:00:00,25328.300000000032,11080.599000001617
3608,2026-09-13 08:00:00,25169.600000000035,10921.89900000162
3609,2026-09-13 12:00:00,25250.20000000004,11002.499000001626
3610,2026-09-13 16:00:00,25324.70000000004,11038.455150001624
3611,2026-09-13 20:00:00,25324.70000000004,11000.078700001628
3612,2026-09-14 00:00:00,25390.300000000047,11065.678700001634
