,date,money
0,2026-01-20 00:00:00,0.0
1,2026-01-20 01:00:00,0.0
2,2026-01-20 02:00:00,58.86999999999534
3,2026-01-20 03:00:00,-118.28000000001339
4,2026-01-20 04:00:00,-158.2900000000227
5,2026-01-20 05:00:00,-194.3800000000192
6,2026-01-20 06:00:00,-332.9000000000233
7,2026-01-20 07:00:00,-770.5400000000227
8,2026-01-20 08:00:00,-705.3200000000215
9,2026-01-20 09:00:00,-792.2200000000157
10,2026-01-20 10:00:00,-790.8000000000175
11,2026-01-20 11:00:00,-626.480000000025
12,2026-01-20 12:00:00,-743.7200000000303
13,2026-01-20 13:00:00,-1116.030000000028
14,2026-01-20 14:00:00,-1554.4600000000355
15,2026-01-20 15:00:00,-860.2600000000384
16,2026-01-20 16:00:00,-1108.2600000000384
17,2026-01-20 17:00:00,-1046.2800000000425
18,2026-01-20 18:00:00,-1126.0300000000425
19,2026-01-20 19:00:00,-1359.3600000000442
20,2026-01-20 20:00:00,-1409.9500000000407
21,2026-01-20 21:00:00,-1471.2700000000332
22,2026-01-20 22:00:00,-1792.7000000000262
23,2026-01-20 23:00:00,-2220.4300000000367
24,2026-01-21 00:00:00,-2066.6300000000338
25,2026-01-21 01:00:00,-1547.1900000000314
26,2026-01-21 02:00:00,-1157.140000000043
27,2026-01-21 03:00:00,-1431.6000000000495
28,2026-01-21 04:00:00,-1656.3600000000442
29,2026-01-21 05:00:00,-1648.1300000000338
30,2026-01-21 06:00:00,-1390.1500000000233
31,2026-01-21 07:00:00,-2356.980000000025
32,2026-01-21 08:00:00,-2438.5000000000146
33,2026-01-21 09:00:00,-2946.850000000006
34,2026-01-21 10:00:00,-2861.949999999997
35,2026-01-21 11:00:00,-2889.6100000000006
36,2026-01-21 12:00:00,-3273.3699999999953
37,2026-01-21 13:00:00,-3289.929999999993
38,2026-01-21 14:00:00,-3791.079999999987
39,2026-01-21 15:00:00,-3490.659999999989
40,2026-01-21 16:00:00,-3054.9899999999907
41,2026-01-21 17:00:00,-3071.589999999982
42,2026-01-21 18:00:00,-3156.639999999985
43,2026-01-21 19:00:00,-3293.329999999987
44,2026-01-21 20:00:00,-3752.329999999987
45,2026-01-21 21:00:00,-3698.6499999999796
46,2026-01-21 22:00:00,-3634.9799999999814
47,2026-01-21 23:00:00,-4767.769999999975
48,2026-01-22 00:00:00,-5250.379999999976
49,2026-01-22 01:00:00,-7936.019999999975
50,2026-01-22 02:00:00,-8265.999999999985
51,2026-01-22 03:00:00,-7712.949999999997
52,2026-01-22 04:00:00,-5842.819999999992
53,2026-01-22 05:00:00,-5701.2699999999895
54,2026-01-22 06:00:00,-5666.099999999991
55,2026-01-22 07:00:00,-5180.429999999993
56,2026-01-22 08:00:00,-5489.209999999992
57,2026-01-22 09:00:00,-5942.970000000001
58,2026-01-22 10:00:00,-5738.270000000004
59,2026-01-22 11:00:00,-5563.380000000005
60,2026-01-22 12:00:00,-5524.5899999999965
61,2026-01-22 13:00:00,-5623.990000000005
62,2026-01-22 14:00:00,-5651.380000000005
63,2026-01-22 15:00:00,-5505.570000000007
64,2026-01-22 16:00:00,-5858.890000000014
65,2026-01-22 17:00:00,-5960.260000000024
66,2026-01-22 18:00:00,-5847.400000000023
67,2026-01-22 19:00:00,-5801.650000000023
68,2026-01-22 20:00:00,-5939.160000000033
69,2026-01-22 21:00:00,-6018.990000000034
70,2026-01-22 22:00:00,-6420.270000000033
71,2026-01-22 23:00:00,-5889.050000000032
72,2026-01-23 00:00:00,-5977.630000000034
73,2026-01-23 01:00:00,-6031.680000000037
74,2026-01-23 02:00:00,-5535.73000000004
75,2026-01-23 03:00:00,-5319.660000000047
76,2026-01-23 04:00:00,-5763.620000000039
77,2026-01-23 05:00:00,-5395.440000000046
78,2026-01-23 06:00:00,-5254.380000000048
79,2026-01-23 07:00:00,-5332.71000000005
80,2026-01-23 08:00:00,-5545.390000000043
81,2026-01-23 09:00:00,-5585.050000000047
82,2026-01-23 10:00:00,-5165.680000000037
83,2026-01-23 11:00:00,-4889.780000000028
84,2026-01-23 12:00:00,-5151.080000000031
85,2026-01-23 13:00:00,-5110.440000000031
86,2026-01-23 14:00:00,-5459.830000000031
87,2026-01-23 15:00:00,-5566.270000000033
88,2026-01-23 16:00:00,-5606.130000000034
89,2026-01-23 17:00:00,-5278.140000000043
90,2026-01-23 18:00:00,-5521.880000000048
91,2026-01-23 19:00:00,-5590.650000000052
92,2026-01-23 20:00:00,-5434.660000000062
93,2026-01-23 21:00:00,-5369.310000000056
94,2026-01-23 22:00:00,-5286.33000000006
95,2026-01-23 23:00:00,-5619.290000000052
96,2026-01-24 00:00:00,-4875.530000000057
97,2026-01-24 01:00:00,-5238.770000000062
98,2026-01-24 02:00:00,-4763.620000000068
99,2026-01-24 03:00:00,-4694.070000000065
100,2026-01-24 04:00:00,-4146.410000000062
101,2026-01-24 05:00:00,-3667.300000000061
102,2026-01-24 06:00:00,-3820.990000000049
103,2026-01-24 07:00:00,-3546.3700000000536
104,2026-01-24 08:00:00,-3522.0200000000477
105,2026-01-24 09:00:00,-3374.5900000000547
106,2026-01-24 10:00:00,-3472.000000000058
107,2026-01-24 11:00:00,-3319.3900000000576
108,2026-01-24 12:00:00,-3386.560000000056
109,2026-01-24 13:00:00,-3327.230000000054
110,2026-01-24 14:00:00,-3273.0800000000454
111,2026-01-24 15:00:00,-3147.2000000000553
112,2026-01-24 16:00:00,-3176.4200000000565
113,2026-01-24 17:00:00,-3217.2000000000553
114,2026-01-24 18:00:00,-3278.08000000006
115,2026-01-24 19:00:00,-3304.880000000063
116,2026-01-24 20:00:00,-3336.2800000000716
117,2026-01-24 21:00:00,-3278.7000000000844
118,2026-01-24 22:00:00,-3109.1000000000786
119,2026-01-24 23:00:00,-3190.9100000000763
120,2026-01-25 00:00:00,-3016.6500000000815
121,2026-01-25 01:00:00,-3030.890000000072
122,2026-01-25 02:00:00,-3147.3800000000774
123,2026-01-25 03:00:00,-3136.1100000000733
124,2026-01-25 04:00:00,-3199.9800000000687
125,2026-01-25 05:00:00,-3248.630000000063
126,2026-01-25 06:00:00,-3255.2300000000687
127,2026-01-25 07:00:00,-3211.8400000000693
128,2026-01-25 08:00:00,-3416.5000000000728
129,2026-01-25 09:00:00,-3326.6600000000763
130,2026-01-25 10:00:00,-3187.790000000081
131,2026-01-25 11:00:00,-3150.520000000077
132,2026-01-25 12:00:00,-3329.2100000000646
133,2026-01-25 13:00:00,-3375.820000000065
134,2026-01-25 14:00:00,-3391.8800000000774
135,2026-01-25 15:00:00,-3232.340000000084
136,2026-01-25 16:00:00,-3403.710000000079
137,2026-01-25 17:00:00,-3763.6900000000896
138,2026-01-25 18:00:00,-3665.3200000000797
139,2026-01-25 19:00:00,-3404.1900000000896
140,2026-01-25 20:00:00,-3314.850000000093
141,2026-01-25 21:00:00,-3093.030000000086
142,2026-01-25 22:00:00,-2964.0200000000914
143,2026-01-25 23:00:00,-3174.9200000000856
144,2026-01-26 00:00:00,-2911.3200000000797
145,2026-01-26 01:00:00,-2542.0800000000745
146,2026-01-26 02:00:00,-2356.990000000078
147,2026-01-26 03:00:00,-2829.1500000000815
148,2026-01-26 04:00:00,-1904.3000000000902
149,2026-01-26 05:00:00,-2063.7500000000873
150,2026-01-26 06:00:00,-2149.860000000088
151,2026-01-26 07:00:00,-2196.9700000000885
152,2026-01-26 08:00:00,-2048.0000000000873
153,2026-01-26 09:00:00,-2232.5000000000873
154,2026-01-26 10:00:00,-3076.3700000000827
155,2026-01-26 11:00:00,-2941.0200000000914
156,2026-01-26 12:00:00,-3222.350000000093
157,2026-01-26 13:00:00,-3677.360000000088
158,2026-01-26 14:00:00,-3766.310000000085
159,2026-01-26 15:00:00,-3877.7400000000926
160,2026-01-26 16:00:00,-3814.5400000000955
161,2026-01-26 17:00:00,-3839.7900000000955
162,2026-01-26 18:00:00,-3527.5200000000914
163,2026-01-26 19:00:00,-3761.950000000099
164,2026-01-26 20:00:00,-3719.400000000096
165,2026-01-26 21:00:00,-3774.950000000099
166,2026-01-26 22:00:00,-3935.5100000000966
167,2026-01-26 23:00:00,-4153.600000000108
168,2026-01-27 00:00:00,-4690.29000000011
169,2026-01-27 01:00:00,-4655.870000000112
170,2026-01-27 02:00:00,-4562.240000000122
171,2026-01-27 03:00:00,-5265.3400000001275
172,2026-01-27 04:00:00,-5655.870000000126
173,2026-01-27 05:00:00,-6039.8400000001275
174,2026-01-27 06:00:00,-6475.310000000129
175,2026-01-27 07:00:00,-6550.630000000121
176,2026-01-27 08:00:00,-6343.560000000114
177,2026-01-27 09:00:00,-6336.670000000115
178,2026-01-27 10:00:00,-6533.310000000114
179,2026-01-27 11:00:00,-6252.320000000109
180,2026-01-27 12:00:00,-6208.720000000103
181,2026-01-27 13:00:00,-6000.300000000105
182,2026-01-27 14:00:00,-6123.580000000104
183,2026-01-27 15:00:00,-5999.950000000099
184,2026-01-27 16:00:00,-6012.210000000094
185,2026-01-27 17:00:00,-6161.80000000009
186,2026-01-27 18:00:00,-6445.80000000009
187,2026-01-27 19:00:00,-6546.090000000098
188,2026-01-27 20:00:00,-6339.880000000092
189,2026-01-27 21:00:00,-6345.660000000091
190,2026-01-27 22:00:00,-6350.470000000103
191,2026-01-27 23:00:00,-6113.340000000113
192,2026-01-28 00:00:00,-5810.900000000111
193,2026-01-28 01:00:00,-5216.920000000115
194,2026-01-28 02:00:00,-4122.060000000114
195,2026-01-28 03:00:00,-3383.590000000113
196,2026-01-28 04:00:00,-3507.310000000114
197,2026-01-28 05:00:00,-2519.9200000001147
198,2026-01-28 06:00:00,-2834.6200000001118
199,2026-01-28 07:00:00,-2996.79000000011
200,2026-01-28 08:00:00,-2990.4200000001147
201,2026-01-28 09:00:00,-2772.7000000001135
202,2026-01-28 10:00:00,-2835.8500000001077
203,2026-01-28 11:00:00,-2954.6500000001106
204,2026-01-28 12:00:00,-2795.550000000105
205,2026-01-28 13:00:00,-2643.9200000001
206,2026-01-28 14:00:00,-2534.860000000088
207,2026-01-28 15:00:00,-2301.4900000000926
208,2026-01-28 16:00:00,-2118.370000000097
209,2026-01-28 17:00:00,-1909.4900000000926
210,2026-01-28 18:00:00,-2551.2700000000914
211,2026-01-28 19:00:00,-2387.7900000000955
212,2026-01-28 20:00:00,-1711.5600000000995
213,2026-01-28 21:00:00,-1792.8700000000972
214,2026-01-28 22:00:00,-2052.0900000000984
215,2026-01-28 23:00:00,-2692.730000000098
216,2026-01-29 00:00:00,-2555.120000000097
217,2026-01-29 01:00:00,-2705.120000000097
218,2026-01-29 02:00:00,-3245.3400000000984
219,2026-01-29 03:00:00,-2621.700000000099
220,2026-01-29 04:00:00,-2765.3600000001024
221,2026-01-29 05:00:00,-2493.4100000001054
222,2026-01-29 06:00:00,-2211.8700000001118
223,2026-01-29 07:00:00,-2195.8500000001077
224,2026-01-29 08:00:00,-2292.0100000000966
225,2026-01-29 09:00:00,-2135.930000000095
226,2026-01-29 10:00:00,-1595.580000000089
227,2026-01-29 11:00:00,-2292.080000000089
228,2026-01-29 12:00:00,-2145.4300000000803
229,2026-01-29 13:00:00,-1883.9400000000896
230,2026-01-29 14:00:00,-1755.2800000000861
231,2026-01-29 15:00:00,-1888.0900000000984
232,2026-01-29 16:00:00,-1854.470000000103
233,2026-01-29 17:00:00,-2143.2800000001007
234,2026-01-29 18:00:00,-2315.4300000001094
235,2026-01-29 19:00:00,-2369.880000000121
236,2026-01-29 20:00:00,-2469.8400000001275
237,2026-01-29 21:00:00,-2744.550000000134
238,2026-01-29 22:00:00,-2812.8800000001356
239,2026-01-29 23:00:00,-3851.360000000146
240,2026-01-30 00:00:00,-5931.740000000136
241,2026-01-30 01:00:00,-6267.720000000132
242,2026-01-30 02:00:00,-5259.380000000136
243,2026-01-30 03:00:00,-4474.740000000136
244,2026-01-30 04:00:00,-5009.830000000133
245,2026-01-30 05:00:00,-5214.630000000136
246,2026-01-30 06:00:00,-5524.290000000139
247,2026-01-30 07:00:00,-5567.770000000135
248,2026-01-30 08:00:00,-5647.880000000136
249,2026-01-30 09:00:00,-5189.720000000132
250,2026-01-30 10:00:00,-3465.740000000136
251,2026-01-30 11:00:00,-3768.8800000001356
252,2026-01-30 12:00:00,-4280.430000000124
253,2026-01-30 13:00:00,-4542.920000000129
254,2026-01-30 14:00:00,-4518.190000000133
255,2026-01-30 15:00:00,-4206.810000000129
256,2026-01-30 16:00:00,-4420.980000000127
257,2026-01-30 17:00:00,-4275.700000000128
258,2026-01-30 18:00:00,-4583.680000000124
259,2026-01-30 19:00:00,-5053.880000000121
260,2026-01-30 20:00:00,-4736.440000000119
261,2026-01-30 21:00:00,-4385.580000000118
262,2026-01-30 22:00:00,-4326.000000000116
263,2026-01-30 23:00:00,-4683.080000000118
264,2026-01-31 00:00:00,-4469.0200000001205
265,2026-01-31 01:00:00,-4203.960000000123
266,2026-01-31 02:00:00,-3998.1900000001187
267,2026-01-31 03:00:00,-4986.0900000001275
268,2026-01-31 04:00:00,-4674.230000000127
269,2026-01-31 05:00:00,-4337.580000000118
270,2026-01-31 06:00:00,-3970.2200000001176
271,2026-01-31 07:00:00,-3916.5100000001257
272,2026-01-31 08:00:00,-3957.0100000001257
273,2026-01-31 09:00:00,-3764.3500000001222
274,2026-01-31 10:00:00,-3832.1900000001187
275,2026-01-31 11:00:00,-3702.170000000129
276,2026-01-31 12:00:00,-3594.850000000137
277,2026-01-31 13:00:00,-3564.6100000001315
278,2026-01-31 14:00:00,-3572.170000000129
279,2026-01-31 15:00:00,-3786.0900000001275
280,2026-01-31 16:00:00,-3546.8100000001286
281,2026-01-31 17:00:00,-4019.5500000001193
282,2026-01-31 18:00:00,-3984.5200000001205
283,2026-01-31 19:00:00,-3933.6200000001263
284,2026-01-31 20:00:00,-3793.6200000001263
285,2026-01-31 21:00:00,-4051.6200000001263
286,2026-01-31 22:00:00,-4057.6100000001315
287,2026-01-31 23:00:00,-5345.610000000132
288,2026-02-01 00:00:00,-5167.7700000001205
289,2026-02-01 01:00:00,-4230.66000000012
290,2026-02-01 02:00:00,-2759.5400000001246
291,2026-02-01 03:00:00,-3615.080000000118
292,2026-02-01 04:00:00,-3326.7100000001083
293,2026-02-01 05:00:00,-3575.7300000001123
294,2026-02-01 06:00:00,-3868.7000000001135
295,2026-02-01 07:00:00,-4005.5300000001153
296,2026-02-01 08:00:00,-3419.610000000117
297,2026-02-01 09:00:00,-3580.830000000118
298,2026-02-01 10:00:00,-3210.6900000001187
299,2026-02-01 11:00:00,-3578.5300000001153
300,2026-02-01 12:00:00,-3546.8000000001193
301,2026-02-01 13:00:00,-3443.330000000118
302,2026-02-01 14:00:00,-3794.1700000001147
303,2026-02-01 15:00:00,-3473.260000000111
304,2026-02-01 16:00:00,-3516.260000000111
305,2026-02-01 17:00:00,-3777.2800000001153
306,2026-02-01 18:00:00,-3346.8500000001222
307,2026-02-01 19:00:00,-2592.130000000121
308,2026-02-01 20:00:00,-2128.3000000001193
309,2026-02-01 21:00:00,-1844.41000000012
310,2026-02-01 22:00:00,-1986.5700000001234
311,2026-02-01 23:00:00,-1880.180000000124
312,2026-02-02 00:00:00,-1262.4600000001228
313,2026-02-02 01:00:00,-1163.8300000001327
314,2026-02-02 02:00:00,-913.2800000001298
315,2026-02-02 03:00:00,-1197.2400000001217
316,2026-02-02 04:00:00,-2051.7400000001217
317,2026-02-02 05:00:00,-2123.480000000127
318,2026-02-02 06:00:00,-1546.4700000001321
319,2026-02-02 07:00:00,-2269.750000000131
320,2026-02-02 08:00:00,-1988.6500000001397
321,2026-02-02 09:00:00,-1284.2500000001455
322,2026-02-02 10:00:00,-1130.5100000001403
323,2026-02-02 11:00:00,-2158.2100000001374
324,2026-02-02 12:00:00,-1960.020000000135
325,2026-02-02 13:00:00,-2358.850000000137
326,2026-02-02 14:00:00,-1966.8000000001484
327,2026-02-02 15:00:00,-3014.0200000001496
328,2026-02-02 16:00:00,-2902.550000000163
329,2026-02-02 17:00:00,-3123.040000000168
330,2026-02-02 18:00:00,-2278.9900000001653
331,2026-02-02 19:00:00,-2499.7800000001735
332,2026-02-02 20:00:00,-2755.230000000185
333,2026-02-02 21:00:00,-2526.7100000001956
334,2026-02-02 22:00:00,-2762.9900000001944
335,2026-02-02 23:00:00,-2382.9900000001944
336,2026-02-03 00:00:00,-1377.7200000001903
337,2026-02-03 01:00:00,-1593.0200000001932
338,2026-02-03 02:00:00,-1239.1400000001886
339,2026-02-03 03:00:00,-1657.9400000001915
340,2026-02-03 04:00:00,-1429.600000000195
341,2026-02-03 05:00:00,-1762.5100000001985
342,2026-02-03 06:00:00,-1239.0400000001973
343,2026-02-03 07:00:00,-1502.1800000001967
344,2026-02-03 08:00:00,-1558.7700000001932
345,2026-02-03 09:00:00,-1885.400000000198
346,2026-02-03 10:00:00,-1837.7900000001973
347,2026-02-03 11:00:00,-3047.410000000207
348,2026-02-03 12:00:00,-2102.100000000195
349,2026-02-03 13:00:00,-2147.1700000001874
350,2026-02-03 14:00:00,-2705.1100000001898
351,2026-02-03 15:00:00,-3058.830000000191
352,2026-02-03 16:00:00,-2858.330000000191
353,2026-02-03 17:00:00,-2905.0400000001828
354,2026-02-03 18:00:00,-2557.090000000171
355,2026-02-03 19:00:00,-2277.440000000177
356,2026-02-03 20:00:00,-2236.5800000001764
357,2026-02-03 21:00:00,-1985.8200000001816
358,2026-02-03 22:00:00,-2008.4300000001822
359,2026-02-03 23:00:00,-902.0000000001892
360,2026-02-04 00:00:00,29.109999999811407
361,2026-02-04 01:00:00,-1615.1400000001886
362,2026-02-04 02:00:00,-42.850000000180444
363,2026-02-04 03:00:00,1733.8099999998085
364,2026-02-04 04:00:00,3529.679999999804
365,2026-02-04 05:00:00,1989.1599999997998
366,2026-02-04 06:00:00,1753.0699999997887
367,2026-02-04 07:00:00,2283.66999999978
368,2026-02-04 08:00:00,2222.2899999997753
369,2026-02-04 09:00:00,2362.9599999997736
370,2026-02-04 10:00:00,2875.809999999765
371,2026-02-04 11:00:00,3336.189999999755
372,2026-02-04 12:00:00,2601.3699999997625
373,2026-02-04 13:00:00,2819.7899999997608
374,2026-02-04 14:00:00,3019.5499999997555
375,2026-02-04 15:00:00,2646.8599999997678
376,2026-02-04 16:00:00,2508.4799999997776
377,2026-02-04 17:00:00,2435.519999999786
378,2026-02-04 18:00:00,1967.259999999791
379,2026-02-04 19:00:00,2150.359999999797
380,2026-02-04 20:00:00,2435.2099999998027
381,2026-02-04 21:00:00,2271.609999999797
382,2026-02-04 22:00:00,957.759999999791
383,2026-02-04 23:00:00,450.28999999978987
384,2026-02-05 00:00:00,227.11999999979162
385,2026-02-05 01:00:00,-273.2300000002142
386,2026-02-05 02:00:00,-1333.1600000002072
387,2026-02-05 03:00:00,-2183.040000000212
388,2026-02-05 04:00:00,-1685.7100000002247
389,2026-02-05 05:00:00,-2092.7000000002154
390,2026-02-05 06:00:00,-1376.3900000002177
391,2026-02-05 07:00:00,-1119.7800000002171
392,2026-02-05 08:00:00,-1742.2300000002142
393,2026-02-05 09:00:00,-2040.0400000002119
394,2026-02-05 10:00:00,-1593.2800000002026
395,2026-02-05 11:00:00,-2560.100000000195
396,2026-02-05 12:00:00,-2328.9100000001927
397,2026-02-05 13:00:00,-1993.7400000001944
398,2026-02-05 14:00:00,-2149.100000000195
399,2026-02-05 15:00:00,-1930.3100000002014
400,2026-02-05 16:00:00,-1735.6500000002125
401,2026-02-05 17:00:00,-2033.7900000002119
402,2026-02-05 18:00:00,-2528.8000000002066
403,2026-02-05 19:00:00,-3220.670000000202
404,2026-02-05 20:00:00,-3760.450000000201
405,2026-02-05 21:00:00,-3005.670000000202
406,2026-02-05 22:00:00,-3131.0400000001973
407,2026-02-05 23:00:00,-2846.8600000001898
408,2026-02-06 00:00:00,-931.170000000202
409,2026-02-06 01:00:00,-1737.2500000001892
410,2026-02-06 02:00:00,376.2099999998027
411,2026-02-06 03:00:00,210.899999999805
412,2026-02-06 04:00:00,-870.4500000001935
413,2026-02-06 05:00:00,619.5299999998097
414,2026-02-06 06:00:00,57.199999999807915
415,2026-02-06 07:00:00,-637.3200000001962
416,2026-02-06 08:00:00,360.67999999980384
417,2026-02-06 09:00:00,960.2099999998027
418,2026-02-06 10:00:00,-1245.3600000002043
419,2026-02-06 11:00:00,-1970.2200000002122
420,2026-02-06 12:00:00,-1148.4500000002154
421,2026-02-06 13:00:00,-1885.9600000002101
422,2026-02-06 14:00:00,-383.69000000020606
423,2026-02-06 15:00:00,-1803.5400000002046
424,2026-02-06 16:00:00,-1935.8000000002066
425,2026-02-06 17:00:00,-1974.8500000002095
426,2026-02-06 18:00:00,-1070.3500000002095
427,2026-02-06 19:00:00,-902.3900000002177
428,2026-02-06 20:00:00,-1566.20000000023
429,2026-02-06 21:00:00,-1492.810000000216
430,2026-02-06 22:00:00,-2251.70000000023
431,2026-02-06 23:00:00,-3129.7700000002224
432,2026-02-07 00:00:00,-3560.880000000223
433,2026-02-07 01:00:00,-2232.870000000228
434,2026-02-07 02:00:00,-1433.350000000224
435,2026-02-07 03:00:00,-2410.20000000023
436,2026-02-07 04:00:00,-3364.9800000002433
437,2026-02-07 05:00:00,-2633.6500000002416
438,2026-02-07 06:00:00,-2275.350000000253
439,2026-02-07 07:00:00,-3271.3800000002666
440,2026-02-07 08:00:00,-2497.180000000255
441,2026-02-07 09:00:00,-1874.9200000002602
442,2026-02-07 10:00:00,-1361.430000000255
443,2026-02-07 11:00:00,-1251.310000000245
444,2026-02-07 12:00:00,-693.6900000002352
445,2026-02-07 13:00:00,-542.8300000002346
446,2026-02-07 14:00:00,-1149.4600000002392
447,2026-02-07 15:00:00,-2541.310000000245
448,2026-02-07 16:00:00,-3223.82000000024
449,2026-02-07 17:00:00,-2815.9500000002445
450,2026-02-07 18:00:00,-2459.140000000247
451,2026-02-07 19:00:00,-2610.340000000244
452,2026-02-07 20:00:00,-2624.6900000002497
453,2026-02-07 21:00:00,-1572.360000000248
454,2026-02-07 22:00:00,-1641.360000000248
455,2026-02-07 23:00:00,-1193.3700000002573
456,2026-02-08 00:00:00,-687.8600000002625
457,2026-02-08 01:00:00,-882.200000000259
458,2026-02-08 02:00:00,-1113.8500000002532
459,2026-02-08 03:00:00,-788.5500000002503
460,2026-02-08 04:00:00,-929.0500000002503
461,2026-02-08 05:00:00,-671.4800000002579
462,2026-02-08 06:00:00,-804.6700000002456
463,2026-02-08 07:00:00,-706.0200000002369
464,2026-02-08 08:00:00,-596.060000000245
465,2026-02-08 09:00:00,-751.6500000002561
466,2026-02-08 10:00:00,-997.4300000002695
467,2026-02-08 11:00:00,-988.5600000002596
468,2026-02-08 12:00:00,-1259.2700000002515
469,2026-02-08 13:00:00,-1499.4400000002497
470,2026-02-08 14:00:00,-1379.8000000002503
471,2026-02-08 15:00:00,-1520.4600000002392
472,2026-02-08 16:00:00,-1869.9700000002485
473,2026-02-08 17:00:00,-2824.8700000002427
474,2026-02-08 18:00:00,-3383.270000000237
475,2026-02-08 19:00:00,-3224.0500000002357
476,2026-02-08 20:00:00,-3957.620000000228
477,2026-02-08 21:00:00,-3707.650000000227
478,2026-02-08 22:00:00,-3442.83000000022
479,2026-02-08 23:00:00,-3695.4100000002218
480,2026-02-09 00:00:00,-3622.2100000002247
481,2026-02-09 01:00:00,-4395.20000000023
482,2026-02-09 02:00:00,-4025.2100000002247
483,2026-02-09 03:00:00,-4386.470000000219
484,2026-02-09 04:00:00,-4662.190000000221
485,2026-02-09 05:00:00,-5249.9900000002235
486,2026-02-09 06:00:00,-5114.820000000225
487,2026-02-09 07:00:00,-5480.910000000222
488,2026-02-09 08:00:00,-4745.20000000023
489,2026-02-09 09:00:00,-4573.20000000023
490,2026-02-09 10:00:00,-4440.350000000224
491,2026-02-09 11:00:00,-4179.890000000218
492,2026-02-09 12:00:00,-3502.3200000002253
493,2026-02-09 13:00:00,-3804.870000000228
494,2026-02-09 14:00:00,-3765.370000000228
495,2026-02-09 15:00:00,-4141.930000000226
496,2026-02-09 16:00:00,-4387.290000000226
497,2026-02-09 17:00:00,-4935.890000000218
498,2026-02-09 18:00:00,-4692.250000000218
499,2026-02-09 19:00:00,-5594.720000000219
500,2026-02-09 20:00:00,-5795.560000000216
501,2026-02-09 21:00:00,-5577.270000000222
502,2026-02-09 22:00:00,-5024.830000000235
503,2026-02-09 23:00:00,-5702.260000000228
504,2026-02-10 00:00:00,-5410.890000000232
505,2026-02-10 01:00:00,-5940.530000000232
506,2026-02-10 02:00:00,-6459.8100000002305
507,2026-02-10 03:00:00,-6653.420000000231
508,2026-02-10 04:00:00,-7191.750000000233
509,2026-02-10 05:00:00,-7410.050000000221
510,2026-02-10 06:00:00,-7748.760000000228
511,2026-02-10 07:00:00,-7775.800000000221
512,2026-02-10 08:00:00,-7540.840000000215
513,2026-02-10 09:00:00,-7851.510000000213
514,2026-02-10 10:00:00,-7192.020000000208
515,2026-02-10 11:00:00,-6808.0900000002
516,2026-02-10 12:00:00,-6217.030000000203
517,2026-02-10 13:00:00,-5897.240000000209
518,2026-02-10 14:00:00,-6281.220000000205
519,2026-02-10 15:00:00,-6807.5100000001985
520,2026-02-10 16:00:00,-6805.820000000196
521,2026-02-10 17:00:00,-7028.160000000193
522,2026-02-10 18:00:00,-7037.660000000193
523,2026-02-10 19:00:00,-7267.4800000002
524,2026-02-10 20:00:00,-7654.150000000198
525,2026-02-10 21:00:00,-7729.2600000001985
526,2026-02-10 22:00:00,-7311.430000000197
527,2026-02-10 23:00:00,-6743.880000000194
528,2026-02-11 00:00:00,-7576.850000000195
529,2026-02-11 01:00:00,-7352.510000000184
530,2026-02-11 02:00:00,-6944.910000000193
531,2026-02-11 03:00:00,-7975.86000000019
532,2026-02-11 04:00:00,-8143.510000000184
533,2026-02-11 05:00:00,-8451.820000000182
534,2026-02-11 06:00:00,-8549.310000000172
535,2026-02-11 07:00:00,-8600.280000000159
536,2026-02-11 08:00:00,-8734.39000000016
537,2026-02-11 09:00:00,-8374.540000000154
538,2026-02-11 10:00:00,-8155.400000000154
539,2026-02-11 11:00:00,-8460.070000000153
540,2026-02-11 12:00:00,-8949.410000000149
541,2026-02-11 13:00:00,-8345.88000000015
542,2026-02-11 14:00:00,-8165.700000000143
543,2026-02-11 15:00:00,-7581.740000000151
544,2026-02-11 16:00:00,-7369.340000000157
545,2026-02-11 17:00:00,-7317.690000000162
546,2026-02-11 18:00:00,-7426.730000000171
547,2026-02-11 19:00:00,-7766.770000000164
548,2026-02-11 20:00:00,-8287.810000000158
549,2026-02-11 21:00:00,-8207.340000000157
550,2026-02-11 22:00:00,-8528.330000000162
551,2026-02-11 23:00:00,-9398.220000000161
552,2026-02-12 00:00:00,-9333.350000000151
553,2026-02-12 01:00:00,-8852.710000000152
554,2026-02-12 02:00:00,-9331.88000000015
555,2026-02-12 03:00:00,-10088.960000000152
556,2026-02-12 04:00:00,-10400.290000000154
557,2026-02-12 05:00:00,-10430.980000000156
558,2026-02-12 06:00:00,-10686.170000000158
559,2026-02-12 07:00:00,-10308.14000000016
560,2026-02-12 08:00:00,-10658.760000000155
561,2026-02-12 09:00:00,-10280.530000000159
562,2026-02-12 10:00:00,-10518.790000000154
563,2026-02-12 11:00:00,-10778.660000000149
564,2026-02-12 12:00:00,-10920.510000000155
565,2026-02-12 13:00:00,-11483.100000000166
566,2026-02-12 14:00:00,-11606.630000000165
567,2026-02-12 15:00:00,-11590.270000000179
568,2026-02-12 16:00:00,-11682.420000000173
569,2026-02-12 17:00:00,-11758.99000000018
570,2026-02-12 18:00:00,-12168.310000000187
571,2026-02-12 19:00:00,-12631.85000000018
572,2026-02-12 20:00:00,-12693.85000000018
573,2026-02-12 21:00:00,-12904.550000000178
574,2026-02-12 22:00:00,-13415.820000000182
575,2026-02-12 23:00:00,-14215.38000000018
576,2026-02-13 00:00:00,-13773.10000000018
577,2026-02-13 01:00:00,-15044.47000000019
578,2026-02-13 02:00:00,-14595.090000000193
579,2026-02-13 03:00:00,-14772.050000000192
580,2026-02-13 04:00:00,-14969.460000000196
581,2026-02-13 05:00:00,-14609.660000000193
582,2026-02-13 06:00:00,-15030.97000000019
583,2026-02-13 07:00:00,-15469.100000000195
584,2026-02-13 08:00:00,-15453.270000000193
585,2026-02-13 09:00:00,-15806.840000000186
586,2026-02-13 10:00:00,-16343.190000000177
587,2026-02-13 11:00:00,-16551.32000000018
588,2026-02-13 12:00:00,-16441.32000000018
589,2026-02-13 13:00:00,-16665.180000000182
590,2026-02-13 14:00:00,-16511.750000000175
591,2026-02-13 15:00:00,-16695.24000000018
592,2026-02-13 16:00:00,-16544.920000000187
593,2026-02-13 17:00:00,-16053.920000000187
594,2026-02-13 18:00:00,-16313.670000000187
595,2026-02-13 19:00:00,-16295.72000000019
596,2026-02-13 20:00:00,-16101.960000000196
597,2026-02-13 21:00:00,-16014.540000000197
598,2026-02-13 22:00:00,-15824.390000000203
599,2026-02-13 23:00:00,-16283.750000000204
600,2026-02-14 00:00:00,-15325.140000000203
601,2026-02-14 01:00:00,-15587.71000000021
602,2026-02-14 02:00:00,-15681.010000000213
603,2026-02-14 03:00:00,-15599.010000000213
604,2026-02-14 04:00:00,-15790.090000000215
605,2026-02-14 05:00:00,-15951.880000000223
606,2026-02-14 06:00:00,-16077.240000000224
607,2026-02-14 07:00:00,-15984.44000000022
608,2026-02-14 08:00:00,-15843.120000000228
609,2026-02-14 09:00:00,-15606.84000000023
610,2026-02-14 10:00:00,-15481.110000000219
611,2026-02-14 11:00:00,-15561.410000000207
612,2026-02-14 12:00:00,-15659.190000000206
613,2026-02-14 13:00:00,-15851.180000000211
614,2026-02-14 14:00:00,-15867.760000000213
615,2026-02-14 15:00:00,-16031.32000000021
616,2026-02-14 16:00:00,-15749.040000000212
617,2026-02-14 17:00:00,-15222.10000000021
618,2026-02-14 18:00:00,-15253.370000000214
619,2026-02-14 19:00:00,-15296.440000000206
620,2026-02-14 20:00:00,-16130.32000000021
621,2026-02-14 21:00:00,-15264.780000000203
622,2026-02-14 22:00:00,-15444.9800000002
623,2026-02-14 23:00:00,-15203.320000000196
624,2026-02-15 00:00:00,-15279.940000000192
625,2026-02-15 01:00:00,-15303.120000000185
626,2026-02-15 02:00:00,-15318.840000000186
627,2026-02-15 03:00:00,-15285.910000000193
628,2026-02-15 04:00:00,-15387.5900000002
629,2026-02-15 05:00:00,-15238.490000000209
630,2026-02-15 06:00:00,-15151.260000000213
631,2026-02-15 07:00:00,-15127.370000000214
632,2026-02-15 08:00:00,-15264.170000000217
633,2026-02-15 09:00:00,-15310.050000000207
634,2026-02-15 10:00:00,-15250.630000000194
635,2026-02-15 11:00:00,-15488.270000000193
636,2026-02-15 12:00:00,-15962.760000000198
637,2026-02-15 13:00:00,-16192.250000000204
638,2026-02-15 14:00:00,-16275.870000000199
639,2026-02-15 15:00:00,-16413.380000000194
640,2026-02-15 16:00:00,-15990.080000000191
641,2026-02-15 17:00:00,-15608.180000000197
642,2026-02-15 18:00:00,-15635.5900000002
643,2026-02-15 19:00:00,-15643.500000000204
644,2026-02-15 20:00:00,-15775.300000000207
645,2026-02-15 21:00:00,-14794.290000000212
646,2026-02-15 22:00:00,-14410.080000000205
647,2026-02-15 23:00:00,-14650.5900000002
648,2026-02-16 00:00:00,-14721.11000000019
649,2026-02-16 01:00:00,-14803.350000000195
650,2026-02-16 02:00:00,-15179.890000000189
651,2026-02-16 03:00:00,-14990.120000000185
652,2026-02-16 04:00:00,-15154.930000000182
653,2026-02-16 05:00:00,-14991.560000000187
654,2026-02-16 06:00:00,-14589.550000000192
655,2026-02-16 07:00:00,-14737.500000000204
656,2026-02-16 08:00:00,-14904.880000000208
657,2026-02-16 09:00:00,-14918.110000000204
658,2026-02-16 10:00:00,-15133.110000000204
659,2026-02-16 11:00:00,-15443.440000000206
660,2026-02-16 12:00:00,-15339.100000000195
661,2026-02-16 13:00:00,-15784.350000000195
662,2026-02-16 14:00:00,-15299.570000000182
663,2026-02-16 15:00:00,-15234.060000000172
664,2026-02-16 16:00:00,-15371.160000000164
665,2026-02-16 17:00:00,-15546.110000000175
666,2026-02-16 18:00:00,-15316.250000000175
667,2026-02-16 19:00:00,-15121.76000000017
668,2026-02-16 20:00:00,-15107.150000000169
669,2026-02-16 21:00:00,-14156.740000000165
670,2026-02-16 22:00:00,-15524.880000000165
671,2026-02-16 23:00:00,-15557.420000000158
672,2026-02-17 00:00:00,-14669.300000000163
673,2026-02-17 01:00:00,-15018.480000000156
674,2026-02-17 02:00:00,-14955.320000000153
675,2026-02-17 03:00:00,-14863.590000000157
676,2026-02-17 04:00:00,-14916.890000000145
677,2026-02-17 05:00:00,-15533.460000000152
678,2026-02-17 06:00:00,-15866.340000000157
679,2026-02-17 07:00:00,-15594.480000000156
680,2026-02-17 08:00:00,-15895.890000000145
681,2026-02-17 09:00:00,-15881.730000000156
682,2026-02-17 10:00:00,-15621.570000000153
683,2026-02-17 11:00:00,-15841.940000000148
684,2026-02-17 12:00:00,-15478.360000000146
685,2026-02-17 13:00:00,-15471.590000000142
686,2026-02-17 14:00:00,-15235.63000000015
687,2026-02-17 15:00:00,-15081.340000000157
688,2026-02-17 16:00:00,-15069.460000000152
689,2026-02-17 17:00:00,-15280.050000000148
690,2026-02-17 18:00:00,-15228.800000000148
691,2026-02-17 19:00:00,-15509.780000000144
692,2026-02-17 20:00:00,-15519.080000000147
693,2026-02-17 21:00:00,-15583.970000000147
694,2026-02-17 22:00:00,-15800.820000000138
695,2026-02-17 23:00:00,-17062.100000000137
696,2026-02-18 00:00:00,-16545.11000000013
697,2026-02-18 01:00:00,-16419.800000000134
698,2026-02-18 02:00:00,-16692.940000000133
699,2026-02-18 03:00:00,-15838.54000000014
700,2026-02-18 04:00:00,-16143.840000000127
701,2026-02-18 05:00:00,-16103.820000000123
702,2026-02-18 06:00:00,-16176.580000000133
703,2026-02-18 07:00:00,-16329.400000000125
704,2026-02-18 08:00:00,-16353.600000000122
705,2026-02-18 09:00:00,-16554.470000000132
706,2026-02-18 10:00:00,-16417.020000000135
707,2026-02-18 11:00:00,-16247.180000000139
708,2026-02-18 12:00:00,-16541.250000000146
709,2026-02-18 13:00:00,-16735.68000000014
710,2026-02-18 14:00:00,-16566.940000000148
711,2026-02-18 15:00:00,-16371.220000000147
712,2026-02-18 16:00:00,-16627.140000000145
713,2026-02-18 17:00:00,-16600.76000000014
714,2026-02-18 18:00:00,-16575.790000000154
715,2026-02-18 19:00:00,-16219.260000000155
716,2026-02-18 20:00:00,-16650.77000000015
717,2026-02-18 21:00:00,-16739.080000000147
718,2026-02-18 22:00:00,-16517.900000000154
719,2026-02-18 23:00:00,-16504.780000000144
720,2026-02-19 00:00:00,-16975.030000000144
721,2026-02-19 01:00:00,-16426.360000000146
722,2026-02-19 02:00:00,-16468.41000000015
723,2026-02-19 03:00:00,-17295.810000000143
724,2026-02-19 04:00:00,-17112.960000000137
725,2026-02-19 05:00:00,-17204.210000000137
726,2026-02-19 06:00:00,-17278.580000000133
727,2026-02-19 07:00:00,-17212.52000000012
728,2026-02-19 08:00:00,-17160.340000000127
729,2026-02-19 09:00:00,-17145.830000000133
730,2026-02-19 10:00:00,-17565.960000000123
731,2026-02-19 11:00:00,-17597.38000000012
732,2026-02-19 12:00:00,-17743.090000000127
733,2026-02-19 13:00:00,-17564.930000000124
734,2026-02-19 14:00:00,-17496.330000000118
735,2026-02-19 15:00:00,-17217.56000000013
736,2026-02-19 16:00:00,-17273.89000000013
737,2026-02-19 17:00:00,-17514.220000000132
738,2026-02-19 18:00:00,-17384.100000000137
739,2026-02-19 19:00:00,-17377.020000000135
740,2026-02-19 20:00:00,-17724.080000000133
741,2026-02-19 21:00:00,-17703.43000000014
742,2026-02-19 22:00:00,-17100.130000000136
743,2026-02-19 23:00:00,-16592.300000000134
744,2026-02-20 00:00:00,-16569.100000000137
745,2026-02-20 01:00:00,-16464.630000000136
746,2026-02-20 02:00:00,-16388.740000000136
747,2026-02-20 03:00:00,-15727.67000000013
748,2026-02-20 04:00:00,-15747.180000000124
749,2026-02-20 05:00:00,-15846.290000000125
750,2026-02-20 06:00:00,-15613.690000000119
751,2026-02-20 07:00:00,-15612.320000000123
752,2026-02-20 08:00:00,-15523.730000000127
753,2026-02-20 09:00:00,-15298.55000000012
754,2026-02-20 10:00:00,-15349.54000000011
755,2026-02-20 11:00:00,-15387.410000000105
756,2026-02-20 12:00:00,-15263.190000000104
757,2026-02-20 13:00:00,-15161.770000000106
758,2026-02-20 14:00:00,-14636.500000000102
759,2026-02-20 15:00:00,-14693.870000000097
760,2026-02-20 16:00:00,-14672.3100000001
761,2026-02-20 17:00:00,-14618.230000000098
762,2026-02-20 18:00:00,-14279.370000000097
763,2026-02-20 19:00:00,-14009.510000000097
764,2026-02-20 20:00:00,-13378.930000000095
765,2026-02-20 21:00:00,-13602.290000000095
766,2026-02-20 22:00:00,-14342.440000000104
767,2026-02-20 23:00:00,-14074.410000000105
768,2026-02-21 00:00:00,-14587.710000000108
769,2026-02-21 01:00:00,-14375.190000000104
770,2026-02-21 02:00:00,-14557.29000000011
771,2026-02-21 03:00:00,-14246.450000000099
772,2026-02-21 04:00:00,-14524.630000000107
773,2026-02-21 05:00:00,-14420.260000000111
774,2026-02-21 06:00:00,-14344.79000000011
775,2026-02-21 07:00:00,-14597.05000000012
776,2026-02-21 08:00:00,-14538.93000000011
777,2026-02-21 09:00:00,-14359.920000000115
778,2026-02-21 10:00:00,-14470.16000000012
779,2026-02-21 11:00:00,-14420.350000000122
780,2026-02-21 12:00:00,-14753.630000000121
781,2026-02-21 13:00:00,-14604.430000000124
782,2026-02-21 14:00:00,-14569.470000000132
783,2026-02-21 15:00:00,-14628.02000000012
784,2026-02-21 16:00:00,-14565.39000000013
785,2026-02-21 17:00:00,-14764.410000000134
786,2026-02-21 18:00:00,-14856.910000000134
787,2026-02-21 19:00:00,-14924.92000000013
788,2026-02-21 20:00:00,-15048.010000000126
789,2026-02-21 21:00:00,-15158.980000000127
790,2026-02-21 22:00:00,-15102.41000000012
791,2026-02-21 23:00:00,-15292.43000000011
792,2026-02-22 00:00:00,-15127.440000000104
793,2026-02-22 01:00:00,-15419.840000000098
794,2026-02-22 02:00:00,-15534.69000000009
795,2026-02-22 03:00:00,-15398.140000000087
796,2026-02-22 04:00:00,-15428.630000000092
797,2026-02-22 05:00:00,-15096.3100000001
798,2026-02-22 06:00:00,-14927.550000000105
799,2026-02-22 07:00:00,-15335.500000000102
800,2026-02-22 08:00:00,-15339.430000000095
801,2026-02-22 09:00:00,-15369.360000000088
802,2026-02-22 10:00:00,-15156.05000000009
803,2026-02-22 11:00:00,-15405.680000000095
804,2026-02-22 12:00:00,-15273.930000000095
805,2026-02-22 13:00:00,-15331.860000000088
806,2026-02-22 14:00:00,-15337.840000000084
807,2026-02-22 15:00:00,-15277.230000000083
808,2026-02-22 16:00:00,-15310.060000000085
809,2026-02-22 17:00:00,-15365.260000000082
810,2026-02-22 18:00:00,-15468.480000000083
811,2026-02-22 19:00:00,-15392.240000000093
812,2026-02-22 20:00:00,-15482.650000000096
813,2026-02-22 21:00:00,-15190.900000000096
814,2026-02-22 22:00:00,-14915.0600000001
815,2026-02-22 23:00:00,-15123.550000000105
816,2026-02-23 00:00:00,-14883.300000000105
817,2026-02-23 01:00:00,-14831.9200000001
818,2026-02-23 02:00:00,-15080.19000000009
819,2026-02-23 03:00:00,-15042.0600000001
820,2026-02-23 04:00:00,-15047.760000000111
821,2026-02-23 05:00:00,-15074.340000000113
822,2026-02-23 06:00:00,-15285.260000000111
823,2026-02-23 07:00:00,-15231.760000000111
824,2026-02-23 08:00:00,-15209.000000000102
825,2026-02-23 09:00:00,-14306.070000000109
826,2026-02-23 10:00:00,-11993.25000000011
827,2026-02-23 11:00:00,-12349.160000000105
828,2026-02-23 12:00:00,-12499.770000000106
829,2026-02-23 13:00:00,-12373.910000000105
830,2026-02-23 14:00:00,-12636.50000000011
831,2026-02-23 15:00:00,-13322.920000000115
832,2026-02-23 16:00:00,-13121.30000000012
833,2026-02-23 17:00:00,-12838.80000000012
834,2026-02-23 18:00:00,-12110.330000000118
835,2026-02-23 19:00:00,-12195.55000000012
836,2026-02-23 20:00:00,-12083.090000000113
837,2026-02-23 21:00:00,-12009.920000000115
838,2026-02-23 22:00:00,-11862.180000000124
839,2026-02-23 23:00:00,-11653.05000000012
840,2026-02-24 00:00:00,-11916.480000000112
841,2026-02-24 01:00:00,-11621.030000000108
842,2026-02-24 02:00:00,-12172.420000000107
843,2026-02-24 03:00:00,-11994.650000000103
844,2026-02-24 04:00:00,-11654.260000000104
845,2026-02-24 05:00:00,-11832.300000000105
846,2026-02-24 06:00:00,-11724.7800000001
847,2026-02-24 07:00:00,-11579.880000000107
848,2026-02-24 08:00:00,-11510.340000000106
849,2026-02-24 09:00:00,-11795.75000000011
850,2026-02-24 10:00:00,-12576.910000000113
851,2026-02-24 11:00:00,-12627.370000000112
852,2026-02-24 12:00:00,-13141.670000000107
853,2026-02-24 13:00:00,-12925.000000000102
854,2026-02-24 14:00:00,-13199.050000000097
855,2026-02-24 15:00:00,-13177.050000000097
856,2026-02-24 16:00:00,-13066.8800000001
857,2026-02-24 17:00:00,-12867.690000000097
858,2026-02-24 18:00:00,-13009.8500000001
859,2026-02-24 19:00:00,-12975.340000000098
860,2026-02-24 20:00:00,-13032.7400000001
861,2026-02-24 21:00:00,-12774.690000000104
862,2026-02-24 22:00:00,-12705.640000000101
863,2026-02-24 23:00:00,-13259.6300000001
864,2026-02-25 00:00:00,-12739.650000000096
865,2026-02-25 01:00:00,-12448.1000000001
866,2026-02-25 02:00:00,-12402.290000000103
867,2026-02-25 03:00:00,-12617.640000000101
868,2026-02-25 04:00:00,-12617.610000000102
869,2026-02-25 05:00:00,-12655.480000000105
870,2026-02-25 06:00:00,-13085.720000000103
871,2026-02-25 07:00:00,-13164.010000000097
872,2026-02-25 08:00:00,-13226.810000000092
873,2026-02-25 09:00:00,-13392.960000000094
874,2026-02-25 10:00:00,-11720.510000000097
875,2026-02-25 11:00:00,-11732.430000000095
876,2026-02-25 12:00:00,-12225.530000000093
877,2026-02-25 13:00:00,-12159.270000000099
878,2026-02-25 14:00:00,-12734.500000000095
879,2026-02-25 15:00:00,-12749.960000000094
880,2026-02-25 16:00:00,-12880.040000000095
881,2026-02-25 17:00:00,-13382.23000000009
882,2026-02-25 18:00:00,-13410.450000000099
883,2026-02-25 19:00:00,-13252.610000000095
884,2026-02-25 20:00:00,-13223.440000000097
885,2026-02-25 21:00:00,-12584.540000000095
886,2026-02-25 22:00:00,-12764.220000000088
887,2026-02-25 23:00:00,-12039.640000000087
888,2026-02-26 00:00:00,-12478.770000000091
889,2026-02-26 01:00:00,-13363.790000000095
890,2026-02-26 02:00:00,-12986.940000000104
891,2026-02-26 03:00:00,-12333.070000000094
892,2026-02-26 04:00:00,-12043.260000000082
893,2026-02-26 05:00:00,-12153.69000000009
894,2026-02-26 06:00:00,-12382.66000000009
895,2026-02-26 07:00:00,-11895.070000000094
896,2026-02-26 08:00:00,-12339.160000000105
897,2026-02-26 09:00:00,-11991.210000000094
898,2026-02-26 10:00:00,-11903.520000000091
899,2026-02-26 11:00:00,-11912.670000000086
900,2026-02-26 12:00:00,-11953.260000000082
901,2026-02-26 13:00:00,-12307.760000000082
902,2026-02-26 14:00:00,-12435.310000000085
903,2026-02-26 15:00:00,-12702.370000000083
904,2026-02-26 16:00:00,-12350.660000000076
905,2026-02-26 17:00:00,-12479.630000000077
906,2026-02-26 18:00:00,-13115.030000000086
907,2026-02-26 19:00:00,-12827.240000000078
908,2026-02-26 20:00:00,-12576.93000000008
909,2026-02-26 21:00:00,-12456.68000000008
910,2026-02-26 22:00:00,-12722.890000000072
911,2026-02-26 23:00:00,-12930.500000000073
912,2026-02-27 00:00:00,-12614.760000000068
913,2026-02-27 01:00:00,-11876.31000000007
914,2026-02-27 02:00:00,-11693.06000000007
915,2026-02-27 03:00:00,-12176.790000000066
916,2026-02-27 04:00:00,-11898.100000000064
917,2026-02-27 05:00:00,-12073.250000000058
918,2026-02-27 06:00:00,-12122.830000000045
919,2026-02-27 07:00:00,-12014.180000000037
920,2026-02-27 08:00:00,-11927.060000000027
921,2026-02-27 09:00:00,-11668.380000000034
922,2026-02-27 10:00:00,-11794.140000000029
923,2026-02-27 11:00:00,-11708.460000000036
924,2026-02-27 12:00:00,-11374.20000000004
925,2026-02-27 13:00:00,-11227.550000000032
926,2026-02-27 14:00:00,-11205.050000000032
927,2026-02-27 15:00:00,-11138.200000000026
928,2026-02-27 16:00:00,-11105.74000000002
929,2026-02-27 17:00:00,-10870.10000000002
930,2026-02-27 18:00:00,-10299.590000000011
931,2026-02-27 19:00:00,-11050.410000000003
932,2026-02-27 20:00:00,-10572.490000000005
933,2026-02-27 21:00:00,-10771.470000000016
934,2026-02-27 22:00:00,-11114.010000000024
935,2026-02-27 23:00:00,-10731.050000000017
936,2026-02-28 00:00:00,-10938.860000000015
937,2026-02-28 01:00:00,-10318.67000000002
938,2026-02-28 02:00:00,-10546.650000000023
939,2026-02-28 03:00:00,-10158.220000000023
940,2026-02-28 04:00:00,-10080.800000000025
941,2026-02-28 05:00:00,-10283.290000000023
942,2026-02-28 06:00:00,-10216.210000000021
943,2026-02-28 07:00:00,-10326.61000000003
944,2026-02-28 08:00:00,-10092.50000000003
945,2026-02-28 09:00:00,-10162.400000000023
946,2026-02-28 10:00:00,-9990.760000000024
947,2026-02-28 11:00:00,-10181.530000000028
948,2026-02-28 12:00:00,-10345.240000000034
949,2026-02-28 13:00:00,-10479.460000000036
950,2026-02-28 14:00:00,-10551.630000000034
951,2026-02-28 15:00:00,-8176.610000000037
952,2026-02-28 16:00:00,-8786.600000000035
953,2026-02-28 17:00:00,-8433.880000000034
954,2026-02-28 18:00:00,-8248.620000000032
955,2026-02-28 19:00:00,-7896.770000000033
956,2026-02-28 20:00:00,-7730.580000000031
957,2026-02-28 21:00:00,-7903.570000000036
958,2026-02-28 22:00:00,-6814.320000000036
959,2026-02-28 23:00:00,-6143.490000000034
960,2026-03-01 00:00:00,-6549.060000000034
961,2026-03-01 01:00:00,-6802.180000000037
962,2026-03-01 02:00:00,-7150.500000000036
963,2026-03-01 03:00:00,-7619.72000000003
964,2026-03-01 04:00:00,-8069.8900000000285
965,2026-03-01 05:00:00,-8667.50000000003
966,2026-03-01 06:00:00,-8431.100000000035
967,2026-03-01 07:00:00,-8811.520000000033
968,2026-03-01 08:00:00,-8941.900000000038
969,2026-03-01 09:00:00,-8759.930000000037
970,2026-03-01 10:00:00,-9308.000000000044
971,2026-03-01 11:00:00,-9589.290000000037
972,2026-03-01 12:00:00,-9470.800000000047
973,2026-03-01 13:00:00,-9626.46000000005
974,2026-03-01 14:00:00,-9572.050000000047
975,2026-03-01 15:00:00,-9937.46000000005
976,2026-03-01 16:00:00,-9722.750000000044
977,2026-03-01 17:00:00,-9141.500000000044
978,2026-03-01 18:00:00,-9291.560000000041
979,2026-03-01 19:00:00,-9234.580000000045
980,2026-03-01 20:00:00,-9233.610000000044
981,2026-03-01 21:00:00,-9062.060000000041
982,2026-03-01 22:00:00,-8423.750000000044
983,2026-03-01 23:00:00,-8510.740000000034
984,2026-03-02 00:00:00,-8516.120000000039
985,2026-03-02 01:00:00,-7809.150000000038
986,2026-03-02 02:00:00,-7653.310000000041
987,2026-03-02 03:00:00,-7316.09000000004
988,2026-03-02 04:00:00,-6961.430000000037
989,2026-03-02 05:00:00,-6299.260000000038
990,2026-03-02 06:00:00,-5933.060000000041
991,2026-03-02 07:00:00,-6330.550000000039
992,2026-03-02 08:00:00,-6838.310000000041
993,2026-03-02 09:00:00,-6113.260000000038
994,2026-03-02 10:00:00,-6082.760000000038
995,2026-03-02 11:00:00,-5827.510000000038
996,2026-03-02 12:00:00,-6370.770000000033
997,2026-03-02 13:00:00,-6412.86000000003
998,2026-03-02 14:00:00,-6281.520000000033
999,2026-03-02 15:00:00,-6807.400000000038
1000,2026-03-02 16:00:00,-7004.780000000028
1001,2026-03-02 17:00:00,-7279.260000000024
1002,2026-03-02 18:00:00,-7392.6400000000285
1003,2026-03-02 19:00:00,-7540.420000000027
1004,2026-03-02 20:00:00,-7497.1400000000285
1005,2026-03-02 21:00:00,-7100.8900000000285
1006,2026-03-02 22:00:00,-6577.4700000000375
1007,2026-03-02 23:00:00,-8314.520000000033
1008,2026-03-03 00:00:00,-10267.660000000033
1009,2026-03-03 01:00:00,-10566.08000000003
1010,2026-03-03 02:00:00,-10335.460000000036
1011,2026-03-03 03:00:00,-10015.130000000034
1012,2026-03-03 04:00:00,-9926.270000000033
1013,2026-03-03 05:00:00,-9786.22000000003
1014,2026-03-03 06:00:00,-10093.460000000036
1015,2026-03-03 07:00:00,-10066.790000000037
1016,2026-03-03 08:00:00,-10677.220000000045
1017,2026-03-03 09:00:00,-10414.400000000038
1018,2026-03-03 10:00:00,-10081.530000000028
1019,2026-03-03 11:00:00,-9833.690000000031
1020,2026-03-03 12:00:00,-9699.460000000036
1021,2026-03-03 13:00:00,-9954.20000000004
1022,2026-03-03 14:00:00,-9778.750000000044
1023,2026-03-03 15:00:00,-9937.73000000004
1024,2026-03-03 16:00:00,-10003.800000000047
1025,2026-03-03 17:00:00,-11173.300000000047
1026,2026-03-03 18:00:00,-11528.620000000054
1027,2026-03-03 19:00:00,-11316.300000000047
1028,2026-03-03 20:00:00,-11482.610000000044
1029,2026-03-03 21:00:00,-11109.370000000039
1030,2026-03-03 22:00:00,-10640.83000000003
1031,2026-03-03 23:00:00,-11003.190000000031
1032,2026-03-04 00:00:00,-12160.050000000032
1033,2026-03-04 01:00:00,-12610.140000000029
1034,2026-03-04 02:00:00,-12467.38000000002
1035,2026-03-04 03:00:00,-12777.210000000021
1036,2026-03-04 04:00:00,-12970.700000000026
1037,2026-03-04 05:00:00,-12801.700000000026
1038,2026-03-04 06:00:00,-12560.320000000022
1039,2026-03-04 07:00:00,-12257.74000000002
1040,2026-03-04 08:00:00,-12246.940000000017
1041,2026-03-04 09:00:00,-12002.13000000002
1042,2026-03-04 10:00:00,-11690.320000000022
1043,2026-03-04 11:00:00,-11771.99000000002
1044,2026-03-04 12:00:00,-11180.860000000015
1045,2026-03-04 13:00:00,-11127.060000000012
1046,2026-03-04 14:00:00,-11547.650000000009
1047,2026-03-04 15:00:00,-11246.220000000001
1048,2026-03-04 16:00:00,-12231.330000000002
1049,2026-03-04 17:00:00,-10713.060000000012
1050,2026-03-04 18:00:00,-11222.420000000013
1051,2026-03-04 19:00:00,-11394.26000000001
1052,2026-03-04 20:00:00,-11631.780000000013
1053,2026-03-04 21:00:00,-11403.470000000001
1054,2026-03-04 22:00:00,-11266.01000000001
1055,2026-03-04 23:00:00,-11122.140000000014
1056,2026-03-05 00:00:00,-12897.980000000025
1057,2026-03-05 01:00:00,-13000.020000000033
1058,2026-03-05 02:00:00,-13075.940000000031
1059,2026-03-05 03:00:00,-13550.520000000033
1060,2026-03-05 04:00:00,-13632.920000000027
1061,2026-03-05 05:00:00,-13041.500000000015
1062,2026-03-05 06:00:00,-12751.460000000006
1063,2026-03-05 07:00:00,-12147.600000000006
1064,2026-03-05 08:00:00,-12186.690000000002
1065,2026-03-05 09:00:00,-12093.460000000006
1066,2026-03-05 10:00:00,-12314.740000000005
1067,2026-03-05 11:00:00,-12282.210000000006
1068,2026-03-05 12:00:00,-12290.51000000001
1069,2026-03-05 13:00:00,-11972.700000000012
1070,2026-03-05 14:00:00,-12376.250000000015
1071,2026-03-05 15:00:00,-12517.720000000016
1072,2026-03-05 16:00:00,-12019.60000000002
1073,2026-03-05 17:00:00,-11741.400000000023
1074,2026-03-05 18:00:00,-11483.510000000024
1075,2026-03-05 19:00:00,-12280.840000000026
1076,2026-03-05 20:00:00,-12753.97000000003
1077,2026-03-05 21:00:00,-12779.030000000028
1078,2026-03-05 22:00:00,-12356.090000000026
1079,2026-03-05 23:00:00,-12214.590000000026
1080,2026-03-06 00:00:00,-11258.070000000036
1081,2026-03-06 01:00:00,-11604.920000000042
1082,2026-03-06 02:00:00,-12206.430000000037
1083,2026-03-06 03:00:00,-11920.190000000046
1084,2026-03-06 04:00:00,-11992.770000000033
1085,2026-03-06 05:00:00,-11674.330000000045
1086,2026-03-06 06:00:00,-11768.910000000047
1087,2026-03-06 07:00:00,-11835.520000000048
1088,2026-03-06 08:00:00,-11517.700000000055
1089,2026-03-06 09:00:00,-11420.230000000054
1090,2026-03-06 10:00:00,-11151.22000000006
1091,2026-03-06 11:00:00,-11146.450000000055
1092,2026-03-06 12:00:00,-10974.400000000067
1093,2026-03-06 13:00:00,-10507.630000000063
1094,2026-03-06 14:00:00,-10330.210000000065
1095,2026-03-06 15:00:00,-10491.250000000058
1096,2026-03-06 16:00:00,-10950.460000000065
1097,2026-03-06 17:00:00,-10683.510000000068
1098,2026-03-06 18:00:00,-10907.440000000075
1099,2026-03-06 19:00:00,-10945.07000000008
1100,2026-03-06 20:00:00,-10630.090000000084
1101,2026-03-06 21:00:00,-10324.140000000087
1102,2026-03-06 22:00:00,-9625.140000000087
1103,2026-03-06 23:00:00,-8827.030000000086
1104,2026-03-07 00:00:00,-8921.850000000093
1105,2026-03-07 01:00:00,-8980.040000000095
1106,2026-03-07 02:00:00,-8488.620000000097
1107,2026-03-07 03:00:00,-8714.720000000088
1108,2026-03-07 04:00:00,-8764.130000000092
1109,2026-03-07 05:00:00,-8743.370000000097
1110,2026-03-07 06:00:00,-8921.440000000104
1111,2026-03-07 07:00:00,-8890.65000000011
1112,2026-03-07 08:00:00,-9096.520000000106
1113,2026-03-07 09:00:00,-9272.950000000099
1114,2026-03-07 10:00:00,-9244.510000000097
1115,2026-03-07 11:00:00,-9332.540000000095
1116,2026-03-07 12:00:00,-9078.000000000102
1117,2026-03-07 13:00:00,-9045.930000000095
1118,2026-03-07 14:00:00,-9000.760000000097
1119,2026-03-07 15:00:00,-9328.16000000009
1120,2026-03-07 16:00:00,-9479.970000000088
1121,2026-03-07 17:00:00,-9432.700000000084
1122,2026-03-07 18:00:00,-9637.30000000009
1123,2026-03-07 19:00:00,-9517.610000000088
1124,2026-03-07 20:00:00,-9387.91000000009
1125,2026-03-07 21:00:00,-9370.44000000009
1126,2026-03-07 22:00:00,-9308.960000000094
1127,2026-03-07 23:00:00,-9394.600000000093
1128,2026-03-08 00:00:00,-9533.850000000093
1129,2026-03-08 01:00:00,-9627.670000000086
1130,2026-03-08 02:00:00,-9632.450000000084
1131,2026-03-08 03:00:00,-9852.730000000083
1132,2026-03-08 04:00:00,-10340.520000000091
1133,2026-03-08 05:00:00,-10017.880000000092
1134,2026-03-08 06:00:00,-9967.880000000092
1135,2026-03-08 07:00:00,-9773.55000000009
1136,2026-03-08 08:00:00,-9769.29000000008
1137,2026-03-08 09:00:00,-9837.43000000008
1138,2026-03-08 10:00:00,-9939.93000000008
1139,2026-03-08 11:00:00,-10311.760000000082
1140,2026-03-08 12:00:00,-10386.580000000075
1141,2026-03-08 13:00:00,-10023.68000000008
1142,2026-03-08 14:00:00,-10536.250000000073
1143,2026-03-08 15:00:00,-10547.840000000084
1144,2026-03-08 16:00:00,-10706.230000000083
1145,2026-03-08 17:00:00,-10486.810000000085
1146,2026-03-08 18:00:00,-10628.480000000083
1147,2026-03-08 19:00:00,-10851.620000000083
1148,2026-03-08 20:00:00,-10462.480000000083
1149,2026-03-08 21:00:00,-10652.760000000082
1150,2026-03-08 22:00:00,-10742.620000000083
1151,2026-03-08 23:00:00,-10847.520000000077
1152,2026-03-09 00:00:00,-10725.990000000078
1153,2026-03-09 01:00:00,-11072.07000000008
1154,2026-03-09 02:00:00,-10879.220000000074
1155,2026-03-09 03:00:00,-10618.220000000074
1156,2026-03-09 04:00:00,-10084.800000000076
1157,2026-03-09 05:00:00,-9986.18000000008
1158,2026-03-09 06:00:00,-10204.970000000088
1159,2026-03-09 07:00:00,-10988.18000000008
1160,2026-03-09 08:00:00,-11253.780000000086
1161,2026-03-09 09:00:00,-11652.590000000084
1162,2026-03-09 10:00:00,-11478.590000000084
1163,2026-03-09 11:00:00,-11137.280000000072
1164,2026-03-09 12:00:00,-10469.550000000076
1165,2026-03-09 13:00:00,-10394.640000000072
1166,2026-03-09 14:00:00,-11175.660000000076
1167,2026-03-09 15:00:00,-10531.680000000066
1168,2026-03-09 16:00:00,-10243.730000000054
1169,2026-03-09 17:00:00,-10503.290000000052
1170,2026-03-09 18:00:00,-10336.96000000005
1171,2026-03-09 19:00:00,-10709.85000000005
1172,2026-03-09 20:00:00,-10866.70000000004
1173,2026-03-09 21:00:00,-10479.750000000044
1174,2026-03-09 22:00:00,-11303.82000000005
1175,2026-03-09 23:00:00,-11479.32000000005
1176,2026-03-10 00:00:00,-11191.480000000054
1177,2026-03-10 01:00:00,-11287.940000000046
1178,2026-03-10 02:00:00,-11647.350000000035
1179,2026-03-10 03:00:00,-11403.010000000024
1180,2026-03-10 04:00:00,-12038.570000000022
1181,2026-03-10 05:00:00,-12068.790000000008
1182,2026-03-10 06:00:00,-12026.800000000003
1183,2026-03-10 07:00:00,-12310.64
1184,2026-03-10 08:00:00,-12106.919999999998
1185,2026-03-10 09:00:00,-11381.710000000006
1186,2026-03-10 10:00:00,-11279.070000000007
1187,2026-03-10 11:00:00,-10267.070000000007
1188,2026-03-10 12:00:00,-9424.910000000018
1189,2026-03-10 13:00:00,-10068.000000000015
1190,2026-03-10 14:00:00,-9966.400000000009
1191,2026-03-10 15:00:00,-9905.970000000016
1192,2026-03-10 16:00:00,-9410.870000000024
1193,2026-03-10 17:00:00,-9107.510000000024
1194,2026-03-10 18:00:00,-8737.960000000021
1195,2026-03-10 19:00:00,-8433.080000000016
1196,2026-03-10 20:00:00,-8239.980000000025
1197,2026-03-10 21:00:00,-8178.900000000023
1198,2026-03-10 22:00:00,-8777.640000000029
1199,2026-03-10 23:00:00,-10324.33000000003
1200,2026-03-11 00:00:00,-10445.980000000025
1201,2026-03-11 01:00:00,-10368.410000000018
1202,2026-03-11 02:00:00,-10768.390000000014
1203,2026-03-11 03:00:00,-9913.650000000009
1204,2026-03-11 04:00:00,-9883.89
1205,2026-03-11 05:00:00,-10075.86
1206,2026-03-11 06:00:00,-10548.450000000012
1207,2026-03-11 07:00:00,-10589.880000000005
1208,2026-03-11 08:00:00,-10362.830000000002
1209,2026-03-11 09:00:00,-10266.590000000011
1210,2026-03-11 10:00:00,-10240.200000000012
1211,2026-03-11 11:00:00,-10500.740000000005
1212,2026-03-11 12:00:00,-10759.550000000003
1213,2026-03-11 13:00:00,-11338.630000000005
1214,2026-03-11 14:00:00,-10718.0
1215,2026-03-11 15:00:00,-10278.350000000006
1216,2026-03-11 16:00:00,-10580.070000000007
1217,2026-03-11 17:00:00,-10566.119999999995
1218,2026-03-11 18:00:00,-10370.62999999999
1219,2026-03-11 19:00:00,-10508.779999999984
1220,2026-03-11 20:00:00,-10076.87999999999
1221,2026-03-11 21:00:00,-9888.749999999985
1222,2026-03-11 22:00:00,-9063.789999999994
1223,2026-03-11 23:00:00,-9456.399999999994
1224,2026-03-12 00:00:00,-9105.61
1225,2026-03-12 01:00:00,-8762.809999999998
1226,2026-03-12 02:00:00,-8978.089999999997
1227,2026-03-12 03:00:00,-9146.440000000002
1228,2026-03-12 04:00:00,-9122.259999999995
1229,2026-03-12 05:00:00,-9129.119999999995
1230,2026-03-12 06:00:00,-9235.419999999984
1231,2026-03-12 07:00:00,-9603.669999999984
1232,2026-03-12 08:00:00,-9422.51999999999
1233,2026-03-12 09:00:00,-9455.999999999985
1234,2026-03-12 10:00:00,-9840.029999999984
1235,2026-03-12 11:00:00,-10394.779999999984
1236,2026-03-12 12:00:00,-10234.729999999981
1237,2026-03-12 13:00:00,-10160.11999999998
1238,2026-03-12 14:00:00,-10051.579999999987
1239,2026-03-12 15:00:00,-10030.679999999978
1240,2026-03-12 16:00:00,-9705.929999999978
1241,2026-03-12 17:00:00,-9614.749999999985
1242,2026-03-12 18:00:00,-9649.889999999985
1243,2026-03-12 19:00:00,-9190.289999999979
1244,2026-03-12 20:00:00,-9174.489999999976
1245,2026-03-12 21:00:00,-9128.379999999976
1246,2026-03-12 22:00:00,-8718.729999999967
1247,2026-03-12 23:00:00,-8336.66999999997
1248,2026-03-13 00:00:00,-9081.459999999977
1249,2026-03-13 01:00:00,-9127.739999999976
1250,2026-03-13 02:00:00,-9296.839999999982
1251,2026-03-13 03:00:00,-9689.25999999998
1252,2026-03-13 04:00:00,-9076.579999999973
1253,2026-03-13 05:00:00,-8808.74999999997
1254,2026-03-13 06:00:00,-8912.809999999969
1255,2026-03-13 07:00:00,-8819.899999999965
1256,2026-03-13 08:00:00,-8454.199999999968
1257,2026-03-13 09:00:00,-9388.469999999972
1258,2026-03-13 10:00:00,-9585.24999999997
1259,2026-03-13 11:00:00,-10113.839999999967
1260,2026-03-13 12:00:00,-9851.88999999997
1261,2026-03-13 13:00:00,-9840.079999999973
1262,2026-03-13 14:00:00,-9687.729999999981
1263,2026-03-13 15:00:00,-9483.439999999988
1264,2026-03-13 16:00:00,-9213.219999999987
1265,2026-03-13 17:00:00,-9422.01999999999
1266,2026-03-13 18:00:00,-9236.469999999987
1267,2026-03-13 19:00:00,-8784.919999999998
1268,2026-03-13 20:00:00,-9014.219999999987
1269,2026-03-13 21:00:00,-8458.309999999998
1270,2026-03-13 22:00:00,-7863.860000000001
1271,2026-03-13 23:00:00,-8860.319999999992
1272,2026-03-14 00:00:00,-8309.059999999998
1273,2026-03-14 01:00:00,-8363.169999999998
1274,2026-03-14 02:00:00,-7515.529999999984
1275,2026-03-14 03:00:00,-7498.00999999998
1276,2026-03-14 04:00:00,-7632.50999999998
1277,2026-03-14 05:00:00,-7475.619999999981
1278,2026-03-14 06:00:00,-7717.809999999983
1279,2026-03-14 07:00:00,-7427.159999999989
1280,2026-03-14 08:00:00,-7543.159999999989
1281,2026-03-14 09:00:00,-7841.189999999988
1282,2026-03-14 10:00:00,-7641.459999999992
1283,2026-03-14 11:00:00,-7689.889999999985
1284,2026-03-14 12:00:00,-7987.919999999984
1285,2026-03-14 13:00:00,-7946.1999999999825
1286,2026-03-14 14:00:00,-7972.029999999984
1287,2026-03-14 15:00:00,-8363.699999999983
1288,2026-03-14 16:00:00,-8389.099999999991
1289,2026-03-14 17:00:00,-8378.050000000003
1290,2026-03-14 18:00:00,-8462.520000000004
1291,2026-03-14 19:00:00,-8531.800000000003
1292,2026-03-14 20:00:00,-8350.820000000007
1293,2026-03-14 21:00:00,-8379.990000000005
1294,2026-03-14 22:00:00,-8313.229999999996
1295,2026-03-14 23:00:00,-8561.36
1296,2026-03-15 00:00:00,-8542.229999999996
1297,2026-03-15 01:00:00,-8634.669999999998
1298,2026-03-15 02:00:00,-8579.149999999994
1299,2026-03-15 03:00:00,-8527.929999999993
1300,2026-03-15 04:00:00,-8559.699999999997
1301,2026-03-15 05:00:00,-8665.410000000003
1302,2026-03-15 06:00:00,-8659.690000000002
1303,2026-03-15 07:00:00,-8570.61
1304,2026-03-15 08:00:00,-9071.649999999994
1305,2026-03-15 09:00:00,-9298.319999999992
1306,2026-03-15 10:00:00,-9297.76999999999
1307,2026-03-15 11:00:00,-8833.069999999992
1308,2026-03-15 12:00:00,-8920.459999999992
1309,2026-03-15 13:00:00,-9163.64
1310,2026-03-15 14:00:00,-9280.280000000013
1311,2026-03-15 15:00:00,-9311.550000000003
1312,2026-03-15 16:00:00,-9306.729999999996
1313,2026-03-15 17:00:00,-9570.64
1314,2026-03-15 18:00:00,-9497.039999999994
1315,2026-03-15 19:00:00,-9505.050000000003
1316,2026-03-15 20:00:00,-9448.720000000001
1317,2026-03-15 21:00:00,-9219.630000000005
1318,2026-03-15 22:00:00,-9216.839999999997
1319,2026-03-15 23:00:00,-9231.330000000002
1320,2026-03-16 00:00:00,-9090.540000000008
1321,2026-03-16 01:00:00,-9046.650000000009
1322,2026-03-16 02:00:00,-9429.25
1323,2026-03-16 03:00:00,-8999.830000000002
1324,2026-03-16 04:00:00,-9159.240000000005
1325,2026-03-16 05:00:00,-8978.37000000001
1326,2026-03-16 06:00:00,-8599.600000000006
1327,2026-03-16 07:00:00,-9239.460000000006
1328,2026-03-16 08:00:00,-9305.26000000001
1329,2026-03-16 09:00:00,-9021.279999999999
1330,2026-03-16 10:00:00,-9242.919999999998
1331,2026-03-16 11:00:00,-9481.12999999999
1332,2026-03-16 12:00:00,-8422.499999999985
1333,2026-03-16 13:00:00,-8160.199999999997
1334,2026-03-16 14:00:00,-8532.070000000007
1335,2026-03-16 15:00:00,-8038.940000000002
1336,2026-03-16 16:00:00,-7781.259999999995
1337,2026-03-16 17:00:00,-7459.580000000002
1338,2026-03-16 18:00:00,-7333.6600000000035
1339,2026-03-16 19:00:00,-7856.1600000000035
1340,2026-03-16 20:00:00,-8086.809999999998
1341,2026-03-16 21:00:00,-8398.839999999997
1342,2026-03-16 22:00:00,-8643.589999999997
1343,2026-03-16 23:00:00,-8099.579999999987
1344,2026-03-17 00:00:00,-8390.359999999986
1345,2026-03-17 01:00:00,-8876.229999999996
1346,2026-03-17 02:00:00,-8693.680000000008
1347,2026-03-17 03:00:00,-8723.259999999995
1348,2026-03-17 04:00:00,-8673.86
1349,2026-03-17 05:00:00,-8947.759999999995
1350,2026-03-17 06:00:00,-8783.299999999988
1351,2026-03-17 07:00:00,-8411.999999999985
1352,2026-03-17 08:00:00,-8524.00999999998
1353,2026-03-17 09:00:00,-8090.1999999999825
1354,2026-03-17 10:00:00,-8395.62999999999
1355,2026-03-17 11:00:00,-8821.51999999999
1356,2026-03-17 12:00:00,-9555.559999999998
1357,2026-03-17 13:00:00,-9767.529999999999
1358,2026-03-17 14:00:00,-9982.799999999988
1359,2026-03-17 15:00:00,-9934.089999999997
1360,2026-03-17 16:00:00,-9770.219999999987
1361,2026-03-17 17:00:00,-9831.159999999989
1362,2026-03-17 18:00:00,-10082.37999999999
1363,2026-03-17 19:00:00,-10290.089999999997
1364,2026-03-17 20:00:00,-10593.75
1365,2026-03-17 21:00:00,-10887.119999999995
1366,2026-03-17 22:00:00,-10762.859999999986
1367,2026-03-17 23:00:00,-11529.079999999987
1368,2026-03-18 00:00:00,-11996.389999999985
1369,2026-03-18 01:00:00,-11755.089999999982
1370,2026-03-18 02:00:00,-11387.029999999984
1371,2026-03-18 03:00:00,-11227.73999999999
1372,2026-03-18 04:00:00,-11398.609999999986
1373,2026-03-18 05:00:00,-11404.029999999984
1374,2026-03-18 06:00:00,-11225.359999999986
1375,2026-03-18 07:00:00,-11603.699999999983
1376,2026-03-18 08:00:00,-11205.979999999981
1377,2026-03-18 09:00:00,-11247.459999999977
1378,2026-03-18 10:00:00,-11043.039999999979
1379,2026-03-18 11:00:00,-10776.409999999989
1380,2026-03-18 12:00:00,-10669.199999999983
1381,2026-03-18 13:00:00,-10939.849999999977
1382,2026-03-18 14:00:00,-11165.339999999982
1383,2026-03-18 15:00:00,-11169.36999999998
1384,2026-03-18 16:00:00,-11239.599999999977
1385,2026-03-18 17:00:00,-11078.50999999998
1386,2026-03-18 18:00:00,-10942.319999999978
1387,2026-03-18 19:00:00,-11177.049999999974
1388,2026-03-18 20:00:00,-12170.549999999974
1389,2026-03-18 21:00:00,-11578.939999999973
1390,2026-03-18 22:00:00,-11806.689999999973
1391,2026-03-18 23:00:00,-10866.429999999964
1392,2026-03-19 00:00:00,-11141.019999999975
1393,2026-03-19 01:00:00,-11294.75999999998
1394,2026-03-19 02:00:00,-11575.889999999985
1395,2026-03-19 03:00:00,-12074.359999999986
1396,2026-03-19 04:00:00,-12049.999999999985
1397,2026-03-19 05:00:00,-11907.709999999992
1398,2026-03-19 06:00:00,-11858.709999999992
1399,2026-03-19 07:00:00,-11748.699999999997
1400,2026-03-19 08:00:00,-11841.579999999987
1401,2026-03-19 09:00:00,-11597.209999999992
1402,2026-03-19 10:00:00,-11484.149999999994
1403,2026-03-19 11:00:00,-11424.36
1404,2026-03-19 12:00:00,-11584.309999999998
1405,2026-03-19 13:00:00,-11977.62999999999
1406,2026-03-19 14:00:00,-11982.099999999977
1407,2026-03-19 15:00:00,-11738.779999999984
1408,2026-03-19 16:00:00,-11346.729999999981
1409,2026-03-19 17:00:00,-11552.709999999977
1410,2026-03-19 18:00:00,-12080.519999999975
1411,2026-03-19 19:00:00,-12459.799999999974
1412,2026-03-19 20:00:00,-12640.769999999975
1413,2026-03-19 21:00:00,-11978.289999999979
1414,2026-03-19 22:00:00,-11362.909999999989
1415,2026-03-19 23:00:00,-11786.309999999983
1416,2026-03-20 00:00:00,-11856.049999999988
1417,2026-03-20 01:00:00,-11812.699999999983
1418,2026-03-20 02:00:00,-11414.39999999998
1419,2026-03-20 03:00:00,-11447.349999999977
1420,2026-03-20 04:00:00,-11898.129999999976
1421,2026-03-20 05:00:00,-11687.089999999982
1422,2026-03-20 06:00:00,-11617.529999999984
1423,2026-03-20 07:00:00,-11388.049999999988
1424,2026-03-20 08:00:00,-11134.059999999983
1425,2026-03-20 09:00:00,-11385.059999999983
1426,2026-03-20 10:00:00,-11162.26999999999
1427,2026-03-20 11:00:00,-11173.949999999997
1428,2026-03-20 12:00:00,-11488.399999999994
1429,2026-03-20 13:00:00,-11434.62999999999
1430,2026-03-20 14:00:00,-11257.179999999993
1431,2026-03-20 15:00:00,-11153.839999999982
1432,2026-03-20 16:00:00,-11505.599999999991
1433,2026-03-20 17:00:00,-11693.169999999984
1434,2026-03-20 18:00:00,-11234.73999999999
1435,2026-03-20 19:00:00,-11262.61999999998
1436,2026-03-20 20:00:00,-11129.649999999994
1437,2026-03-20 21:00:00,-10993.569999999992
1438,2026-03-20 22:00:00,-11472.36
1439,2026-03-20 23:00:00,-11339.73000000001
1440,2026-03-21 00:00:00,-11468.61
1441,2026-03-21 01:00:00,-11437.779999999999
1442,2026-03-21 02:00:00,-11608.520000000004
1443,2026-03-21 03:00:00,-11378.520000000004
1444,2026-03-21 04:00:00,-11786.380000000005
1445,2026-03-21 05:00:00,-11906.580000000002
1446,2026-03-21 06:00:00,-11423.51000000001
1447,2026-03-21 07:00:00,-11650.63000000002
1448,2026-03-21 08:00:00,-11393.51000000001
1449,2026-03-21 09:00:00,-11564.970000000016
1450,2026-03-21 10:00:00,-11347.37000000001
1451,2026-03-21 11:00:00,-11074.36
1452,2026-03-21 12:00:00,-10994.11
1453,2026-03-21 13:00:00,-10978.89
1454,2026-03-21 14:00:00,-11034.699999999997
1455,2026-03-21 15:00:00,-11111.409999999989
1456,2026-03-21 16:00:00,-11158.729999999981
1457,2026-03-21 17:00:00,-11291.62999999999
1458,2026-03-21 18:00:00,-11224.469999999987
1459,2026-03-21 19:00:00,-11280.419999999984
1460,2026-03-21 20:00:00,-11327.499999999985
1461,2026-03-21 21:00:00,-11397.389999999985
1462,2026-03-21 22:00:00,-11379.819999999992
1463,2026-03-21 23:00:00,-11268.740000000005
1464,2026-03-22 00:00:00,-11269.660000000003
1465,2026-03-22 01:00:00,-11598.020000000004
1466,2026-03-22 02:00:00,-11595.600000000006
1467,2026-03-22 03:00:00,-11510.490000000005
1468,2026-03-22 04:00:00,-11503.680000000008
1469,2026-03-22 05:00:00,-11437.400000000009
1470,2026-03-22 06:00:00,-11554.11
1471,2026-03-22 07:00:00,-11622.460000000006
1472,2026-03-22 08:00:00,-12981.560000000012
1473,2026-03-22 09:00:00,-12944.970000000001
1474,2026-03-22 10:00:00,-12937.280000000013
1475,2026-03-22 11:00:00,-13253.000000000015
1476,2026-03-22 12:00:00,-13191.130000000005
1477,2026-03-22 13:00:00,-13209.14
1478,2026-03-22 14:00:00,-13004.550000000003
1479,2026-03-22 15:00:00,-13015.199999999997
1480,2026-03-22 16:00:00,-12770.520000000004
1481,2026-03-22 17:00:00,-12655.910000000003
1482,2026-03-22 18:00:00,-12634.48000000001
1483,2026-03-22 19:00:00,-12456.450000000012
1484,2026-03-22 20:00:00,-12026.23000000001
1485,2026-03-22 21:00:00,-12463.110000000015
1486,2026-03-22 22:00:00,-12508.300000000017
1487,2026-03-22 23:00:00,-12496.660000000018
1488,2026-03-23 00:00:00,-12360.360000000015
1489,2026-03-23 01:00:00,-12317.98000000001
1490,2026-03-23 02:00:00,-12450.540000000008
1491,2026-03-23 03:00:00,-12396.100000000006
1492,2026-03-23 04:00:00,-12814.750000000015
1493,2026-03-23 05:00:00,-12838.220000000001
1494,2026-03-23 06:00:00,-12561.729999999996
1495,2026-03-23 07:00:00,-13001.12999999999
1496,2026-03-23 08:00:00,-13481.499999999985
1497,2026-03-23 09:00:00,-13670.50999999998
1498,2026-03-23 10:00:00,-13905.519999999975
1499,2026-03-23 11:00:00,-14321.239999999976
1500,2026-03-23 12:00:00,-14567.359999999971
1501,2026-03-23 13:00:00,-14100.959999999977
1502,2026-03-23 14:00:00,-14459.879999999976
1503,2026-03-23 15:00:00,-15485.609999999971
1504,2026-03-23 16:00:00,-15944.579999999973
1505,2026-03-23 17:00:00,-15843.479999999981
1506,2026-03-23 18:00:00,-15743.229999999981
1507,2026-03-23 19:00:00,-15960.23999999999
1508,2026-03-23 20:00:00,-17531.36999999998
1509,2026-03-23 21:00:00,-16901.36999999998
1510,2026-03-23 22:00:00,-17630.34999999999
1511,2026-03-23 23:00:00,-17665.01999999999
1512,2026-03-24 00:00:00,-18980.0
1513,2026-03-24 01:00:00,-18549.940000000002
1514,2026-03-24 02:00:00,-18026.319999999992
1515,2026-03-24 03:00:00,-18017.37999999999
1516,2026-03-24 04:00:00,-17620.209999999992
1517,2026-03-24 05:00:00,-17383.67
1518,2026-03-24 06:00:00,-17447.90999999999
1519,2026-03-24 07:00:00,-17376.779999999984
1520,2026-03-24 08:00:00,-17250.54999999999
1521,2026-03-24 09:00:00,-17023.29999999999
1522,2026-03-24 10:00:00,-16860.67
1523,2026-03-24 11:00:00,-16923.87000000001
1524,2026-03-24 12:00:00,-17013.40000000001
1525,2026-03-24 13:00:00,-17183.86
1526,2026-03-24 14:00:00,-17272.449999999997
1527,2026-03-24 15:00:00,-17529.979999999996
1528,2026-03-24 16:00:00,-16779.660000000003
1529,2026-03-24 17:00:00,-16452.11
1530,2026-03-24 18:00:00,-16804.930000000008
1531,2026-03-24 19:00:00,-16849.030000000013
1532,2026-03-24 20:00:00,-16964.130000000005
1533,2026-03-24 21:00:00,-17165.420000000013
1534,2026-03-24 22:00:00,-18021.440000000002
1535,2026-03-24 23:00:00,-18251.970000000016
1536,2026-03-25 00:00:00,-18248.860000000015
1537,2026-03-25 01:00:00,-17852.690000000017
1538,2026-03-25 02:00:00,-17614.250000000015
1539,2026-03-25 03:00:00,-17422.440000000002
1540,2026-03-25 04:00:00,-17475.350000000006
1541,2026-03-25 05:00:00,-16759.490000000005
1542,2026-03-25 06:00:00,-16999.229999999996
1543,2026-03-25 07:00:00,-17015.199999999983
1544,2026-03-25 08:00:00,-16775.419999999984
1545,2026-03-25 09:00:00,-17059.42999999998
1546,2026-03-25 10:00:00,-17222.999999999985
1547,2026-03-25 11:00:00,-17369.089999999982
1548,2026-03-25 12:00:00,-17183.47999999998
1549,2026-03-25 13:00:00,-17435.419999999984
1550,2026-03-25 14:00:00,-17584.439999999988
1551,2026-03-25 15:00:00,-17458.609999999986
1552,2026-03-25 16:00:00,-17393.65999999999
1553,2026-03-25 17:00:00,-17072.149999999994
1554,2026-03-25 18:00:00,-16974.62999999999
1555,2026-03-25 19:00:00,-16819.149999999994
1556,2026-03-25 20:00:00,-16641.569999999992
1557,2026-03-25 21:00:00,-16605.29999999999
1558,2026-03-25 22:00:00,-16739.119999999995
1559,2026-03-25 23:00:00,-16391.979999999996
1560,2026-03-26 00:00:00,-15990.690000000002
1561,2026-03-26 01:00:00,-15499.670000000013
1562,2026-03-26 02:00:00,-16044.680000000008
1563,2026-03-26 03:00:00,-16013.340000000011
1564,2026-03-26 04:00:00,-15940.37000000001
1565,2026-03-26 05:00:00,-15814.180000000008
1566,2026-03-26 06:00:00,-15788.440000000002
1567,2026-03-26 07:00:00,-15454.600000000006
1568,2026-03-26 08:00:00,-15422.050000000003
1569,2026-03-26 09:00:00,-15459.309999999998
1570,2026-03-26 10:00:00,-15506.470000000001
1571,2026-03-26 11:00:00,-15865.570000000007
1572,2026-03-26 12:00:00,-15837.11
1573,2026-03-26 13:00:00,-15986.570000000007
1574,2026-03-26 14:00:00,-16741.600000000006
1575,2026-03-26 15:00:00,-16821.800000000003
1576,2026-03-26 16:00:00,-16812.060000000012
1577,2026-03-26 17:00:00,-16749.390000000014
1578,2026-03-26 18:00:00,-17211.750000000015
1579,2026-03-26 19:00:00,-17167.020000000004
1580,2026-03-26 20:00:00,-16925.350000000006
1581,2026-03-26 21:00:00,-17085.76000000001
1582,2026-03-26 22:00:00,-17295.930000000008
1583,2026-03-26 23:00:00,-17462.600000000006
1584,2026-03-27 00:00:00,-17859.880000000005
1585,2026-03-27 01:00:00,-18010.0
1586,2026-03-27 02:00:00,-18455.660000000003
1587,2026-03-27 03:00:00,-18466.050000000003
1588,2026-03-27 04:00:00,-18503.160000000003
1589,2026-03-27 05:00:00,-18974.01000000001
1590,2026-03-27 06:00:00,-19058.12000000001
1591,2026-03-27 07:00:00,-19086.550000000017
1592,2026-03-27 08:00:00,-19014.190000000017
1593,2026-03-27 09:00:00,-19049.49000000002
1594,2026-03-27 10:00:00,-19315.75000000003
1595,2026-03-27 11:00:00,-19463.430000000037
1596,2026-03-27 12:00:00,-19599.51000000004
1597,2026-03-27 13:00:00,-19410.000000000044
1598,2026-03-27 14:00:00,-19462.770000000048
1599,2026-03-27 15:00:00,-19437.390000000058
1600,2026-03-27 16:00:00,-19321.72000000006
1601,2026-03-27 17:00:00,-19941.700000000055
1602,2026-03-27 18:00:00,-20166.390000000058
1603,2026-03-27 19:00:00,-21359.79000000005
1604,2026-03-27 20:00:00,-21560.160000000047
1605,2026-03-27 21:00:00,-21477.140000000043
1606,2026-03-27 22:00:00,-21045.700000000055
1607,2026-03-27 23:00:00,-21062.440000000046
1608,2026-03-28 00:00:00,-20970.200000000055
1609,2026-03-28 01:00:00,-20836.670000000042
1610,2026-03-28 02:00:00,-21183.040000000037
1611,2026-03-28 03:00:00,-21386.81000000004
1612,2026-03-28 04:00:00,-21182.84000000004
1613,2026-03-28 05:00:00,-21162.94000000003
1614,2026-03-28 06:00:00,-21085.700000000026
1615,2026-03-28 07:00:00,-21162.910000000033
1616,2026-03-28 08:00:00,-21549.400000000038
1617,2026-03-28 09:00:00,-21573.670000000042
1618,2026-03-28 10:00:00,-21320.970000000045
1619,2026-03-28 11:00:00,-21446.620000000054
1620,2026-03-28 12:00:00,-21259.82000000005
1621,2026-03-28 13:00:00,-21304.830000000045
1622,2026-03-28 14:00:00,-21361.720000000045
1623,2026-03-28 15:00:00,-21401.82000000005
1624,2026-03-28 16:00:00,-21581.300000000047
1625,2026-03-28 17:00:00,-21733.45000000004
1626,2026-03-28 18:00:00,-21635.440000000046
1627,2026-03-28 19:00:00,-21725.38000000005
1628,2026-03-28 20:00:00,-21823.470000000045
1629,2026-03-28 21:00:00,-21959.09000000004
1630,2026-03-28 22:00:00,-21579.08000000003
1631,2026-03-28 23:00:00,-21486.08000000003
1632,2026-03-29 00:00:00,-21758.89000000003
1633,2026-03-29 01:00:00,-21670.930000000022
1634,2026-03-29 02:00:00,-21751.670000000013
1635,2026-03-29 03:00:00,-21813.490000000005
1636,2026-03-29 04:00:00,-21805.0
1637,2026-03-29 05:00:00,-21794.479999999996
1638,2026-03-29 06:00:00,-22014.949999999997
1639,2026-03-29 07:00:00,-21944.59999999999
1640,2026-03-29 08:00:00,-22323.449999999997
1641,2026-03-29 09:00:00,-22434.34999999999
1642,2026-03-29 10:00:00,-22515.64
1643,2026-03-29 11:00:00,-22266.86
1644,2026-03-29 12:00:00,-22172.86
1645,2026-03-29 13:00:00,-22349.72
1646,2026-03-29 14:00:00,-22386.520000000004
1647,2026-03-29 15:00:00,-22419.960000000006
1648,2026-03-29 16:00:00,-22352.460000000006
1649,2026-03-29 17:00:00,-22405.460000000006
1650,2026-03-29 18:00:00,-22315.47
1651,2026-03-29 19:00:00,-22184.25
1652,2026-03-29 20:00:00,-21870.759999999995
1653,2026-03-29 21:00:00,-21837.15999999999
1654,2026-03-29 22:00:00,-21567.639999999985
1655,2026-03-29 23:00:00,-21576.919999999984
1656,2026-03-30 00:00:00,-21643.559999999983
1657,2026-03-30 01:00:00,-21667.209999999977
1658,2026-03-30 02:00:00,-21553.699999999968
1659,2026-03-30 03:00:00,-21512.27999999997
1660,2026-03-30 04:00:00,-21590.91999999997
1661,2026-03-30 05:00:00,-21856.349999999977
1662,2026-03-30 06:00:00,-21952.41999999997
1663,2026-03-30 07:00:00,-21102.60999999997
1664,2026-03-30 08:00:00,-21253.229999999967
1665,2026-03-30 09:00:00,-20983.90999999996
1666,2026-03-30 10:00:00,-21357.399999999965
1667,2026-03-30 11:00:00,-21824.669999999955
1668,2026-03-30 12:00:00,-21877.459999999963
1669,2026-03-30 13:00:00,-22319.949999999953
1670,2026-03-30 14:00:00,-22443.77999999994
1671,2026-03-30 15:00:00,-22631.099999999948
1672,2026-03-30 16:00:00,-22950.349999999948
1673,2026-03-30 17:00:00,-22992.39999999995
1674,2026-03-30 18:00:00,-23163.379999999946
1675,2026-03-30 19:00:00,-23170.309999999954
1676,2026-03-30 20:00:00,-23362.229999999952
1677,2026-03-30 21:00:00,-23581.36999999995
1678,2026-03-30 22:00:00,-23211.29999999996
1679,2026-03-30 23:00:00,-23481.31999999995
1680,2026-03-31 00:00:00,-23311.17999999995
1681,2026-03-31 01:00:00,-23049.87999999996
1682,2026-03-31 02:00:00,-22509.79999999996
1683,2026-03-31 03:00:00,-22335.23999999996
1684,2026-03-31 04:00:00,-22438.649999999965
1685,2026-03-31 05:00:00,-22337.299999999974
1686,2026-03-31 06:00:00,-22495.199999999983
1687,2026-03-31 07:00:00,-22470.879999999976
1688,2026-03-31 08:00:00,-22483.269999999975
1689,2026-03-31 09:00:00,-22071.88999999997
1690,2026-03-31 10:00:00,-21342.099999999977
1691,2026-03-31 11:00:00,-21337.209999999977
1692,2026-03-31 12:00:00,-21575.899999999965
1693,2026-03-31 13:00:00,-21736.629999999976
1694,2026-03-31 14:00:00,-21874.299999999974
1695,2026-03-31 15:00:00,-21685.469999999987
1696,2026-03-31 16:00:00,-21560.309999999983
1697,2026-03-31 17:00:00,-20970.949999999983
1698,2026-03-31 18:00:00,-21624.28999999998
1699,2026-03-31 19:00:00,-21862.67999999998
1700,2026-03-31 20:00:00,-21540.36999999998
1701,2026-03-31 21:00:00,-21507.939999999973
1702,2026-03-31 22:00:00,-20858.909999999974
1703,2026-03-31 23:00:00,-20144.069999999978
1704,2026-04-01 00:00:00,-20293.419999999984
1705,2026-04-01 01:00:00,-21222.449999999983
1706,2026-04-01 02:00:00,-21361.529999999984
1707,2026-04-01 03:00:00,-21688.829999999987
1708,2026-04-01 04:00:00,-21704.079999999987
1709,2026-04-01 05:00:00,-21277.34999999999
1710,2026-04-01 06:00:00,-21289.809999999998
1711,2026-04-01 07:00:00,-21394.930000000008
1712,2026-04-01 08:00:00,-21506.540000000008
1713,2026-04-01 09:00:00,-21460.270000000004
1714,2026-04-01 10:00:00,-20912.25
1715,2026-04-01 11:00:00,-20798.410000000003
1716,2026-04-01 12:00:00,-20296.630000000005
1717,2026-04-01 13:00:00,-20163.47
1718,2026-04-01 14:00:00,-20315.660000000003
1719,2026-04-01 15:00:00,-20962.490000000005
1720,2026-04-01 16:00:00,-20551.64
1721,2026-04-01 17:00:00,-20573.479999999996
1722,2026-04-01 18:00:00,-20547.319999999992
1723,2026-04-01 19:00:00,-20488.869999999995
1724,2026-04-01 20:00:00,-20361.899999999994
1725,2026-04-01 21:00:00,-20042.979999999996
1726,2026-04-01 22:00:00,-20320.509999999995
1727,2026-04-01 23:00:00,-20797.98999999999
1728,2026-04-02 00:00:00,-21122.959999999992
1729,2026-04-02 01:00:00,-21225.14
1730,2026-04-02 02:00:00,-21774.86
1731,2026-04-02 03:00:00,-21593.0
1732,2026-04-02 04:00:00,-21500.92
1733,2026-04-02 05:00:00,-21515.17
1734,2026-04-02 06:00:00,-21343.729999999996
1735,2026-04-02 07:00:00,-21583.26999999999
1736,2026-04-02 08:00:00,-21592.339999999997
1737,2026-04-02 09:00:00,-21105.97
1738,2026-04-02 10:00:00,-22346.98999999999
1739,2026-04-02 11:00:00,-22853.26999999999
1740,2026-04-02 12:00:00,-22576.529999999984
1741,2026-04-02 13:00:00,-22822.50999999998
1742,2026-04-02 14:00:00,-22561.23999999999
1743,2026-04-02 15:00:00,-22651.190000000002
1744,2026-04-02 16:00:00,-22401.890000000014
1745,2026-04-02 17:00:00,-22893.560000000012
1746,2026-04-02 18:00:00,-22924.040000000023
1747,2026-04-02 19:00:00,-22911.720000000016
1748,2026-04-02 20:00:00,-23148.720000000016
1749,2026-04-02 21:00:00,-22981.150000000023
1750,2026-04-02 22:00:00,-23199.310000000012
1751,2026-04-02 23:00:00,-22602.000000000015
1752,2026-04-03 00:00:00,-22586.730000000025
1753,2026-04-03 01:00:00,-22343.790000000023
1754,2026-04-03 02:00:00,-22760.480000000025
1755,2026-04-03 03:00:00,-22457.650000000023
1756,2026-04-03 04:00:00,-22451.650000000023
1757,2026-04-03 05:00:00,-22488.39000000003
1758,2026-04-03 06:00:00,-22491.710000000036
1759,2026-04-03 07:00:00,-22445.160000000033
1760,2026-04-03 08:00:00,-22364.670000000042
1761,2026-04-03 09:00:00,-22248.540000000037
1762,2026-04-03 10:00:00,-22404.400000000038
1763,2026-04-03 11:00:00,-22308.210000000036
1764,2026-04-03 12:00:00,-22262.050000000032
1765,2026-04-03 13:00:00,-22284.740000000034
1766,2026-04-03 14:00:00,-22287.050000000032
1767,2026-04-03 15:00:00,-22483.49000000002
1768,2026-04-03 16:00:00,-22728.780000000028
1769,2026-04-03 17:00:00,-22805.47000000003
1770,2026-04-03 18:00:00,-22699.660000000033
1771,2026-04-03 19:00:00,-22723.160000000033
1772,2026-04-03 20:00:00,-22588.800000000032
1773,2026-04-03 21:00:00,-22293.520000000033
1774,2026-04-03 22:00:00,-22243.36000000003
1775,2026-04-03 23:00:00,-21985.550000000032
1776,2026-04-04 00:00:00,-22088.210000000036
1777,2026-04-04 01:00:00,-21904.900000000023
1778,2026-04-04 02:00:00,-21749.45000000001
1779,2026-04-04 03:00:00,-21706.470000000016
1780,2026-04-04 04:00:00,-21632.76000000001
1781,2026-04-04 05:00:00,-21686.52000000002
1782,2026-04-04 06:00:00,-21554.290000000008
1783,2026-04-04 07:00:00,-21629.74000000002
1784,2026-04-04 08:00:00,-21705.280000000028
1785,2026-04-04 09:00:00,-21776.19000000003
1786,2026-04-04 10:00:00,-21734.800000000032
1787,2026-04-04 11:00:00,-21727.630000000034
1788,2026-04-04 12:00:00,-21714.980000000025
1789,2026-04-04 13:00:00,-21686.430000000022
1790,2026-04-04 14:00:00,-21741.99000000002
1791,2026-04-04 15:00:00,-21645.040000000008
1792,2026-04-04 16:00:00,-21643.320000000007
1793,2026-04-04 17:00:00,-21568.36
1794,2026-04-04 18:00:00,-21616.410000000003
1795,2026-04-04 19:00:00,-21795.36
1796,2026-04-04 20:00:00,-21785.289999999994
1797,2026-04-04 21:00:00,-21726.229999999996
1798,2026-04-04 22:00:00,-21630.65999999999
1799,2026-04-04 23:00:00,-21652.459999999992
1800,2026-04-05 00:00:00,-21484.039999999994
1801,2026-04-05 01:00:00,-21467.059999999983
1802,2026-04-05 02:00:00,-21504.339999999982
1803,2026-04-05 03:00:00,-21470.40999999999
1804,2026-04-05 04:00:00,-21477.459999999992
1805,2026-04-05 05:00:00,-21497.479999999996
1806,2026-04-05 06:00:00,-21406.679999999993
1807,2026-04-05 07:00:00,-21365.959999999992
1808,2026-04-05 08:00:00,-21266.459999999992
1809,2026-04-05 09:00:00,-21341.87999999999
1810,2026-04-05 10:00:00,-21481.87999999999
1811,2026-04-05 11:00:00,-21567.039999999994
1812,2026-04-05 12:00:00,-21542.859999999986
1813,2026-04-05 13:00:00,-21587.189999999988
1814,2026-04-05 14:00:00,-21417.189999999988
1815,2026-04-05 15:00:00,-21546.599999999977
1816,2026-04-05 16:00:00,-21528.199999999983
1817,2026-04-05 17:00:00,-21415.65999999999
1818,2026-04-05 18:00:00,-21517.62999999999
1819,2026-04-05 19:00:00,-21506.76999999999
1820,2026-04-05 20:00:00,-21459.759999999995
1821,2026-04-05 21:00:00,-21244.339999999997
1822,2026-04-05 22:00:00,-21137.22
1823,2026-04-05 23:00:00,-21109.89
1824,2026-04-06 00:00:00,-20721.28
1825,2026-04-06 01:00:00,-20627.259999999995
1826,2026-04-06 02:00:00,-20466.23999999999
1827,2026-04-06 03:00:00,-20426.09999999999
1828,2026-04-06 04:00:00,-20478.869999999995
1829,2026-04-06 05:00:00,-20181.529999999984
1830,2026-04-06 06:00:00,-20076.60999999997
1831,2026-04-06 07:00:00,-19291.60999999997
1832,2026-04-06 08:00:00,-18595.85999999997
1833,2026-04-06 09:00:00,-18546.259999999966
1834,2026-04-06 10:00:00,-18819.85999999997
1835,2026-04-06 11:00:00,-18422.04999999996
1836,2026-04-06 12:00:00,-18337.749999999956
1837,2026-04-06 13:00:00,-18355.859999999957
1838,2026-04-06 14:00:00,-18298.349999999962
1839,2026-04-06 15:00:00,-18520.98999999996
1840,2026-04-06 16:00:00,-18660.229999999967
1841,2026-04-06 17:00:00,-18768.949999999968
1842,2026-04-06 18:00:00,-18265.579999999973
1843,2026-04-06 19:00:00,-18222.699999999968
1844,2026-04-06 20:00:00,-18378.66999999997
1845,2026-04-06 21:00:00,-18130.509999999966
1846,2026-04-06 22:00:00,-18069.02999999997
1847,2026-04-06 23:00:00,-17842.87999999996
1848,2026-04-07 00:00:00,-17528.38999999997
1849,2026-04-07 01:00:00,-17358.659999999974
1850,2026-04-07 02:00:00,-17583.189999999973
1851,2026-04-07 03:00:00,-17268.829999999973
1852,2026-04-07 04:00:00,-17119.38999999997
1853,2026-04-07 05:00:00,-17205.869999999966
1854,2026-04-07 06:00:00,-17526.889999999956
1855,2026-04-07 07:00:00,-16832.89999999995
1856,2026-04-07 08:00:00,-16790.239999999947
1857,2026-04-07 09:00:00,-16868.199999999953
1858,2026-04-07 10:00:00,-16492.50999999995
1859,2026-04-07 11:00:00,-16766.499999999956
1860,2026-04-07 12:00:00,-16661.28999999995
1861,2026-04-07 13:00:00,-16585.849999999962
1862,2026-04-07 14:00:00,-16771.499999999956
1863,2026-04-07 15:00:00,-16670.849999999962
1864,2026-04-07 16:00:00,-16727.109999999957
1865,2026-04-07 17:00:00,-17039.209999999963
1866,2026-04-07 18:00:00,-17252.54999999996
1867,2026-04-07 19:00:00,-16340.42999999995
1868,2026-04-07 20:00:00,-16448.249999999956
1869,2026-04-07 21:00:00,-16494.67999999995
1870,2026-04-07 22:00:00,-16334.489999999962
1871,2026-04-07 23:00:00,-15962.979999999952
1872,2026-04-08 00:00:00,-15655.359999999942
1873,2026-04-08 01:00:00,-15593.469999999943
1874,2026-04-08 02:00:00,-15117.64999999995
1875,2026-04-08 03:00:00,-15380.92999999995
1876,2026-04-08 04:00:00,-14812.169999999955
1877,2026-04-08 05:00:00,-15120.26999999996
1878,2026-04-08 06:00:00,-14512.01999999996
1879,2026-04-08 07:00:00,-12925.569999999963
1880,2026-04-08 08:00:00,-12515.439999999959
1881,2026-04-08 09:00:00,-12301.40999999996
1882,2026-04-08 10:00:00,-12068.189999999959
1883,2026-04-08 11:00:00,-12180.219999999958
1884,2026-04-08 12:00:00,-12257.76999999996
1885,2026-04-08 13:00:00,-12536.559999999954
1886,2026-04-08 14:00:00,-12371.639999999941
1887,2026-04-08 15:00:00,-12370.049999999945
1888,2026-04-08 16:00:00,-12264.949999999939
1889,2026-04-08 17:00:00,-12092.539999999935
1890,2026-04-08 18:00:00,-12213.66999999994
1891,2026-04-08 19:00:00,-12415.55999999994
1892,2026-04-08 20:00:00,-12613.699999999939
1893,2026-04-08 21:00:00,-12216.869999999937
1894,2026-04-08 22:00:00,-12688.80999999994
1895,2026-04-08 23:00:00,-13375.93999999993
1896,2026-04-09 00:00:00,-12978.819999999934
1897,2026-04-09 01:00:00,-12686.719999999928
1898,2026-04-09 02:00:00,-12972.809999999925
1899,2026-04-09 03:00:00,-12184.249999999927
1900,2026-04-09 04:00:00,-11965.399999999936
1901,2026-04-09 05:00:00,-12019.849999999933
1902,2026-04-09 06:00:00,-11841.389999999927
1903,2026-04-09 07:00:00,-12327.93999999993
1904,2026-04-09 08:00:00,-12333.029999999926
1905,2026-04-09 09:00:00,-12587.45999999992
1906,2026-04-09 10:00:00,-12474.06999999992
1907,2026-04-09 11:00:00,-12605.81999999992
1908,2026-04-09 12:00:00,-12674.06999999992
1909,2026-04-09 13:00:00,-12884.45999999992
1910,2026-04-09 14:00:00,-12682.45999999992
1911,2026-04-09 15:00:00,-12634.619999999923
1912,2026-04-09 16:00:00,-12684.449999999924
1913,2026-04-09 17:00:00,-12416.949999999924
1914,2026-04-09 18:00:00,-12702.119999999923
1915,2026-04-09 19:00:00,-12960.349999999919
1916,2026-04-09 20:00:00,-12834.06999999992
1917,2026-04-09 21:00:00,-12963.529999999926
1918,2026-04-09 22:00:00,-13441.179999999935
1919,2026-04-09 23:00:00,-13762.909999999945
1920,2026-04-10 00:00:00,-14781.189999999944
1921,2026-04-10 01:00:00,-14842.309999999954
1922,2026-04-10 02:00:00,-15108.929999999964
1923,2026-04-10 03:00:00,-15567.729999999967
1924,2026-04-10 04:00:00,-15360.099999999962
1925,2026-04-10 05:00:00,-15042.449999999968
1926,2026-04-10 06:00:00,-15191.469999999972
1927,2026-04-10 07:00:00,-14872.52999999997
1928,2026-04-10 08:00:00,-14714.489999999976
1929,2026-04-10 09:00:00,-14889.549999999974
1930,2026-04-10 10:00:00,-15084.449999999968
1931,2026-04-10 11:00:00,-14891.879999999976
1932,2026-04-10 12:00:00,-14795.189999999973
1933,2026-04-10 13:00:00,-14546.569999999978
1934,2026-04-10 14:00:00,-14536.019999999975
1935,2026-04-10 15:00:00,-14213.559999999983
1936,2026-04-10 16:00:00,-14537.089999999982
1937,2026-04-10 17:00:00,-14661.309999999983
1938,2026-04-10 18:00:00,-14842.64999999998
1939,2026-04-10 19:00:00,-14719.969999999987
1940,2026-04-10 20:00:00,-14937.469999999987
1941,2026-04-10 21:00:00,-14806.37999999999
1942,2026-04-10 22:00:00,-14743.659999999989
1943,2026-04-10 23:00:00,-14156.059999999983
1944,2026-04-11 00:00:00,-13707.569999999978
1945,2026-04-11 01:00:00,-14239.389999999985
1946,2026-04-11 02:00:00,-14110.059999999983
1947,2026-04-11 03:00:00,-14124.64999999998
1948,2026-04-11 04:00:00,-14253.689999999973
1949,2026-04-11 05:00:00,-14128.11999999998
1950,2026-04-11 06:00:00,-14299.129999999976
1951,2026-04-11 07:00:00,-13985.459999999977
1952,2026-04-11 08:00:00,-13899.75999999998
1953,2026-04-11 09:00:00,-14034.039999999979
1954,2026-04-11 10:00:00,-14160.00999999998
1955,2026-04-11 11:00:00,-14147.829999999973
1956,2026-04-11 12:00:00,-14047.88999999997
1957,2026-04-11 13:00:00,-14108.439999999973
1958,2026-04-11 14:00:00,-14024.63999999997
1959,2026-04-11 15:00:00,-13984.91999999997
1960,2026-04-11 16:00:00,-14001.539999999964
1961,2026-04-11 17:00:00,-13920.329999999958
1962,2026-04-11 18:00:00,-14163.26999999996
1963,2026-04-11 19:00:00,-14226.669999999955
1964,2026-04-11 20:00:00,-14290.009999999951
1965,2026-04-11 21:00:00,-14323.449999999953
1966,2026-04-11 22:00:00,-14605.869999999952
1967,2026-04-11 23:00:00,-14559.26999999996
1968,2026-04-12 00:00:00,-14405.76999999996
1969,2026-04-12 01:00:00,-14229.609999999957
1970,2026-04-12 02:00:00,-14167.969999999958
1971,2026-04-12 03:00:00,-13716.04999999996
1972,2026-04-12 04:00:00,-13576.789999999964
1973,2026-04-12 05:00:00,-13973.509999999966
1974,2026-04-12 06:00:00,-13836.899999999965
1975,2026-04-12 07:00:00,-13785.869999999966
1976,2026-04-12 08:00:00,-13453.019999999975
1977,2026-04-12 09:00:00,-13416.219999999972
1978,2026-04-12 10:00:00,-11979.949999999968
1979,2026-04-12 11:00:00,-12097.609999999971
1980,2026-04-12 12:00:00,-11929.449999999968
1981,2026-04-12 13:00:00,-11802.789999999964
1982,2026-04-12 14:00:00,-11559.119999999966
1983,2026-04-12 15:00:00,-11516.929999999964
1984,2026-04-12 16:00:00,-11519.939999999959
1985,2026-04-12 17:00:00,-11484.149999999965
1986,2026-04-12 18:00:00,-11581.41999999997
1987,2026-04-12 19:00:00,-11660.469999999972
1988,2026-04-12 20:00:00,-11676.129999999976
1989,2026-04-12 21:00:00,-12060.669999999984
1990,2026-04-12 22:00:00,-12255.25999999998
1991,2026-04-12 23:00:00,-12114.179999999978
1992,2026-04-13 00:00:00,-11970.489999999976
1993,2026-04-13 01:00:00,-11926.24999999997
1994,2026-04-13 02:00:00,-11722.00999999998
1995,2026-04-13 03:00:00,-11719.139999999985
1996,2026-04-13 04:00:00,-11665.679999999978
1997,2026-04-13 05:00:00,-11414.429999999978
1998,2026-04-13 06:00:00,-11443.01999999999
1999,2026-04-13 07:00:00,-11894.309999999998
2000,2026-04-13 08:00:00,-11722.559999999998
2001,2026-04-13 09:00:00,-11290.919999999998
2002,2026-04-13 10:00:00,-11265.899999999994
2003,2026-04-13 11:00:00,-11390.399999999994
2004,2026-04-13 12:00:00,-11293.259999999995
2005,2026-04-13 13:00:00,-11378.959999999992
2006,2026-04-13 14:00:00,-11390.439999999988
2007,2026-04-13 15:00:00,-11529.279999999984
2008,2026-04-13 16:00:00,-11325.499999999985
2009,2026-04-13 17:00:00,-11192.319999999978
2010,2026-04-13 18:00:00,-11080.13999999997
2011,2026-04-13 19:00:00,-11043.13999999997
2012,2026-04-13 20:00:00,-10869.339999999982
2013,2026-04-13 21:00:00,-11014.569999999992
2014,2026-04-13 22:00:00,-11602.309999999983
2015,2026-04-13 23:00:00,-10864.809999999983
2016,2026-04-14 00:00:00,-11398.36999999998
2017,2026-04-14 01:00:00,-11734.139999999985
2018,2026-04-14 02:00:00,-11787.62999999999
2019,2026-04-14 03:00:00,-11511.639999999985
2020,2026-04-14 04:00:00,-10613.679999999978
2021,2026-04-14 05:00:00,-10440.219999999972
2022,2026-04-14 06:00:00,-10470.569999999978
2023,2026-04-14 07:00:00,-9023.23999999999
2024,2026-04-14 08:00:00,-9232.289999999979
2025,2026-04-14 09:00:00,-9486.459999999977
2026,2026-04-14 10:00:00,-9264.25999999998
2027,2026-04-14 11:00:00,-9209.219999999972
2028,2026-04-14 12:00:00,-9322.66999999997
2029,2026-04-14 13:00:00,-9266.089999999982
2030,2026-04-14 14:00:00,-9443.829999999987
2031,2026-04-14 15:00:00,-9131.209999999992
2032,2026-04-14 16:00:00,-9154.479999999996
2033,2026-04-14 17:00:00,-9358.479999999996
2034,2026-04-14 18:00:00,-9108.479999999996
2035,2026-04-14 19:00:00,-8958.48999999999
2036,2026-04-14 20:00:00,-8931.979999999981
2037,2026-04-14 21:00:00,-9007.459999999977
2038,2026-04-14 22:00:00,-7933.519999999975
2039,2026-04-14 23:00:00,-7421.199999999968
2040,2026-04-15 00:00:00,-7117.749999999956
2041,2026-04-15 01:00:00,-6452.879999999946
2042,2026-04-15 02:00:00,-6356.179999999949
2043,2026-04-15 03:00:00,-5700.4699999999575
2044,2026-04-15 04:00:00,-5570.479999999967
2045,2026-04-15 05:00:00,-5449.589999999967
2046,2026-04-15 06:00:00,-5624.449999999968
2047,2026-04-15 07:00:00,-5370.449999999968
2048,2026-04-15 08:00:00,-5478.849999999977
2049,2026-04-15 09:00:00,-5915.659999999974
2050,2026-04-15 10:00:00,-5960.579999999973
2051,2026-04-15 11:00:00,-6251.8599999999715
2052,2026-04-15 12:00:00,-6275.829999999973
2053,2026-04-15 13:00:00,-6281.419999999969
2054,2026-04-15 14:00:00,-6600.299999999974
2055,2026-04-15 15:00:00,-6470.419999999969
2056,2026-04-15 16:00:00,-6309.229999999967
2057,2026-04-15 17:00:00,-5929.149999999965
2058,2026-04-15 18:00:00,-5830.329999999973
2059,2026-04-15 19:00:00,-5977.269999999975
2060,2026-04-15 20:00:00,-5640.239999999976
2061,2026-04-15 21:00:00,-5568.249999999971
2062,2026-04-15 22:00:00,-5778.099999999977
2063,2026-04-15 23:00:00,-5690.209999999977
2064,2026-04-16 00:00:00,-5382.479999999981
2065,2026-04-16 01:00:00,-5479.489999999976
2066,2026-04-16 02:00:00,-5285.629999999976
2067,2026-04-16 03:00:00,-5540.969999999972
2068,2026-04-16 04:00:00,-6153.279999999984
2069,2026-04-16 05:00:00,-5992.3599999999715
2070,2026-04-16 06:00:00,-6090.939999999959
2071,2026-04-16 07:00:00,-5870.0399999999645
2072,2026-04-16 08:00:00,-6024.049999999959
2073,2026-04-16 09:00:00,-6018.939999999959
2074,2026-04-16 10:00:00,-5861.499999999956
2075,2026-04-16 11:00:00,-6091.079999999958
2076,2026-04-16 12:00:00,-6092.049999999959
2077,2026-04-16 13:00:00,-6036.1099999999715
2078,2026-04-16 14:00:00,-5936.77999999997
2079,2026-04-16 15:00:00,-5935.249999999971
2080,2026-04-16 16:00:00,-5597.269999999975
2081,2026-04-16 17:00:00,-5568.14999999998
2082,2026-04-16 18:00:00,-5484.25999999998
2083,2026-04-16 19:00:00,-5203.239999999976
2084,2026-04-16 20:00:00,-5465.02999999997
2085,2026-04-16 21:00:00,-5514.239999999976
2086,2026-04-16 22:00:00,-4678.269999999975
2087,2026-04-16 23:00:00,-4863.569999999978
2088,2026-04-17 00:00:00,-4139.709999999977
2089,2026-04-17 01:00:00,-3618.089999999982
2090,2026-04-17 02:00:00,-3450.409999999989
2091,2026-04-17 03:00:00,-4133.869999999995
2092,2026-04-17 04:00:00,-4450.149999999994
2093,2026-04-17 05:00:00,-4330.62999999999
2094,2026-04-17 06:00:00,-4041.399999999994
2095,2026-04-17 07:00:00,-3975.079999999987
2096,2026-04-17 08:00:00,-4261.4499999999825
2097,2026-04-17 09:00:00,-4470.75999999998
2098,2026-04-17 10:00:00,-4275.779999999984
2099,2026-04-17 11:00:00,-4325.779999999984
2100,2026-04-17 12:00:00,-4241.599999999991
2101,2026-04-17 13:00:00,-4417.169999999984
2102,2026-04-17 14:00:00,-4263.549999999988
2103,2026-04-17 15:00:00,-3962.7999999999884
2104,2026-04-17 16:00:00,-4099.049999999988
2105,2026-04-17 17:00:00,-4804.659999999989
2106,2026-04-17 18:00:00,-4804.2699999999895
2107,2026-04-17 19:00:00,-5305.489999999991
2108,2026-04-17 20:00:00,-4994.559999999998
2109,2026-04-17 21:00:00,-4351.209999999992
2110,2026-04-17 22:00:00,-3244.1399999999994
2111,2026-04-17 23:00:00,-2697.4899999999907
2112,2026-04-18 00:00:00,-2799.2399999999907
2113,2026-04-18 01:00:00,-2727.1199999999953
2114,2026-04-18 02:00:00,-2390.5699999999924
2115,2026-04-18 03:00:00,-2751.2699999999895
2116,2026-04-18 04:00:00,-2984.959999999992
2117,2026-04-18 05:00:00,-3040.899999999994
2118,2026-04-18 06:00:00,-3148.9899999999907
2119,2026-04-18 07:00:00,-3293.4699999999866
2120,2026-04-18 08:00:00,-3522.7199999999866
2121,2026-04-18 09:00:00,-3426.7199999999866
2122,2026-04-18 10:00:00,-3476.7899999999936
2123,2026-04-18 11:00:00,-3402.3399999999965
2124,2026-04-18 12:00:00,-3689.3899999999994
2125,2026-04-18 13:00:00,-3784.6600000000035
2126,2026-04-18 14:00:00,-3750.7400000000052
2127,2026-04-18 15:00:00,-3749.390000000014
2128,2026-04-18 16:00:00,-3887.600000000006
2129,2026-04-18 17:00:00,-4146.770000000004
2130,2026-04-18 18:00:00,-4285.510000000009
2131,2026-04-18 19:00:00,-3875.1800000000076
2132,2026-04-18 20:00:00,-4025.6900000000023
2133,2026-04-18 21:00:00,-3857.770000000004
2134,2026-04-18 22:00:00,-3941.87000000001
2135,2026-04-18 23:00:00,-3814.75
2136,2026-04-19 00:00:00,-3732.0999999999913
2137,2026-04-19 01:00:00,-3956.089999999982
2138,2026-04-19 02:00:00,-4070.929999999993
2139,2026-04-19 03:00:00,-3894.199999999997
2140,2026-04-19 04:00:00,-3892.270000000004
2141,2026-04-19 05:00:00,-3787.340000000011
2142,2026-04-19 06:00:00,-3720.7800000000134
2143,2026-04-19 07:00:00,-3712.9700000000157
2144,2026-04-19 08:00:00,-3591.2000000000116
2145,2026-04-19 09:00:00,-3592.4500000000116
2146,2026-04-19 10:00:00,-3663.5100000000093
2147,2026-04-19 11:00:00,-3537.560000000012
2148,2026-04-19 12:00:00,-3557.3300000000163
2149,2026-04-19 13:00:00,-3706.1800000000076
2150,2026-04-19 14:00:00,-3587.160000000018
2151,2026-04-19 15:00:00,-3732.6700000000274
2152,2026-04-19 16:00:00,-3584.9200000000274
2153,2026-04-19 17:00:00,-3579.660000000018
2154,2026-04-19 18:00:00,-3337.060000000012
2155,2026-04-19 19:00:00,-3129.610000000015
2156,2026-04-19 20:00:00,-3511.2700000000186
2157,2026-04-19 21:00:00,-3478.760000000024
2158,2026-04-19 22:00:00,-3128.6100000000297
2159,2026-04-19 23:00:00,-3230.8700000000244
2160,2026-04-20 00:00:00,-3053.4900000000343
2161,2026-04-20 01:00:00,-2589.7200000000303
2162,2026-04-20 02:00:00,-1998.1200000000244
2163,2026-04-20 03:00:00,-1976.9700000000303
2164,2026-04-20 04:00:00,-2172.330000000031
2165,2026-04-20 05:00:00,-2507.800000000032
2166,2026-04-20 06:00:00,-2712.650000000038
2167,2026-04-20 07:00:00,-3090.4600000000355
2168,2026-04-20 08:00:00,-2844.9100000000326
2169,2026-04-20 09:00:00,-2366.6900000000314
2170,2026-04-20 10:00:00,-2681.8100000000413
2171,2026-04-20 11:00:00,-2496.6900000000314
2172,2026-04-20 12:00:00,-2272.700000000026
2173,2026-04-20 13:00:00,-2339.060000000027
2174,2026-04-20 14:00:00,-2642.550000000032
2175,2026-04-20 15:00:00,-3164.9900000000343
2176,2026-04-20 16:00:00,-3114.4100000000326
2177,2026-04-20 17:00:00,-3222.6700000000274
2178,2026-04-20 18:00:00,-3556.530000000028
2179,2026-04-20 19:00:00,-3592.0400000000373
2180,2026-04-20 20:00:00,-3426.5900000000256
2181,2026-04-20 21:00:00,-3329.400000000038
2182,2026-04-20 22:00:00,-3308.8800000000483
2183,2026-04-20 23:00:00,-3543.4700000000594
2184,2026-04-21 00:00:00,-4225.45000000007
2185,2026-04-21 01:00:00,-4603.480000000069
2186,2026-04-21 02:00:00,-4044.0800000000745
2187,2026-04-21 03:00:00,-3518.5300000000716
2188,2026-04-21 04:00:00,-3645.2600000000675
2189,2026-04-21 05:00:00,-3666.0500000000757
2190,2026-04-21 06:00:00,-3344.590000000084
2191,2026-04-21 07:00:00,-3364.1200000000827
2192,2026-04-21 08:00:00,-3230.8500000000786
2193,2026-04-21 09:00:00,-2979.3700000000827
2194,2026-04-21 10:00:00,-3144.2300000000832
2195,2026-04-21 11:00:00,-3490.490000000078
2196,2026-04-21 12:00:00,-3619.460000000079
2197,2026-04-21 13:00:00,-3722.970000000074
2198,2026-04-21 14:00:00,-3711.1600000000763
2199,2026-04-21 15:00:00,-3539.0500000000757
2200,2026-04-21 16:00:00,-3428.8200000000797
2201,2026-04-21 17:00:00,-3005.95000000007
2202,2026-04-21 18:00:00,-3150.390000000072
2203,2026-04-21 19:00:00,-3534.0300000000716
2204,2026-04-21 20:00:00,-3240.5600000000704
2205,2026-04-21 21:00:00,-2797.0800000000745
2206,2026-04-21 22:00:00,-2906.560000000085
2207,2026-04-21 23:00:00,-3131.490000000078
2208,2026-04-22 00:00:00,-2971.8900000000867
2209,2026-04-22 01:00:00,-3025.360000000088
2210,2026-04-22 02:00:00,-2789.80000000009
2211,2026-04-22 03:00:00,-2725.210000000079
2212,2026-04-22 04:00:00,-3311.9900000000926
2213,2026-04-22 05:00:00,-3987.0700000000943
2214,2026-04-22 06:00:00,-4135.590000000084
2215,2026-04-22 07:00:00,-4235.640000000072
2216,2026-04-22 08:00:00,-4921.750000000073
2217,2026-04-22 09:00:00,-4956.050000000076
2218,2026-04-22 10:00:00,-4883.590000000084
2219,2026-04-22 11:00:00,-6190.310000000085
2220,2026-04-22 12:00:00,-6107.0800000000745
2221,2026-04-22 13:00:00,-6108.600000000079
2222,2026-04-22 14:00:00,-6580.530000000072
2223,2026-04-22 15:00:00,-6564.740000000063
2224,2026-04-22 16:00:00,-6566.810000000056
2225,2026-04-22 17:00:00,-6564.9400000000605
2226,2026-04-22 18:00:00,-6555.970000000059
2227,2026-04-22 19:00:00,-6400.510000000053
2228,2026-04-22 20:00:00,-6543.1000000000495
2229,2026-04-22 21:00:00,-6479.150000000052
2230,2026-04-22 22:00:00,-5874.260000000053
2231,2026-04-22 23:00:00,-5669.450000000055
2232,2026-04-23 00:00:00,-5442.300000000061
2233,2026-04-23 01:00:00,-5971.610000000059
2234,2026-04-23 02:00:00,-5815.200000000055
2235,2026-04-23 03:00:00,-5692.810000000056
2236,2026-04-23 04:00:00,-5868.58000000006
2237,2026-04-23 05:00:00,-6278.520000000062
2238,2026-04-23 06:00:00,-5952.510000000053
2239,2026-04-23 07:00:00,-5797.770000000048
2240,2026-04-23 08:00:00,-6227.490000000049
2241,2026-04-23 09:00:00,-5981.430000000051
2242,2026-04-23 10:00:00,-6046.490000000049
2243,2026-04-23 11:00:00,-6465.800000000047
2244,2026-04-23 12:00:00,-6659.260000000038
2245,2026-04-23 13:00:00,-6485.630000000048
2246,2026-04-23 14:00:00,-6371.8500000000495
2247,2026-04-23 15:00:00,-6194.290000000052
2248,2026-04-23 16:00:00,-6357.1000000000495
2249,2026-04-23 17:00:00,-6166.83000000006
2250,2026-04-23 18:00:00,-6369.840000000069
2251,2026-04-23 19:00:00,-6118.130000000077
2252,2026-04-23 20:00:00,-5817.140000000087
2253,2026-04-23 21:00:00,-5651.230000000083
2254,2026-04-23 22:00:00,-5989.530000000086
2255,2026-04-23 23:00:00,-5340.990000000078
2256,2026-04-24 00:00:00,-5145.000000000087
2257,2026-04-24 01:00:00,-4871.960000000094
2258,2026-04-24 02:00:00,-4537.450000000099
2259,2026-04-24 03:00:00,-4628.010000000111
2260,2026-04-24 04:00:00,-4579.400000000111
2261,2026-04-24 05:00:00,-4419.690000000104
2262,2026-04-24 06:00:00,-4397.550000000105
2263,2026-04-24 07:00:00,-4027.0800000001036
2264,2026-04-24 08:00:00,-4004.9000000001106
2265,2026-04-24 09:00:00,-4164.640000000116
2266,2026-04-24 10:00:00,-4177.150000000111
2267,2026-04-24 11:00:00,-4481.230000000112
2268,2026-04-24 12:00:00,-4869.030000000101
2269,2026-04-24 13:00:00,-4801.180000000095
2270,2026-04-24 14:00:00,-5084.660000000091
2271,2026-04-24 15:00:00,-4920.930000000095
2272,2026-04-24 16:00:00,-4775.780000000101
2273,2026-04-24 17:00:00,-4634.6700000001
2274,2026-04-24 18:00:00,-4376.650000000096
2275,2026-04-24 19:00:00,-4151.980000000098
2276,2026-04-24 20:00:00,-4639.880000000092
2277,2026-04-24 21:00:00,-4675.280000000101
2278,2026-04-24 22:00:00,-4493.410000000091
2279,2026-04-24 23:00:00,-4437.260000000097
2280,2026-04-25 00:00:00,-4436.280000000101
2281,2026-04-25 01:00:00,-4174.940000000104
2282,2026-04-25 02:00:00,-4270.510000000097
2283,2026-04-25 03:00:00,-4333.980000000098
2284,2026-04-25 04:00:00,-4323.370000000097
2285,2026-04-25 05:00:00,-4233.910000000105
2286,2026-04-25 06:00:00,-4415.740000000107
2287,2026-04-25 07:00:00,-4208.170000000115
2288,2026-04-25 08:00:00,-4316.390000000116
2289,2026-04-25 09:00:00,-4296.640000000116
2290,2026-04-25 10:00:00,-4381.390000000116
2291,2026-04-25 11:00:00,-4315.220000000118
2292,2026-04-25 12:00:00,-4386.490000000122
2293,2026-04-25 13:00:00,-4446.510000000126
2294,2026-04-25 14:00:00,-4337.740000000122
2295,2026-04-25 15:00:00,-4344.390000000116
2296,2026-04-25 16:00:00,-4341.9500000001135
2297,2026-04-25 17:00:00,-4199.7700000001205
2298,2026-04-25 18:00:00,-4128.590000000113
2299,2026-04-25 19:00:00,-4055.3700000001118
2300,2026-04-25 20:00:00,-3949.9000000001106
2301,2026-04-25 21:00:00,-3824.740000000107
2302,2026-04-25 22:00:00,-3690.190000000104
2303,2026-04-25 23:00:00,-3725.1300000001065
2304,2026-04-26 00:00:00,-4051.6200000001118
2305,2026-04-26 01:00:00,-3984.6100000001024
2306,2026-04-26 02:00:00,-3833.1100000001024
2307,2026-04-26 03:00:00,-3900.3400000000984
2308,2026-04-26 04:00:00,-3883.3300000001036
2309,2026-04-26 05:00:00,-3734.2100000000937
2310,2026-04-26 06:00:00,-3780.9200000000856
2311,2026-04-26 07:00:00,-3812.090000000084
2312,2026-04-26 08:00:00,-3880.080000000089
2313,2026-04-26 09:00:00,-3757.4800000000832
2314,2026-04-26 10:00:00,-3716.2400000000926
2315,2026-04-26 11:00:00,-3664.730000000098
2316,2026-04-26 12:00:00,-3552.270000000106
2317,2026-04-26 13:00:00,-3178.1900000001187
2318,2026-04-26 14:00:00,-3387.210000000123
2319,2026-04-26 15:00:00,-3402.9400000001187
2320,2026-04-26 16:00:00,-3299.4500000001135
2321,2026-04-26 17:00:00,-3369.390000000116
2322,2026-04-26 18:00:00,-3401.990000000107
2323,2026-04-26 19:00:00,-3399.5500000001193
2324,2026-04-26 20:00:00,-3300.54000000011
2325,2026-04-26 21:00:00,-3032.1800000001094
2326,2026-04-26 22:00:00,-3176.8900000001013
2327,2026-04-26 23:00:00,-3294.760000000111
2328,2026-04-27 00:00:00,-3341.4200000001147
2329,2026-04-27 01:00:00,-3470.9900000001217
2330,2026-04-27 02:00:00,-3371.8500000001077
2331,2026-04-27 03:00:00,-3637.240000000107
2332,2026-04-27 04:00:00,-3574.440000000104
2333,2026-04-27 05:00:00,-3601.3800000001065
2334,2026-04-27 06:00:00,-3824.570000000109
2335,2026-04-27 07:00:00,-3720.6800000001094
2336,2026-04-27 08:00:00,-3376.6500000001106
2337,2026-04-27 09:00:00,-4027.7000000001135
2338,2026-04-27 10:00:00,-4052.640000000116
2339,2026-04-27 11:00:00,-4206.290000000125
2340,2026-04-27 12:00:00,-4181.770000000135
2341,2026-04-27 13:00:00,-4363.040000000139
2342,2026-04-27 14:00:00,-5501.720000000147
2343,2026-04-27 15:00:00,-5587.140000000145
2344,2026-04-27 16:00:00,-5680.6600000001345
2345,2026-04-27 17:00:00,-5482.920000000144
2346,2026-04-27 18:00:00,-5387.2500000001455
2347,2026-04-27 19:00:00,-5437.2500000001455
2348,2026-04-27 20:00:00,-5443.0000000001455
2349,2026-04-27 21:00:00,-5266.100000000151
2350,2026-04-27 22:00:00,-5345.480000000156
2351,2026-04-27 23:00:00,-5413.990000000151
2352,2026-04-28 00:00:00,-4391.830000000147
2353,2026-04-28 01:00:00,-4566.330000000147
2354,2026-04-28 02:00:00,-4690.980000000156
2355,2026-04-28 03:00:00,-4781.800000000148
2356,2026-04-28 04:00:00,-4737.790000000139
2357,2026-04-28 05:00:00,-4820.150000000125
2358,2026-04-28 06:00:00,-4646.53000000013
2359,2026-04-28 07:00:00,-4366.920000000129
2360,2026-04-28 08:00:00,-4062.0200000001205
2361,2026-04-28 09:00:00,-4053.720000000132
2362,2026-04-28 10:00:00,-3758.78000000013
2363,2026-04-28 11:00:00,-3565.03000000013
2364,2026-04-28 12:00:00,-3489.28000000013
2365,2026-04-28 13:00:00,-3416.380000000121
2366,2026-04-28 14:00:00,-3418.480000000127
2367,2026-04-28 15:00:00,-3584.460000000123
2368,2026-04-28 16:00:00,-3425.180000000124
2369,2026-04-28 17:00:00,-3445.8700000001263
2370,2026-04-28 18:00:00,-3706.460000000123
2371,2026-04-28 19:00:00,-3726.8100000001286
2372,2026-04-28 20:00:00,-4116.1600000001345
2373,2026-04-28 21:00:00,-4259.210000000137
2374,2026-04-28 22:00:00,-4441.420000000144
2375,2026-04-28 23:00:00,-4681.270000000135
2376,2026-04-29 00:00:00,-4564.880000000136
2377,2026-04-29 01:00:00,-4506.220000000147
2378,2026-04-29 02:00:00,-4568.480000000156
2379,2026-04-29 03:00:00,-4513.600000000166
2380,2026-04-29 04:00:00,-4424.810000000158
2381,2026-04-29 05:00:00,-4291.830000000162
2382,2026-04-29 06:00:00,-4398.630000000165
2383,2026-04-29 07:00:00,-4513.610000000161
2384,2026-04-29 08:00:00,-4614.2100000001665
2385,2026-04-29 09:00:00,-4783.440000000162
2386,2026-04-29 10:00:00,-4842.440000000162
2387,2026-04-29 11:00:00,-4882.150000000169
2388,2026-04-29 12:00:00,-4418.660000000164
2389,2026-04-29 13:00:00,-4693.6400000001595
2390,2026-04-29 14:00:00,-4675.02000000015
2391,2026-04-29 15:00:00,-4417.700000000143
2392,2026-04-29 16:00:00,-4440.280000000144
2393,2026-04-29 17:00:00,-4447.600000000137
2394,2026-04-29 18:00:00,-3851.920000000144
2395,2026-04-29 19:00:00,-3874.310000000143
2396,2026-04-29 20:00:00,-3844.7300000001414
2397,2026-04-29 21:00:00,-3398.3800000001356
2398,2026-04-29 22:00:00,-3038.1300000001356
2399,2026-04-29 23:00:00,-2824.7000000001426
2400,2026-04-30 00:00:00,-3470.4500000001426
2401,2026-04-30 01:00:00,-3349.740000000136
2402,2026-04-30 02:00:00,-3730.2100000001374
2403,2026-04-30 03:00:00,-3060.110000000146
2404,2026-04-30 04:00:00,-3110.060000000143
2405,2026-04-30 05:00:00,-3222.990000000136
2406,2026-04-30 06:00:00,-3480.1300000001356
2407,2026-04-30 07:00:00,-3473.5800000001473
2408,2026-04-30 08:00:00,-3326.2000000001426
2409,2026-04-30 09:00:00,-2857.4600000001374
2410,2026-04-30 10:00:00,-2873.4000000001397
2411,2026-04-30 11:00:00,-3401.4600000001374
2412,2026-04-30 12:00:00,-3624.820000000138
2413,2026-04-30 13:00:00,-3193.720000000132
2414,2026-04-30 14:00:00,-3296.8100000001286
2415,2026-04-30 15:00:00,-3143.3700000001263
2416,2026-04-30 16:00:00,-3551.5100000001257
2417,2026-04-30 17:00:00,-3655.0100000001257
2418,2026-04-30 18:00:00,-3615.9900000001217
2419,2026-04-30 19:00:00,-3547.460000000123
2420,2026-04-30 20:00:00,-3516.6900000001333
2421,2026-04-30 21:00:00,-3765.740000000136
2422,2026-04-30 22:00:00,-3653.78000000013
2423,2026-04-30 23:00:00,-3772.980000000127
2424,2026-05-01 00:00:00,-3600.6200000001263
2425,2026-05-01 01:00:00,-3388.0500000001193
2426,2026-05-01 02:00:00,-3377.0300000001153
2427,2026-05-01 03:00:00,-3477.0200000001205
2428,2026-05-01 04:00:00,-3539.8200000001234
2429,2026-05-01 05:00:00,-3619.480000000127
2430,2026-05-01 06:00:00,-3368.8000000001193
2431,2026-05-01 07:00:00,-3373.5200000001205
2432,2026-05-01 08:00:00,-3483.03000000013
2433,2026-05-01 09:00:00,-3371.550000000134
2434,2026-05-01 10:00:00,-3143.470000000132
2435,2026-05-01 11:00:00,-3049.880000000121
2436,2026-05-01 12:00:00,-2511.340000000113
2437,2026-05-01 13:00:00,-2422.7000000001135
2438,2026-05-01 14:00:00,-2299.16000000012
2439,2026-05-01 15:00:00,-2471.66000000012
2440,2026-05-01 16:00:00,-2334.6000000001222
2441,2026-05-01 17:00:00,-2581.53000000013
2442,2026-05-01 18:00:00,-2690.450000000128
2443,2026-05-01 19:00:00,-2726.2400000001217
2444,2026-05-01 20:00:00,-2566.6000000001222
2445,2026-05-01 21:00:00,-2998.630000000121
2446,2026-05-01 22:00:00,-2157.390000000116
2447,2026-05-01 23:00:00,-1778.8900000001158
2448,2026-05-02 00:00:00,-1866.0300000001153
2449,2026-05-02 01:00:00,-2097.560000000114
2450,2026-05-02 02:00:00,-2436.140000000116
2451,2026-05-02 03:00:00,-2565.180000000124
2452,2026-05-02 04:00:00,-2501.28000000013
2453,2026-05-02 05:00:00,-2021.4600000001228
2454,2026-05-02 06:00:00,-1701.6500000001106
2455,2026-05-02 07:00:00,-1748.2600000001112
2456,2026-05-02 08:00:00,-1670.5100000001112
2457,2026-05-02 09:00:00,-1559.8900000001158
2458,2026-05-02 10:00:00,-1546.6400000001158
2459,2026-05-02 11:00:00,-1545.5700000001088
2460,2026-05-02 12:00:00,-1499.5000000001019
2461,2026-05-02 13:00:00,-1724.0000000001019
2462,2026-05-02 14:00:00,-1725.5000000001019
2463,2026-05-02 15:00:00,-1879.3000000001048
2464,2026-05-02 16:00:00,-1771.5000000001019
2465,2026-05-02 17:00:00,-1676.1300000001065
2466,2026-05-02 18:00:00,-1654.3300000001182
2467,2026-05-02 19:00:00,-1610.060000000114
2468,2026-05-02 20:00:00,-1716.2800000001153
2469,2026-05-02 21:00:00,-1648.1200000001118
2470,2026-05-02 22:00:00,-1492.3000000001193
2471,2026-05-02 23:00:00,-1435.380000000121
2472,2026-05-03 00:00:00,-1499.0700000001234
2473,2026-05-03 01:00:00,-1466.4200000001292
2474,2026-05-03 02:00:00,-1409.4200000001292
2475,2026-05-03 03:00:00,-1340.820000000138
2476,2026-05-03 04:00:00,-1321.4400000001333
2477,2026-05-03 05:00:00,-1356.0600000001286
2478,2026-05-03 06:00:00,-1087.6600000001345
2479,2026-05-03 07:00:00,-1200.8600000001315
2480,2026-05-03 08:00:00,-1054.7300000001414
2481,2026-05-03 09:00:00,-910.2000000001426
2482,2026-05-03 10:00:00,-1211.6900000001478
2483,2026-05-03 11:00:00,-1280.6700000001438
2484,2026-05-03 12:00:00,-1311.9000000001397
2485,2026-05-03 13:00:00,-1351.7900000001391
2486,2026-05-03 14:00:00,-1265.5600000001432
2487,2026-05-03 15:00:00,-1226.6800000001385
2488,2026-05-03 16:00:00,-1301.6300000001356
2489,2026-05-03 17:00:00,-1277.020000000135
2490,2026-05-03 18:00:00,-1418.7300000001414
2491,2026-05-03 19:00:00,-1297.1700000001292
2492,2026-05-03 20:00:00,-1049.1700000001292
2493,2026-05-03 21:00:00,-1140.250000000131
2494,2026-05-03 22:00:00,-1217.3300000001327
2495,2026-05-03 23:00:00,-1146.3400000001275
2496,2026-05-04 00:00:00,-1218.980000000127
2497,2026-05-04 01:00:00,-1233.3400000001275
2498,2026-05-04 02:00:00,-1161.5800000001327
2499,2026-05-04 03:00:00,-1147.6700000001292
2500,2026-05-04 04:00:00,-1127.0200000001205
2501,2026-05-04 05:00:00,-1282.6900000001187
2502,2026-05-04 06:00:00,-1367.0900000001275
2503,2026-05-04 07:00:00,-1712.7900000001246
2504,2026-05-04 08:00:00,-2321.510000000111
2505,2026-05-04 09:00:00,-2300.0800000001036
2506,2026-05-04 10:00:00,-1077.79000000011
2507,2026-05-04 11:00:00,-1481.66000000012
2508,2026-05-04 12:00:00,-1338.6500000001251
2509,2026-05-04 13:00:00,-1322.9000000001251
2510,2026-05-04 14:00:00,-1627.700000000128
2511,2026-05-04 15:00:00,-1777.0600000001286
2512,2026-05-04 16:00:00,-1595.9100000001345
2513,2026-05-04 17:00:00,-1607.4600000001374
2514,2026-05-04 18:00:00,-1477.2800000001444
2515,2026-05-04 19:00:00,-579.0600000001432
2516,2026-05-04 20:00:00,-432.4700000001467
2517,2026-05-04 21:00:00,-495.98000000014144
2518,2026-05-04 22:00:00,-428.80000000014843
2519,2026-05-04 23:00:00,997.3599999998551
2520,2026-05-05 00:00:00,810.0499999998574
2521,2026-05-05 01:00:00,813.8699999998644
2522,2026-05-05 02:00:00,1179.6499999998632
2523,2026-05-05 03:00:00,1455.5499999998574
2524,2026-05-05 04:00:00,1517.1499999998632
2525,2026-05-05 05:00:00,1400.5399999998626
2526,2026-05-05 06:00:00,1723.0099999998638
2527,2026-05-05 07:00:00,1914.9499999998661
2528,2026-05-05 08:00:00,1708.729999999865
2529,2026-05-05 09:00:00,2018.3799999998737
2530,2026-05-05 10:00:00,1837.0399999998772
2531,2026-05-05 11:00:00,2039.7199999998702
2532,2026-05-05 12:00:00,2378.119999999879
2533,2026-05-05 13:00:00,2368.7599999998783
2534,2026-05-05 14:00:00,2301.1999999998807
2535,2026-05-05 15:00:00,2295.1999999998807
2536,2026-05-05 16:00:00,2415.609999999884
2537,2026-05-05 17:00:00,2375.259999999893
2538,2026-05-05 18:00:00,2146.0399999998917
2539,2026-05-05 19:00:00,1908.4499999998952
2540,2026-05-05 20:00:00,2098.8899999998976
2541,2026-05-05 21:00:00,2364.249999999898
2542,2026-05-05 22:00:00,2414.8399999998946
2543,2026-05-05 23:00:00,2408.249999999898
2544,2026-05-06 00:00:00,2596.849999999904
2545,2026-05-06 01:00:00,2357.4099999999016
2546,2026-05-06 02:00:00,2342.2599999999074
2547,2026-05-06 03:00:00,2097.8599999999133
2548,2026-05-06 04:00:00,2006.5099999999074
2549,2026-05-06 05:00:00,2046.5399999999063
2550,2026-05-06 06:00:00,1807.2699999999022
2551,2026-05-06 07:00:00,1511.4299999999057
2552,2026-05-06 08:00:00,1305.6799999999057
2553,2026-05-06 09:00:00,1430.1699999998964
2554,2026-05-06 10:00:00,1839.4999999998981
2555,2026-05-06 11:00:00,1763.6999999998952
2556,2026-05-06 12:00:00,1545.5499999998865
2557,2026-05-06 13:00:00,1294.95999999989
2558,2026-05-06 14:00:00,1293.0599999998958
2559,2026-05-06 15:00:00,1436.7699999999022
2560,2026-05-06 16:00:00,1319.8799999999028
2561,2026-05-06 17:00:00,1905.7199999998993
2562,2026-05-06 18:00:00,1854.3799999999028
2563,2026-05-06 19:00:00,1561.3399999999092
2564,2026-05-06 20:00:00,1794.189999999915
2565,2026-05-06 21:00:00,1491.7699999999168
2566,2026-05-06 22:00:00,942.189999999915
2567,2026-05-06 23:00:00,1086.3499999999185
2568,2026-05-07 00:00:00,1263.8699999999226
2569,2026-05-07 01:00:00,1337.1799999999203
2570,2026-05-07 02:00:00,1515.489999999918
2571,2026-05-07 03:00:00,1415.9999999999127
2572,2026-05-07 04:00:00,1527.7299999999086
2573,2026-05-07 05:00:00,1490.3799999999173
2574,2026-05-07 06:00:00,1378.739999999918
2575,2026-05-07 07:00:00,1181.9699999999139
2576,2026-05-07 08:00:00,1077.3499999999185
2577,2026-05-07 09:00:00,1507.3999999999069
2578,2026-05-07 10:00:00,1356.5599999999104
2579,2026-05-07 11:00:00,1411.0199999999168
2580,2026-05-07 12:00:00,1132.5899999999237
2581,2026-05-07 13:00:00,988.3099999999249
2582,2026-05-07 14:00:00,1097.1199999999226
2583,2026-05-07 15:00:00,746.509999999922
2584,2026-05-07 16:00:00,666.5399999999208
2585,2026-05-07 17:00:00,379.19999999992433
2586,2026-05-07 18:00:00,681.4399999999296
2587,2026-05-07 19:00:00,759.6899999999296
2588,2026-05-07 20:00:00,743.7899999999354
2589,2026-05-07 21:00:00,1039.149999999936
2590,2026-05-07 22:00:00,380.8199999999342
2591,2026-05-07 23:00:00,713.1199999999226
2592,2026-05-08 00:00:00,432.3699999999226
2593,2026-05-08 01:00:00,521.9199999999255
2594,2026-05-08 02:00:00,815.3599999999278
2595,2026-05-08 03:00:00,921.4299999999203
2596,2026-05-08 04:00:00,866.9499999999243
2597,2026-05-08 05:00:00,1133.0699999999197
2598,2026-05-08 06:00:00,1278.0499999999302
2599,2026-05-08 07:00:00,1094.0499999999302
2600,2026-05-08 08:00:00,1181.0399999999354
2601,2026-05-08 09:00:00,1355.0499999999302
2602,2026-05-08 10:00:00,1447.0299999999406
2603,2026-05-08 11:00:00,1698.579999999929
2604,2026-05-08 12:00:00,1788.9699999999284
2605,2026-05-08 13:00:00,1865.3499999999185
2606,2026-05-08 14:00:00,1920.5699999999197
2607,2026-05-08 15:00:00,1994.8199999999197
2608,2026-05-08 16:00:00,1838.1799999999203
2609,2026-05-08 17:00:00,1634.5699999999197
2610,2026-05-08 18:00:00,1621.279999999926
2611,2026-05-08 19:00:00,1281.4399999999296
2612,2026-05-08 20:00:00,1300.099999999933
2613,2026-05-08 21:00:00,1094.6999999999389
2614,2026-05-08 22:00:00,1472.719999999943
2615,2026-05-08 23:00:00,969.5499999999447
2616,2026-05-09 00:00:00,978.3799999999464
2617,2026-05-09 01:00:00,1318.1799999999494
2618,2026-05-09 02:00:00,1060.5199999999459
2619,2026-05-09 03:00:00,1042.1199999999517
2620,2026-05-09 04:00:00,1143.6599999999598
2621,2026-05-09 05:00:00,1190.5099999999657
2622,2026-05-09 06:00:00,1321.4099999999744
2623,2026-05-09 07:00:00,1319.4199999999691
2624,2026-05-09 08:00:00,1250.5899999999674
2625,2026-05-09 09:00:00,1296.179999999964
2626,2026-05-09 10:00:00,1385.1699999999691
2627,2026-05-09 11:00:00,1295.0499999999738
2628,2026-05-09 12:00:00,1328.969999999972
2629,2026-05-09 13:00:00,1333.019999999975
2630,2026-05-09 14:00:00,1333.429999999964
2631,2026-05-09 15:00:00,1217.859999999957
2632,2026-05-09 16:00:00,1252.8899999999558
2633,2026-05-09 17:00:00,1431.1199999999517
2634,2026-05-09 18:00:00,1266.5299999999552
2635,2026-05-09 19:00:00,1288.0199999999604
2636,2026-05-09 20:00:00,1369.4599999999627
2637,2026-05-09 21:00:00,1316.949999999968
2638,2026-05-09 22:00:00,1310.1599999999598
2639,2026-05-09 23:00:00,1369.1199999999517
2640,2026-05-10 00:00:00,1564.8199999999488
2641,2026-05-10 01:00:00,1467.7299999999523
2642,2026-05-10 02:00:00,1655.4199999999546
2643,2026-05-10 03:00:00,1750.3699999999517
2644,2026-05-10 04:00:00,1781.2499999999563
2645,2026-05-10 05:00:00,1648.2199999999575
2646,2026-05-10 06:00:00,1623.5499999999593
2647,2026-05-10 07:00:00,1625.0999999999622
2648,2026-05-10 08:00:00,1521.1199999999517
2649,2026-05-10 09:00:00,1519.4799999999523
2650,2026-05-10 10:00:00,1513.9599999999482
2651,2026-05-10 11:00:00,1422.0999999999476
2652,2026-05-10 12:00:00,1424.5199999999459
2653,2026-05-10 13:00:00,1409.4499999999389
2654,2026-05-10 14:00:00,1350.28999999995
2655,2026-05-10 15:00:00,1383.2699999999459
2656,2026-05-10 16:00:00,1385.5499999999447
2657,2026-05-10 17:00:00,1291.2499999999418
2658,2026-05-10 18:00:00,1313.6199999999371
2659,2026-05-10 19:00:00,1247.78999999995
2660,2026-05-10 20:00:00,1195.2099999999627
2661,2026-05-10 21:00:00,1088.699999999968
2662,2026-05-10 22:00:00,1044.749999999971
2663,2026-05-10 23:00:00,1026.3099999999686
2664,2026-05-11 00:00:00,1454.2099999999627
2665,2026-05-11 01:00:00,1493.9699999999575
2666,2026-05-11 02:00:00,1591.8999999999505
2667,2026-05-11 03:00:00,1387.679999999964
2668,2026-05-11 04:00:00,1553.5499999999593
2669,2026-05-11 05:00:00,850.5999999999622
2670,2026-05-11 06:00:00,836.1899999999587
2671,2026-05-11 07:00:00,-487.8300000000454
2672,2026-05-11 08:00:00,-322.25000000004366
2673,2026-05-11 09:00:00,-1061.190000000046
2674,2026-05-11 10:00:00,-1030.6000000000495
2675,2026-05-11 11:00:00,-697.9600000000501
2676,2026-05-11 12:00:00,-264.8900000000431
2677,2026-05-11 13:00:00,-353.4900000000489
2678,2026-05-11 14:00:00,-361.21000000005006
2679,2026-05-11 15:00:00,-370.6800000000512
2680,2026-05-11 16:00:00,-453.1400000000576
2681,2026-05-11 17:00:00,-425.57000000005064
2682,2026-05-11 18:00:00,-226.97000000004482
2683,2026-05-11 19:00:00,-200.40000000003783
2684,2026-05-11 20:00:00,56.53999999996449
2685,2026-05-11 21:00:00,-85.75000000004366
2686,2026-05-11 22:00:00,-68.40000000003783
2687,2026-05-11 23:00:00,50.21999999995751
2688,2026-05-12 00:00:00,542.739999999947
2689,2026-05-12 01:00:00,412.7899999999354
2690,2026-05-12 02:00:00,47.5499999999447
2691,2026-05-12 03:00:00,-34.5800000000454
2692,2026-05-12 04:00:00,68.44999999995343
2693,2026-05-12 05:00:00,-72.52000000004773
2694,2026-05-12 06:00:00,-72.36000000005879
2695,2026-05-12 07:00:00,-59.62000000005355
2696,2026-05-12 08:00:00,-147.89000000005763
2697,2026-05-12 09:00:00,52.559999999939464
2698,2026-05-12 10:00:00,398.57999999994354
2699,2026-05-12 11:00:00,347.82999999994354
2700,2026-05-12 12:00:00,538.9599999999336
2701,2026-05-12 13:00:00,357.7499999999418
2702,2026-05-12 14:00:00,373.7299999999377
2703,2026-05-12 15:00:00,172.1399999999412
2704,2026-05-12 16:00:00,329.17999999994936
2705,2026-05-12 17:00:00,307.08999999995285
2706,2026-05-12 18:00:00,313.24999999995634
2707,2026-05-12 19:00:00,484.0299999999552
2708,2026-05-12 20:00:00,365.5299999999552
2709,2026-05-12 21:00:00,461.9199999999546
2710,2026-05-12 22:00:00,876.2699999999459
2711,2026-05-12 23:00:00,803.1799999999494
2712,2026-05-13 00:00:00,599.1899999999441
2713,2026-05-13 01:00:00,935.1899999999441
2714,2026-05-13 02:00:00,1462.8699999999517
2715,2026-05-13 03:00:00,1614.2999999999447
2716,2026-05-13 04:00:00,1458.7799999999406
2717,2026-05-13 05:00:00,1321.0099999999366
2718,2026-05-13 06:00:00,1211.5799999999435
2719,2026-05-13 07:00:00,1142.5899999999529
2720,2026-05-13 08:00:00,990.629999999961
2721,2026-05-13 09:00:00,777.0999999999622
2722,2026-05-13 10:00:00,489.09999999996217
2723,2026-05-13 11:00:00,445.09999999996217
2724,2026-05-13 12:00:00,245.10999999995693
2725,2026-05-13 13:00:00,263.13999999995576
2726,2026-05-13 14:00:00,475.1099999999569
2727,2026-05-13 15:00:00,515.0499999999593
2728,2026-05-13 16:00:00,561.9199999999546
2729,2026-05-13 17:00:00,392.26999999994587
2730,2026-05-13 18:00:00,487.07999999994354
2731,2026-05-13 19:00:00,969.4499999999534
2732,2026-05-13 20:00:00,1277.239999999947
2733,2026-05-13 21:00:00,978.7999999999447
2734,2026-05-13 22:00:00,432.0299999999406
2735,2026-05-13 23:00:00,532.0299999999406
2736,2026-05-14 00:00:00,-396.77000000004773
2737,2026-05-14 01:00:00,-677.9500000000407
2738,2026-05-14 02:00:00,-271.370000000039
2739,2026-05-14 03:00:00,-354.550000000032
2740,2026-05-14 04:00:00,-398.8100000000413
2741,2026-05-14 05:00:00,-455.3500000000349
2742,2026-05-14 06:00:00,-154.94000000003143
2743,2026-05-14 07:00:00,-125.02000000001863
2744,2026-05-14 08:00:00,-10.170000000012806
2745,2026-05-14 09:00:00,-276.5600000000122
2746,2026-05-14 10:00:00,-301.16000000001804
2747,2026-05-14 11:00:00,-66.80000000001746
2748,2026-05-14 12:00:00,-392.1900000000169
2749,2026-05-14 13:00:00,-798.9700000000157
2750,2026-05-14 14:00:00,-1156.5000000000146
2751,2026-05-14 15:00:00,-1160.9500000000116
2752,2026-05-14 16:00:00,-1102.2200000000012
2753,2026-05-14 17:00:00,-1177.800000000003
2754,2026-05-14 18:00:00,-991.7600000000093
2755,2026-05-14 19:00:00,-1057.2700000000186
2756,2026-05-14 20:00:00,-745.5300000000279
2757,2026-05-14 21:00:00,-236.69000000003143
2758,2026-05-14 22:00:00,-171.31000000002678
2759,2026-05-14 23:00:00,1091.8099999999831
2760,2026-05-15 00:00:00,1428.1899999999732
2761,2026-05-15 01:00:00,841.019999999975
2762,2026-05-15 02:00:00,1060.9399999999732
2763,2026-05-15 03:00:00,1147.429999999964
2764,2026-05-15 04:00:00,1309.679999999964
2765,2026-05-15 05:00:00,1317.3799999999756
2766,2026-05-15 06:00:00,1301.9499999999825
2767,2026-05-15 07:00:00,1361.339999999982
2768,2026-05-15 08:00:00,995.3299999999872
2769,2026-05-15 09:00:00,566.6499999999942
2770,2026-05-15 10:00:00,954.3099999999977
2771,2026-05-15 11:00:00,786.179999999993
2772,2026-05-15 12:00:00,1026.1699999999983
2773,2026-05-15 13:00:00,1360.609999999986
2774,2026-05-15 14:00:00,995.9099999999744
2775,2026-05-15 15:00:00,775.9199999999691
2776,2026-05-15 16:00:00,541.0399999999645
2777,2026-05-15 17:00:00,717.9199999999691
2778,2026-05-15 18:00:00,569.7199999999721
2779,2026-05-15 19:00:00,796.1499999999651
2780,2026-05-15 20:00:00,708.449999999968
2781,2026-05-15 21:00:00,951.8699999999662
2782,2026-05-15 22:00:00,-674.6500000000378
2783,2026-05-15 23:00:00,-1066.4300000000367
2784,2026-05-16 00:00:00,-1066.3300000000454
2785,2026-05-16 01:00:00,-1210.370000000039
2786,2026-05-16 02:00:00,-1044.6800000000367
2787,2026-05-16 03:00:00,-1220.6800000000367
2788,2026-05-16 04:00:00,-1358.1800000000367
2789,2026-05-16 05:00:00,-1381.5600000000413
2790,2026-05-16 06:00:00,-1231.940000000046
2791,2026-05-16 07:00:00,-1098.0600000000413
2792,2026-05-16 08:00:00,-1092.2300000000396
2793,2026-05-16 09:00:00,-1090.9400000000314
2794,2026-05-16 10:00:00,-1147.0200000000332
2795,2026-05-16 11:00:00,-1134.5600000000268
2796,2026-05-16 12:00:00,-1206.9200000000274
2797,2026-05-16 13:00:00,-1254.8400000000256
2798,2026-05-16 14:00:00,-1246.9500000000262
2799,2026-05-16 15:00:00,-1626.3200000000215
2800,2026-05-16 16:00:00,-1348.0900000000256
2801,2026-05-16 17:00:00,-1404.8800000000192
2802,2026-05-16 18:00:00,-1061.8000000000175
2803,2026-05-16 19:00:00,-938.3200000000215
2804,2026-05-16 20:00:00,-1060.030000000028
2805,2026-05-16 21:00:00,-1134.5100000000384
2806,2026-05-16 22:00:00,-1127.1400000000285
2807,2026-05-16 23:00:00,-1011.1900000000314
2808,2026-05-17 00:00:00,-1119.3100000000268
2809,2026-05-17 01:00:00,-1152.0200000000186
2810,2026-05-17 02:00:00,-1156.480000000025
2811,2026-05-17 03:00:00,-1128.1700000000274
2812,2026-05-17 04:00:00,-1158.0200000000332
2813,2026-05-17 05:00:00,-1156.6800000000367
2814,2026-05-17 06:00:00,-1151.9500000000407
2815,2026-05-17 07:00:00,-1231.4300000000367
2816,2026-05-17 08:00:00,-1193.2300000000396
2817,2026-05-17 09:00:00,-991.0300000000425
2818,2026-05-17 10:00:00,-1211.170000000042
2819,2026-05-17 11:00:00,-1041.3700000000536
2820,2026-05-17 12:00:00,-1174.7400000000634
2821,2026-05-17 13:00:00,-1303.9500000000553
2822,2026-05-17 14:00:00,-1340.6300000000483
2823,2026-05-17 15:00:00,-1324.0200000000477
2824,2026-05-17 16:00:00,-1399.2300000000396
2825,2026-05-17 17:00:00,-1309.0200000000477
2826,2026-05-17 18:00:00,-1468.5500000000466
2827,2026-05-17 19:00:00,-1685.21000000005
2828,2026-05-17 20:00:00,-1635.21000000005
2829,2026-05-17 21:00:00,-1584.0500000000466
2830,2026-05-17 22:00:00,-1422.1300000000483
2831,2026-05-17 23:00:00,-1270.7300000000396
2832,2026-05-18 00:00:00,-1270.6300000000483
2833,2026-05-18 01:00:00,-1253.5800000000454
2834,2026-05-18 02:00:00,-1309.2000000000407
2835,2026-05-18 03:00:00,-1131.1300000000338
2836,2026-05-18 04:00:00,-1278.3800000000338
2837,2026-05-18 05:00:00,-1140.4400000000314
2838,2026-05-18 06:00:00,-1268.800000000032
2839,2026-05-18 07:00:00,-1677.280000000028
2840,2026-05-18 08:00:00,-1137.710000000021
2841,2026-05-18 09:00:00,-889.9900000000198
2842,2026-05-18 10:00:00,-789.2600000000239
2843,2026-05-18 11:00:00,-515.4500000000262
2844,2026-05-18 12:00:00,-604.6900000000169
2845,2026-05-18 13:00:00,-490.8500000000058
2846,2026-05-18 14:00:00,-383.75999999999476
2847,2026-05-18 15:00:00,-402.63999999998487
2848,2026-05-18 16:00:00,-563.8099999999831
2849,2026-05-18 17:00:00,-597.0799999999872
2850,2026-05-18 18:00:00,-489.81999999999243
2851,2026-05-18 19:00:00,-321.3999999999942
2852,2026-05-18 20:00:00,199.69000000000233
2853,2026-05-18 21:00:00,553.8399999999965
2854,2026-05-18 22:00:00,-148.44000000000233
2855,2026-05-18 23:00:00,-692.4900000000052
2856,2026-05-19 00:00:00,-708.3000000000175
2857,2026-05-19 01:00:00,-707.7500000000291
2858,2026-05-19 02:00:00,-411.37000000002445
2859,2026-05-19 03:00:00,-865.2600000000239
2860,2026-05-19 04:00:00,-189.76000000002387
2861,2026-05-19 05:00:00,-171.68000000002212
2862,2026-05-19 06:00:00,-364.8100000000268
2863,2026-05-19 07:00:00,-339.98000000002503
2864,2026-05-19 08:00:00,-263.6300000000192
2865,2026-05-19 09:00:00,-124.63000000001921
2866,2026-05-19 10:00:00,349.2299999999814
2867,2026-05-19 11:00:00,299.6899999999878
2868,2026-05-19 12:00:00,130.04999999998836
2869,2026-05-19 13:00:00,-10.09000000001106
2870,2026-05-19 14:00:00,5.919999999983702
2871,2026-05-19 15:00:00,-112.24000000000524
2872,2026-05-19 16:00:00,-316.5300000000134
2873,2026-05-19 17:00:00,-131.55000000001746
2874,2026-05-19 18:00:00,-361.46000000002095
2875,2026-05-19 19:00:00,-584.5300000000134
2876,2026-05-19 20:00:00,-257.2800000000134
2877,2026-05-19 21:00:00,-31.69000000000233
2878,2026-05-19 22:00:00,-99.15000000000873
2879,2026-05-19 23:00:00,381.16999999999825
2880,2026-05-20 00:00:00,252.36999999999534
2881,2026-05-20 01:00:00,625.7299999999959
2882,2026-05-20 02:00:00,663.5599999999977
2883,2026-05-20 03:00:00,717.0399999999936
2884,2026-05-20 04:00:00,701.5799999999872
2885,2026-05-20 05:00:00,498.0899999999965
2886,2026-05-20 06:00:00,537.9799999999959
2887,2026-05-20 07:00:00,267.8500000000058
2888,2026-05-20 08:00:00,390.0
2889,2026-05-20 09:00:00,435.52999999999884
2890,2026-05-20 10:00:00,467.679999999993
2891,2026-05-20 11:00:00,337.11999999999534
2892,2026-05-20 12:00:00,304.0
2893,2026-05-20 13:00:00,247.16999999999825
2894,2026-05-20 14:00:00,-169.45000000001164
2895,2026-05-20 15:00:00,-386.570000000007
2896,2026-05-20 16:00:00,-518.0400000000081
2897,2026-05-20 17:00:00,-693.4400000000023
2898,2026-05-20 18:00:00,-720.5300000000134
2899,2026-05-20 19:00:00,-752.8500000000058
2900,2026-05-20 20:00:00,-617.890000000014
2901,2026-05-20 21:00:00,-383.12000000002445
2902,2026-05-20 22:00:00,-795.7700000000186
2903,2026-05-20 23:00:00,-1037.2400000000198
2904,2026-05-21 00:00:00,-1027.8600000000151
2905,2026-05-21 01:00:00,-1144.7200000000157
2906,2026-05-21 02:00:00,-1375.070000000007
2907,2026-05-21 03:00:00,-1221.2100000000064
2908,2026-05-21 04:00:00,-968.8099999999977
2909,2026-05-21 05:00:00,-916.2900000000081
2910,2026-05-21 06:00:00,-696.2900000000081
2911,2026-05-21 07:00:00,-691.6100000000006
2912,2026-05-21 08:00:00,-739.1499999999942
2913,2026-05-21 09:00:00,-324.2899999999936
2914,2026-05-21 10:00:00,-221.0500000000029
2915,2026-05-21 11:00:00,-312.9799999999959
2916,2026-05-21 12:00:00,-190.0399999999936
2917,2026-05-21 13:00:00,-232.95999999999185
2918,2026-05-21 14:00:00,-25.15999999998894
2919,2026-05-21 15:00:00,-231.01999999998952
2920,2026-05-21 16:00:00,35.85000000000582
2921,2026-05-21 17:00:00,71.47000000001572
2922,2026-05-21 18:00:00,363.0800000000163
2923,2026-05-21 19:00:00,-71.85999999998603
2924,2026-05-21 20:00:00,-80.83999999998196
2925,2026-05-21 21:00:00,8.59000000001106
2926,2026-05-21 22:00:00,164.44000000001688
2927,2026-05-21 23:00:00,302.5100000000093
2928,2026-05-22 00:00:00,27.660000000003492
2929,2026-05-22 01:00:00,79.19000000001688
2930,2026-05-22 02:00:00,-582.2599999999948
2931,2026-05-22 03:00:00,-1063.8999999999942
2932,2026-05-22 04:00:00,-1366.7199999999866
2933,2026-05-22 05:00:00,-1381.9699999999866
2934,2026-05-22 06:00:00,-1415.4899999999907
2935,2026-05-22 07:00:00,-1459.7799999999843
2936,2026-05-22 08:00:00,-1447.2999999999884
2937,2026-05-22 09:00:00,-1205.3499999999913
2938,2026-05-22 10:00:00,-962.9199999999983
2939,2026-05-22 11:00:00,-905.5599999999977
2940,2026-05-22 12:00:00,-798.9400000000023
2941,2026-05-22 13:00:00,-674.3800000000047
2942,2026-05-22 14:00:00,-507.9600000000064
2943,2026-05-22 15:00:00,-573.5500000000029
2944,2026-05-22 16:00:00,-558.1999999999971
2945,2026-05-22 17:00:00,-417.5200000000041
2946,2026-05-22 18:00:00,-377.79000000000815
2947,2026-05-22 19:00:00,-382.68000000000757
2948,2026-05-22 20:00:00,-499.5200000000041
2949,2026-05-22 21:00:00,-394.4600000000064
2950,2026-05-22 22:00:00,-150.57000000000698
2951,2026-05-22 23:00:00,365.20999999999185
2952,2026-05-23 00:00:00,348.84999999999127
2953,2026-05-23 01:00:00,188.75999999999476
2954,2026-05-23 02:00:00,389.4399999999878
2955,2026-05-23 03:00:00,601.9699999999866
2956,2026-05-23 04:00:00,1278.9999999999854
2957,2026-05-23 05:00:00,1154.9699999999866
2958,2026-05-23 06:00:00,1160.609999999986
2959,2026-05-23 07:00:00,919.2999999999884
2960,2026-05-23 08:00:00,1117.3199999999924
2961,2026-05-23 09:00:00,1304.179999999993
2962,2026-05-23 10:00:00,1166.979999999996
2963,2026-05-23 11:00:00,1249.2100000000064
2964,2026-05-23 12:00:00,1186.0600000000122
2965,2026-05-23 13:00:00,1281.5100000000093
2966,2026-05-23 14:00:00,1338.6000000000204
2967,2026-05-23 15:00:00,1422.9500000000116
2968,2026-05-23 16:00:00,2211.920000000013
2969,2026-05-23 17:00:00,2136.9800000000105
2970,2026-05-23 18:00:00,2164.37000000001
2971,2026-05-23 19:00:00,2212.4600000000064
2972,2026-05-23 20:00:00,2297.4500000000116
2973,2026-05-23 21:00:00,2261.3899999999994
2974,2026-05-23 22:00:00,1801.4199999999983
2975,2026-05-23 23:00:00,1477.5999999999913
2976,2026-05-24 00:00:00,1495.3199999999924
2977,2026-05-24 01:00:00,1570.6199999999953
2978,2026-05-24 02:00:00,1614.0999999999913
2979,2026-05-24 03:00:00,1256.4599999999773
2980,2026-05-24 04:00:00,1118.8299999999872
2981,2026-05-24 05:00:00,2422.959999999992
2982,2026-05-24 06:00:00,2905.5499999999884
2983,2026-05-24 07:00:00,2685.00999999998
2984,2026-05-24 08:00:00,2517.4499999999825
2985,2026-05-24 09:00:00,2434.299999999974
2986,2026-05-24 10:00:00,2489.179999999964
2987,2026-05-24 11:00:00,2429.1399999999703
2988,2026-05-24 12:00:00,2349.1399999999703
2989,2026-05-24 13:00:00,2385.6399999999703
2990,2026-05-24 14:00:00,2349.9099999999744
2991,2026-05-24 15:00:00,2184.5599999999686
2992,2026-05-24 16:00:00,1996.969999999972
2993,2026-05-24 17:00:00,1966.269999999975
2994,2026-05-24 18:00:00,2156.1099999999715
2995,2026-05-24 19:00:00,2326.319999999978
2996,2026-05-24 20:00:00,2455.6399999999703
2997,2026-05-24 21:00:00,2254.3099999999686
2998,2026-05-24 22:00:00,2570.8099999999686
2999,2026-05-24 23:00:00,2233.739999999976
3000,2026-05-25 00:00:00,2140.169999999969
3001,2026-05-25 01:00:00,2440.2799999999697
3002,2026-05-25 02:00:00,2461.919999999969
3003,2026-05-25 03:00:00,2489.5299999999697
3004,2026-05-25 04:00:00,2381.919999999969
3005,2026-05-25 05:00:00,2276.979999999967
3006,2026-05-25 06:00:00,1759.719999999972
3007,2026-05-25 07:00:00,1106.8699999999662
3008,2026-05-25 08:00:00,1367.8399999999674
3009,2026-05-25 09:00:00,1455.8899999999558
3010,2026-05-25 10:00:00,1248.149999999965
3011,2026-05-25 11:00:00,1411.649999999965
3012,2026-05-25 12:00:00,1493.749999999971
3013,2026-05-25 13:00:00,1858.1499999999796
3014,2026-05-25 14:00:00,1874.0799999999726
3015,2026-05-25 15:00:00,1886.949999999968
3016,2026-05-25 16:00:00,1868.199999999968
3017,2026-05-25 17:00:00,1812.379999999961
3018,2026-05-25 18:00:00,1959.9999999999563
3019,2026-05-25 19:00:00,1901.0899999999529
3020,2026-05-25 20:00:00,2089.239999999947
3021,2026-05-25 21:00:00,2099.719999999943
3022,2026-05-25 22:00:00,2072.78999999995
3023,2026-05-25 23:00:00,1699.8399999999529
3024,2026-05-26 00:00:00,1785.0199999999459
3025,2026-05-26 01:00:00,1678.1499999999505
3026,2026-05-26 02:00:00,1849.829999999958
3027,2026-05-26 03:00:00,1870.4499999999534
3028,2026-05-26 04:00:00,1971.9799999999523
3029,2026-05-26 05:00:00,1803.1799999999494
3030,2026-05-26 06:00:00,1897.1499999999505
3031,2026-05-26 07:00:00,1646.329999999958
3032,2026-05-26 08:00:00,1852.1299999999464
3033,2026-05-26 09:00:00,1322.829999999958
3034,2026-05-26 10:00:00,1358.5599999999686
3035,2026-05-26 11:00:00,1261.5799999999726
3036,2026-05-26 12:00:00,1257.5699999999779
3037,2026-05-26 13:00:00,1343.0599999999831
3038,2026-05-26 14:00:00,1162.5499999999884
3039,2026-05-26 15:00:00,1140.5499999999884
3040,2026-05-26 16:00:00,963.3799999999901
3041,2026-05-26 17:00:00,958.9099999999889
3042,2026-05-26 18:00:00,904.7299999999959
3043,2026-05-26 19:00:00,1662.5399999999936
3044,2026-05-26 20:00:00,1908.9899999999907
3045,2026-05-26 21:00:00,1857.9399999999878
3046,2026-05-26 22:00:00,1956.9999999999854
3047,2026-05-26 23:00:00,1633.4499999999825
3048,2026-05-27 00:00:00,1243.5399999999936
3049,2026-05-27 01:00:00,1283.4399999999878
3050,2026-05-27 02:00:00,1906.359999999986
3051,2026-05-27 03:00:00,1811.8299999999872
3052,2026-05-27 04:00:00,1600.37999999999
3053,2026-05-27 05:00:00,1545.5199999999895
3054,2026-05-27 06:00:00,1762.37999999999
3055,2026-05-27 07:00:00,1903.359999999986
3056,2026-05-27 08:00:00,2084.3499999999767
3057,2026-05-27 09:00:00,1929.3499999999767
3058,2026-05-27 10:00:00,2136.919999999969
3059,2026-05-27 11:00:00,2138.479999999967
3060,2026-05-27 12:00:00,2334.479999999967
3061,2026-05-27 13:00:00,2438.469999999972
3062,2026-05-27 14:00:00,2319.4899999999616
3063,2026-05-27 15:00:00,2178.8299999999726
3064,2026-05-27 16:00:00,2040.3099999999686
3065,2026-05-27 17:00:00,2144.2399999999616
3066,2026-05-27 18:00:00,2104.879999999961
3067,2026-05-27 19:00:00,2107.65999999996
3068,2026-05-27 20:00:00,1967.0199999999459
3069,2026-05-27 21:00:00,1885.8399999999529
3070,2026-05-27 22:00:00,2500.4399999999587
3071,2026-05-27 23:00:00,2458.9599999999627
3072,2026-05-28 00:00:00,2753.0499999999593
3073,2026-05-28 01:00:00,2731.0499999999593
3074,2026-05-28 02:00:00,3174.6399999999558
3075,2026-05-28 03:00:00,3008.3899999999558
3076,2026-05-28 04:00:00,2968.9799999999523
3077,2026-05-28 05:00:00,3177.4799999999523
3078,2026-05-28 06:00:00,3979.0499999999593
3079,2026-05-28 07:00:00,3924.169999999969
3080,2026-05-28 08:00:00,3955.3399999999674
3081,2026-05-28 09:00:00,3833.979999999967
3082,2026-05-28 10:00:00,4060.5599999999686
3083,2026-05-28 11:00:00,4003.899999999965
3084,2026-05-28 12:00:00,2974.4899999999616
3085,2026-05-28 13:00:00,3050.5499999999593
3086,2026-05-28 14:00:00,2859.4699999999575
3087,2026-05-28 15:00:00,2647.6399999999558
3088,2026-05-28 16:00:00,2352.339999999953
3089,2026-05-28 17:00:00,2180.2199999999575
3090,2026-05-28 18:00:00,2395.579999999958
3091,2026-05-28 19:00:00,2536.8099999999686
3092,2026-05-28 20:00:00,2431.15999999996
3093,2026-05-28 21:00:00,2443.509999999951
3094,2026-05-28 22:00:00,2939.499999999942
3095,2026-05-28 23:00:00,2950.5399999999354
3096,2026-05-29 00:00:00,3054.869999999937
3097,2026-05-29 01:00:00,3566.8099999999395
3098,2026-05-29 02:00:00,3452.6599999999307
3099,2026-05-29 03:00:00,3354.599999999933
3100,2026-05-29 04:00:00,3121.0399999999354
3101,2026-05-29 05:00:00,2960.369999999937
3102,2026-05-29 06:00:00,2723.0499999999447
3103,2026-05-29 07:00:00,3075.5599999999395
3104,2026-05-29 08:00:00,2922.8499999999476
3105,2026-05-29 09:00:00,2823.989999999947
3106,2026-05-29 10:00:00,2953.5299999999406
3107,2026-05-29 11:00:00,3315.2999999999447
3108,2026-05-29 12:00:00,3391.759999999951
3109,2026-05-29 13:00:00,3185.589999999953
3110,2026-05-29 14:00:00,2987.279999999955
3111,2026-05-29 15:00:00,2906.959999999948
3112,2026-05-29 16:00:00,3164.7199999999575
3113,2026-05-29 17:00:00,3039.879999999961
3114,2026-05-29 18:00:00,2948.319999999949
3115,2026-05-29 19:00:00,3058.6399999999558
3116,2026-05-29 20:00:00,3205.2999999999593
3117,2026-05-29 21:00:00,3397.5499999999593
3118,2026-05-29 22:00:00,3237.5199999999604
3119,2026-05-29 23:00:00,3198.669999999969
3120,2026-05-30 00:00:00,2487.25999999998
3121,2026-05-30 01:00:00,2735.4999999999854
3122,2026-05-30 02:00:00,2659.939999999988
3123,2026-05-30 03:00:00,3266.359999999986
3124,2026-05-30 04:00:00,3412.119999999981
3125,2026-05-30 05:00:00,3258.789999999979
3126,2026-05-30 06:00:00,2994.4499999999825
3127,2026-05-30 07:00:00,3068.6999999999825
3128,2026-05-30 08:00:00,3091.439999999988
3129,2026-05-30 09:00:00,3053.4199999999837
3130,2026-05-30 10:00:00,3212.519999999975
3131,2026-05-30 11:00:00,3341.309999999983
3132,2026-05-30 12:00:00,3603.9899999999907
3133,2026-05-30 13:00:00,3725.159999999989
3134,2026-05-30 14:00:00,3523.00999999998
3135,2026-05-30 15:00:00,3503.00999999998
3136,2026-05-30 16:00:00,3539.3999999999796
3137,2026-05-30 17:00:00,3520.869999999981
3138,2026-05-30 18:00:00,3606.25999999998
3139,2026-05-30 19:00:00,3565.869999999981
3140,2026-05-30 20:00:00,3512.039999999979
3141,2026-05-30 21:00:00,3415.87999999999
3142,2026-05-30 22:00:00,3547.0099999999948
3143,2026-05-30 23:00:00,3447.209999999992
3144,2026-05-31 00:00:00,3448.2399999999907
3145,2026-05-31 01:00:00,3453.0899999999965
3146,2026-05-31 02:00:00,3538.1699999999983
3147,2026-05-31 03:00:00,3514.8600000000006
3148,2026-05-31 04:00:00,3488.12999999999
3149,2026-05-31 05:00:00,3451.3199999999924
3150,2026-05-31 06:00:00,3449.1699999999837
3151,2026-05-31 07:00:00,3350.4799999999814
3152,2026-05-31 08:00:00,3349.3999999999796
3153,2026-05-31 09:00:00,3503.219999999972
3154,2026-05-31 10:00:00,3523.0299999999697
3155,2026-05-31 11:00:00,3490.199999999968
3156,2026-05-31 12:00:00,3549.999999999971
3157,2026-05-31 13:00:00,3522.239999999976
3158,2026-05-31 14:00:00,3644.6599999999744
3159,2026-05-31 15:00:00,3643.549999999974
3160,2026-05-31 16:00:00,3827.179999999964
3161,2026-05-31 17:00:00,3760.8099999999686
3162,2026-05-31 18:00:00,3664.9899999999616
3163,2026-05-31 19:00:00,3723.199999999968
3164,2026-05-31 20:00:00,3685.4099999999744
3165,2026-05-31 21:00:00,3667.619999999981
3166,2026-05-31 22:00:00,3620.4199999999837
3167,2026-05-31 23:00:00,3349.789999999979
3168,2026-06-01 00:00:00,3402.829999999987
3169,2026-06-01 01:00:00,3273.75999999998
3170,2026-06-01 02:00:00,3457.059999999983
3171,2026-06-01 03:00:00,3351.309999999983
3172,2026-06-01 04:00:00,3311.039999999979
3173,2026-06-01 05:00:00,3134.799999999974
3174,2026-06-01 06:00:00,2981.939999999973
3175,2026-06-01 07:00:00,2929.839999999982
3176,2026-06-01 08:00:00,3200.069999999978
3177,2026-06-01 09:00:00,2989.4599999999773
3178,2026-06-01 10:00:00,3581.539999999979
3179,2026-06-01 11:00:00,3084.4599999999773
3180,2026-06-01 12:00:00,3105.3999999999796
3181,2026-06-01 13:00:00,3338.4499999999825
3182,2026-06-01 14:00:00,3524.4599999999773
3183,2026-06-01 15:00:00,3738.719999999972
3184,2026-06-01 16:00:00,4056.4599999999773
3185,2026-06-01 17:00:00,3971.809999999983
3186,2026-06-01 18:00:00,3949.159999999989
3187,2026-06-01 19:00:00,4080.2799999999843
3188,2026-06-01 20:00:00,3811.389999999985
3189,2026-06-01 21:00:00,3553.1299999999756
3190,2026-06-01 22:00:00,4062.969999999972
3191,2026-06-01 23:00:00,4206.949999999968
3192,2026-06-02 00:00:00,3768.65999999996
3193,2026-06-02 01:00:00,3334.2699999999604
3194,2026-06-02 02:00:00,3416.2699999999604
3195,2026-06-02 03:00:00,3563.6399999999558
3196,2026-06-02 04:00:00,3467.03999999995
3197,2026-06-02 05:00:00,3616.279999999955
3198,2026-06-02 06:00:00,3208.28999999995
3199,2026-06-02 07:00:00,2838.2999999999447
3200,2026-06-02 08:00:00,2837.3999999999505
3201,2026-06-02 09:00:00,2717.7299999999523
3202,2026-06-02 10:00:00,3354.489999999947
3203,2026-06-02 11:00:00,3548.509999999951
3204,2026-06-02 12:00:00,3441.309999999954
3205,2026-06-02 13:00:00,3297.6199999999517
3206,2026-06-02 14:00:00,3838.6599999999453
3207,2026-06-02 15:00:00,4001.309999999954
3208,2026-06-02 16:00:00,3989.1999999999534
3209,2026-06-02 17:00:00,4285.629999999946
3210,2026-06-02 18:00:00,4681.609999999957
3211,2026-06-02 19:00:00,4907.7899999999645
3212,2026-06-02 20:00:00,5098.259999999966
3213,2026-06-02 21:00:00,5549.559999999969
3214,2026-06-02 22:00:00,5748.069999999963
3215,2026-06-02 23:00:00,6540.679999999964
3216,2026-06-03 00:00:00,7255.699999999968
3217,2026-06-03 01:00:00,7146.5399999999645
3218,2026-06-03 02:00:00,7067.63999999997
3219,2026-06-03 03:00:00,7217.989999999962
3220,2026-06-03 04:00:00,7191.139999999956
3221,2026-06-03 05:00:00,6918.509999999951
3222,2026-06-03 06:00:00,6940.26999999996
3223,2026-06-03 07:00:00,8121.079999999958
3224,2026-06-03 08:00:00,7745.449999999953
3225,2026-06-03 09:00:00,7568.26999999996
3226,2026-06-03 10:00:00,7550.259999999966
3227,2026-06-03 11:00:00,7850.249999999971
3228,2026-06-03 12:00:00,8620.359999999971
3229,2026-06-03 13:00:00,8004.27999999997
3230,2026-06-03 14:00:00,8868.309999999969
3231,2026-06-03 15:00:00,8521.569999999978
3232,2026-06-03 16:00:00,8284.809999999983
3233,2026-06-03 17:00:00,8092.779999999984
3234,2026-06-03 18:00:00,8045.609999999986
3235,2026-06-03 19:00:00,8264.959999999992
3236,2026-06-03 20:00:00,8492.11
3237,2026-06-03 21:00:00,8480.759999999995
3238,2026-06-03 22:00:00,8308.049999999988
3239,2026-06-03 23:00:00,8266.98999999999
3240,2026-06-04 00:00:00,7478.049999999988
3241,2026-06-04 01:00:00,7463.869999999995
3242,2026-06-04 02:00:00,7561.619999999995
3243,2026-06-04 03:00:00,7489.12999999999
3244,2026-06-04 04:00:00,8063.699999999997
3245,2026-06-04 05:00:00,8518.43
3246,2026-06-04 06:00:00,9280.040000000008
3247,2026-06-04 07:00:00,8424.140000000007
3248,2026-06-04 08:00:00,7653.9100000000035
3249,2026-06-04 09:00:00,6856.130000000005
3250,2026-06-04 10:00:00,8023.000000000007
3251,2026-06-04 11:00:00,6969.110000000008
3252,2026-06-04 12:00:00,5837.610000000008
3253,2026-06-04 13:00:00,5801.110000000008
3254,2026-06-04 14:00:00,6245.630000000005
3255,2026-06-04 15:00:00,6318.1500000000015
3256,2026-06-04 16:00:00,5893.310000000005
3257,2026-06-04 17:00:00,5920.1500000000015
3258,2026-06-04 18:00:00,5556.1600000000035
3259,2026-06-04 19:00:00,6402.1600000000035
3260,2026-06-04 20:00:00,6276.1700000000055
3261,2026-06-04 21:00:00,5055.340000000004
3262,2026-06-04 22:00:00,5518.520000000004
3263,2026-06-04 23:00:00,5789.550000000003
3264,2026-06-05 00:00:00,5852.350000000006
3265,2026-06-05 01:00:00,6185.010000000002
3266,2026-06-05 02:00:00,6207.550000000003
3267,2026-06-05 03:00:00,6486.200000000004
3268,2026-06-05 04:00:00,6676.44000000001
3269,2026-06-05 05:00:00,6685.460000000014
3270,2026-06-05 06:00:00,7037.650000000016
3271,2026-06-05 07:00:00,6588.430000000015
3272,2026-06-05 08:00:00,6738.9900000000125
3273,2026-06-05 09:00:00,6279.720000000016
3274,2026-06-05 10:00:00,6331.770000000019
3275,2026-06-05 11:00:00,7088.720000000016
3276,2026-06-05 12:00:00,7201.000000000015
3277,2026-06-05 13:00:00,8086.230000000018
3278,2026-06-05 14:00:00,6800.350000000013
3279,2026-06-05 15:00:00,7183.130000000012
3280,2026-06-05 16:00:00,8352.55000000001
3281,2026-06-05 17:00:00,7691.200000000012
3282,2026-06-05 18:00:00,7285.750000000015
3283,2026-06-05 19:00:00,7608.970000000008
3284,2026-06-05 20:00:00,8180.850000000013
3285,2026-06-05 21:00:00,8175.590000000018
3286,2026-06-05 22:00:00,6948.220000000016
3287,2026-06-05 23:00:00,6811.610000000015
3288,2026-06-06 00:00:00,7242.570000000014
3289,2026-06-06 01:00:00,6286.190000000017
3290,2026-06-06 02:00:00,5705.790000000015
3291,2026-06-06 03:00:00,7123.790000000015
3292,2026-06-06 04:00:00,6219.540000000015
3293,2026-06-06 05:00:00,4899.770000000011
3294,2026-06-06 06:00:00,4950.140000000007
3295,2026-06-06 07:00:00,5036.030000000006
3296,2026-06-06 08:00:00,4508.010000000009
3297,2026-06-06 09:00:00,4291.19000000001
3298,2026-06-06 10:00:00,4505.530000000013
3299,2026-06-06 11:00:00,4398.220000000016
3300,2026-06-06 12:00:00,4662.820000000014
3301,2026-06-06 13:00:00,5248.590000000018
3302,2026-06-06 14:00:00,6089.700000000019
3303,2026-06-06 15:00:00,5934.280000000021
3304,2026-06-06 16:00:00,5716.290000000023
3305,2026-06-06 17:00:00,5457.24000000002
3306,2026-06-06 18:00:00,5740.000000000022
3307,2026-06-06 19:00:00,5351.760000000024
3308,2026-06-06 20:00:00,5561.670000000027
3309,2026-06-06 21:00:00,5789.390000000021
3310,2026-06-06 22:00:00,6018.8200000000215
3311,2026-06-06 23:00:00,6008.670000000027
3312,2026-06-07 00:00:00,6015.72000000003
3313,2026-06-07 01:00:00,6025.72000000003
3314,2026-06-07 02:00:00,5827.920000000027
3315,2026-06-07 03:00:00,5888.930000000029
3316,2026-06-07 04:00:00,5926.1300000000265
3317,2026-06-07 05:00:00,6037.810000000027
3318,2026-06-07 06:00:00,6077.330000000024
3319,2026-06-07 07:00:00,5869.650000000023
3320,2026-06-07 08:00:00,6210.740000000027
3321,2026-06-07 09:00:00,6313.350000000028
3322,2026-06-07 10:00:00,7011.090000000026
3323,2026-06-07 11:00:00,6984.100000000028
3324,2026-06-07 12:00:00,6789.770000000026
3325,2026-06-07 13:00:00,6979.620000000024
3326,2026-06-07 14:00:00,6836.800000000025
3327,2026-06-07 15:00:00,7189.700000000026
3328,2026-06-07 16:00:00,7493.430000000029
3329,2026-06-07 17:00:00,7943.710000000028
3330,2026-06-07 18:00:00,7618.700000000026
3331,2026-06-07 19:00:00,7459.220000000023
3332,2026-06-07 20:00:00,7710.660000000025
3333,2026-06-07 21:00:00,8431.950000000026
3334,2026-06-07 22:00:00,8231.410000000025
3335,2026-06-07 23:00:00,8436.770000000026
3336,2026-06-08 00:00:00,8625.270000000026
3337,2026-06-08 01:00:00,8614.920000000027
3338,2026-06-08 02:00:00,8691.29000000003
3339,2026-06-08 03:00:00,8821.160000000033
3340,2026-06-08 04:00:00,8119.020000000033
3341,2026-06-08 05:00:00,7569.010000000031
3342,2026-06-08 06:00:00,7469.410000000033
3343,2026-06-08 07:00:00,8556.870000000032
3344,2026-06-08 08:00:00,9023.010000000031
3345,2026-06-08 09:00:00,9322.420000000027
3346,2026-06-08 10:00:00,8902.410000000033
3347,2026-06-08 11:00:00,8820.93000000003
3348,2026-06-08 12:00:00,8821.120000000032
3349,2026-06-08 13:00:00,9266.630000000034
3350,2026-06-08 14:00:00,9187.240000000034
3351,2026-06-08 15:00:00,8963.210000000036
3352,2026-06-08 16:00:00,8667.250000000036
3353,2026-06-08 17:00:00,8516.09000000004
3354,2026-06-08 18:00:00,8146.920000000042
3355,2026-06-08 19:00:00,8476.620000000039
3356,2026-06-08 20:00:00,8783.930000000037
3357,2026-06-08 21:00:00,9176.320000000036
3358,2026-06-08 22:00:00,9062.320000000036
3359,2026-06-08 23:00:00,9268.400000000038
3360,2026-06-09 00:00:00,9078.80000000004
3361,2026-06-09 01:00:00,9321.27000000004
3362,2026-06-09 02:00:00,9303.280000000042
3363,2026-06-09 03:00:00,9220.110000000044
3364,2026-06-09 04:00:00,9125.290000000045
3365,2026-06-09 05:00:00,9011.810000000049
3366,2026-06-09 06:00:00,9255.28000000005
3367,2026-06-09 07:00:00,9544.230000000047
3368,2026-06-09 08:00:00,9898.250000000051
3369,2026-06-09 09:00:00,10422.240000000049
3370,2026-06-09 10:00:00,10624.250000000051
3371,2026-06-09 11:00:00,10728.240000000049
3372,2026-06-09 12:00:00,10735.410000000047
3373,2026-06-09 13:00:00,11102.60000000005
3374,2026-06-09 14:00:00,11198.92000000005
3375,2026-06-09 15:00:00,11237.60000000005
3376,2026-06-09 16:00:00,11136.040000000052
3377,2026-06-09 17:00:00,11484.730000000054
3378,2026-06-09 18:00:00,11619.110000000052
3379,2026-06-09 19:00:00,11548.470000000052
3380,2026-06-09 20:00:00,11473.580000000053
3381,2026-06-09 21:00:00,11407.610000000052
3382,2026-06-09 22:00:00,11779.150000000052
3383,2026-06-09 23:00:00,12510.810000000056
3384,2026-06-10 00:00:00,12100.700000000055
3385,2026-06-10 01:00:00,11842.03000000005
3386,2026-06-10 02:00:00,12143.53000000005
3387,2026-06-10 03:00:00,12043.53000000005
3388,2026-06-10 04:00:00,11737.450000000055
3389,2026-06-10 05:00:00,11799.360000000059
3390,2026-06-10 06:00:00,12198.160000000062
3391,2026-06-10 07:00:00,12154.460000000065
3392,2026-06-10 08:00:00,12166.960000000065
3393,2026-06-10 09:00:00,11973.800000000061
3394,2026-06-10 10:00:00,11764.640000000058
3395,2026-06-10 11:00:00,11353.000000000058
3396,2026-06-10 12:00:00,11105.72000000006
3397,2026-06-10 13:00:00,10852.070000000058
3398,2026-06-10 14:00:00,10917.250000000058
3399,2026-06-10 15:00:00,11028.97000000006
3400,2026-06-10 16:00:00,10814.300000000061
3401,2026-06-10 17:00:00,11240.310000000056
3402,2026-06-10 18:00:00,11166.920000000056
3403,2026-06-10 19:00:00,11115.770000000062
3404,2026-06-10 20:00:00,10763.720000000067
3405,2026-06-10 21:00:00,11293.690000000068
3406,2026-06-10 22:00:00,10711.280000000072
3407,2026-06-10 23:00:00,10661.710000000072
3408,2026-06-11 00:00:00,11104.950000000077
3409,2026-06-11 01:00:00,11524.850000000079
3410,2026-06-11 02:00:00,11774.190000000082
3411,2026-06-11 03:00:00,11686.200000000084
3412,2026-06-11 04:00:00,11746.640000000087
3413,2026-06-11 05:00:00,11609.710000000086
3414,2026-06-11 06:00:00,11160.380000000085
3415,2026-06-11 07:00:00,11135.100000000086
3416,2026-06-11 08:00:00,11005.570000000087
3417,2026-06-11 09:00:00,10704.560000000085
3418,2026-06-11 10:00:00,10310.550000000083
3419,2026-06-11 11:00:00,10252.54000000008
3420,2026-06-11 12:00:00,9711.060000000078
3421,2026-06-11 13:00:00,9748.440000000075
3422,2026-06-11 14:00:00,9865.300000000076
3423,2026-06-11 15:00:00,10027.300000000076
3424,2026-06-11 16:00:00,10079.910000000076
3425,2026-06-11 17:00:00,9841.310000000078
3426,2026-06-11 18:00:00,9871.810000000078
3427,2026-06-11 19:00:00,9651.300000000076
3428,2026-06-11 20:00:00,9691.300000000076
3429,2026-06-11 21:00:00,9789.290000000074
3430,2026-06-11 22:00:00,9721.730000000076
3431,2026-06-11 23:00:00,10065.280000000079
3432,2026-06-12 00:00:00,10049.860000000073
3433,2026-06-12 01:00:00,9882.870000000068
3434,2026-06-12 02:00:00,8821.130000000063
3435,2026-06-12 03:00:00,9004.200000000063
3436,2026-06-12 04:00:00,9148.76000000006
3437,2026-06-12 05:00:00,9360.770000000062
3438,2026-06-12 06:00:00,9487.090000000062
3439,2026-06-12 07:00:00,9467.110000000066
3440,2026-06-12 08:00:00,9593.090000000062
3441,2026-06-12 09:00:00,9570.280000000057
3442,2026-06-12 10:00:00,9792.880000000063
3443,2026-06-12 11:00:00,9595.01000000006
3444,2026-06-12 12:00:00,9495.76000000006
3445,2026-06-12 13:00:00,9320.58000000006
3446,2026-06-12 14:00:00,9662.380000000063
3447,2026-06-12 15:00:00,10040.130000000063
3448,2026-06-12 16:00:00,9919.780000000057
3449,2026-06-12 17:00:00,10289.790000000052
3450,2026-06-12 18:00:00,10007.67000000005
3451,2026-06-12 19:00:00,10058.590000000047
3452,2026-06-12 20:00:00,9994.590000000047
3453,2026-06-12 21:00:00,9694.090000000047
3454,2026-06-12 22:00:00,9457.680000000044
3455,2026-06-12 23:00:00,8686.790000000045
3456,2026-06-13 00:00:00,8279.820000000043
3457,2026-06-13 01:00:00,7890.360000000037
3458,2026-06-13 02:00:00,8007.400000000038
3459,2026-06-13 03:00:00,8178.84000000004
3460,2026-06-13 04:00:00,8074.110000000037
3461,2026-06-13 05:00:00,8214.380000000034
3462,2026-06-13 06:00:00,8237.380000000034
3463,2026-06-13 07:00:00,8207.380000000034
3464,2026-06-13 08:00:00,8129.370000000032
3465,2026-06-13 09:00:00,8109.370000000032
3466,2026-06-13 10:00:00,8347.25000000003
3467,2026-06-13 11:00:00,8155.370000000032
3468,2026-06-13 12:00:00,8269.380000000034
3469,2026-06-13 13:00:00,8289.370000000032
3470,2026-06-13 14:00:00,8217.350000000035
3471,2026-06-13 15:00:00,8065.640000000036
3472,2026-06-13 16:00:00,8175.900000000038
3473,2026-06-13 17:00:00,8215.900000000038
3474,2026-06-13 18:00:00,8153.02000000004
3475,2026-06-13 19:00:00,8053.130000000041
3476,2026-06-13 20:00:00,8181.400000000038
3477,2026-06-13 21:00:00,8019.560000000034
3478,2026-06-13 22:00:00,8049.990000000034
3479,2026-06-13 23:00:00,8168.270000000033
3480,2026-06-14 00:00:00,8243.450000000033
3481,2026-06-14 01:00:00,7976.47000000003
3482,2026-06-14 02:00:00,7918.490000000034
3483,2026-06-14 03:00:00,8108.760000000031
3484,2026-06-14 04:00:00,8243.890000000029
3485,2026-06-14 05:00:00,8225.61000000003
3486,2026-06-14 06:00:00,8032.8800000000265
3487,2026-06-14 07:00:00,8018.310000000027
3488,2026-06-14 08:00:00,8019.850000000028
3489,2026-06-14 09:00:00,8126.840000000026
3490,2026-06-14 10:00:00,8124.840000000026
3491,2026-06-14 11:00:00,8051.850000000028
3492,2026-06-14 12:00:00,7996.560000000027
3493,2026-06-14 13:00:00,8202.79000000003
3494,2026-06-14 14:00:00,8203.86000000003
3495,2026-06-14 15:00:00,8151.960000000028
3496,2026-06-14 16:00:00,8295.25000000003
3497,2026-06-14 17:00:00,8322.190000000031
3498,2026-06-14 18:00:00,8162.520000000033
3499,2026-06-14 19:00:00,8067.650000000031
3500,2026-06-14 20:00:00,8092.520000000033
3501,2026-06-14 21:00:00,7874.050000000032
3502,2026-06-14 22:00:00,7864.510000000031
3503,2026-06-14 23:00:00,7530.070000000036
3504,2026-06-15 00:00:00,7571.590000000033
3505,2026-06-15 01:00:00,7654.030000000035
3506,2026-06-15 02:00:00,7444.040000000037
3507,2026-06-15 03:00:00,7363.380000000034
3508,2026-06-15 04:00:00,7374.680000000037
3509,2026-06-15 05:00:00,7168.040000000037
3510,2026-06-15 06:00:00,5865.09000000004
3511,2026-06-15 07:00:00,5749.900000000038
3512,2026-06-15 08:00:00,6069.570000000036
3513,2026-06-15 09:00:00,5949.110000000044
3514,2026-06-15 10:00:00,5848.120000000039
3515,2026-06-15 11:00:00,5901.110000000037
3516,2026-06-15 12:00:00,6356.200000000041
3517,2026-06-15 13:00:00,6073.11000000003
3518,2026-06-15 14:00:00,5859.11000000003
3519,2026-06-15 15:00:00,5905.11000000003
3520,2026-06-15 16:00:00,6042.36000000003
3521,2026-06-15 17:00:00,6029.61000000003
3522,2026-06-15 18:00:00,5964.4600000000355
3523,2026-06-15 19:00:00,5643.950000000041
3524,2026-06-15 20:00:00,5960.48000000004
3525,2026-06-15 21:00:00,6290.070000000051
3526,2026-06-15 22:00:00,6173.630000000048
3527,2026-06-15 23:00:00,6318.130000000048
3528,2026-06-16 00:00:00,5617.540000000052
3529,2026-06-16 01:00:00,5483.390000000058
3530,2026-06-16 02:00:00,5789.590000000069
3531,2026-06-16 03:00:00,5703.920000000071
3532,2026-06-16 04:00:00,5552.1500000000815
3533,2026-06-16 05:00:00,5646.520000000091
3534,2026-06-16 06:00:00,5798.350000000093
3535,2026-06-16 07:00:00,5636.5400000000955
3536,2026-06-16 08:00:00,5514.140000000087
3537,2026-06-16 09:00:00,5592.880000000092
3538,2026-06-16 10:00:00,5689.400000000096
3539,2026-06-16 11:00:00,6293.930000000095
3540,2026-06-16 12:00:00,6717.150000000096
3541,2026-06-16 13:00:00,6392.030000000086
3542,2026-06-16 14:00:00,6187.120000000083
3543,2026-06-16 15:00:00,5786.120000000083
3544,2026-06-16 16:00:00,5860.120000000083
3545,2026-06-16 17:00:00,6387.730000000083
3546,2026-06-16 18:00:00,5998.120000000083
3547,2026-06-16 19:00:00,5994.120000000083
3548,2026-06-16 20:00:00,5961.850000000079
3549,2026-06-16 21:00:00,5909.950000000084
3550,2026-06-16 22:00:00,5532.120000000083
3551,2026-06-16 23:00:00,5135.020000000077
3552,2026-06-17 00:00:00,4930.160000000076
3553,2026-06-17 01:00:00,4828.4700000000885
3554,2026-06-17 02:00:00,5049.190000000075
3555,2026-06-17 03:00:00,5179.990000000063
3556,2026-06-17 04:00:00,5007.880000000063
3557,2026-06-17 05:00:00,4829.7600000000675
3558,2026-06-17 06:00:00,4906.790000000066
3559,2026-06-17 07:00:00,4903.7600000000675
3560,2026-06-17 08:00:00,5008.750000000073
3561,2026-06-17 09:00:00,5033.740000000078
3562,2026-06-17 10:00:00,4793.740000000078
3563,2026-06-17 11:00:00,4757.740000000078
3564,2026-06-17 12:00:00,4809.750000000073
3565,2026-06-17 13:00:00,4849.7600000000675
3566,2026-06-17 14:00:00,4794.06000000007
3567,2026-06-17 15:00:00,4581.7600000000675
3568,2026-06-17 16:00:00,4497.2600000000675
3569,2026-06-17 17:00:00,5110.740000000071
3570,2026-06-17 18:00:00,5127.320000000065
3571,2026-06-17 19:00:00,5015.880000000063
3572,2026-06-17 20:00:00,5003.870000000061
3573,2026-06-17 21:00:00,5234.740000000056
3574,2026-06-17 22:00:00,4997.620000000054
3575,2026-06-17 23:00:00,5174.1700000000565
3576,2026-06-18 00:00:00,5824.720000000059
3577,2026-06-18 01:00:00,5712.600000000064
3578,2026-06-18 02:00:00,5472.640000000058
3579,2026-06-18 03:00:00,6060.720000000059
3580,2026-06-18 04:00:00,7274.870000000061
3581,2026-06-18 05:00:00,7407.380000000063
3582,2026-06-18 06:00:00,7583.970000000067
3583,2026-06-18 07:00:00,7541.730000000061
3584,2026-06-18 08:00:00,7332.340000000062
3585,2026-06-18 09:00:00,7373.730000000061
3586,2026-06-18 10:00:00,7454.460000000057
3587,2026-06-18 11:00:00,7595.220000000059
3588,2026-06-18 12:00:00,7188.540000000059
3589,2026-06-18 13:00:00,7587.950000000055
3590,2026-06-18 14:00:00,7477.360000000059
3591,2026-06-18 15:00:00,7387.950000000055
3592,2026-06-18 16:00:00,7814.980000000054
3593,2026-06-18 17:00:00,7925.500000000058
3594,2026-06-18 18:00:00,8125.890000000058
3595,2026-06-18 19:00:00,8246.810000000056
3596,2026-06-18 20:00:00,8142.600000000057
3597,2026-06-18 21:00:00,8546.270000000055
3598,2026-06-18 22:00:00,8152.200000000055
3599,2026-06-18 23:00:00,7984.810000000056
3600,2026-06-19 00:00:00,9431.980000000054
3601,2026-06-19 01:00:00,9750.540000000052
3602,2026-06-19 02:00:00,9832.540000000052
3603,2026-06-19 03:00:00,9729.620000000054
3604,2026-06-19 04:00:00,9971.490000000056
3605,2026-06-19 05:00:00,10106.700000000055
3606,2026-06-19 06:00:00,9992.020000000055
3607,2026-06-19 07:00:00,9906.550000000054
3608,2026-06-19 08:00:00,9834.39000000005
3609,2026-06-19 09:00:00,9772.400000000052
3610,2026-06-19 10:00:00,9774.260000000053
3611,2026-06-19 11:00:00,9758.400000000052
3612,2026-06-19 12:00:00,9525.910000000054
3613,2026-06-19 13:00:00,9204.410000000054
3614,2026-06-19 14:00:00,9491.60000000005
3615,2026-06-19 15:00:00,9646.480000000054
3616,2026-06-19 16:00:00,9910.570000000058
3617,2026-06-19 17:00:00,9936.570000000058
3618,2026-06-19 18:00:00,10150.560000000056
3619,2026-06-19 19:00:00,10007.310000000056
3620,2026-06-19 20:00:00,9914.560000000056
3621,2026-06-19 21:00:00,10118.570000000058
3622,2026-06-19 22:00:00,9738.58000000006
3623,2026-06-19 23:00:00,9732.110000000059
3624,2026-06-20 00:00:00,9721.630000000056
3625,2026-06-20 01:00:00,9963.65000000006
3626,2026-06-20 02:00:00,10189.670000000064
3627,2026-06-20 03:00:00,10277.670000000064
3628,2026-06-20 04:00:00,10366.080000000067
3629,2026-06-20 05:00:00,10137.670000000064
3630,2026-06-20 06:00:00,10311.700000000063
3631,2026-06-20 07:00:00,10072.400000000067
3632,2026-06-20 08:00:00,10301.030000000072
3633,2026-06-20 09:00:00,10287.13000000007
3634,2026-06-20 10:00:00,10343.400000000067
3635,2026-06-20 11:00:00,10589.110000000066
3636,2026-06-20 12:00:00,10452.890000000065
3637,2026-06-20 13:00:00,10346.150000000067
3638,2026-06-20 14:00:00,10251.610000000066
3639,2026-06-20 15:00:00,10185.070000000065
3640,2026-06-20 16:00:00,10095.670000000064
3641,2026-06-20 17:00:00,10332.910000000062
3642,2026-06-20 18:00:00,10656.100000000064
3643,2026-06-20 19:00:00,10722.56000000007
3644,2026-06-20 20:00:00,10709.260000000068
3645,2026-06-20 21:00:00,10742.170000000071
3646,2026-06-20 22:00:00,10999.480000000069
3647,2026-06-20 23:00:00,11551.600000000071
3648,2026-06-21 00:00:00,11761.74000000007
3649,2026-06-21 01:00:00,11887.470000000074
3650,2026-06-21 02:00:00,11687.860000000073
3651,2026-06-21 03:00:00,11716.670000000071
3652,2026-06-21 04:00:00,11586.56000000007
3653,2026-06-21 05:00:00,11576.550000000068
3654,2026-06-21 06:00:00,11490.140000000065
3655,2026-06-21 07:00:00,11749.750000000065
3656,2026-06-21 08:00:00,11723.750000000065
3657,2026-06-21 09:00:00,11719.740000000063
3658,2026-06-21 10:00:00,11765.740000000063
3659,2026-06-21 11:00:00,11758.990000000063
3660,2026-06-21 12:00:00,11943.740000000063
3661,2026-06-21 13:00:00,11793.860000000066
3662,2026-06-21 14:00:00,11813.430000000066
3663,2026-06-21 15:00:00,11860.340000000062
3664,2026-06-21 16:00:00,11747.950000000063
3665,2026-06-21 17:00:00,11570.880000000063
3666,2026-06-21 18:00:00,11766.040000000066
3667,2026-06-21 19:00:00,11609.210000000072
3668,2026-06-21 20:00:00,11419.220000000074
3669,2026-06-21 21:00:00,11443.220000000074
3670,2026-06-21 22:00:00,11497.220000000074
3671,2026-06-21 23:00:00,11497.250000000073
3672,2026-06-22 00:00:00,11575.280000000072
3673,2026-06-22 01:00:00,11496.59000000007
3674,2026-06-22 02:00:00,11502.74000000007
3675,2026-06-22 03:00:00,11565.09000000007
3676,2026-06-22 04:00:00,11571.780000000064
3677,2026-06-22 05:00:00,11212.660000000062
3678,2026-06-22 06:00:00,11252.65000000006
3679,2026-06-22 07:00:00,11259.070000000065
3680,2026-06-22 08:00:00,10769.470000000067
3681,2026-06-22 09:00:00,11353.49000000007
3682,2026-06-22 10:00:00,10643.500000000073
3683,2026-06-22 11:00:00,10991.510000000075
3684,2026-06-22 12:00:00,10707.530000000079
3685,2026-06-22 13:00:00,10833.540000000074
3686,2026-06-22 14:00:00,10685.820000000072
3687,2026-06-22 15:00:00,10428.030000000072
3688,2026-06-22 16:00:00,10649.270000000077
3689,2026-06-22 17:00:00,10604.070000000072
3690,2026-06-22 18:00:00,10583.470000000074
3691,2026-06-22 19:00:00,10577.290000000074
3692,2026-06-22 20:00:00,10059.280000000072
3693,2026-06-22 21:00:00,10551.63000000007
3694,2026-06-22 22:00:00,10980.06000000007
3695,2026-06-22 23:00:00,10382.45000000007
3696,2026-06-23 00:00:00,10525.890000000072
3697,2026-06-23 01:00:00,10643.070000000072
3698,2026-06-23 02:00:00,10760.84000000007
3699,2026-06-23 03:00:00,10492.850000000071
3700,2026-06-23 04:00:00,10354.860000000073
3701,2026-06-23 05:00:00,10393.06000000007
3702,2026-06-23 06:00:00,10506.290000000074
3703,2026-06-23 07:00:00,10156.840000000077
3704,2026-06-23 08:00:00,10107.950000000077
3705,2026-06-23 09:00:00,10242.930000000073
3706,2026-06-23 10:00:00,10243.940000000075
3707,2026-06-23 11:00:00,10195.930000000073
3708,2026-06-23 12:00:00,10334.590000000077
3709,2026-06-23 13:00:00,9892.260000000075
3710,2026-06-23 14:00:00,9669.240000000078
3711,2026-06-23 15:00:00,10133.230000000076
3712,2026-06-23 16:00:00,10183.21000000008
3713,2026-06-23 17:00:00,9683.170000000078
3714,2026-06-23 18:00:00,9683.160000000076
3715,2026-06-23 19:00:00,9741.150000000074
3716,2026-06-23 20:00:00,9920.20000000007
3717,2026-06-23 21:00:00,10170.660000000069
3718,2026-06-23 22:00:00,9951.27000000007
3719,2026-06-23 23:00:00,9933.63000000007
3720,2026-06-24 00:00:00,9939.470000000067
3721,2026-06-24 01:00:00,10009.680000000066
3722,2026-06-24 02:00:00,9809.700000000063
3723,2026-06-24 03:00:00,9925.730000000061
3724,2026-06-24 04:00:00,9779.230000000061
3725,2026-06-24 05:00:00,9697.020000000062
3726,2026-06-24 06:00:00,9567.950000000063
3727,2026-06-24 07:00:00,9558.180000000066
3728,2026-06-24 08:00:00,9702.750000000065
3729,2026-06-24 09:00:00,9423.320000000065
3730,2026-06-24 10:00:00,9341.510000000068
3731,2026-06-24 11:00:00,9643.70000000007
3732,2026-06-24 12:00:00,9543.920000000071
3733,2026-06-24 13:00:00,9558.56000000007
3734,2026-06-24 14:00:00,9412.980000000069
3735,2026-06-24 15:00:00,9302.980000000069
3736,2026-06-24 16:00:00,9180.970000000067
3737,2026-06-24 17:00:00,9322.980000000069
3738,2026-06-24 18:00:00,9441.280000000072
3739,2026-06-24 19:00:00,9205.570000000072
3740,2026-06-24 20:00:00,9680.770000000077
3741,2026-06-24 21:00:00,9983.650000000081
3742,2026-06-24 22:00:00,8703.350000000086
3743,2026-06-24 23:00:00,8928.26000000009
3744,2026-06-25 00:00:00,8065.160000000091
3745,2026-06-25 01:00:00,7665.160000000091
3746,2026-06-25 02:00:00,8111.160000000091
3747,2026-06-25 03:00:00,7915.170000000093
3748,2026-06-25 04:00:00,8273.480000000098
3749,2026-06-25 05:00:00,7275.780000000101
3750,2026-06-25 06:00:00,7429.780000000101
3751,2026-06-25 07:00:00,7665.790000000103
3752,2026-06-25 08:00:00,7869.790000000103
3753,2026-06-25 09:00:00,8115.780000000101
3754,2026-06-25 10:00:00,8211.7800000001
3755,2026-06-25 11:00:00,8340.700000000099
3756,2026-06-25 12:00:00,8256.1300000001
3757,2026-06-25 13:00:00,7782.150000000103
3758,2026-06-25 14:00:00,8024.530000000108
3759,2026-06-25 15:00:00,7892.480000000112
3760,2026-06-25 16:00:00,8071.4600000001155
3761,2026-06-25 17:00:00,8270.150000000118
3762,2026-06-25 18:00:00,8297.09000000012
3763,2026-06-25 19:00:00,8766.440000000119
3764,2026-06-25 20:00:00,8754.370000000119
3765,2026-06-25 21:00:00,8792.370000000119
3766,2026-06-25 22:00:00,5838.530000000115
3767,2026-06-25 23:00:00,4657.2000000001135
3768,2026-06-26 00:00:00,4570.7100000001155
3769,2026-06-26 01:00:00,4816.060000000114
3770,2026-06-26 02:00:00,4452.6900000001115
3771,2026-06-26 03:00:00,4289.390000000109
3772,2026-06-26 04:00:00,4482.100000000108
3773,2026-06-26 05:00:00,4618.72000000011
3774,2026-06-26 06:00:00,3863.4700000001103
3775,2026-06-26 07:00:00,4224.070000000116
3776,2026-06-26 08:00:00,4281.340000000113
3777,2026-06-26 09:00:00,4408.250000000116
3778,2026-06-26 10:00:00,4172.66000000012
3779,2026-06-26 11:00:00,3303.150000000118
3780,2026-06-26 12:00:00,4777.170000000122
3781,2026-06-26 13:00:00,4661.630000000121
3782,2026-06-26 14:00:00,4694.460000000123
3783,2026-06-26 15:00:00,5065.16000000012
3784,2026-06-26 16:00:00,4857.16000000012
3785,2026-06-26 17:00:00,4570.830000000118
3786,2026-06-26 18:00:00,5080.490000000114
3787,2026-06-26 19:00:00,5503.240000000114
3788,2026-06-26 20:00:00,5403.260000000118
3789,2026-06-26 21:00:00,5631.48000000012
3790,2026-06-26 22:00:00,6621.890000000123
3791,2026-06-26 23:00:00,6037.190000000126
3792,2026-06-27 00:00:00,5299.6000000001295
3793,2026-06-27 01:00:00,5586.170000000129
3794,2026-06-27 02:00:00,5603.950000000128
3795,2026-06-27 03:00:00,5959.910000000127
3796,2026-06-27 04:00:00,6043.870000000126
3797,2026-06-27 05:00:00,6077.8400000001275
3798,2026-06-27 06:00:00,6278.540000000125
3799,2026-06-27 07:00:00,6407.8400000001275
3800,2026-06-27 08:00:00,6358.570000000131
3801,2026-06-27 09:00:00,6396.770000000128
3802,2026-06-27 10:00:00,6510.310000000129
3803,2026-06-27 11:00:00,6854.790000000132
3804,2026-06-27 12:00:00,6870.510000000133
3805,2026-06-27 13:00:00,6936.250000000138
3806,2026-06-27 14:00:00,6933.020000000142
3807,2026-06-27 15:00:00,7066.880000000143
3808,2026-06-27 16:00:00,7244.33000000014
3809,2026-06-27 17:00:00,7336.40000000014
3810,2026-06-27 18:00:00,7295.020000000142
3811,2026-06-27 19:00:00,7300.6800000001385
3812,2026-06-27 20:00:00,7357.310000000136
3813,2026-06-27 21:00:00,7290.960000000137
3814,2026-06-27 22:00:00,7449.310000000136
3815,2026-06-27 23:00:00,7472.460000000137
3816,2026-06-28 00:00:00,7701.020000000135
3817,2026-06-28 01:00:00,7668.950000000135
3818,2026-06-28 02:00:00,7385.840000000135
3819,2026-06-28 03:00:00,7431.820000000138
3820,2026-06-28 04:00:00,7036.9100000001345
3821,2026-06-28 05:00:00,6912.860000000132
3822,2026-06-28 06:00:00,7009.040000000132
3823,2026-06-28 07:00:00,7034.170000000129
3824,2026-06-28 08:00:00,7234.120000000126
3825,2026-06-28 09:00:00,7117.120000000126
3826,2026-06-28 10:00:00,7193.3400000001275
3827,2026-06-28 11:00:00,7121.570000000123
3828,2026-06-28 12:00:00,7168.160000000127
3829,2026-06-28 13:00:00,7104.120000000126
3830,2026-06-28 14:00:00,7247.950000000128
3831,2026-06-28 15:00:00,7261.6000000001295
3832,2026-06-28 16:00:00,7478.770000000128
3833,2026-06-28 17:00:00,7628.78000000013
3834,2026-06-28 18:00:00,7739.940000000133
3835,2026-06-28 19:00:00,7832.070000000131
3836,2026-06-28 20:00:00,7656.78000000013
3837,2026-06-28 21:00:00,7608.290000000132
3838,2026-06-28 22:00:00,7386.660000000127
3839,2026-06-28 23:00:00,7425.540000000125
3840,2026-06-29 00:00:00,7282.540000000125
3841,2026-06-29 01:00:00,7481.920000000122
3842,2026-06-29 02:00:00,7586.5300000001225
3843,2026-06-29 03:00:00,7558.080000000125
3844,2026-06-29 04:00:00,7425.410000000127
3845,2026-06-29 05:00:00,7603.620000000126
3846,2026-06-29 06:00:00,7817.670000000129
3847,2026-06-29 07:00:00,8196.610000000124
3848,2026-06-29 08:00:00,8706.610000000124
3849,2026-06-29 09:00:00,8616.610000000124
3850,2026-06-29 10:00:00,8390.55000000012
3851,2026-06-29 11:00:00,8707.060000000121
3852,2026-06-29 12:00:00,8415.060000000121
3853,2026-06-29 13:00:00,8634.52000000012
3854,2026-06-29 14:00:00,8907.320000000123
3855,2026-06-29 15:00:00,8880.010000000118
3856,2026-06-29 16:00:00,8830.52000000012
3857,2026-06-29 17:00:00,9016.52000000012
3858,2026-06-29 18:00:00,8799.52000000012
3859,2026-06-29 19:00:00,8768.52000000012
3860,2026-06-29 20:00:00,8636.570000000123
3861,2026-06-29 21:00:00,8629.30000000012
3862,2026-06-29 22:00:00,8260.52000000012
3863,2026-06-29 23:00:00,8150.190000000119
3864,2026-06-30 00:00:00,7795.850000000115
3865,2026-06-30 01:00:00,7864.7000000001135
3866,2026-06-30 02:00:00,7343.570000000116
3867,2026-06-30 03:00:00,7462.560000000114
3868,2026-06-30 04:00:00,7324.070000000116
3869,2026-06-30 05:00:00,7461.560000000114
3870,2026-06-30 06:00:00,7277.840000000113
3871,2026-06-30 07:00:00,7150.430000000109
3872,2026-06-30 08:00:00,7058.330000000111
3873,2026-06-30 09:00:00,7480.530000000108
3874,2026-06-30 10:00:00,7582.460000000108
3875,2026-06-30 11:00:00,7590.760000000104
3876,2026-06-30 12:00:00,7911.520000000099
3877,2026-06-30 13:00:00,7776.0500000000975
3878,2026-06-30 14:00:00,7615.930000000102
3879,2026-06-30 15:00:00,7676.0600000000995
3880,2026-06-30 16:00:00,7744.0500000000975
3881,2026-06-30 17:00:00,7531.960000000094
3882,2026-06-30 18:00:00,7468.920000000093
3883,2026-06-30 19:00:00,7509.87000000009
3884,2026-06-30 20:00:00,7368.560000000085
3885,2026-06-30 21:00:00,6587.860000000088
3886,2026-06-30 22:00:00,6913.040000000088
3887,2026-06-30 23:00:00,7167.410000000091
3888,2026-07-01 00:00:00,7066.590000000091
3889,2026-07-01 01:00:00,7182.250000000095
3890,2026-07-01 02:00:00,7102.590000000091
3891,2026-07-01 03:00:00,6839.710000000086
3892,2026-07-01 04:00:00,6976.890000000087
3893,2026-07-01 05:00:00,7062.930000000088
3894,2026-07-01 06:00:00,7154.950000000092
3895,2026-07-01 07:00:00,7186.950000000092
3896,2026-07-01 08:00:00,7203.670000000093
3897,2026-07-01 09:00:00,7252.380000000092
3898,2026-07-01 10:00:00,7446.950000000092
3899,2026-07-01 11:00:00,7132.520000000091
3900,2026-07-01 12:00:00,7244.650000000089
3901,2026-07-01 13:00:00,7387.510000000089
3902,2026-07-01 14:00:00,7201.850000000093
3903,2026-07-01 15:00:00,6803.320000000094
3904,2026-07-01 16:00:00,6790.470000000096
3905,2026-07-01 17:00:00,6585.130000000099
3906,2026-07-01 18:00:00,6614.570000000094
3907,2026-07-01 19:00:00,6899.140000000094
3908,2026-07-01 20:00:00,6937.090000000098
3909,2026-07-01 21:00:00,7021.110000000095
3910,2026-07-01 22:00:00,7981.130000000092
3911,2026-07-01 23:00:00,8025.100000000093
3912,2026-07-02 00:00:00,8630.250000000095
3913,2026-07-02 01:00:00,8857.400000000096
3914,2026-07-02 02:00:00,8586.800000000097
3915,2026-07-02 03:00:00,8567.360000000102
3916,2026-07-02 04:00:00,8424.870000000097
3917,2026-07-02 05:00:00,8522.200000000099
3918,2026-07-02 06:00:00,9212.190000000097
3919,2026-07-02 07:00:00,9550.170000000093
3920,2026-07-02 08:00:00,9096.16000000009
3921,2026-07-02 09:00:00,9358.430000000088
3922,2026-07-02 10:00:00,9772.620000000083
3923,2026-07-02 11:00:00,9525.440000000082
3924,2026-07-02 12:00:00,8890.54000000008
3925,2026-07-02 13:00:00,8620.520000000084
3926,2026-07-02 14:00:00,8903.960000000086
3927,2026-07-02 15:00:00,9134.490000000085
3928,2026-07-02 16:00:00,9010.470000000081
3929,2026-07-02 17:00:00,9372.470000000081
3930,2026-07-02 18:00:00,10044.480000000083
3931,2026-07-02 19:00:00,10124.160000000084
3932,2026-07-02 20:00:00,10218.490000000085
3933,2026-07-02 21:00:00,10403.010000000082
3934,2026-07-02 22:00:00,10006.50000000008
3935,2026-07-02 23:00:00,9764.07000000008
3936,2026-07-03 00:00:00,9847.75000000008
3937,2026-07-03 01:00:00,9917.160000000076
3938,2026-07-03 02:00:00,9902.21000000008
3939,2026-07-03 03:00:00,9996.18000000008
3940,2026-07-03 04:00:00,10277.940000000082
3941,2026-07-03 05:00:00,10383.120000000083
3942,2026-07-03 06:00:00,10375.64000000008
3943,2026-07-03 07:00:00,10502.64000000008
3944,2026-07-03 08:00:00,10597.380000000077
3945,2026-07-03 09:00:00,10346.130000000077
3946,2026-07-03 10:00:00,10066.880000000077
3947,2026-07-03 11:00:00,10214.870000000075
3948,2026-07-03 12:00:00,10208.860000000073
3949,2026-07-03 13:00:00,10194.860000000073
3950,2026-07-03 14:00:00,10447.350000000071
3951,2026-07-03 15:00:00,10456.870000000075
3952,2026-07-03 16:00:00,10497.330000000075
3953,2026-07-03 17:00:00,10330.860000000073
3954,2026-07-03 18:00:00,10196.180000000073
3955,2026-07-03 19:00:00,9998.400000000074
3956,2026-07-03 20:00:00,9890.840000000077
3957,2026-07-03 21:00:00,9850.810000000078
3958,2026-07-03 22:00:00,9982.830000000082
3959,2026-07-03 23:00:00,9931.36000000008
3960,2026-07-04 00:00:00,9686.600000000079
3961,2026-07-04 01:00:00,9868.690000000075
3962,2026-07-04 02:00:00,9779.500000000073
3963,2026-07-04 03:00:00,9789.510000000075
3964,2026-07-04 04:00:00,9795.500000000073
3965,2026-07-04 05:00:00,10362.420000000071
3966,2026-07-04 06:00:00,10317.500000000073
3967,2026-07-04 07:00:00,10471.500000000073
3968,2026-07-04 08:00:00,10476.760000000075
3969,2026-07-04 09:00:00,10649.790000000074
3970,2026-07-04 10:00:00,10937.640000000072
3971,2026-07-04 11:00:00,10867.120000000075
3972,2026-07-04 12:00:00,10955.450000000077
3973,2026-07-04 13:00:00,11028.160000000076
3974,2026-07-04 14:00:00,10799.680000000073
3975,2026-07-04 15:00:00,10828.170000000078
3976,2026-07-04 16:00:00,10752.18000000008
3977,2026-07-04 17:00:00,10729.96000000008
3978,2026-07-04 18:00:00,10789.740000000078
3979,2026-07-04 19:00:00,10770.740000000078
3980,2026-07-04 20:00:00,10801.730000000076
3981,2026-07-04 21:00:00,10983.730000000076
3982,2026-07-04 22:00:00,10908.56000000007
3983,2026-07-04 23:00:00,11013.710000000072
3984,2026-07-05 00:00:00,10764.410000000069
3985,2026-07-05 01:00:00,10780.410000000069
3986,2026-07-05 02:00:00,11133.500000000065
3987,2026-07-05 03:00:00,11241.100000000064
3988,2026-07-05 04:00:00,11363.040000000066
3989,2026-07-05 05:00:00,11302.100000000064
3990,2026-07-05 06:00:00,11366.160000000062
3991,2026-07-05 07:00:00,11253.310000000063
3992,2026-07-05 08:00:00,11294.290000000059
3993,2026-07-05 09:00:00,11447.01000000006
3994,2026-07-05 10:00:00,11343.660000000062
3995,2026-07-05 11:00:00,11149.280000000057
3996,2026-07-05 12:00:00,11073.800000000054
3997,2026-07-05 13:00:00,11026.850000000057
3998,2026-07-05 14:00:00,11102.340000000055
3999,2026-07-05 15:00:00,11060.660000000054
4000,2026-07-05 16:00:00,11298.690000000053
4001,2026-07-05 17:00:00,11193.480000000054
4002,2026-07-05 18:00:00,11486.300000000054
4003,2026-07-05 19:00:00,11352.360000000052
4004,2026-07-05 20:00:00,11449.560000000056
4005,2026-07-05 21:00:00,11363.470000000052
4006,2026-07-05 22:00:00,11410.46000000005
4007,2026-07-05 23:00:00,11390.21000000005
4008,2026-07-06 00:00:00,11317.970000000052
4009,2026-07-06 01:00:00,11420.500000000051
4010,2026-07-06 02:00:00,11407.950000000048
4011,2026-07-06 03:00:00,11212.550000000047
4012,2026-07-06 04:00:00,11161.100000000042
4013,2026-07-06 05:00:00,11199.370000000039
4014,2026-07-06 06:00:00,10837.970000000038
4015,2026-07-06 07:00:00,10193.98000000004
4016,2026-07-06 08:00:00,10107.98000000004
4017,2026-07-06 09:00:00,10219.970000000038
4018,2026-07-06 10:00:00,10033.98000000004
4019,2026-07-06 11:00:00,10149.970000000038
4020,2026-07-06 12:00:00,10315.98000000004
4021,2026-07-06 13:00:00,10341.990000000042
4022,2026-07-06 14:00:00,10188.000000000044
4023,2026-07-06 15:00:00,10050.000000000044
4024,2026-07-06 16:00:00,9936.580000000045
4025,2026-07-06 17:00:00,10121.990000000042
4026,2026-07-06 18:00:00,9882.750000000036
4027,2026-07-06 19:00:00,10040.040000000037
4028,2026-07-06 20:00:00,10378.260000000038
4029,2026-07-06 21:00:00,11108.090000000033
4030,2026-07-06 22:00:00,11122.29000000003
4031,2026-07-06 23:00:00,11406.08000000003
4032,2026-07-07 00:00:00,12900.060000000034
4033,2026-07-07 01:00:00,13086.08000000003
4034,2026-07-07 02:00:00,12941.460000000028
4035,2026-07-07 03:00:00,13050.480000000032
4036,2026-07-07 04:00:00,13008.360000000037
4037,2026-07-07 05:00:00,13097.84000000004
4038,2026-07-07 06:00:00,13759.820000000043
4039,2026-07-07 07:00:00,13513.84000000004
4040,2026-07-07 08:00:00,13715.820000000043
4041,2026-07-07 09:00:00,13553.850000000042
4042,2026-07-07 10:00:00,13189.860000000044
4043,2026-07-07 11:00:00,12671.870000000046
4044,2026-07-07 12:00:00,12540.870000000046
4045,2026-07-07 13:00:00,12449.870000000046
4046,2026-07-07 14:00:00,12477.870000000046
4047,2026-07-07 15:00:00,12689.860000000044
4048,2026-07-07 16:00:00,12946.680000000044
4049,2026-07-07 17:00:00,12925.860000000044
4050,2026-07-07 18:00:00,13077.860000000044
4051,2026-07-07 19:00:00,13049.860000000044
4052,2026-07-07 20:00:00,12927.860000000044
4053,2026-07-07 21:00:00,13003.250000000044
4054,2026-07-07 22:00:00,12577.860000000044
4055,2026-07-07 23:00:00,13083.910000000047
4056,2026-07-08 00:00:00,12715.450000000048
4057,2026-07-08 01:00:00,12768.210000000043
4058,2026-07-08 02:00:00,12565.48000000004
4059,2026-07-08 03:00:00,12059.470000000038
4060,2026-07-08 04:00:00,11921.470000000038
4061,2026-07-08 05:00:00,11801.470000000038
4062,2026-07-08 06:00:00,11527.420000000042
4063,2026-07-08 07:00:00,11654.500000000036
4064,2026-07-08 08:00:00,11841.530000000035
4065,2026-07-08 09:00:00,12090.310000000034
4066,2026-07-08 10:00:00,12665.070000000029
4067,2026-07-08 11:00:00,12607.050000000025
4068,2026-07-08 12:00:00,12393.060000000027
4069,2026-07-08 13:00:00,12427.060000000027
4070,2026-07-08 14:00:00,12589.18000000003
4071,2026-07-08 15:00:00,12569.25000000003
4072,2026-07-08 16:00:00,12799.79000000003
4073,2026-07-08 17:00:00,13669.780000000028
4074,2026-07-08 18:00:00,13630.47000000003
4075,2026-07-08 19:00:00,13505.020000000026
4076,2026-07-08 20:00:00,13388.15000000003
4077,2026-07-08 21:00:00,13045.890000000036
4078,2026-07-08 22:00:00,13058.130000000041
4079,2026-07-08 23:00:00,13113.790000000037
4080,2026-07-09 00:00:00,12927.970000000038
4081,2026-07-09 01:00:00,12518.95000000004
4082,2026-07-09 02:00:00,12510.540000000045
4083,2026-07-09 03:00:00,12591.240000000042
4084,2026-07-09 04:00:00,12498.580000000038
4085,2026-07-09 05:00:00,12320.210000000036
4086,2026-07-09 06:00:00,12232.650000000038
4087,2026-07-09 07:00:00,12089.420000000035
4088,2026-07-09 08:00:00,12129.820000000036
4089,2026-07-09 09:00:00,12289.830000000038
4090,2026-07-09 10:00:00,12075.84000000004
4091,2026-07-09 11:00:00,12203.040000000037
4092,2026-07-09 12:00:00,12388.58000000003
4093,2026-07-09 13:00:00,11909.18000000003
4094,2026-07-09 14:00:00,12045.050000000032
4095,2026-07-09 15:00:00,11674.700000000033
4096,2026-07-09 16:00:00,11634.660000000033
4097,2026-07-09 17:00:00,11731.010000000031
4098,2026-07-09 18:00:00,11681.260000000031
4099,2026-07-09 19:00:00,11848.620000000032
4100,2026-07-09 20:00:00,11848.920000000027
4101,2026-07-09 21:00:00,11676.600000000028
4102,2026-07-09 22:00:00,11262.270000000026
4103,2026-07-09 23:00:00,11274.620000000024
4104,2026-07-10 00:00:00,11422.570000000022
4105,2026-07-10 01:00:00,11254.53000000002
4106,2026-07-10 02:00:00,10811.750000000022
4107,2026-07-10 03:00:00,10735.510000000024
4108,2026-07-10 04:00:00,10764.580000000024
4109,2026-07-10 05:00:00,10699.300000000025
4110,2026-07-10 06:00:00,10660.510000000024
4111,2026-07-10 07:00:00,10716.320000000022
4112,2026-07-10 08:00:00,10705.10000000002
4113,2026-07-10 09:00:00,10821.17000000002
4114,2026-07-10 10:00:00,11457.10000000002
4115,2026-07-10 11:00:00,11669.230000000018
4116,2026-07-10 12:00:00,11684.020000000019
4117,2026-07-10 13:00:00,11784.700000000019
4118,2026-07-10 14:00:00,11852.81000000002
4119,2026-07-10 15:00:00,11591.53000000002
4120,2026-07-10 16:00:00,11699.820000000022
4121,2026-07-10 17:00:00,11416.81000000002
4122,2026-07-10 18:00:00,11277.730000000025
4123,2026-07-10 19:00:00,11300.440000000031
4124,2026-07-10 20:00:00,11283.060000000034
4125,2026-07-10 21:00:00,11144.520000000033
4126,2026-07-10 22:00:00,11341.880000000034
4127,2026-07-10 23:00:00,10772.750000000036
4128,2026-07-11 00:00:00,10647.620000000039
4129,2026-07-11 01:00:00,10747.630000000041
4130,2026-07-11 02:00:00,10431.610000000037
4131,2026-07-11 03:00:00,10445.600000000035
4132,2026-07-11 04:00:00,10337.720000000038
4133,2026-07-11 05:00:00,10261.09000000004
4134,2026-07-11 06:00:00,10090.350000000042
4135,2026-07-11 07:00:00,10190.650000000045
4136,2026-07-11 08:00:00,10240.080000000045
4137,2026-07-11 09:00:00,10202.360000000044
4138,2026-07-11 10:00:00,10091.310000000041
4139,2026-07-11 11:00:00,9946.220000000038
4140,2026-07-11 12:00:00,9953.84000000004
4141,2026-07-11 13:00:00,9952.260000000038
4142,2026-07-11 14:00:00,9928.250000000036
4143,2026-07-11 15:00:00,9885.16000000004
4144,2026-07-11 16:00:00,9828.240000000042
4145,2026-07-11 17:00:00,9724.440000000039
4146,2026-07-11 18:00:00,9823.080000000045
4147,2026-07-11 19:00:00,9794.420000000042
4148,2026-07-11 20:00:00,9792.420000000042
4149,2026-07-11 21:00:00,9794.930000000044
4150,2026-07-11 22:00:00,9835.10000000005
4151,2026-07-11 23:00:00,9720.690000000053
4152,2026-07-12 00:00:00,9895.010000000053
4153,2026-07-12 01:00:00,9899.270000000055
4154,2026-07-12 02:00:00,10034.790000000052
4155,2026-07-12 03:00:00,10022.330000000053
4156,2026-07-12 04:00:00,10064.32000000005
4157,2026-07-12 05:00:00,9967.870000000054
4158,2026-07-12 06:00:00,9941.410000000054
4159,2026-07-12 07:00:00,10094.32000000005
4160,2026-07-12 08:00:00,9710.240000000049
4161,2026-07-12 09:00:00,9719.71000000005
4162,2026-07-12 10:00:00,10024.85000000005
4163,2026-07-12 11:00:00,9961.630000000048
4164,2026-07-12 12:00:00,10114.970000000052
4165,2026-07-12 13:00:00,9891.17000000005
4166,2026-07-12 14:00:00,9851.17000000005
4167,2026-07-12 15:00:00,9653.700000000048
4168,2026-07-12 16:00:00,9530.89000000005
4169,2026-07-12 17:00:00,9628.800000000054
4170,2026-07-12 18:00:00,9650.370000000054
4171,2026-07-12 19:00:00,9554.520000000055
4172,2026-07-12 20:00:00,9402.270000000055
4173,2026-07-12 21:00:00,9394.280000000057
4174,2026-07-12 22:00:00,9397.140000000058
4175,2026-07-12 23:00:00,9577.08000000006
4176,2026-07-13 00:00:00,9604.160000000062
4177,2026-07-13 01:00:00,9605.860000000059
4178,2026-07-13 02:00:00,9506.160000000062
4179,2026-07-13 03:00:00,9436.170000000064
4180,2026-07-13 04:00:00,9355.570000000065
4181,2026-07-13 05:00:00,9385.270000000062
4182,2026-07-13 06:00:00,9663.76000000006
4183,2026-07-13 07:00:00,9697.290000000059
4184,2026-07-13 08:00:00,9590.420000000056
4185,2026-07-13 09:00:00,9298.410000000054
4186,2026-07-13 10:00:00,8638.410000000054
4187,2026-07-13 11:00:00,8674.430000000058
4188,2026-07-13 12:00:00,8104.850000000064
4189,2026-07-13 13:00:00,8239.260000000068
4190,2026-07-13 14:00:00,8366.260000000068
4191,2026-07-13 15:00:00,8364.81000000007
4192,2026-07-13 16:00:00,8552.780000000064
4193,2026-07-13 17:00:00,8331.33000000006
4194,2026-07-13 18:00:00,8438.280000000064
4195,2026-07-13 19:00:00,8670.410000000062
4196,2026-07-13 20:00:00,8636.310000000063
4197,2026-07-13 21:00:00,8913.15000000006
4198,2026-07-13 22:00:00,9220.300000000061
4199,2026-07-13 23:00:00,9694.15000000006
4200,2026-07-14 00:00:00,9867.990000000056
4201,2026-07-14 01:00:00,9525.980000000054
4202,2026-07-14 02:00:00,9896.990000000056
4203,2026-07-14 03:00:00,10012.000000000058
4204,2026-07-14 04:00:00,9743.770000000055
4205,2026-07-14 05:00:00,9666.53000000005
4206,2026-07-14 06:00:00,9812.46000000005
4207,2026-07-14 07:00:00,9953.520000000048
4208,2026-07-14 08:00:00,10364.040000000045
4209,2026-07-14 09:00:00,10149.02000000004
4210,2026-07-14 10:00:00,10139.900000000038
4211,2026-07-14 11:00:00,10143.48000000004
4212,2026-07-14 12:00:00,10114.59000000004
4213,2026-07-14 13:00:00,9942.250000000036
4214,2026-07-14 14:00:00,9950.48000000004
4215,2026-07-14 15:00:00,9837.530000000042
4216,2026-07-14 16:00:00,9774.400000000038
4217,2026-07-14 17:00:00,9621.470000000038
4218,2026-07-14 18:00:00,9537.170000000042
4219,2026-07-14 19:00:00,9366.720000000045
4220,2026-07-14 20:00:00,9321.730000000047
4221,2026-07-14 21:00:00,10436.740000000049
4222,2026-07-14 22:00:00,10556.730000000047
4223,2026-07-14 23:00:00,11021.740000000042
4224,2026-07-15 00:00:00,11460.710000000043
4225,2026-07-15 01:00:00,11446.720000000045
4226,2026-07-15 02:00:00,11338.150000000045
4227,2026-07-15 03:00:00,11387.600000000042
4228,2026-07-15 04:00:00,11385.210000000036
4229,2026-07-15 05:00:00,11387.640000000036
4230,2026-07-15 06:00:00,11282.760000000031
4231,2026-07-15 07:00:00,11466.75000000003
4232,2026-07-15 08:00:00,11283.660000000025
4233,2026-07-15 09:00:00,11064.260000000024
4234,2026-07-15 10:00:00,11214.490000000027
4235,2026-07-15 11:00:00,11397.970000000023
4236,2026-07-15 12:00:00,11096.830000000024
4237,2026-07-15 13:00:00,11142.830000000024
4238,2026-07-15 14:00:00,10944.780000000028
4239,2026-07-15 15:00:00,10814.72000000003
4240,2026-07-15 16:00:00,11079.380000000034
4241,2026-07-15 17:00:00,11298.05000000004
4242,2026-07-15 18:00:00,11201.870000000039
4243,2026-07-15 19:00:00,11193.040000000037
4244,2026-07-15 20:00:00,11262.190000000039
4245,2026-07-15 21:00:00,11694.040000000037
4246,2026-07-15 22:00:00,11648.030000000035
4247,2026-07-15 23:00:00,11366.210000000036
4248,2026-07-16 00:00:00,11338.410000000033
4249,2026-07-16 01:00:00,11031.590000000033
4250,2026-07-16 02:00:00,11096.280000000035
4251,2026-07-16 03:00:00,11292.380000000034
4252,2026-07-16 04:00:00,11409.72000000003
4253,2026-07-16 05:00:00,11419.050000000025
4254,2026-07-16 06:00:00,11285.35000000002
4255,2026-07-16 07:00:00,11317.970000000023
4256,2026-07-16 08:00:00,11207.320000000022
4257,2026-07-16 09:00:00,11379.53000000002
4258,2026-07-16 10:00:00,11233.590000000018
4259,2026-07-16 11:00:00,11145.590000000018
4260,2026-07-16 12:00:00,11167.650000000023
4261,2026-07-16 13:00:00,11197.75000000003
4262,2026-07-16 14:00:00,10929.810000000034
4263,2026-07-16 15:00:00,11070.480000000032
4264,2026-07-16 16:00:00,10531.160000000033
4265,2026-07-16 17:00:00,10420.010000000031
4266,2026-07-16 18:00:00,10383.160000000033
4267,2026-07-16 19:00:00,10251.820000000036
4268,2026-07-16 20:00:00,10216.630000000034
4269,2026-07-16 21:00:00,10507.15000000003
4270,2026-07-16 22:00:00,10917.140000000029
4271,2026-07-16 23:00:00,10749.630000000026
4272,2026-07-17 00:00:00,10910.850000000028
4273,2026-07-17 01:00:00,10690.120000000024
4274,2026-07-17 02:00:00,10275.150000000023
4275,2026-07-17 03:00:00,10452.130000000026
4276,2026-07-17 04:00:00,10426.300000000032
4277,2026-07-17 05:00:00,10268.730000000032
4278,2026-07-17 06:00:00,10221.010000000031
4279,2026-07-17 07:00:00,10415.00000000003
4280,2026-07-17 08:00:00,10552.800000000032
4281,2026-07-17 09:00:00,10497.00000000003
4282,2026-07-17 10:00:00,10836.760000000031
4283,2026-07-17 11:00:00,10772.520000000033
4284,2026-07-17 12:00:00,10684.520000000033
4285,2026-07-17 13:00:00,10768.510000000031
4286,2026-07-17 14:00:00,11414.760000000031
4287,2026-07-17 15:00:00,11523.00000000003
4288,2026-07-17 16:00:00,11642.890000000029
4289,2026-07-17 17:00:00,11583.00000000003
4290,2026-07-17 18:00:00,11684.460000000028
4291,2026-07-17 19:00:00,11494.00000000003
4292,2026-07-17 20:00:00,11612.090000000033
4293,2026-07-17 21:00:00,11810.350000000035
4294,2026-07-17 22:00:00,11864.590000000033
4295,2026-07-17 23:00:00,11844.58000000003
4296,2026-07-18 00:00:00,11566.58000000003
4297,2026-07-18 01:00:00,11424.58000000003
4298,2026-07-18 02:00:00,11880.440000000031
4299,2026-07-18 03:00:00,11670.570000000029
4300,2026-07-18 04:00:00,11571.640000000029
4301,2026-07-18 05:00:00,11530.840000000026
4302,2026-07-18 06:00:00,11520.840000000026
4303,2026-07-18 07:00:00,11644.840000000026
4304,2026-07-18 08:00:00,11699.170000000027
4305,2026-07-18 09:00:00,11677.54000000003
4306,2026-07-18 10:00:00,11720.480000000032
4307,2026-07-18 11:00:00,11705.850000000035
4308,2026-07-18 12:00:00,11756.08000000003
4309,2026-07-18 13:00:00,11706.230000000032
4310,2026-07-18 14:00:00,11706.270000000033
4311,2026-07-18 15:00:00,11694.550000000032
4312,2026-07-18 16:00:00,11671.47000000003
4313,2026-07-18 17:00:00,11668.210000000028
4314,2026-07-18 18:00:00,11686.460000000028
4315,2026-07-18 19:00:00,11657.79000000003
4316,2026-07-18 20:00:00,11604.33000000003
4317,2026-07-18 21:00:00,11456.22000000003
4318,2026-07-18 22:00:00,11344.22000000003
4319,2026-07-18 23:00:00,11364.22000000003
4320,2026-07-19 00:00:00,11367.100000000028
4321,2026-07-19 01:00:00,11186.75000000003
4322,2026-07-19 02:00:00,11009.93000000003
4323,2026-07-19 03:00:00,11042.050000000032
4324,2026-07-19 04:00:00,11001.670000000035
4325,2026-07-19 05:00:00,10861.450000000033
4326,2026-07-19 06:00:00,10822.740000000034
4327,2026-07-19 07:00:00,10896.070000000036
4328,2026-07-19 08:00:00,10925.240000000034
4329,2026-07-19 09:00:00,10883.100000000035
4330,2026-07-19 10:00:00,10857.010000000031
4331,2026-07-19 11:00:00,10917.030000000035
4332,2026-07-19 12:00:00,11036.860000000037
4333,2026-07-19 13:00:00,11022.870000000039
4334,2026-07-19 14:00:00,11026.710000000043
4335,2026-07-19 15:00:00,11014.390000000043
4336,2026-07-19 16:00:00,11013.750000000044
4337,2026-07-19 17:00:00,11017.310000000049
4338,2026-07-19 18:00:00,11214.810000000049
4339,2026-07-19 19:00:00,11129.800000000047
4340,2026-07-19 20:00:00,11002.440000000046
4341,2026-07-19 21:00:00,10975.950000000048
4342,2026-07-19 22:00:00,11018.110000000044
4343,2026-07-19 23:00:00,10908.350000000042
4344,2026-07-20 00:00:00,10916.100000000042
4345,2026-07-20 01:00:00,10962.70000000004
4346,2026-07-20 02:00:00,10971.84000000004
4347,2026-07-20 03:00:00,11099.710000000043
4348,2026-07-20 04:00:00,11057.120000000039
4349,2026-07-20 05:00:00,10983.710000000043
4350,2026-07-20 06:00:00,10863.470000000045
4351,2026-07-20 07:00:00,11122.390000000043
4352,2026-07-20 08:00:00,11170.260000000046
4353,2026-07-20 09:00:00,11338.96000000005
4354,2026-07-20 10:00:00,11413.130000000056
4355,2026-07-20 11:00:00,11213.94000000006
4356,2026-07-20 12:00:00,11171.340000000055
4357,2026-07-20 13:00:00,10841.550000000054
4358,2026-07-20 14:00:00,11253.560000000056
4359,2026-07-20 15:00:00,11043.540000000059
4360,2026-07-20 16:00:00,10681.51000000006
4361,2026-07-20 17:00:00,10911.530000000064
4362,2026-07-20 18:00:00,10762.020000000062
4363,2026-07-20 19:00:00,10863.700000000063
4364,2026-07-20 20:00:00,10162.87000000006
4365,2026-07-20 21:00:00,9800.860000000059
4366,2026-07-20 22:00:00,9504.87000000006
4367,2026-07-20 23:00:00,9576.87000000006
4368,2026-07-21 00:00:00,10759.610000000059
4369,2026-07-21 01:00:00,10669.360000000059
4370,2026-07-21 02:00:00,10748.840000000055
4371,2026-07-21 03:00:00,11096.810000000049
4372,2026-07-21 04:00:00,11194.82000000005
4373,2026-07-21 05:00:00,10969.240000000049
4374,2026-07-21 06:00:00,11050.800000000054
4375,2026-07-21 07:00:00,10906.770000000055
4376,2026-07-21 08:00:00,11020.290000000059
4377,2026-07-21 09:00:00,10707.790000000066
4378,2026-07-21 10:00:00,10375.330000000075
4379,2026-07-21 11:00:00,10196.870000000075
4380,2026-07-21 12:00:00,10349.640000000072
4381,2026-07-21 13:00:00,10304.870000000075
4382,2026-07-21 14:00:00,10534.420000000071
4383,2026-07-21 15:00:00,10695.860000000073
4384,2026-07-21 16:00:00,10422.000000000073
4385,2026-07-21 17:00:00,10461.580000000075
4386,2026-07-21 18:00:00,10527.130000000077
4387,2026-07-21 19:00:00,10415.140000000072
4388,2026-07-21 20:00:00,10580.730000000069
4389,2026-07-21 21:00:00,10793.96000000008
4390,2026-07-21 22:00:00,11021.140000000072
4391,2026-07-21 23:00:00,10964.84000000007
4392,2026-07-22 00:00:00,11130.600000000079
4393,2026-07-22 01:00:00,10996.07000000008
4394,2026-07-22 02:00:00,11330.130000000077
4395,2026-07-22 03:00:00,11442.130000000077
4396,2026-07-22 04:00:00,11566.940000000075
4397,2026-07-22 05:00:00,11605.130000000063
4398,2026-07-22 06:00:00,11583.560000000056
4399,2026-07-22 07:00:00,11502.58000000006
4400,2026-07-22 08:00:00,11250.44000000006
4401,2026-07-22 09:00:00,11315.250000000058
4402,2026-07-22 10:00:00,11502.920000000056
4403,2026-07-22 11:00:00,11383.740000000049
4404,2026-07-22 12:00:00,11487.860000000044
4405,2026-07-22 13:00:00,11316.810000000041
4406,2026-07-22 14:00:00,10910.660000000033
4407,2026-07-22 15:00:00,10870.09000000004
4408,2026-07-22 16:00:00,10779.240000000034
4409,2026-07-22 17:00:00,10923.720000000045
4410,2026-07-22 18:00:00,10863.760000000038
4411,2026-07-22 19:00:00,10981.780000000042
4412,2026-07-22 20:00:00,10949.120000000039
4413,2026-07-22 21:00:00,10571.770000000033
4414,2026-07-22 22:00:00,10256.390000000029
4415,2026-07-22 23:00:00,10413.800000000032
4416,2026-07-23 00:00:00,10667.210000000036
4417,2026-07-23 01:00:00,10848.83000000003
4418,2026-07-23 02:00:00,10643.850000000035
4419,2026-07-23 03:00:00,10772.420000000027
4420,2026-07-23 04:00:00,10800.150000000023
4421,2026-07-23 05:00:00,10803.660000000033
4422,2026-07-23 06:00:00,10956.45000000004
4423,2026-07-23 07:00:00,10984.750000000044
4424,2026-07-23 08:00:00,10914.430000000037
4425,2026-07-23 09:00:00,10970.73000000004
4426,2026-07-23 10:00:00,10742.540000000037
4427,2026-07-23 11:00:00,10767.20000000004
4428,2026-07-23 12:00:00,10624.390000000043
4429,2026-07-23 13:00:00,10578.34000000004
4430,2026-07-23 14:00:00,10503.810000000041
4431,2026-07-23 15:00:00,10602.800000000047
4432,2026-07-23 16:00:00,10254.930000000044
4433,2026-07-23 17:00:00,10445.800000000047
4434,2026-07-23 18:00:00,10439.880000000048
4435,2026-07-23 19:00:00,10338.800000000047
4436,2026-07-23 20:00:00,10523.59000000004
4437,2026-07-23 21:00:00,10911.760000000046
4438,2026-07-23 22:00:00,10624.720000000045
4439,2026-07-23 23:00:00,10594.730000000047
4440,2026-07-24 00:00:00,10643.10000000005
4441,2026-07-24 01:00:00,10441.580000000045
4442,2026-07-24 02:00:00,10517.150000000045
4443,2026-07-24 03:00:00,10705.000000000051
4444,2026-07-24 04:00:00,10727.180000000051
4445,2026-07-24 05:00:00,11027.740000000049
4446,2026-07-24 06:00:00,11050.050000000047
4447,2026-07-24 07:00:00,11075.67000000005
4448,2026-07-24 08:00:00,11172.130000000048
4449,2026-07-24 09:00:00,11297.110000000052
4450,2026-07-24 10:00:00,11185.10000000005
4451,2026-07-24 11:00:00,11154.110000000052
4452,2026-07-24 12:00:00,11493.82000000005
4453,2026-07-24 13:00:00,11632.520000000048
4454,2026-07-24 14:00:00,11625.520000000048
4455,2026-07-24 15:00:00,11772.520000000048
4456,2026-07-24 16:00:00,11800.470000000045
4457,2026-07-24 17:00:00,11998.240000000042
4458,2026-07-24 18:00:00,11809.190000000039
4459,2026-07-24 19:00:00,11972.320000000036
4460,2026-07-24 20:00:00,11838.890000000036
4461,2026-07-24 21:00:00,12142.310000000034
4462,2026-07-24 22:00:00,12766.860000000037
4463,2026-07-24 23:00:00,12666.52000000004
4464,2026-07-25 00:00:00,12627.790000000045
4465,2026-07-25 01:00:00,12491.940000000046
4466,2026-07-25 02:00:00,12713.940000000046
4467,2026-07-25 03:00:00,12621.940000000046
4468,2026-07-25 04:00:00,12668.620000000046
4469,2026-07-25 05:00:00,12613.53000000005
4470,2026-07-25 06:00:00,12598.300000000047
4471,2026-07-25 07:00:00,12584.290000000045
4472,2026-07-25 08:00:00,12613.310000000049
4473,2026-07-25 09:00:00,12679.690000000046
4474,2026-07-25 10:00:00,12674.090000000047
4475,2026-07-25 11:00:00,12658.080000000045
4476,2026-07-25 12:00:00,12691.440000000046
4477,2026-07-25 13:00:00,12595.340000000047
4478,2026-07-25 14:00:00,12752.800000000047
4479,2026-07-25 15:00:00,12738.800000000047
4480,2026-07-25 16:00:00,12745.60000000005
4481,2026-07-25 17:00:00,12618.46000000005
4482,2026-07-25 18:00:00,12742.39000000005
4483,2026-07-25 19:00:00,12812.400000000052
4484,2026-07-25 20:00:00,12818.39000000005
4485,2026-07-25 21:00:00,12758.60000000005
4486,2026-07-25 22:00:00,12710.400000000052
4487,2026-07-25 23:00:00,12668.360000000052
4488,2026-07-26 00:00:00,12636.32000000005
4489,2026-07-26 01:00:00,12660.92000000005
4490,2026-07-26 02:00:00,12721.720000000052
4491,2026-07-26 03:00:00,12573.130000000056
4492,2026-07-26 04:00:00,12600.740000000056
4493,2026-07-26 05:00:00,12649.370000000054
4494,2026-07-26 06:00:00,12645.100000000057
4495,2026-07-26 07:00:00,12713.08000000006
4496,2026-07-26 08:00:00,12750.08000000006
4497,2026-07-26 09:00:00,12618.090000000062
4498,2026-07-26 10:00:00,12573.100000000064
4499,2026-07-26 11:00:00,12638.660000000062
4500,2026-07-26 12:00:00,12668.100000000064
4501,2026-07-26 13:00:00,12695.040000000066
4502,2026-07-26 14:00:00,12807.410000000062
4503,2026-07-26 15:00:00,12787.100000000064
4504,2026-07-26 16:00:00,12855.100000000064
4505,2026-07-26 17:00:00,12745.090000000062
4506,2026-07-26 18:00:00,12803.08000000006
4507,2026-07-26 19:00:00,12780.480000000061
4508,2026-07-26 20:00:00,12772.430000000058
4509,2026-07-26 21:00:00,12813.110000000059
4510,2026-07-26 22:00:00,12761.780000000057
4511,2026-07-26 23:00:00,12566.790000000059
4512,2026-07-27 00:00:00,12621.800000000061
4513,2026-07-27 01:00:00,12655.630000000063
4514,2026-07-27 02:00:00,12618.660000000062
4515,2026-07-27 03:00:00,12655.840000000062
4516,2026-07-27 04:00:00,12694.700000000063
4517,2026-07-27 05:00:00,12648.220000000067
4518,2026-07-27 06:00:00,12857.200000000063
4519,2026-07-27 07:00:00,12302.540000000059
4520,2026-07-27 08:00:00,12289.850000000057
4521,2026-07-27 09:00:00,12021.810000000056
4522,2026-07-27 10:00:00,12096.070000000058
4523,2026-07-27 11:00:00,12061.860000000059
4524,2026-07-27 12:00:00,12173.860000000059
4525,2026-07-27 13:00:00,12175.060000000056
4526,2026-07-27 14:00:00,12360.64000000005
4527,2026-07-27 15:00:00,12309.020000000055
4528,2026-07-27 16:00:00,12114.250000000051
4529,2026-07-27 17:00:00,12055.240000000056
4530,2026-07-27 18:00:00,12154.430000000051
4531,2026-07-27 19:00:00,12083.250000000051
4532,2026-07-27 20:00:00,11850.690000000053
4533,2026-07-27 21:00:00,11865.480000000054
4534,2026-07-27 22:00:00,11996.850000000057
4535,2026-07-27 23:00:00,12526.770000000062
4536,2026-07-28 00:00:00,12393.330000000067
4537,2026-07-28 01:00:00,12048.820000000072
4538,2026-07-28 02:00:00,11927.530000000072
4539,2026-07-28 03:00:00,11785.720000000074
4540,2026-07-28 04:00:00,11891.720000000074
4541,2026-07-28 05:00:00,11868.370000000075
4542,2026-07-28 06:00:00,12007.770000000077
4543,2026-07-28 07:00:00,10978.520000000077
4544,2026-07-28 08:00:00,10942.380000000077
4545,2026-07-28 09:00:00,11210.36000000008
4546,2026-07-28 10:00:00,11467.410000000076
4547,2026-07-28 11:00:00,11512.650000000081
4548,2026-07-28 12:00:00,11354.410000000076
4549,2026-07-28 13:00:00,11361.530000000072
4550,2026-07-28 14:00:00,11462.190000000075
4551,2026-07-28 15:00:00,11651.210000000072
4552,2026-07-28 16:00:00,11516.570000000072
4553,2026-07-28 17:00:00,11594.480000000069
4554,2026-07-28 18:00:00,11560.390000000065
4555,2026-07-28 19:00:00,11639.870000000068
4556,2026-07-28 20:00:00,11663.34000000007
4557,2026-07-28 21:00:00,11566.690000000068
4558,2026-07-28 22:00:00,12009.34000000007
4559,2026-07-28 23:00:00,12317.790000000066
4560,2026-07-29 00:00:00,11801.770000000062
4561,2026-07-29 01:00:00,11686.980000000061
4562,2026-07-29 02:00:00,11329.600000000057
4563,2026-07-29 03:00:00,11378.210000000057
4564,2026-07-29 04:00:00,11208.700000000055
4565,2026-07-29 05:00:00,11222.250000000058
4566,2026-07-29 06:00:00,11167.360000000059
4567,2026-07-29 07:00:00,11356.090000000062
4568,2026-07-29 08:00:00,11487.380000000063
4569,2026-07-29 09:00:00,11448.390000000065
4570,2026-07-29 10:00:00,11697.320000000065
4571,2026-07-29 11:00:00,11422.420000000064
4572,2026-07-29 12:00:00,11649.350000000064
4573,2026-07-29 13:00:00,11864.660000000062
4574,2026-07-29 14:00:00,11963.640000000065
4575,2026-07-29 15:00:00,12331.940000000068
4576,2026-07-29 16:00:00,12206.56000000007
4577,2026-07-29 17:00:00,12062.870000000068
4578,2026-07-29 18:00:00,12343.56000000007
4579,2026-07-29 19:00:00,12571.730000000069
4580,2026-07-29 20:00:00,12609.440000000068
4581,2026-07-29 21:00:00,12840.170000000071
4582,2026-07-29 22:00:00,12452.280000000072
4583,2026-07-29 23:00:00,13008.970000000067
4584,2026-07-30 00:00:00,13152.970000000067
4585,2026-07-30 01:00:00,13308.650000000067
4586,2026-07-30 02:00:00,13770.150000000067
4587,2026-07-30 03:00:00,14001.840000000062
4588,2026-07-30 04:00:00,14913.90000000006
4589,2026-07-30 05:00:00,14846.450000000063
4590,2026-07-30 06:00:00,15184.44000000006
4591,2026-07-30 07:00:00,15101.94000000006
4592,2026-07-30 08:00:00,15143.72000000006
4593,2026-07-30 09:00:00,15431.280000000057
4594,2026-07-30 10:00:00,14862.000000000058
4595,2026-07-30 11:00:00,14938.01000000006
4596,2026-07-30 12:00:00,14966.020000000055
4597,2026-07-30 13:00:00,15104.01000000006
4598,2026-07-30 14:00:00,15094.110000000059
4599,2026-07-30 15:00:00,15126.000000000058
4600,2026-07-30 16:00:00,15150.000000000058
4601,2026-07-30 17:00:00,15432.01000000006
4602,2026-07-30 18:00:00,15691.560000000056
4603,2026-07-30 19:00:00,15688.400000000052
4604,2026-07-30 20:00:00,15905.680000000051
4605,2026-07-30 21:00:00,15768.680000000051
4606,2026-07-30 22:00:00,15865.690000000053
4607,2026-07-30 23:00:00,15527.650000000052
4608,2026-07-31 00:00:00,15573.980000000054
4609,2026-07-31 01:00:00,15486.270000000055
4610,2026-07-31 02:00:00,15540.260000000053
4611,2026-07-31 03:00:00,15371.060000000056
4612,2026-07-31 04:00:00,15273.860000000059
4613,2026-07-31 05:00:00,15251.230000000061
4614,2026-07-31 06:00:00,15293.070000000065
4615,2026-07-31 07:00:00,15177.44000000006
4616,2026-07-31 08:00:00,15248.580000000067
4617,2026-07-31 09:00:00,15303.69000000006
4618,2026-07-31 10:00:00,15464.590000000062
4619,2026-07-31 11:00:00,15198.37000000006
4620,2026-07-31 12:00:00,15126.160000000062
4621,2026-07-31 13:00:00,15056.160000000062
4622,2026-07-31 14:00:00,14993.100000000064
4623,2026-07-31 15:00:00,14862.010000000068
4624,2026-07-31 16:00:00,14580.050000000068
4625,2026-07-31 17:00:00,14696.050000000068
4626,2026-07-31 18:00:00,14814.160000000069
4627,2026-07-31 19:00:00,15016.930000000066
4628,2026-07-31 20:00:00,14903.77000000007
4629,2026-07-31 21:00:00,14955.27000000007
4630,2026-07-31 22:00:00,14471.99000000007
4631,2026-07-31 23:00:00,13883.320000000065
4632,2026-08-01 00:00:00,13848.810000000063
4633,2026-08-01 01:00:00,13694.500000000065
4634,2026-08-01 02:00:00,13319.94000000006
4635,2026-08-01 03:00:00,13467.810000000063
4636,2026-08-01 04:00:00,13593.380000000063
4637,2026-08-01 05:00:00,13611.680000000066
4638,2026-08-01 06:00:00,13605.760000000068
4639,2026-08-01 07:00:00,13607.980000000069
4640,2026-08-01 08:00:00,13670.100000000071
4641,2026-08-01 09:00:00,13619.970000000067
4642,2026-08-01 10:00:00,13582.970000000067
4643,2026-08-01 11:00:00,13482.910000000069
4644,2026-08-01 12:00:00,13553.500000000065
4645,2026-08-01 13:00:00,13664.030000000064
4646,2026-08-01 14:00:00,13569.020000000062
4647,2026-08-01 15:00:00,13629.660000000062
4648,2026-08-01 16:00:00,13599.480000000061
4649,2026-08-01 17:00:00,13523.69000000006
4650,2026-08-01 18:00:00,13596.770000000062
4651,2026-08-01 19:00:00,13599.600000000064
4652,2026-08-01 20:00:00,13579.600000000064
4653,2026-08-01 21:00:00,13607.280000000064
4654,2026-08-01 22:00:00,13572.920000000064
4655,2026-08-01 23:00:00,13515.720000000067
4656,2026-08-02 00:00:00,13635.180000000066
4657,2026-08-02 01:00:00,13709.920000000064
4658,2026-08-02 02:00:00,13934.170000000064
4659,2026-08-02 03:00:00,13806.660000000062
4660,2026-08-02 04:00:00,13857.40000000006
4661,2026-08-02 05:00:00,13989.710000000057
4662,2026-08-02 06:00:00,13839.090000000055
4663,2026-08-02 07:00:00,13820.560000000056
4664,2026-08-02 08:00:00,13828.200000000055
4665,2026-08-02 09:00:00,13838.550000000054
4666,2026-08-02 10:00:00,13690.67000000005
4667,2026-08-02 11:00:00,14160.380000000048
4668,2026-08-02 12:00:00,14170.750000000044
4669,2026-08-02 13:00:00,14042.70000000004
4670,2026-08-02 14:00:00,13905.970000000038
4671,2026-08-02 15:00:00,13935.190000000039
4672,2026-08-02 16:00:00,13911.440000000039
4673,2026-08-02 17:00:00,14223.690000000039
4674,2026-08-02 18:00:00,14303.640000000043
4675,2026-08-02 19:00:00,14234.73000000004
4676,2026-08-02 20:00:00,14407.77000000004
4677,2026-08-02 21:00:00,14314.27000000004
4678,2026-08-02 22:00:00,14312.84000000004
4679,2026-08-02 23:00:00,14370.390000000036
4680,2026-08-03 00:00:00,14410.160000000033
4681,2026-08-03 01:00:00,14481.380000000034
4682,2026-08-03 02:00:00,14601.300000000032
4683,2026-08-03 03:00:00,14519.570000000029
4684,2026-08-03 04:00:00,14593.570000000029
4685,2026-08-03 05:00:00,14555.060000000034
4686,2026-08-03 06:00:00,14471.58000000003
4687,2026-08-03 07:00:00,14625.00000000003
4688,2026-08-03 08:00:00,14770.420000000027
4689,2026-08-03 09:00:00,14518.020000000026
4690,2026-08-03 10:00:00,14623.460000000021
4691,2026-08-03 11:00:00,14694.220000000023
4692,2026-08-03 12:00:00,14965.130000000026
4693,2026-08-03 13:00:00,14884.640000000029
4694,2026-08-03 14:00:00,14847.47000000003
4695,2026-08-03 15:00:00,14643.90000000003
4696,2026-08-03 16:00:00,14641.40000000003
4697,2026-08-03 17:00:00,14721.00000000003
4698,2026-08-03 18:00:00,15016.90000000003
4699,2026-08-03 19:00:00,14921.510000000031
4700,2026-08-03 20:00:00,14739.510000000031
4701,2026-08-03 21:00:00,14879.50000000003
4702,2026-08-03 22:00:00,14228.410000000033
4703,2026-08-03 23:00:00,13612.310000000027
4704,2026-08-04 00:00:00,13340.030000000028
4705,2026-08-04 01:00:00,13258.480000000032
4706,2026-08-04 02:00:00,13388.020000000033
4707,2026-08-04 03:00:00,13423.15000000003
4708,2026-08-04 04:00:00,13421.660000000025
4709,2026-08-04 05:00:00,13515.610000000022
4710,2026-08-04 06:00:00,13700.890000000021
4711,2026-08-04 07:00:00,13728.74000000002
4712,2026-08-04 08:00:00,13826.74000000002
4713,2026-08-04 09:00:00,13668.730000000018
4714,2026-08-04 10:00:00,14154.67000000002
4715,2026-08-04 11:00:00,14180.160000000018
4716,2026-08-04 12:00:00,14157.730000000018
4717,2026-08-04 13:00:00,14386.720000000016
4718,2026-08-04 14:00:00,14597.240000000013
4719,2026-08-04 15:00:00,14448.76000000001
4720,2026-08-04 16:00:00,14433.020000000011
4721,2026-08-04 17:00:00,14529.820000000007
4722,2026-08-04 18:00:00,14544.610000000008
4723,2026-08-04 19:00:00,14704.880000000005
4724,2026-08-04 20:00:00,14542.880000000005
4725,2026-08-04 21:00:00,14562.470000000001
4726,2026-08-04 22:00:00,14340.0
4727,2026-08-04 23:00:00,14784.779999999999
4728,2026-08-05 00:00:00,14788.36
4729,2026-08-05 01:00:00,14962.57
4730,2026-08-05 02:00:00,14983.729999999996
4731,2026-08-05 03:00:00,15317.629999999997
4732,2026-08-05 04:00:00,15245.0
4733,2026-08-05 05:00:00,15137.36
4734,2026-08-05 06:00:00,14990.36
4735,2026-08-05 07:00:00,15066.970000000001
4736,2026-08-05 08:00:00,15231.020000000004
4737,2026-08-05 09:00:00,15112.460000000006
4738,2026-08-05 10:00:00,14766.62000000001
4739,2026-08-05 11:00:00,14801.040000000015
4740,2026-08-05 12:00:00,14616.05000000001
4741,2026-08-05 13:00:00,14609.48000000001
4742,2026-08-05 14:00:00,14763.650000000016
4743,2026-08-05 15:00:00,14686.360000000015
4744,2026-08-05 16:00:00,14775.950000000019
4745,2026-08-05 17:00:00,14732.770000000019
4746,2026-08-05 18:00:00,14767.010000000024
4747,2026-08-05 19:00:00,14674.190000000024
4748,2026-08-05 20:00:00,14661.140000000029
4749,2026-08-05 21:00:00,14918.29000000003
4750,2026-08-05 22:00:00,14993.850000000028
4751,2026-08-05 23:00:00,14925.450000000026
4752,2026-08-06 00:00:00,14837.070000000029
4753,2026-08-06 01:00:00,14563.090000000033
4754,2026-08-06 02:00:00,14671.100000000035
4755,2026-08-06 03:00:00,14642.000000000036
4756,2026-08-06 04:00:00,14683.180000000037
4757,2026-08-06 05:00:00,14665.790000000037
4758,2026-08-06 06:00:00,14576.030000000035
4759,2026-08-06 07:00:00,14478.900000000038
4760,2026-08-06 08:00:00,14508.130000000041
4761,2026-08-06 09:00:00,14487.890000000036
4762,2026-08-06 10:00:00,14552.810000000034
4763,2026-08-06 11:00:00,14552.100000000035
4764,2026-08-06 12:00:00,14600.430000000037
4765,2026-08-06 13:00:00,14396.810000000034
4766,2026-08-06 14:00:00,14223.370000000039
4767,2026-08-06 15:00:00,14271.460000000036
4768,2026-08-06 16:00:00,14221.160000000033
4769,2026-08-06 17:00:00,14088.870000000032
4770,2026-08-06 18:00:00,14347.240000000027
4771,2026-08-06 19:00:00,14279.570000000022
4772,2026-08-06 20:00:00,14273.430000000022
4773,2026-08-06 21:00:00,14075.340000000026
4774,2026-08-06 22:00:00,14085.350000000028
4775,2026-08-06 23:00:00,14429.340000000026
4776,2026-08-07 00:00:00,14575.470000000023
4777,2026-08-07 01:00:00,14449.350000000028
4778,2026-08-07 02:00:00,14585.650000000023
4779,2026-08-07 03:00:00,14382.430000000022
4780,2026-08-07 04:00:00,14354.900000000023
4781,2026-08-07 05:00:00,14361.200000000026
4782,2026-08-07 06:00:00,14360.160000000025
4783,2026-08-07 07:00:00,14449.410000000025
4784,2026-08-07 08:00:00,14477.290000000023
4785,2026-08-07 09:00:00,14482.910000000025
4786,2026-08-07 10:00:00,14378.35000000002
4787,2026-08-07 11:00:00,14355.67000000002
4788,2026-08-07 12:00:00,14465.550000000025
4789,2026-08-07 13:00:00,14500.410000000025
4790,2026-08-07 14:00:00,14581.710000000028
4791,2026-08-07 15:00:00,14549.40000000003
4792,2026-08-07 16:00:00,14533.680000000037
4793,2026-08-07 17:00:00,14253.520000000033
4794,2026-08-07 18:00:00,14014.200000000033
4795,2026-08-07 19:00:00,13959.54000000003
4796,2026-08-07 20:00:00,13823.54000000003
4797,2026-08-07 21:00:00,14085.880000000026
4798,2026-08-07 22:00:00,13802.800000000025
4799,2026-08-07 23:00:00,13854.06000000002
4800,2026-08-08 00:00:00,13808.800000000017
4801,2026-08-08 01:00:00,13710.080000000016
4802,2026-08-08 02:00:00,13660.410000000018
4803,2026-08-08 03:00:00,13631.590000000018
4804,2026-08-08 04:00:00,13406.63000000002
4805,2026-08-08 05:00:00,13418.160000000018
4806,2026-08-08 06:00:00,13374.17000000002
4807,2026-08-08 07:00:00,13414.180000000022
4808,2026-08-08 08:00:00,13378.99000000002
4809,2026-08-08 09:00:00,13384.81000000002
4810,2026-08-08 10:00:00,13402.03000000002
4811,2026-08-08 11:00:00,13414.210000000021
4812,2026-08-08 12:00:00,13523.24000000002
4813,2026-08-08 13:00:00,13542.660000000018
4814,2026-08-08 14:00:00,13560.85000000002
4815,2026-08-08 15:00:00,13572.070000000022
4816,2026-08-08 16:00:00,13618.680000000022
4817,2026-08-08 17:00:00,13652.550000000025
4818,2026-08-08 18:00:00,13652.11000000003
4819,2026-08-08 19:00:00,13663.670000000035
4820,2026-08-08 20:00:00,13625.15000000003
4821,2026-08-08 21:00:00,13666.140000000029
4822,2026-08-08 22:00:00,13673.070000000029
4823,2026-08-08 23:00:00,13786.820000000029
4824,2026-08-09 00:00:00,13835.020000000026
4825,2026-08-09 01:00:00,13829.390000000029
4826,2026-08-09 02:00:00,13862.690000000031
4827,2026-08-09 03:00:00,13938.370000000032
4828,2026-08-09 04:00:00,13907.030000000028
4829,2026-08-09 05:00:00,13914.030000000028
4830,2026-08-09 06:00:00,13983.480000000032
4831,2026-08-09 07:00:00,14045.83000000003
4832,2026-08-09 08:00:00,14057.820000000029
4833,2026-08-09 09:00:00,14046.770000000026
4834,2026-08-09 10:00:00,13934.580000000024
4835,2026-08-09 11:00:00,13893.130000000026
4836,2026-08-09 12:00:00,13924.340000000026
4837,2026-08-09 13:00:00,13920.540000000023
4838,2026-08-09 14:00:00,13937.120000000024
4839,2026-08-09 15:00:00,13888.710000000028
4840,2026-08-09 16:00:00,13912.560000000027
4841,2026-08-09 17:00:00,13910.58000000003
4842,2026-08-09 18:00:00,13856.890000000036
4843,2026-08-09 19:00:00,13774.880000000034
4844,2026-08-09 20:00:00,13784.740000000034
4845,2026-08-09 21:00:00,13774.630000000034
4846,2026-08-09 22:00:00,13514.960000000036
4847,2026-08-09 23:00:00,13555.190000000039
4848,2026-08-10 00:00:00,13523.860000000037
4849,2026-08-10 01:00:00,13527.320000000036
4850,2026-08-10 02:00:00,13560.780000000035
4851,2026-08-10 03:00:00,13561.780000000035
4852,2026-08-10 04:00:00,13580.800000000032
4853,2026-08-10 05:00:00,13623.500000000036
4854,2026-08-10 06:00:00,13568.470000000038
4855,2026-08-10 07:00:00,13684.330000000038
4856,2026-08-10 08:00:00,13508.790000000037
4857,2026-08-10 09:00:00,13442.370000000032
4858,2026-08-10 10:00:00,13664.350000000028
4859,2026-08-10 11:00:00,13754.350000000028
4860,2026-08-10 12:00:00,13872.330000000024
4861,2026-08-10 13:00:00,13847.610000000022
4862,2026-08-10 14:00:00,13974.88000000002
4863,2026-08-10 15:00:00,14140.28000000002
4864,2026-08-10 16:00:00,14236.950000000019
4865,2026-08-10 17:00:00,14194.10000000002
4866,2026-08-10 18:00:00,14472.440000000024
4867,2026-08-10 19:00:00,14426.620000000024
4868,2026-08-10 20:00:00,14313.700000000019
4869,2026-08-10 21:00:00,14058.470000000016
4870,2026-08-10 22:00:00,14367.240000000013
4871,2026-08-10 23:00:00,14431.030000000006
4872,2026-08-11 00:00:00,14105.250000000007
4873,2026-08-11 01:00:00,14500.590000000004
4874,2026-08-11 02:00:00,14452.200000000004
4875,2026-08-11 03:00:00,14388.550000000003
4876,2026-08-11 04:00:00,14544.86
4877,2026-08-11 05:00:00,14432.059999999998
4878,2026-08-11 06:00:00,14603.559999999998
4879,2026-08-11 07:00:00,14632.559999999998
4880,2026-08-11 08:00:00,14678.549999999996
4881,2026-08-11 09:00:00,14608.559999999998
4882,2026-08-11 10:00:00,14629.36
4883,2026-08-11 11:00:00,14613.149999999994
4884,2026-08-11 12:00:00,14502.729999999989
4885,2026-08-11 13:00:00,14634.229999999989
4886,2026-08-11 14:00:00,14657.73999999999
4887,2026-08-11 15:00:00,14627.01999999999
4888,2026-08-11 16:00:00,14530.30999999999
4889,2026-08-11 17:00:00,14459.889999999985
4890,2026-08-11 18:00:00,14623.479999999981
4891,2026-08-11 19:00:00,14556.709999999985
4892,2026-08-11 20:00:00,14400.369999999988
4893,2026-08-11 21:00:00,14340.80999999999
4894,2026-08-11 22:00:00,14470.539999999994
4895,2026-08-11 23:00:00,14040.289999999994
4896,2026-08-12 00:00:00,13880.129999999997
4897,2026-08-12 01:00:00,13782.849999999991
4898,2026-08-12 02:00:00,13687.55999999999
4899,2026-08-12 03:00:00,13922.369999999988
4900,2026-08-12 04:00:00,13759.439999999988
4901,2026-08-12 05:00:00,13555.439999999988
4902,2026-08-12 06:00:00,13488.169999999991
4903,2026-08-12 07:00:00,13492.409999999996
4904,2026-08-12 08:00:00,13560.899999999994
4905,2026-08-12 09:00:00,13418.829999999994
4906,2026-08-12 10:00:00,13347.099999999991
4907,2026-08-12 11:00:00,13283.05999999999
4908,2026-08-12 12:00:00,13197.229999999996
4909,2026-08-12 13:00:00,13263.23999999999
4910,2026-08-12 14:00:00,13182.87999999999
4911,2026-08-12 15:00:00,13044.909999999989
4912,2026-08-12 16:00:00,13170.929999999986
4913,2026-08-12 17:00:00,13127.87999999999
4914,2026-08-12 18:00:00,12814.009999999995
4915,2026-08-12 19:00:00,12779.459999999992
4916,2026-08-12 20:00:00,12682.779999999992
4917,2026-08-12 21:00:00,12803.109999999993
4918,2026-08-12 22:00:00,13082.819999999992
4919,2026-08-12 23:00:00,13559.429999999993
4920,2026-08-13 00:00:00,13637.509999999995
4921,2026-08-13 01:00:00,13586.859999999993
4922,2026-08-13 02:00:00,13565.73999999999
4923,2026-08-13 03:00:00,13481.329999999987
4924,2026-08-13 04:00:00,13446.809999999983
4925,2026-08-13 05:00:00,13267.929999999986
4926,2026-08-13 06:00:00,13398.089999999982
4927,2026-08-13 07:00:00,13360.539999999979
4928,2026-08-13 08:00:00,13312.82999999998
4929,2026-08-13 09:00:00,13389.75999999998
4930,2026-08-13 10:00:00,13288.949999999983
4931,2026-08-13 11:00:00,13382.849999999984
4932,2026-08-13 12:00:00,13479.82999999998
4933,2026-08-13 13:00:00,13526.57999999998
4934,2026-08-13 14:00:00,13342.319999999978
4935,2026-08-13 15:00:00,13277.96999999998
4936,2026-08-13 16:00:00,13201.459999999977
4937,2026-08-13 17:00:00,13300.49999999997
4938,2026-08-13 18:00:00,13316.339999999967
4939,2026-08-13 19:00:00,13447.789999999964
4940,2026-08-13 20:00:00,13614.679999999964
4941,2026-08-13 21:00:00,13401.219999999965
4942,2026-08-13 22:00:00,13374.979999999967
4943,2026-08-13 23:00:00,13510.429999999964
4944,2026-08-14 00:00:00,13949.869999999959
4945,2026-08-14 01:00:00,14209.749999999964
4946,2026-08-14 02:00:00,14225.499999999964
4947,2026-08-14 03:00:00,14391.119999999966
4948,2026-08-14 04:00:00,14489.109999999964
4949,2026-08-14 05:00:00,14481.54999999996
4950,2026-08-14 06:00:00,14423.099999999962
4951,2026-08-14 07:00:00,14479.109999999964
4952,2026-08-14 08:00:00,14439.959999999963
4953,2026-08-14 09:00:00,14389.369999999966
4954,2026-08-14 10:00:00,14354.959999999963
4955,2026-08-14 11:00:00,14465.429999999964
4956,2026-08-14 12:00:00,14310.039999999964
4957,2026-08-14 13:00:00,14247.479999999967
4958,2026-08-14 14:00:00,14240.209999999963
4959,2026-08-14 15:00:00,13834.51999999996
4960,2026-08-14 16:00:00,13887.879999999961
4961,2026-08-14 17:00:00,13907.109999999964
4962,2026-08-14 18:00:00,13759.849999999962
4963,2026-08-14 19:00:00,13781.239999999962
4964,2026-08-14 20:00:00,13726.54999999996
4965,2026-08-14 21:00:00,13853.689999999959
4966,2026-08-14 22:00:00,13779.999999999956
4967,2026-08-14 23:00:00,13827.989999999954
4968,2026-08-15 00:00:00,14198.92999999995
4969,2026-08-15 01:00:00,14341.459999999955
4970,2026-08-15 02:00:00,14461.249999999956
4971,2026-08-15 03:00:00,14377.569999999956
4972,2026-08-15 04:00:00,14415.609999999957
4973,2026-08-15 05:00:00,14355.14999999995
4974,2026-08-15 06:00:00,14334.249999999949
4975,2026-08-15 07:00:00,14292.639999999948
4976,2026-08-15 08:00:00,14449.319999999949
4977,2026-08-15 09:00:00,14425.639999999948
4978,2026-08-15 10:00:00,14400.389999999948
4979,2026-08-15 11:00:00,14489.669999999955
4980,2026-08-15 12:00:00,14406.509999999951
4981,2026-08-15 13:00:00,14335.759999999951
4982,2026-08-15 14:00:00,14302.759999999951
4983,2026-08-15 15:00:00,14328.439999999951
4984,2026-08-15 16:00:00,14367.689999999951
4985,2026-08-15 17:00:00,14507.39999999995
4986,2026-08-15 18:00:00,14412.739999999954
4987,2026-08-15 19:00:00,14428.459999999955
4988,2026-08-15 20:00:00,14452.549999999952
4989,2026-08-15 21:00:00,14424.429999999957
4990,2026-08-15 22:00:00,14434.649999999958
4991,2026-08-15 23:00:00,14454.999999999956
4992,2026-08-16 00:00:00,14394.449999999953
4993,2026-08-16 01:00:00,14398.369999999959
4994,2026-08-16 02:00:00,14372.239999999962
4995,2026-08-16 03:00:00,14359.319999999963
4996,2026-08-16 04:00:00,14290.819999999963
4997,2026-08-16 05:00:00,14268.029999999962
4998,2026-08-16 06:00:00,14323.779999999962
4999,2026-08-16 07:00:00,14347.299999999967
5000,2026-08-16 08:00:00,14396.809999999961
5001,2026-08-16 09:00:00,14396.619999999959
5002,2026-08-16 10:00:00,14395.579999999958
5003,2026-08-16 11:00:00,14358.449999999953
5004,2026-08-16 12:00:00,14350.359999999957
5005,2026-08-16 13:00:00,14310.369999999959
5006,2026-08-16 14:00:00,14330.94999999996
5007,2026-08-16 15:00:00,14331.069999999963
5008,2026-08-16 16:00:00,14339.359999999964
5009,2026-08-16 17:00:00,14327.959999999963
5010,2026-08-16 18:00:00,14248.229999999967
5011,2026-08-16 19:00:00,14264.109999999964
5012,2026-08-16 20:00:00,14259.01999999996
5013,2026-08-16 21:00:00,14267.33999999996
5014,2026-08-16 22:00:00,14229.309999999961
5015,2026-08-16 23:00:00,14272.149999999958
5016,2026-08-17 00:00:00,14228.609999999957
5017,2026-08-17 01:00:00,14114.989999999954
5018,2026-08-17 02:00:00,14215.699999999953
5019,2026-08-17 03:00:00,14234.939999999959
5020,2026-08-17 04:00:00,14266.189999999959
5021,2026-08-17 05:00:00,14225.169999999962
5022,2026-08-17 06:00:00,14086.989999999962
5023,2026-08-17 07:00:00,14071.079999999958
5024,2026-08-17 08:00:00,14084.779999999955
5025,2026-08-17 09:00:00,14067.239999999954
5026,2026-08-17 10:00:00,13868.659999999953
5027,2026-08-17 11:00:00,14155.879999999946
5028,2026-08-17 12:00:00,14181.749999999949
5029,2026-08-17 13:00:00,14284.979999999952
5030,2026-08-17 14:00:00,14297.239999999954
5031,2026-08-17 15:00:00,14149.429999999957
5032,2026-08-17 16:00:00,13995.889999999956
5033,2026-08-17 17:00:00,14129.499999999956
5034,2026-08-17 18:00:00,14072.619999999959
5035,2026-08-17 19:00:00,13704.369999999959
5036,2026-08-17 20:00:00,13765.47999999996
5037,2026-08-17 21:00:00,13841.889999999956
5038,2026-08-17 22:00:00,13724.219999999958
5039,2026-08-17 23:00:00,13954.489999999954
5040,2026-08-18 00:00:00,14251.859999999957
5041,2026-08-18 01:00:00,14167.619999999959
5042,2026-08-18 02:00:00,14377.849999999955
5043,2026-08-18 03:00:00,14480.72999999996
5044,2026-08-18 04:00:00,14361.819999999956
5045,2026-08-18 05:00:00,14444.58999999996
5046,2026-08-18 06:00:00,14455.299999999967
5047,2026-08-18 07:00:00,14364.52999999997
5048,2026-08-18 08:00:00,14123.679999999971
5049,2026-08-18 09:00:00,13975.289999999972
5050,2026-08-18 10:00:00,14158.939999999973
5051,2026-08-18 11:00:00,14062.099999999977
5052,2026-08-18 12:00:00,13980.309999999976
5053,2026-08-18 13:00:00,13954.999999999978
5054,2026-08-18 14:00:00,13922.559999999976
5055,2026-08-18 15:00:00,13847.289999999979
5056,2026-08-18 16:00:00,13728.229999999981
5057,2026-08-18 17:00:00,13631.179999999986
5058,2026-08-18 18:00:00,13507.109999999986
5059,2026-08-18 19:00:00,13476.25999999998
5060,2026-08-18 20:00:00,13624.64999999998
5061,2026-08-18 21:00:00,13745.819999999985
5062,2026-08-18 22:00:00,13735.789999999986
5063,2026-08-18 23:00:00,14229.959999999992
5064,2026-08-19 00:00:00,14370.859999999986
5065,2026-08-19 01:00:00,14355.799999999988
5066,2026-08-19 02:00:00,14185.819999999985
5067,2026-08-19 03:00:00,14083.839999999982
5068,2026-08-19 04:00:00,14212.57999999998
5069,2026-08-19 05:00:00,14273.449999999983
5070,2026-08-19 06:00:00,14295.639999999985
5071,2026-08-19 07:00:00,14325.059999999983
5072,2026-08-19 08:00:00,14233.639999999985
5073,2026-08-19 09:00:00,13996.219999999987
5074,2026-08-19 10:00:00,14083.739999999983
5075,2026-08-19 11:00:00,14035.159999999982
5076,2026-08-19 12:00:00,14013.96999999998
5077,2026-08-19 13:00:00,13999.479999999981
5078,2026-08-19 14:00:00,13919.269999999982
5079,2026-08-19 15:00:00,13815.479999999981
5080,2026-08-19 16:00:00,13771.679999999978
5081,2026-08-19 17:00:00,13653.729999999981
5082,2026-08-19 18:00:00,13666.839999999982
5083,2026-08-19 19:00:00,13637.18999999998
5084,2026-08-19 20:00:00,13696.109999999979
5085,2026-08-19 21:00:00,13329.589999999975
5086,2026-08-19 22:00:00,13459.559999999976
5087,2026-08-19 23:00:00,14370.64999999998
5088,2026-08-20 00:00:00,17001.439999999973
5089,2026-08-20 01:00:00,16912.709999999977
5090,2026-08-20 02:00:00,16644.729999999967
5091,2026-08-20 03:00:00,16843.42999999998
5092,2026-08-20 04:00:00,16809.97999999998
5093,2026-08-20 05:00:00,17428.599999999977
5094,2026-08-20 06:00:00,18089.999999999985
5095,2026-08-20 07:00:00,18540.559999999998
5096,2026-08-20 08:00:00,18464.67
5097,2026-08-20 09:00:00,18549.880000000005
5098,2026-08-20 10:00:00,18851.800000000003
5099,2026-08-20 11:00:00,18431.15000000001
5100,2026-08-20 12:00:00,18325.520000000004
5101,2026-08-20 13:00:00,18621.89
5102,2026-08-20 14:00:00,18536.42
5103,2026-08-20 15:00:00,18090.969999999987
5104,2026-08-20 16:00:00,18055.42999999998
5105,2026-08-20 17:00:00,16279.77999999997
5106,2026-08-20 18:00:00,16477.649999999965
5107,2026-08-20 19:00:00,16683.66999999997
5108,2026-08-20 20:00:00,16614.74999999997
5109,2026-08-20 21:00:00,16589.779999999984
5110,2026-08-20 22:00:00,16849.829999999973
5111,2026-08-20 23:00:00,16984.689999999973
5112,2026-08-21 00:00:00,17628.66999999997
5113,2026-08-21 01:00:00,17262.349999999977
5114,2026-08-21 02:00:00,17162.699999999983
5115,2026-08-21 03:00:00,17468.839999999982
5116,2026-08-21 04:00:00,17728.239999999976
5117,2026-08-21 05:00:00,17709.22999999998
5118,2026-08-21 06:00:00,17779.28999999998
5119,2026-08-21 07:00:00,17713.699999999983
5120,2026-08-21 08:00:00,18062.629999999976
5121,2026-08-21 09:00:00,17379.759999999966
5122,2026-08-21 10:00:00,18800.969999999958
5123,2026-08-21 11:00:00,19490.45999999995
5124,2026-08-21 12:00:00,19561.489999999947
5125,2026-08-21 13:00:00,19046.25999999995
5126,2026-08-21 14:00:00,19492.989999999947
5127,2026-08-21 15:00:00,19319.509999999937
5128,2026-08-21 16:00:00,19981.949999999924
5129,2026-08-21 17:00:00,17032.56999999992
5130,2026-08-21 18:00:00,18379.889999999912
5131,2026-08-21 19:00:00,18279.19999999991
5132,2026-08-21 20:00:00,19366.899999999907
5133,2026-08-21 21:00:00,18865.55999999991
5134,2026-08-21 22:00:00,18908.769999999902
5135,2026-08-21 23:00:00,19026.5799999999
5136,2026-08-22 00:00:00,18863.879999999903
5137,2026-08-22 01:00:00,19127.9099999999
5138,2026-08-22 02:00:00,19034.5799999999
5139,2026-08-22 03:00:00,18787.899999999907
5140,2026-08-22 04:00:00,18904.959999999905
5141,2026-08-22 05:00:00,19396.209999999905
5142,2026-08-22 06:00:00,20381.169999999896
5143,2026-08-22 07:00:00,20426.17999999989
5144,2026-08-22 08:00:00,20304.06999999989
5145,2026-08-22 09:00:00,19919.339999999895
5146,2026-08-22 10:00:00,19796.049999999886
5147,2026-08-22 11:00:00,19156.05999999988
5148,2026-08-22 12:00:00,19215.079999999885
5149,2026-08-22 13:00:00,19274.09999999989
5150,2026-08-22 14:00:00,18184.84999999989
5151,2026-08-22 15:00:00,18290.189999999886
5152,2026-08-22 16:00:00,18487.09999999989
5153,2026-08-22 17:00:00,18565.72999999988
5154,2026-08-22 18:00:00,18417.169999999882
5155,2026-08-22 19:00:00,18331.179999999877
5156,2026-08-22 20:00:00,18485.19999999988
5157,2026-08-22 21:00:00,18314.94999999988
5158,2026-08-22 22:00:00,18326.59999999989
5159,2026-08-22 23:00:00,18611.59999999989
5160,2026-08-23 00:00:00,18636.389999999883
5161,2026-08-23 01:00:00,18327.20999999989
5162,2026-08-23 02:00:00,18317.20999999989
5163,2026-08-23 03:00:00,18297.059999999896
5164,2026-08-23 04:00:00,18457.449999999895
5165,2026-08-23 05:00:00,18564.009999999893
5166,2026-08-23 06:00:00,18108.329999999885
5167,2026-08-23 07:00:00,18250.079999999885
5168,2026-08-23 08:00:00,18172.909999999887
5169,2026-08-23 09:00:00,18400.62999999989
5170,2026-08-23 10:00:00,18512.98999999989
5171,2026-08-23 11:00:00,18623.819999999876
5172,2026-08-23 12:00:00,18472.229999999865
5173,2026-08-23 13:00:00,18146.35999999987
5174,2026-08-23 14:00:00,17597.729999999865
5175,2026-08-23 15:00:00,17641.309999999867
5176,2026-08-23 16:00:00,17731.12999999986
5177,2026-08-23 17:00:00,18210.48999999986
5178,2026-08-23 18:00:00,18146.99999999987
5179,2026-08-23 19:00:00,18387.36999999988
5180,2026-08-23 20:00:00,18908.039999999877
5181,2026-08-23 21:00:00,19013.05999999988
5182,2026-08-23 22:00:00,18731.439999999886
5183,2026-08-23 23:00:00,19033.05999999988
5184,2026-08-24 00:00:00,19003.189999999886
5185,2026-08-24 01:00:00,18729.439999999886
5186,2026-08-24 02:00:00,18475.969999999885
5187,2026-08-24 03:00:00,18641.539999999877
5188,2026-08-24 04:00:00,18637.50999999988
5189,2026-08-24 05:00:00,18581.919999999867
5190,2026-08-24 06:00:00,19013.549999999857
5191,2026-08-24 07:00:00,18779.199999999866
5192,2026-08-24 08:00:00,18644.07999999987
5193,2026-08-24 09:00:00,18698.57999999987
5194,2026-08-24 10:00:00,17941.179999999877
5195,2026-08-24 11:00:00,17384.58999999988
5196,2026-08-24 12:00:00,16838.919999999882
5197,2026-08-24 13:00:00,16874.499999999884
5198,2026-08-24 14:00:00,16622.53999999989
5199,2026-08-24 15:00:00,16937.4699999999
5200,2026-08-24 16:00:00,16780.28999999989
5201,2026-08-24 17:00:00,17045.969999999885
5202,2026-08-24 18:00:00,16533.359999999884
5203,2026-08-24 19:00:00,16596.499999999884
5204,2026-08-24 20:00:00,17422.929999999877
5205,2026-08-24 21:00:00,18139.269999999888
5206,2026-08-24 22:00:00,17577.269999999888
5207,2026-08-24 23:00:00,16664.339999999895
5208,2026-08-25 00:00:00,17075.249999999898
5209,2026-08-25 01:00:00,17022.83999999991
5210,2026-08-25 02:00:00,16736.379999999903
5211,2026-08-25 03:00:00,16569.169999999896
5212,2026-08-25 04:00:00,16398.81999999989
5213,2026-08-25 05:00:00,16224.489999999889
5214,2026-08-25 06:00:00,16172.589999999895
5215,2026-08-25 07:00:00,16416.81999999989
5216,2026-08-25 08:00:00,16164.06999999989
5217,2026-08-25 09:00:00,16911.309999999896
5218,2026-08-25 10:00:00,16823.2999999999
5219,2026-08-25 11:00:00,17644.929999999906
5220,2026-08-25 12:00:00,17806.549999999916
5221,2026-08-25 13:00:00,17930.829999999914
5222,2026-08-25 14:00:00,18298.999999999913
5223,2026-08-25 15:00:00,18141.189999999915
5224,2026-08-25 16:00:00,19009.489999999918
5225,2026-08-25 17:00:00,19234.46999999993
5226,2026-08-25 18:00:00,19978.039999999935
5227,2026-08-25 19:00:00,19855.609999999928
5228,2026-08-25 20:00:00,19663.96999999993
5229,2026-08-25 21:00:00,19801.959999999934
5230,2026-08-25 22:00:00,19469.94999999994
5231,2026-08-25 23:00:00,20057.94999999994
5232,2026-08-26 00:00:00,20323.96999999993
5233,2026-08-26 01:00:00,20669.95999999992
5234,2026-08-26 02:00:00,20585.96999999993
5235,2026-08-26 03:00:00,20473.959999999934
5236,2026-08-26 04:00:00,20676.009999999937
5237,2026-08-26 05:00:00,19956.189999999944
5238,2026-08-26 06:00:00,20320.05999999994
5239,2026-08-26 07:00:00,20639.569999999934
5240,2026-08-26 08:00:00,20989.93999999993
5241,2026-08-26 09:00:00,20897.289999999935
5242,2026-08-26 10:00:00,21080.629999999946
5243,2026-08-26 11:00:00,20787.75999999995
5244,2026-08-26 12:00:00,20807.139999999956
5245,2026-08-26 13:00:00,21069.75999999995
5246,2026-08-26 14:00:00,21329.739999999947
5247,2026-08-26 15:00:00,21467.799999999945
5248,2026-08-26 16:00:00,21445.439999999944
5249,2026-08-26 17:00:00,21663.409999999945
5250,2026-08-26 18:00:00,21400.309999999954
5251,2026-08-26 19:00:00,21683.269999999946
5252,2026-08-26 20:00:00,21923.45999999995
5253,2026-08-26 21:00:00,22091.129999999946
5254,2026-08-26 22:00:00,22220.199999999953
5255,2026-08-26 23:00:00,21562.019999999946
5256,2026-08-27 00:00:00,21340.849999999948
5257,2026-08-27 01:00:00,21361.19999999994
5258,2026-08-27 02:00:00,21812.729999999938
5259,2026-08-27 03:00:00,21842.30999999994
5260,2026-08-27 04:00:00,21839.229999999938
5261,2026-08-27 05:00:00,21862.67999999995
5262,2026-08-27 06:00:00,21590.70999999995
5263,2026-08-27 07:00:00,21566.699999999953
5264,2026-08-27 08:00:00,21890.449999999953
5265,2026-08-27 09:00:00,22224.18999999996
5266,2026-08-27 10:00:00,22015.529999999955
5267,2026-08-27 11:00:00,21834.61999999995
5268,2026-08-27 12:00:00,21947.53999999995
5269,2026-08-27 13:00:00,21900.849999999962
5270,2026-08-27 14:00:00,22029.40999999996
5271,2026-08-27 15:00:00,22124.469999999958
5272,2026-08-27 16:00:00,22389.14999999995
5273,2026-08-27 17:00:00,23062.969999999958
5274,2026-08-27 18:00:00,23292.979999999952
5275,2026-08-27 19:00:00,22932.979999999952
5276,2026-08-27 20:00:00,22784.64999999995
5277,2026-08-27 21:00:00,22589.28999999995
5278,2026-08-27 22:00:00,22338.449999999953
5279,2026-08-27 23:00:00,23009.349999999962
5280,2026-08-28 00:00:00,22911.079999999958
5281,2026-08-28 01:00:00,22982.75999999995
5282,2026-08-28 02:00:00,23051.219999999958
5283,2026-08-28 03:00:00,22759.449999999953
5284,2026-08-28 04:00:00,22999.949999999953
5285,2026-08-28 05:00:00,22814.139999999956
5286,2026-08-28 06:00:00,22902.139999999956
5287,2026-08-28 07:00:00,22782.92999999995
5288,2026-08-28 08:00:00,22729.299999999945
5289,2026-08-28 09:00:00,22402.879999999946
5290,2026-08-28 10:00:00,22327.25999999995
5291,2026-08-28 11:00:00,22901.529999999955
5292,2026-08-28 12:00:00,22785.90999999996
5293,2026-08-28 13:00:00,22952.589999999967
5294,2026-08-28 14:00:00,22910.399999999965
5295,2026-08-28 15:00:00,23128.60999999997
5296,2026-08-28 16:00:00,22884.399999999965
5297,2026-08-28 17:00:00,22741.179999999964
5298,2026-08-28 18:00:00,22509.589999999967
5299,2026-08-28 19:00:00,22228.88999999997
5300,2026-08-28 20:00:00,22267.129999999976
5301,2026-08-28 21:00:00,22450.209999999977
5302,2026-08-28 22:00:00,22359.909999999974
5303,2026-08-28 23:00:00,22571.599999999977
5304,2026-08-29 00:00:00,21360.28999999998
5305,2026-08-29 01:00:00,21902.959999999977
5306,2026-08-29 02:00:00,22018.49999999997
5307,2026-08-29 03:00:00,21668.49999999997
5308,2026-08-29 04:00:00,21694.52999999997
5309,2026-08-29 05:00:00,21521.839999999967
5310,2026-08-29 06:00:00,21478.49999999997
5311,2026-08-29 07:00:00,21083.80999999997
5312,2026-08-29 08:00:00,20996.629999999976
5313,2026-08-29 09:00:00,20884.389999999985
5314,2026-08-29 10:00:00,20944.86999999998
5315,2026-08-29 11:00:00,20821.939999999973
5316,2026-08-29 12:00:00,20657.92999999998
5317,2026-08-29 13:00:00,20516.189999999973
5318,2026-08-29 14:00:00,20532.569999999978
5319,2026-08-29 15:00:00,20366.859999999986
5320,2026-08-29 16:00:00,20207.67
5321,2026-08-29 17:00:00,20199.689999999988
5322,2026-08-29 18:00:00,20183.649999999994
5323,2026-08-29 19:00:00,20168.789999999994
5324,2026-08-29 20:00:00,20219.289999999994
5325,2026-08-29 21:00:00,20220.219999999987
5326,2026-08-29 22:00:00,20099.639999999985
5327,2026-08-29 23:00:00,19789.589999999997
5328,2026-08-30 00:00:00,19640.58
5329,2026-08-30 01:00:00,19478.770000000004
5330,2026-08-30 02:00:00,19551.600000000006
5331,2026-08-30 03:00:00,19493.59000000001
5332,2026-08-30 04:00:00,19517.580000000016
5333,2026-08-30 05:00:00,19465.500000000015
5334,2026-08-30 06:00:00,19497.21000000002
5335,2026-08-30 07:00:00,19430.50000000003
5336,2026-08-30 08:00:00,19432.160000000033
5337,2026-08-30 09:00:00,19482.300000000032
5338,2026-08-30 10:00:00,19383.94000000003
5339,2026-08-30 11:00:00,19408.450000000026
5340,2026-08-30 12:00:00,19369.780000000028
5341,2026-08-30 13:00:00,19404.71000000002
5342,2026-08-30 14:00:00,19422.670000000027
5343,2026-08-30 15:00:00,19270.040000000037
5344,2026-08-30 16:00:00,19107.70000000004
5345,2026-08-30 17:00:00,19151.690000000046
5346,2026-08-30 18:00:00,19225.690000000046
5347,2026-08-30 19:00:00,19163.690000000046
