,date,open,high,low,close,volume
0,2025-01-19 16:00:00,102795.2,109908.4,100200.0,105804.7,670.185
1,2025-01-19 20:00:00,105804.7,108332.9,96163.3,96889.4,925.843
2,2025-01-20 00:00:00,96889.4,103000.0,96666.0,99822.5,271.998
3,2025-01-20 04:00:00,100374.8,108339.9,96764.0,105500.0,763.407
4,2025-01-20 08:00:00,104880.1,108340.0,103136.7,107107.5,1417.45
5,2025-01-20 12:00:00,107107.5,109688.0,100532.2,106002.7,1577.099
6,2025-01-20 16:00:00,106160.0,107343.0,100000.0,103342.4,810.961
7,2025-01-20 20:00:00,102760.0,103342.5,101101.0,102695.2,423.492
8,2025-01-21 00:00:00,102715.4,103342.5,98200.0,102126.5,326.641
9,2025-01-21 04:00:00,102484.8,103300.0,97250.0,101500.0,328.481
10,2025-01-21 08:00:00,101500.0,103299.9,97200.0,101500.0,691.484
11,2025-01-21 12:00:00,101500.0,104000.0,100000.0,102999.8,690.477
12,2025-01-21 16:00:00,102999.8,104000.0,100000.0,102557.8,592.339
13,2025-01-21 20:00:00,102547.9,103999.9,100353.7,103037.7,301.134
14,2025-01-22 00:00:00,103040.9,103900.0,102650.0,103242.5,258.179
15,2025-01-22 04:00:00,103242.5,103999.8,102650.0,103858.7,499.314
16,2025-01-22 08:00:00,103858.7,103999.8,103310.0,103668.9,400.069
17,2025-01-22 12:00:00,103679.0,103999.8,96885.9,103086.5,921.04
18,2025-01-22 16:00:00,103199.9,103200.0,97000.0,102409.9,928.431
19,2025-01-22 20:00:00,102297.7,103200.0,99348.0,100499.9,376.796
20,2025-01-23 00:00:00,100050.4,103190.0,99028.8,101009.9,328.501
21,2025-01-23 04:00:00,101009.9,103008.0,99532.0,101000.0,458.557
22,2025-01-23 08:00:00,101000.0,104000.0,99028.8,100863.8,2443.418
23,2025-01-23 12:00:00,100863.8,103980.0,98400.0,102330.0,976.28
24,2025-01-23 16:00:00,102330.1,107839.1,100999.9,103071.2,1060.955
25,2025-01-23 20:00:00,103071.2,104990.0,102401.0,103433.4,508.879
26,2025-01-24 00:00:00,103000.1,104899.6,102390.0,102390.0,516.755
27,2025-01-24 04:00:00,102900.0,104990.0,101900.0,103440.0,457.918
28,2025-01-24 08:00:00,103326.0,107859.9,101900.0,105214.9,688.405
29,2025-01-24 12:00:00,105000.0,106537.4,103081.0,105200.8,717.268
30,2025-01-24 16:00:00,105200.8,107721.7,103100.0,106192.8,725.452
31,2025-01-24 20:00:00,106192.8,107721.6,103000.1,104500.0,396.828
32,2025-01-25 00:00:00,104376.1,107721.7,103200.0,105000.0,307.535
33,2025-01-25 04:00:00,105000.0,107499.6,103000.5,106012.6,442.732
34,2025-01-25 08:00:00,106248.8,107490.0,103200.0,104500.0,555.639
35,2025-01-25 12:00:00,104120.0,106998.9,101310.3,104072.6,778.985
36,2025-01-25 16:00:00,104500.0,105710.8,102500.0,104119.9,527.595
37,2025-01-25 20:00:00,104119.9,105932.0,101500.0,102830.8,399.8
38,2025-01-26 00:00:00,102830.8,106458.9,101382.4,102970.8,348.063
39,2025-01-26 04:00:00,103493.5,106373.2,101382.4,103551.3,370.432
40,2025-01-26 08:00:00,103334.2,106370.0,101882.5,105497.6,787.138
41,2025-01-26 12:00:00,105522.1,106250.0,102700.0,104600.1,500.564
42,2025-01-26 16:00:00,104600.1,106200.0,104061.7,105800.0,554.733
43,2025-01-26 20:00:00,105799.9,106190.0,102540.0,105469.1,412.003
44,2025-01-27 00:00:00,105571.6,106000.0,102540.0,104698.9,262.987
45,2025-01-27 04:00:00,104600.1,104699.0,98500.0,98899.6,1301.324
46,2025-01-27 08:00:00,98849.3,100500.0,98700.0,99760.0,460.688
47,2025-01-27 12:00:00,99938.2,100500.0,99000.0,100000.0,921.801
48,2025-01-27 16:00:00,100499.9,100500.0,99000.1,99200.1,606.11
49,2025-01-27 20:00:00,100064.2,104500.0,99273.0,101499.9,720.251
50,2025-01-28 00:00:00,101242.2,103903.0,99500.5,102200.0,635.83
51,2025-01-28 04:00:00,102080.1,103903.0,99564.0,101922.1,664.344
52,2025-01-28 08:00:00,101738.5,104399.9,99600.0,101526.9,383.785
53,2025-01-28 12:00:00,101844.0,104389.8,100500.0,103369.6,722.486
54,2025-01-28 16:00:00,103369.6,104380.0,100600.0,103943.1,766.123
55,2025-01-28 20:00:00,103943.1,104040.7,100064.3,101324.3,454.068
56,2025-01-29 00:00:00,101324.3,104370.0,100910.0,103000.0,218.455
57,2025-01-29 04:00:00,102967.6,104200.0,100980.0,102698.8,330.248
58,2025-01-29 08:00:00,102676.7,103567.8,99000.1,102547.7,686.397
59,2025-01-29 12:00:00,102554.0,103950.0,100040.1,103010.0,480.441
60,2025-01-29 16:00:00,102588.1,104400.0,100000.3,102574.0,847.568
61,2025-01-29 20:00:00,102600.0,104400.0,100145.5,103657.4,406.317
62,2025-01-30 00:00:00,103668.8,107000.0,100083.9,104318.8,957.641
63,2025-01-30 04:00:00,103845.1,106840.0,100719.2,105005.1,613.503
64,2025-01-30 08:00:00,104400.0,105499.9,102350.0,104790.1,390.052
65,2025-01-30 12:00:00,104790.1,106820.6,103500.0,106472.8,796.764
66,2025-01-30 16:00:00,106472.8,106799.9,104400.2,105638.2,996.092
67,2025-01-30 20:00:00,105321.8,106099.6,101000.1,103800.0,440.125
68,2025-01-31 00:00:00,103750.1,105699.8,102222.4,104907.3,227.698
69,2025-01-31 04:00:00,104460.0,106099.5,103098.1,105509.0,452.214
70,2025-01-31 08:00:00,105530.2,105963.4,103286.4,104913.3,307.949
71,2025-01-31 12:00:00,104912.8,106350.0,104000.0,105141.3,477.743
72,2025-01-31 16:00:00,105499.8,106000.0,102222.0,103275.3,727.375
73,2025-01-31 20:00:00,103275.3,104111.0,102300.0,103991.9,338.99
74,2025-02-01 00:00:00,103991.9,103992.0,102319.1,103082.3,225.919
75,2025-02-01 04:00:00,102980.6,103995.1,102365.9,103995.0,253.654
76,2025-02-01 08:00:00,103976.4,103997.7,102335.5,103126.0,429.59
77,2025-02-01 12:00:00,103063.3,103949.8,102400.0,103400.0,496.474
78,2025-02-01 16:00:00,103898.9,103997.7,102335.5,102774.6,488.547
79,2025-02-01 20:00:00,103000.0,103900.0,100500.2,101933.0,1744.147
80,2025-02-02 00:00:00,102000.0,102900.0,101179.8,101749.4,202.63
81,2025-02-02 04:00:00,101749.4,102900.0,99520.1,101606.6,693.969
82,2025-02-02 08:00:00,101683.4,103200.0,100000.1,100391.5,485.167
83,2025-02-02 12:00:00,100090.0,103000.0,98710.2,100916.2,1386.297
84,2025-02-02 16:00:00,100936.4,102947.0,99511.1,101217.9,670.179
85,2025-02-02 20:00:00,100874.5,102600.0,98040.1,99139.8,1224.704
86,2025-02-03 00:00:00,99139.8,101800.0,92100.1,97200.0,2930.806
87,2025-02-03 04:00:00,97199.9,98999.8,92040.5,98850.0,449.95
88,2025-02-03 08:00:00,98849.9,98999.8,97382.8,98821.8,450.669
89,2025-02-03 12:00:00,98989.8,107721.6,95500.1,102389.8,1009.014
90,2025-02-03 16:00:00,102389.8,107721.0,92500.1,102398.8,1193.44
91,2025-02-03 20:00:00,102224.7,102900.0,100090.2,101379.0,579.553
92,2025-02-04 00:00:00,101595.4,102211.1,99500.1,100615.3,427.891
93,2025-02-04 04:00:00,100615.3,102090.0,98170.1,100970.0,979.888
94,2025-02-04 08:00:00,100940.4,102211.1,98210.1,101295.8,643.151
95,2025-02-04 12:00:00,101159.5,102222.0,98253.1,99820.1,792.376
96,2025-02-04 16:00:00,100663.6,106999.9,99556.0,100476.6,994.848
97,2025-02-04 20:00:00,100400.1,102583.0,99559.9,100978.7,380.13
98,2025-02-05 00:00:00,101059.9,102651.3,99000.2,100510.9,358.116
99,2025-02-05 04:00:00,100380.0,101800.0,99000.2,101331.5,358.51
100,2025-02-05 08:00:00,101159.5,104600.0,99205.6,100000.0,360.29
101,2025-02-05 12:00:00,100256.4,104301.9,99000.9,101660.6,743.14
102,2025-02-05 16:00:00,101500.0,104301.9,98000.1,99200.1,1198.152
103,2025-02-05 20:00:00,99668.8,100500.0,98100.1,100499.8,388.231
104,2025-02-06 00:00:00,100499.8,102199.9,98127.1,99700.0,385.433
105,2025-02-06 04:00:00,99700.0,102290.0,99200.0,102166.4,233.285
106,2025-02-06 08:00:00,102166.4,102800.0,98800.1,102397.4,384.84
107,2025-02-06 12:00:00,102397.5,104500.0,96705.3,99106.7,1087.961
108,2025-02-06 16:00:00,99106.7,102571.2,95500.2,99193.6,1120.816
109,2025-02-06 20:00:00,99193.6,99998.0,97063.1,98200.0,435.3
110,2025-02-07 00:00:00,98231.5,99997.8,97769.1,99997.8,194.006
111,2025-02-07 04:00:00,99997.7,100000.0,97551.7,99399.8,586.779
112,2025-02-07 08:00:00,99399.9,99998.9,97600.0,98680.0,555.195
113,2025-02-07 12:00:00,99000.0,100637.8,98500.3,100100.0,598.608
114,2025-02-07 16:00:00,100238.7,101579.0,99300.0,100386.1,644.535
115,2025-02-07 20:00:00,100386.1,101545.9,95500.0,97515.1,946.96
116,2025-02-08 00:00:00,97022.5,99900.0,95000.0,98091.9,493.708
117,2025-02-08 04:00:00,98340.0,99800.0,97700.1,99214.1,362.282
118,2025-02-08 08:00:00,99289.6,99980.0,97800.0,99246.4,422.643
119,2025-02-08 12:00:00,98522.5,99998.9,97700.1,99076.4,752.2
120,2025-02-08 16:00:00,99076.4,99507.1,97907.3,98899.9,726.158
121,2025-02-08 20:00:00,98899.9,99390.0,97258.1,99389.9,532.023
122,2025-02-09 00:00:00,99389.9,99490.0,98002.3,99333.3,405.159
123,2025-02-09 04:00:00,99333.4,99499.0,98002.4,99412.7,272.503
124,2025-02-09 08:00:00,99498.9,99499.9,97258.0,99379.9,768.333
125,2025-02-09 12:00:00,99352.9,99450.0,97800.0,98328.5,495.791
126,2025-02-09 16:00:00,98414.2,99372.2,98158.7,98880.7,1034.152
127,2025-02-09 20:00:00,98794.3,99390.0,98160.0,99158.2,472.787
128,2025-02-10 00:00:00,99158.2,99400.0,98164.5,99399.8,158.841
129,2025-02-10 04:00:00,99399.8,99499.9,98164.5,99450.4,397.778
130,2025-02-10 08:00:00,99387.7,107384.2,94500.0,100387.4,3284.094
131,2025-02-10 12:00:00,100387.4,119252.0,92030.0,102325.7,3679.339
132,2025-02-10 16:00:00,102110.4,105000.0,97900.1,102095.4,779.465
133,2025-02-10 20:00:00,102300.0,104500.0,100300.0,102312.0,318.804
134,2025-02-11 00:00:00,102080.0,102993.0,100300.1,100684.0,223.558
135,2025-02-11 04:00:00,100684.0,102995.0,97900.0,101796.0,683.216
136,2025-02-11 08:00:00,101796.0,102465.0,97900.0,101800.0,431.721
137,2025-02-11 12:00:00,101799.9,101900.0,97905.1,99420.6,698.142
138,2025-02-11 16:00:00,99222.2,101300.0,97900.0,98600.0,518.098
139,2025-02-11 20:00:00,98802.0,100001.6,97900.0,99000.0,412.106
140,2025-02-12 00:00:00,99000.0,100199.8,96400.1,98000.0,720.555
141,2025-02-12 04:00:00,98067.0,100000.0,97299.9,99000.0,274.165
142,2025-02-12 08:00:00,99009.7,99850.0,97751.0,98737.5,415.625
143,2025-02-12 12:00:00,98737.5,101000.0,96666.6,98992.5,815.634
144,2025-02-12 16:00:00,98913.3,100394.0,97000.0,98737.5,629.406
145,2025-02-12 20:00:00,98769.9,100000.0,97598.9,99829.6,549.62
146,2025-02-13 00:00:00,99619.0,100900.0,97900.0,99428.4,381.654
147,2025-02-13 04:00:00,99229.2,101000.0,97200.2,100113.5,583.462
148,2025-02-13 08:00:00,100113.5,100999.9,96443.8,98743.0,1053.731
149,2025-02-13 12:00:00,98251.8,99900.0,97100.0,97500.0,475.841
150,2025-02-13 16:00:00,97700.0,100900.0,97061.9,97579.5,979.523
151,2025-02-13 20:00:00,97579.5,100699.9,97000.4,98493.7,507.785
152,2025-02-14 00:00:00,98493.7,100400.1,97493.8,98065.9,219.578
153,2025-02-14 04:00:00,98065.9,100400.1,97494.1,99288.9,363.26
154,2025-02-14 08:00:00,99288.9,99488.7,97599.9,98877.1,388.899
155,2025-02-14 12:00:00,98877.1,99488.7,97599.9,99104.1,611.276
156,2025-02-14 16:00:00,99104.1,99488.7,96780.2,97844.2,761.988
157,2025-02-14 20:00:00,97855.3,98393.0,96443.8,97441.6,465.414
158,2025-02-15 00:00:00,97441.6,98150.0,96786.0,97449.6,173.457
159,2025-02-15 04:00:00,97504.1,98336.0,96499.9,97174.4,380.415
160,2025-02-15 08:00:00,97174.4,98336.0,97000.1,97603.0,388.88
161,2025-02-15 12:00:00,97564.5,99037.0,97000.1,98666.0,601.485
162,2025-02-15 16:00:00,98756.0,99100.0,96443.9,99000.0,613.541
163,2025-02-15 20:00:00,98756.0,99069.8,97493.2,98163.5,376.812
164,2025-02-16 00:00:00,98361.0,99000.0,97579.4,98134.1,218.673
165,2025-02-16 04:00:00,98163.5,99000.0,96500.0,99000.0,507.63
166,2025-02-16 08:00:00,98442.0,99000.0,96599.9,98050.0,635.737
167,2025-02-16 12:00:00,98050.0,98900.1,97000.0,98200.0,775.194
168,2025-02-16 16:00:00,98222.5,98420.0,97270.0,98195.0,656.34
169,2025-02-16 20:00:00,98121.5,98499.9,97499.9,98230.3,361.934
170,2025-02-17 00:00:00,98230.3,98659.9,96443.8,96960.6,962.203
171,2025-02-17 04:00:00,96960.6,98323.0,96443.9,97344.3,448.3
172,2025-02-17 08:00:00,97344.3,98600.1,96443.8,96748.2,588.638
173,2025-02-17 12:00:00,96750.0,98222.8,96499.9,97250.0,500.598
174,2025-02-17 16:00:00,97396.7,98100.1,96443.8,97191.6,668.475
175,2025-02-17 20:00:00,97191.6,97306.4,96443.8,96873.4,262.004
176,2025-02-18 00:00:00,97000.0,97250.0,92035.0,96459.2,2481.808
177,2025-02-18 04:00:00,96459.2,96999.8,93894.0,96123.1,343.827
178,2025-02-18 08:00:00,96418.7,96999.8,92088.0,95604.1,902.782
179,2025-02-18 12:00:00,95604.1,97306.4,93000.0,95808.0,1394.245
180,2025-02-18 16:00:00,95708.6,96210.5,93543.8,95213.5,1076.9
181,2025-02-18 20:00:00,95040.0,96400.0,94126.3,96288.0,510.849
182,2025-02-19 00:00:00,96224.0,96400.0,95435.9,95977.5,324.38
183,2025-02-19 04:00:00,95977.5,96480.0,95574.3,96377.1,426.55
184,2025-02-19 08:00:00,96377.1,96499.9,96000.0,96263.0,556.722
185,2025-02-19 12:00:00,96264.0,98300.0,95900.0,96960.0,1260.124
186,2025-02-19 16:00:00,96842.0,97800.0,95977.5,96780.9,903.568
187,2025-02-19 20:00:00,96803.2,98196.4,94938.4,96447.2,1090.505
188,2025-02-20 00:00:00,96447.2,97170.3,95434.1,95903.8,407.068
189,2025-02-20 04:00:00,95890.1,98289.1,95583.8,97080.0,1071.472
190,2025-02-20 08:00:00,97099.5,98185.0,96500.0,97950.0,594.512
191,2025-02-20 12:00:00,97959.8,99100.0,95583.9,96003.3,1600.47
192,2025-02-20 16:00:00,96003.3,99299.6,95583.8,98100.0,1190.487
193,2025-02-20 20:00:00,98295.3,98507.0,97332.5,98339.0,700.472
194,2025-02-21 00:00:00,98339.0,98534.4,97904.0,98025.6,353.464
195,2025-02-21 04:00:00,98027.6,98500.0,97217.2,98119.3,405.942
196,2025-02-21 08:00:00,98120.1,98500.0,97680.0,98294.0,844.002
197,2025-02-21 12:00:00,98288.5,102000.0,97166.8,99175.2,1614.919
198,2025-02-21 16:00:00,99176.1,102222.0,95800.1,97862.8,2494.1
199,2025-02-21 20:00:00,97867.0,98599.9,95600.0,97887.5,676.63
200,2025-02-22 00:00:00,97769.9,98150.0,96600.0,97515.1,451.264
201,2025-02-22 04:00:00,97521.4,98149.9,96500.0,96585.9,594.678
202,2025-02-22 08:00:00,96585.9,98300.0,96500.0,97652.3,753.747
203,2025-02-22 12:00:00,97750.3,98075.4,96500.0,96800.0,659.924
204,2025-02-22 16:00:00,96804.5,98000.0,96599.9,97300.1,688.876
205,2025-02-22 20:00:00,97297.2,98000.0,96500.0,97890.0,498.366
206,2025-02-23 00:00:00,97888.3,97892.8,96680.0,97800.0,360.936
207,2025-02-23 04:00:00,97798.3,97890.9,96909.9,97205.2,326.939
208,2025-02-23 08:00:00,97105.5,98000.0,96680.0,97789.6,484.134
209,2025-02-23 12:00:00,97691.5,97900.1,97020.0,97573.9,589.839
210,2025-02-23 16:00:00,97515.1,97887.0,95583.9,96969.1,888.238
211,2025-02-23 20:00:00,97014.4,97509.9,95593.7,97209.6,417.499
212,2025-02-24 00:00:00,97144.5,97405.3,96077.9,97012.5,253.026
213,2025-02-24 04:00:00,97110.0,97509.9,95900.1,97102.8,425.797
214,2025-02-24 08:00:00,97102.8,97509.9,95601.2,95601.3,950.072
215,2025-02-24 12:00:00,95601.3,97524.0,95601.2,96513.8,2116.851
216,2025-02-24 16:00:00,96514.5,96819.2,94000.0,95806.0,2337.782
217,2025-02-24 20:00:00,95806.0,95809.2,91608.0,94717.0,1524.871
218,2025-02-25 00:00:00,94638.5,95261.4,91524.0,93471.4,1706.498
219,2025-02-25 04:00:00,93473.2,93900.0,90652.9,93400.0,1346.752
220,2025-02-25 08:00:00,93400.0,95000.0,89520.0,90192.7,4858.441
221,2025-02-25 12:00:00,90192.7,91999.0,86300.0,89918.0,3908.046
222,2025-02-25 16:00:00,89900.0,90000.0,89164.0,89817.6,873.295
223,2025-02-25 20:00:00,89718.3,91985.0,89000.1,89864.2,823.715
224,2025-02-26 00:00:00,89640.9,91700.0,89000.0,91600.0,756.25
225,2025-02-26 04:00:00,91273.0,91600.0,89526.9,91118.1,644.956
226,2025-02-26 08:00:00,91182.0,91400.0,89800.0,91091.0,804.989
227,2025-02-26 12:00:00,90727.0,91200.0,89500.1,89603.2,1459.361
228,2025-02-26 16:00:00,89603.2,91000.0,86300.0,88928.6,3047.089
229,2025-02-26 20:00:00,88750.7,89700.0,87000.0,87000.4,491.167
230,2025-02-27 00:00:00,87100.0,89630.0,86900.0,88000.1,580.371
231,2025-02-27 04:00:00,88029.4,89630.0,88000.0,89630.0,1092.68
232,2025-02-27 08:00:00,89181.7,89630.0,88000.0,88676.7,871.349
233,2025-02-27 12:00:00,88676.7,89664.5,88000.1,88714.0,899.753
234,2025-02-27 16:00:00,88714.0,89999.8,88000.2,88600.5,593.107
235,2025-02-27 20:00:00,88572.8,89999.7,88000.2,88536.0,413.518
236,2025-02-28 00:00:00,88491.2,89699.9,85000.0,86067.5,6665.85
237,2025-02-28 04:00:00,86067.5,86577.4,82000.0,82010.0,6594.317
238,2025-02-28 08:00:00,82006.0,83700.0,79561.8,80268.5,55587.657
239,2025-02-28 12:00:00,80152.4,83993.6,80042.0,83952.4,1431431.093
240,2025-02-28 16:00:00,83849.0,84192.2,83550.1,84071.0,6212977.249
241,2025-02-28 20:00:00,84077.8,84193.5,84057.1,84057.2,20508.169
242,2025-03-01 00:00:00,84057.2,84194.6,84057.1,84194.5,6890.006
243,2025-03-01 04:00:00,84194.6,84194.6,84057.1,84092.6,811.936
244,2025-03-01 08:00:00,84092.6,84194.7,84057.1,84085.2,616.816
245,2025-03-01 12:00:00,84085.4,84195.1,84055.9,84195.1,3797.998
246,2025-03-01 16:00:00,84194.3,84195.1,84055.9,84175.4,456.317
247,2025-03-01 20:00:00,84175.5,84195.2,84055.9,84184.1,1299.521
248,2025-03-02 00:00:00,84191.8,84195.2,84055.9,84126.1,514.076
249,2025-03-02 04:00:00,84147.1,84195.4,84061.6,84101.1,1622.877
250,2025-03-02 08:00:00,84101.3,84195.5,84092.0,84149.6,952.877
251,2025-03-02 12:00:00,84155.5,84195.4,84092.0,84195.4,1927.128
252,2025-03-02 16:00:00,84195.4,84195.7,84092.0,84115.8,2487.69
253,2025-03-02 20:00:00,84166.5,84195.7,84092.2,84156.3,870.346
254,2025-03-03 00:00:00,84168.5,84196.6,84055.9,84095.2,7205.39
255,2025-03-03 04:00:00,84134.0,84196.6,84055.9,84181.4,489.202
256,2025-03-03 08:00:00,84178.5,92722.2,81050.0,92657.5,6645146.594
257,2025-03-03 12:00:00,92632.1,122080.3,79413.6,90070.0,2474107.893
258,2025-03-03 16:00:00,90000.0,91024.1,85397.2,85397.2,1208940.111
259,2025-03-03 20:00:00,85397.2,86985.8,84875.9,85800.0,1195606.263
260,2025-03-04 00:00:00,85800.0,86732.3,82520.7,83867.8,1223608.409
261,2025-03-04 04:00:00,84079.2,84460.7,82759.4,82759.4,1198750.62
262,2025-03-04 08:00:00,82759.4,84342.8,82731.2,83660.3,1191160.378
263,2025-03-04 12:00:00,83660.3,84772.6,81457.3,82850.0,1199850.483
264,2025-03-04 16:00:00,82580.7,88497.5,81905.2,88319.7,1211216.921
265,2025-03-04 20:00:00,88319.7,88890.9,86272.6,86843.9,1204755.331
266,2025-03-05 00:00:00,87348.0,87931.8,86069.5,86691.2,1196512.698
267,2025-03-05 04:00:00,86908.4,87779.2,86406.1,87228.7,1209057.115
268,2025-03-05 08:00:00,87252.3,90603.2,87199.9,89800.0,1185836.728
269,2025-03-05 12:00:00,89477.8,90868.7,87894.2,88440.2,1211995.625
270,2025-03-05 16:00:00,88408.7,120000.0,59180.2,89863.2,4646211.776
271,2025-03-05 20:00:00,89310.0,120000.0,61105.0,90719.8,5511546.813
272,2025-03-06 00:00:00,90719.8,114701.0,64911.0,89749.6,1419738.632
273,2025-03-06 04:00:00,90228.6,114400.0,74600.0,89641.0,139955.337
274,2025-03-06 08:00:00,89732.1,111110.0,78000.0,97500.0,143770.741
275,2025-03-06 12:00:00,91795.5,110000.0,82400.0,97479.5,171845.972
276,2025-03-06 16:00:00,97059.5,105000.0,83000.7,85050.0,145087.351
277,2025-03-06 20:00:00,85050.0,88999.0,85020.0,87056.7,101812.342
278,2025-03-07 00:00:00,86939.6,104459.9,85506.0,96740.0,96765.791
279,2025-03-07 04:00:00,96549.1,98850.0,89371.5,95959.8,103213.24
280,2025-03-07 08:00:00,96151.9,98849.9,85505.0,88577.2,127100.234
281,2025-03-07 12:00:00,88577.2,92646.5,85999.0,88425.8,1007729.0
282,2025-03-07 16:00:00,88425.8,88557.6,86713.0,87751.5,2045345.961
283,2025-03-07 20:00:00,87858.4,87936.0,85770.2,86478.1,1849412.217
284,2025-03-08 00:00:00,86361.2,86691.1,85580.5,85602.4,1540864.012
285,2025-03-08 04:00:00,85602.4,86529.2,85578.3,86283.8,1328145.403
286,2025-03-08 08:00:00,86283.8,86313.1,85694.5,85945.1,1329195.216
287,2025-03-08 12:00:00,85695.4,86479.5,85616.9,86300.9,1412244.399
288,2025-03-08 16:00:00,86300.9,86485.3,85578.8,85975.9,1368272.157
289,2025-03-08 20:00:00,85975.9,86432.0,85809.7,85885.6,1337477.264
290,2025-03-09 00:00:00,86000.0,86443.5,85723.5,85995.1,1353560.677
291,2025-03-09 04:00:00,86005.3,86186.9,85569.4,86049.0,1307952.089
292,2025-03-09 08:00:00,85963.8,86064.7,84498.7,84939.6,1432103.219
293,2025-03-09 12:00:00,84939.6,84941.8,83002.5,83148.5,1693632.751
294,2025-03-09 16:00:00,83148.5,83250.1,82159.2,82399.2,1618090.73
295,2025-03-09 20:00:00,82399.2,83134.6,80283.6,80376.3,2007272.623
296,2025-03-10 00:00:00,80608.1,82335.2,80273.8,81847.1,1841056.939
297,2025-03-10 04:00:00,81847.1,82585.6,81833.1,81927.4,1368315.661
298,2025-03-10 08:00:00,82202.3,83249.7,81362.5,82253.7,1374230.379
299,2025-03-10 12:00:00,82342.6,85000.0,79434.7,80099.6,1547798.713
300,2025-03-10 16:00:00,80099.6,80144.4,77506.4,78727.3,2035253.219
301,2025-03-10 20:00:00,78881.4,79575.4,78550.5,78878.8,1537024.333
302,2025-03-11 00:00:00,78878.8,79549.7,76771.6,79255.3,2017316.013
303,2025-03-11 04:00:00,79255.3,80409.2,79248.7,80409.2,1393987.737
304,2025-03-11 08:00:00,80191.5,81666.6,80059.9,81550.0,1497682.114
305,2025-03-11 12:00:00,81550.0,81673.0,79450.2,81081.6,1986058.486
306,2025-03-11 16:00:00,81162.2,83192.0,80765.1,83111.3,1847547.978
307,2025-03-11 20:00:00,82907.8,83203.1,82481.3,82508.6,1438240.588
308,2025-03-12 00:00:00,82816.4,83248.3,81997.3,82224.3,1503731.656
309,2025-03-12 04:00:00,82224.3,82225.9,81241.4,81969.4,1501193.742
310,2025-03-12 08:00:00,81969.4,82771.4,81441.1,82614.0,1416638.977
311,2025-03-12 12:00:00,82614.0,83842.7,80772.7,81611.1,1986876.943
312,2025-03-12 16:00:00,81460.0,82757.0,81455.6,82757.0,1363005.363
313,2025-03-12 20:00:00,82693.8,83615.0,82445.0,83425.1,1400644.352
314,2025-03-13 00:00:00,83615.0,83996.8,83281.6,83414.0,1390396.649
315,2025-03-13 04:00:00,83556.0,83715.8,82755.9,83234.8,1355055.705
316,2025-03-13 08:00:00,83042.6,83386.5,82422.4,82930.7,1464595.374
317,2025-03-13 12:00:00,82708.8,82961.7,82539.3,82828.7,207134.971
318,2025-03-13 16:00:00,82831.3,82855.2,82773.9,82839.2,11593.948
319,2025-03-13 20:00:00,82852.7,82853.0,82774.0,82852.6,393.776
320,2025-03-14 00:00:00,82825.9,82853.0,82755.9,82812.6,9137.934
321,2025-03-14 04:00:00,82825.9,82955.2,81451.5,82210.3,1624471.285
322,2025-03-14 08:00:00,82210.3,83314.6,82189.0,83235.5,2024025.422
323,2025-03-14 12:00:00,83238.0,99108.8,80668.0,84749.6,2360374.828
324,2025-03-14 16:00:00,84752.7,84885.7,84151.5,84574.2,2172890.835
325,2025-03-14 20:00:00,84574.2,84612.2,83793.7,84010.0,2003107.407
326,2025-03-15 00:00:00,83985.2,84686.8,83962.3,84517.4,1873889.248
327,2025-03-15 04:00:00,84517.4,84557.1,83856.4,83873.4,1772619.53
328,2025-03-15 08:00:00,83873.4,84162.1,83706.9,84151.7,1789536.079
329,2025-03-15 12:00:00,84084.4,84483.3,84026.7,84388.6,1740513.798
330,2025-03-15 16:00:00,84388.6,84500.1,84123.3,84267.3,1721414.442
331,2025-03-15 20:00:00,84267.3,84469.1,84242.5,84406.2,1716055.297
332,2025-03-16 00:00:00,84319.7,84413.1,83774.7,84316.5,1811470.664
333,2025-03-16 04:00:00,84316.5,84451.3,84050.9,84225.6,1735250.95
334,2025-03-16 08:00:00,84225.6,84351.0,82420.0,82420.0,1974728.56
335,2025-03-16 12:00:00,82420.0,83373.7,82413.1,83350.5,2052473.027
336,2025-03-16 16:00:00,83350.5,84419.6,82966.5,83058.4,2180765.375
337,2025-03-16 20:00:00,83061.8,83340.9,82067.7,82567.5,2049057.999
338,2025-03-17 00:00:00,82605.6,83663.3,82522.0,83663.3,1967468.464
339,2025-03-17 04:00:00,83646.5,83823.2,82788.1,83504.8,1958333.431
340,2025-03-17 08:00:00,83574.7,83765.7,83248.4,83593.7,1865433.213
341,2025-03-17 12:00:00,83516.3,83641.5,82630.8,83573.5,2296195.613
342,2025-03-17 16:00:00,83546.1,84629.2,83189.0,84455.0,2054130.412
343,2025-03-17 20:00:00,84461.8,84562.5,83860.0,84029.5,1901788.127
344,2025-03-18 00:00:00,84078.2,84093.1,83011.8,83174.8,2023622.378
345,2025-03-18 04:00:00,83134.7,83228.7,82364.8,83178.8,1318113.364
346,2025-03-18 08:00:00,83158.7,83357.9,82514.7,82633.6,1113783.579
347,2025-03-18 12:00:00,82607.9,82715.3,81241.7,81582.6,1279652.345
348,2025-03-18 16:00:00,81582.6,82254.5,81351.9,82254.5,1311307.574
349,2025-03-18 20:00:00,82254.5,82780.1,81922.3,82682.0,1185808.307
350,2025-03-19 00:00:00,82733.8,83174.7,82625.2,83026.5,1209718.383
351,2025-03-19 04:00:00,83023.5,83327.9,82805.4,83201.8,1045335.324
352,2025-03-19 08:00:00,83197.1,84023.7,83131.5,83833.2,1359796.665
353,2025-03-19 12:00:00,83861.0,84804.5,83572.2,84803.2,1516175.042
354,2025-03-19 16:00:00,84803.2,85828.6,83941.2,85386.8,1649413.002
355,2025-03-19 20:00:00,85381.3,86904.1,85263.2,86857.0,1592485.308
356,2025-03-20 00:00:00,86802.4,87319.9,85692.7,85828.8,1557945.5
357,2025-03-20 04:00:00,85874.3,85991.8,85474.4,85894.9,1286500.629
358,2025-03-20 08:00:00,85826.1,86290.8,85007.8,85406.1,1420679.281
359,2025-03-20 12:00:00,85427.1,86407.9,84681.7,84681.7,1589111.971
360,2025-03-20 16:00:00,84696.7,84824.3,83734.1,84212.1,1544806.312
361,2025-03-20 20:00:00,84214.5,84621.3,83935.2,84194.0,1423780.795
362,2025-03-21 00:00:00,84194.0,84808.0,84172.7,84482.0,1362038.48
363,2025-03-21 04:00:00,84482.0,84811.8,83819.7,83977.8,1373523.546
364,2025-03-21 08:00:00,83899.0,84276.5,83768.2,84074.6,1454475.709
365,2025-03-21 12:00:00,84039.6,84305.7,83294.3,83609.2,2116280.427
366,2025-03-21 16:00:00,83609.2,84322.4,83496.5,83934.1,1928611.809
367,2025-03-21 20:00:00,83980.1,84483.2,83840.2,84031.6,1726581.067
368,2025-03-22 00:00:00,84102.6,84326.5,83989.9,84230.7,1722930.222
369,2025-03-22 04:00:00,84230.7,84442.9,84183.8,84256.1,1693435.522
370,2025-03-22 08:00:00,84256.1,84506.5,84131.1,84208.8,1681670.3
371,2025-03-22 12:00:00,84218.6,84323.4,83957.2,84056.3,1674301.502
372,2025-03-22 16:00:00,84105.9,84322.0,84018.8,84190.8,1661646.211
373,2025-03-22 20:00:00,84190.8,84247.4,83727.4,83790.1,1745226.28
374,2025-03-23 00:00:00,83806.8,84290.5,83759.4,84250.6,1688916.487
375,2025-03-23 04:00:00,84250.6,84359.6,84027.3,84311.5,1679379.477
376,2025-03-23 08:00:00,84271.2,84911.5,84225.3,84719.1,1755932.204
377,2025-03-23 12:00:00,84719.1,85224.0,84599.9,85104.6,1788538.372
378,2025-03-23 16:00:00,85165.3,85408.3,84827.8,84964.2,1812444.7
379,2025-03-23 20:00:00,84984.5,85890.3,84949.0,85694.1,1820859.597
380,2025-03-24 00:00:00,85694.1,86519.1,85568.3,86364.5,1768400.253
381,2025-03-24 04:00:00,86267.4,87196.4,86200.8,86946.4,1648047.32
382,2025-03-24 08:00:00,86864.0,87833.6,86861.2,87732.1,1856899.856
383,2025-03-24 12:00:00,87677.4,88681.5,87175.8,88278.5,2132288.011
384,2025-03-24 16:00:00,88278.5,88527.9,87769.5,88239.9,2024745.13
385,2025-03-24 20:00:00,88239.9,88471.3,87137.6,87323.9,2075535.022
386,2025-03-25 00:00:00,87369.4,87669.5,86431.1,86551.4,1923197.739
387,2025-03-25 04:00:00,86551.4,86850.9,86367.7,86429.5,1811079.352
388,2025-03-25 08:00:00,86461.6,87474.5,86392.3,87354.6,1846314.481
389,2025-03-25 12:00:00,87391.1,88140.6,87031.6,87818.8,2086574.308
390,2025-03-25 16:00:00,87818.3,88248.1,87627.2,88126.8,1953186.649
391,2025-03-25 20:00:00,88162.5,88462.7,87196.5,87386.9,2003732.149
392,2025-03-26 00:00:00,87390.6,87859.3,87056.1,87123.0,1863099.239
393,2025-03-26 04:00:00,87169.7,88266.3,87068.9,88166.9,1852333.087
394,2025-03-26 08:00:00,88137.5,88266.0,87831.3,87953.9,1704272.954
395,2025-03-26 12:00:00,87953.9,88042.0,86512.7,86759.2,2036900.346
396,2025-03-26 16:00:00,86759.2,86934.5,85940.9,86622.2,2051528.659
397,2025-03-26 20:00:00,86595.5,87353.8,86551.3,86941.6,1950583.168
398,2025-03-27 00:00:00,86941.6,87717.2,86797.7,87609.3,1834586.531
399,2025-03-27 04:00:00,87629.2,87701.3,87261.6,87424.2,1744977.656
400,2025-03-27 08:00:00,87424.2,114990.0,87282.6,87389.7,2461924.219
401,2025-03-27 12:00:00,87389.7,110876.0,85994.1,86982.8,2624627.635
402,2025-03-27 16:00:00,86982.8,87423.5,86851.1,87155.2,1887222.319
403,2025-03-27 20:00:00,87155.3,87684.7,86969.3,87213.1,1822815.783
404,2025-03-28 00:00:00,87287.8,87502.9,86765.3,86825.0,1919314.932
405,2025-03-28 04:00:00,86786.8,86886.9,85195.8,85195.8,2225867.203
406,2025-03-28 08:00:00,85219.9,85419.7,84867.4,85215.0,1892659.975
407,2025-03-28 12:00:00,85215.0,97010.0,58995.3,84145.3,1373252.607
408,2025-03-28 16:00:00,84145.3,84205.9,83679.0,83768.2,1904913.88
409,2025-03-28 20:00:00,83768.2,84497.3,83739.5,84397.7,1852081.102
410,2025-03-29 00:00:00,84429.1,84619.3,83799.1,84222.7,1901679.124
411,2025-03-29 04:00:00,84145.3,84261.3,83683.4,83710.4,1767335.093
412,2025-03-29 08:00:00,83746.0,83978.7,82068.9,82242.8,2034198.021
413,2025-03-29 12:00:00,82244.7,82870.6,82198.7,82398.6,1847814.561
414,2025-03-29 16:00:00,82398.6,82668.0,81768.2,82490.6,2061406.387
415,2025-03-29 20:00:00,82355.5,82741.8,82296.2,82646.2,1824252.688
416,2025-03-30 00:00:00,82646.2,83482.5,82533.7,83160.4,1881797.522
417,2025-03-30 04:00:00,83160.5,83332.8,82884.8,83064.1,1800163.693
418,2025-03-30 08:00:00,83064.1,83587.6,83000.7,83156.4,1816148.833
419,2025-03-30 12:00:00,83149.4,83259.9,82646.3,82764.5,1854702.922
420,2025-03-30 16:00:00,82786.7,82881.2,82160.6,82596.9,1911555.313
421,2025-03-30 20:00:00,82581.0,89999.9,81743.1,82369.8,2075401.356
422,2025-03-31 00:00:00,82307.2,91993.2,81361.5,81577.4,2219028.698
423,2025-03-31 04:00:00,81531.3,82267.7,81460.6,81866.4,1932354.424
424,2025-03-31 08:00:00,81899.7,107999.0,81385.9,82163.2,1331163.617
425,2025-03-31 12:00:00,82174.6,105000.0,57452.9,83522.1,1576512.032
426,2025-03-31 16:00:00,83522.1,94990.0,82523.1,82536.0,2294036.57
427,2025-03-31 20:00:00,82523.1,82818.5,82278.7,82569.3,2003842.313
428,2025-04-01 00:00:00,82532.4,83003.8,82485.4,82925.2,1342981.356
429,2025-04-01 04:00:00,82925.2,83452.9,82869.2,83423.6,2330751.879
430,2025-04-01 08:00:00,83427.8,84438.1,81000.0,83880.9,123247.24
431,2025-04-01 12:00:00,83880.2,94990.0,81000.0,85317.0,52881.78
432,2025-04-01 16:00:00,85317.0,100000.0,84683.6,84906.8,28029.293
433,2025-04-01 20:00:00,84906.8,86462.8,84739.3,85124.8,8729.794
434,2025-04-02 00:00:00,85124.2,85208.6,84314.2,84540.5,11005.179
435,2025-04-02 04:00:00,84539.1,85256.0,84020.3,84389.7,486933.295
436,2025-04-02 08:00:00,84389.7,85289.0,83136.8,84531.5,14825.643
437,2025-04-02 12:00:00,84531.3,86800.0,83586.7,86660.1,37433.361
438,2025-04-02 16:00:00,86660.1,92000.0,84642.5,86866.5,16918.88
439,2025-04-02 20:00:00,86866.5,88368.0,81284.8,82492.1,21523.88
440,2025-04-03 00:00:00,82492.0,83846.4,81612.1,83435.2,9714.874
441,2025-04-03 04:00:00,83435.2,84094.0,82948.7,83500.0,9984.253
442,2025-04-03 08:00:00,83504.0,84685.6,83036.7,83085.3,12615.59
443,2025-04-03 12:00:00,83085.7,84149.9,81290.6,82039.9,30259.896
444,2025-04-03 16:00:00,82039.9,82794.7,81534.5,81967.3,13001.723
445,2025-04-03 20:00:00,81967.3,90861.4,81789.9,83137.0,14197.72
446,2025-04-04 00:00:00,83134.1,84234.9,80000.0,82776.3,23547.204
447,2025-04-04 04:00:00,82776.3,84195.8,82581.1,83960.1,13447.631
448,2025-04-04 08:00:00,83960.5,85983.1,81510.0,81906.9,41718.338
449,2025-04-04 12:00:00,81906.8,90861.4,81106.9,82866.9,47228.076
450,2025-04-04 16:00:00,82866.9,90861.4,82730.0,83961.0,20638.711
451,2025-04-04 20:00:00,83959.8,84901.2,83382.6,83846.3,4055.023
452,2025-04-05 00:00:00,83846.3,90910.0,83453.4,83600.1,8564.316
453,2025-04-05 04:00:00,83600.1,84941.5,83294.4,83487.2,2779.686
454,2025-04-05 08:00:00,83487.2,85120.8,83043.1,83464.4,13390.995
455,2025-04-05 12:00:00,83455.2,84600.0,80952.0,82582.1,29472.429
456,2025-04-05 16:00:00,82582.2,83899.5,82570.3,82822.8,5080.77
457,2025-04-05 20:00:00,82820.1,84369.9,82818.2,83519.5,4858.892
458,2025-04-06 00:00:00,83519.5,83717.9,83135.0,83295.8,4493.981
459,2025-04-06 04:00:00,83296.2,83555.5,82906.9,83000.1,2847.959
460,2025-04-06 08:00:00,83000.1,84477.5,82450.0,82810.1,5165.798
461,2025-04-06 12:00:00,82810.0,83989.0,81051.9,82512.6,30511.02
462,2025-04-06 16:00:00,82513.2,83500.0,78077.7,79594.5,115536.386
463,2025-04-06 20:00:00,79594.5,86687.7,76937.8,78369.4,42030.886
464,2025-04-07 00:00:00,78369.4,80051.4,77000.1,77641.1,24420.741
465,2025-04-07 04:00:00,77641.1,78482.2,73473.5,75095.6,87056.646
466,2025-04-07 08:00:00,75095.6,78500.0,74072.7,76629.6,34007.625
467,2025-04-07 12:00:00,76630.1,81512.7,75847.0,78496.0,65225.119
468,2025-04-07 16:00:00,78496.2,85929.5,77321.7,78122.8,49873.407
469,2025-04-07 20:00:00,78122.8,80191.0,78122.7,79147.9,12490.883
470,2025-04-08 00:00:00,79149.5,81333.1,78862.2,79865.1,14593.633
471,2025-04-08 04:00:00,79865.1,80464.5,79210.0,79455.8,7106.024
472,2025-04-08 08:00:00,79455.8,81333.1,78796.7,79960.7,48081.067
473,2025-04-08 12:00:00,79961.2,81500.0,78171.3,78452.6,49479.528
474,2025-04-08 16:00:00,78452.6,79300.0,76349.9,76804.1,46536.201
475,2025-04-08 20:00:00,76804.1,77307.1,76246.0,76295.1,15649.088
476,2025-04-09 00:00:00,76296.0,77700.0,74634.2,75024.9,33387.794
477,2025-04-09 04:00:00,75024.9,78700.0,75014.1,77666.0,28139.417
478,2025-04-09 08:00:00,77666.0,78592.6,75780.3,76204.1,24645.685
479,2025-04-09 12:00:00,76204.0,79208.1,72000.0,77273.8,99349.768
480,2025-04-09 16:00:00,77273.8,83289.7,77147.4,82276.5,87388.803
481,2025-04-09 20:00:00,82276.5,83500.0,81087.4,82580.1,24067.273
482,2025-04-10 00:00:00,82580.1,82687.2,81443.9,81716.8,21260.429
483,2025-04-10 04:00:00,81716.8,82998.3,81297.5,81550.2,13213.858
484,2025-04-10 08:00:00,81549.6,82125.4,81306.0,81850.0,15336.082
485,2025-04-10 12:00:00,81850.0,82872.4,77866.0,78713.4,90056.015
486,2025-04-10 16:00:00,78712.0,80866.8,78495.0,79618.1,58166.353
487,2025-04-10 20:00:00,79618.1,79993.0,79529.7,79837.8,4303.498
488,2025-04-11 00:00:00,79837.8,81600.0,79819.1,80775.7,15962.503
489,2025-04-11 04:00:00,80776.3,82550.1,80492.1,81225.3,22642.221
490,2025-04-11 08:00:00,81225.2,82998.3,80698.0,82110.2,25464.173
491,2025-04-11 12:00:00,82110.7,83226.0,81385.5,82482.1,66223.583
492,2025-04-11 16:00:00,82481.0,84500.0,82011.4,83812.0,37738.755
493,2025-04-11 20:00:00,83811.1,84330.1,83144.8,83255.5,11816.023
494,2025-04-12 00:00:00,83256.3,83700.1,82457.0,82937.7,1892.764
495,2025-04-12 04:00:00,82937.7,83725.6,82800.8,83680.1,11079.822
496,2025-04-12 08:00:00,83680.1,84300.0,83279.9,83484.0,27416.787
497,2025-04-12 12:00:00,83484.0,85363.8,83443.1,84948.1,48765.301
498,2025-04-12 16:00:00,84942.9,85150.5,84400.1,84673.5,8267.519
499,2025-04-12 20:00:00,84675.0,85488.0,84500.1,85255.1,2497.731
500,2025-04-13 00:00:00,85255.3,85898.7,84637.0,85389.7,18703.704
501,2025-04-13 04:00:00,85389.7,85898.7,84189.9,84391.3,61689.145
502,2025-04-13 08:00:00,84391.4,85058.6,84245.9,84481.0,4857.859
503,2025-04-13 12:00:00,84485.1,84773.1,83256.9,83815.0,20146.207
504,2025-04-13 16:00:00,83815.0,84920.1,83083.6,83932.7,11384.58
505,2025-04-13 20:00:00,83932.5,84299.9,83050.0,83696.4,7190.547
506,2025-04-14 00:00:00,83693.5,85447.0,83680.3,84508.3,19244.758
507,2025-04-14 04:00:00,84508.3,85050.0,84221.9,84532.3,2866.421
508,2025-04-14 08:00:00,84534.2,84942.2,84191.1,84896.6,3640.174
509,2025-04-14 12:00:00,84891.6,85921.4,83754.5,84080.0,21281.851
510,2025-04-14 16:00:00,84080.0,85199.9,83847.5,84900.2,12305.495
511,2025-04-14 20:00:00,84900.2,84900.2,84430.2,84544.6,5591.001
512,2025-04-15 00:00:00,84544.5,85153.5,84350.1,85153.5,2498.504
513,2025-04-15 04:00:00,85153.5,85868.7,84879.6,85658.0,11410.879
514,2025-04-15 08:00:00,85658.0,86480.0,85325.0,85500.0,13864.278
515,2025-04-15 12:00:00,85500.0,86566.9,84537.8,84868.4,37411.735
516,2025-04-15 16:00:00,84868.4,85189.0,83898.0,83967.5,7857.027
517,2025-04-15 20:00:00,83968.3,85120.0,80970.2,83617.4,156221.315
518,2025-04-16 00:00:00,83617.7,87190.1,78369.3,83225.7,91833.974
519,2025-04-16 04:00:00,83225.7,95940.4,74747.9,83446.4,525070.188
520,2025-04-16 08:00:00,83140.8,93220.0,74747.9,83984.7,22746.979
521,2025-04-16 12:00:00,83984.7,85192.5,68000.0,84780.7,53196.536
522,2025-04-16 16:00:00,84780.7,85406.2,83285.9,84282.7,18736.346
523,2025-04-16 20:00:00,84281.0,84689.2,83988.2,83988.2,2729.416
524,2025-04-17 00:00:00,83990.0,84586.6,83783.8,83953.3,3392.407
525,2025-04-17 04:00:00,83953.3,84986.6,83845.1,84651.0,2598.771
526,2025-04-17 08:00:00,84651.5,84870.3,84144.6,84549.8,6768.86
527,2025-04-17 12:00:00,84552.5,85049.9,83726.6,84462.3,15312.21
528,2025-04-17 16:00:00,84462.4,85399.9,84374.6,84846.9,23954.812
529,2025-04-17 20:00:00,84846.5,85099.9,84772.8,84905.7,9649.139
530,2025-04-18 00:00:00,84905.7,85036.8,84493.0,84790.4,15599.852
531,2025-04-18 04:00:00,84790.3,84914.7,84400.0,84613.8,16157.285
532,2025-04-18 08:00:00,84609.8,84860.2,84400.0,84630.7,1608.913
533,2025-04-18 12:00:00,84630.3,84846.6,84000.0,84338.0,10544.401
534,2025-04-18 16:00:00,84338.0,84745.9,84338.0,84513.5,2457.166
535,2025-04-18 20:00:00,84516.9,84652.2,84327.0,84427.5,6488.026
536,2025-04-19 00:00:00,84442.6,84949.9,84327.1,84845.4,7127.753
537,2025-04-19 04:00:00,84845.0,85500.1,84590.0,85179.0,42707.649
538,2025-04-19 08:00:00,85174.6,85619.9,84920.6,85163.8,9474.383
539,2025-04-19 12:00:00,85162.5,85619.9,84937.3,85209.0,22880.933
540,2025-04-19 16:00:00,85200.0,87828.0,84772.2,85054.3,16628.224
541,2025-04-19 20:00:00,85054.3,85448.8,84982.2,85031.7,1769.495
542,2025-04-20 00:00:00,85031.7,85358.7,85009.6,85125.0,808.564
543,2025-04-20 04:00:00,85124.0,85313.2,84644.5,84736.7,4201.465
544,2025-04-20 08:00:00,84736.6,84922.8,83333.3,84089.8,19359.845
545,2025-04-20 12:00:00,84089.8,84856.4,84085.4,84313.6,4283.304
546,2025-04-20 16:00:00,84304.5,85022.0,84294.6,84606.7,1620.925
547,2025-04-20 20:00:00,84609.8,85289.5,84554.6,85141.3,4197.62
548,2025-04-21 00:00:00,85141.3,87645.5,84931.5,87140.0,16824.828
549,2025-04-21 04:00:00,87140.0,87777.0,87039.3,87500.0,8483.644
550,2025-04-21 08:00:00,87500.0,87777.0,86631.2,86962.9,27046.939
551,2025-04-21 12:00:00,86953.6,89999.0,77705.3,87982.6,31268.821
552,2025-04-21 16:00:00,87982.6,88340.0,86372.3,87386.4,15376.15
553,2025-04-21 20:00:00,87386.8,87580.8,86931.5,87472.9,6002.685
554,2025-04-22 00:00:00,87472.9,88795.7,87059.0,88109.8,10878.736
555,2025-04-22 04:00:00,88106.4,88566.0,87900.0,88437.7,3629.159
556,2025-04-22 08:00:00,88437.1,88842.7,88276.4,88572.8,2978.513
557,2025-04-22 12:00:00,88572.8,91498.1,88450.9,90821.0,56276.247
558,2025-04-22 16:00:00,90821.0,91795.6,90539.8,91399.7,15735.938
559,2025-04-22 20:00:00,91400.8,94092.2,91000.1,93382.5,20883.698
560,2025-04-23 00:00:00,93382.5,93764.7,92200.0,93131.2,20342.045
561,2025-04-23 04:00:00,93126.0,94097.1,92957.7,94089.4,16068.409
562,2025-04-23 08:00:00,94091.9,94401.4,93090.6,93421.9,11343.537
563,2025-04-23 12:00:00,93425.2,96000.0,91944.1,93173.0,19468.395
564,2025-04-23 16:00:00,93170.0,94211.1,92879.6,93473.1,14069.601
565,2025-04-23 20:00:00,93473.1,93995.5,93209.4,93644.9,6716.725
566,2025-04-24 00:00:00,93643.9,93726.7,92626.6,92642.0,4452.589
567,2025-04-24 04:00:00,92632.8,93000.0,92021.1,92167.6,3974.682
568,2025-04-24 08:00:00,92166.7,138000.0,47000.0,47000.0,150320.378
569,2025-04-24 12:00:00,47000.0,138189.8,46499.4,93152.4,123483.816
570,2025-04-24 16:00:00,93152.4,95000.0,92646.0,93504.6,17760.516
571,2025-04-24 20:00:00,93504.6,93951.9,93006.1,93930.0,3853.466
572,2025-04-25 00:00:00,93930.0,94366.2,92926.0,93256.5,19404.482
573,2025-04-25 04:00:00,93256.5,93888.6,93050.0,93725.9,4076.627
574,2025-04-25 08:00:00,93725.9,95220.0,93384.9,94549.7,9720.088
575,2025-04-25 12:00:00,94549.7,95646.1,93965.3,95011.6,18012.827
576,2025-04-25 16:00:00,95010.4,95600.0,94335.5,95255.4,8016.098
577,2025-04-25 20:00:00,95255.4,95324.8,94374.8,94724.3,4819.637
578,2025-04-26 00:00:00,94733.0,95318.8,94600.0,94703.6,8181.643
579,2025-04-26 04:00:00,94700.0,94913.2,94402.7,94588.7,5483.803
580,2025-04-26 08:00:00,94592.6,94711.6,93887.0,94111.1,7767.513
581,2025-04-26 12:00:00,94111.6,94462.3,93840.0,94338.0,5727.588
582,2025-04-26 16:00:00,94339.6,94493.5,94040.5,94255.3,10768.473
583,2025-04-26 20:00:00,94255.3,95600.0,94070.6,94622.6,4125.942
584,2025-04-27 00:00:00,94622.6,95283.1,94100.0,94104.5,4694.78
585,2025-04-27 04:00:00,94107.4,94395.0,93637.8,94027.7,2761.288
586,2025-04-27 08:00:00,94027.6,94358.6,93678.6,93941.3,2265.558
587,2025-04-27 12:00:00,93941.3,94216.6,93600.6,93863.5,2847.203
588,2025-04-27 16:00:00,93863.5,94630.1,93800.1,94388.9,16243.711
589,2025-04-27 20:00:00,94388.8,94449.9,93625.3,93742.8,5241.2
590,2025-04-28 00:00:00,93742.8,94259.0,93259.9,93800.0,5329.03
591,2025-04-28 04:00:00,93800.0,94770.9,93701.6,94643.6,8475.039
592,2025-04-28 08:00:00,94641.6,95486.2,94299.9,95215.1,6096.527
593,2025-04-28 12:00:00,95215.1,95500.0,93580.0,93754.8,19701.83
594,2025-04-28 16:00:00,93754.8,94860.9,93424.8,94745.4,5783.881
595,2025-04-28 20:00:00,94744.7,95200.0,93333.0,94953.7,7375.767
596,2025-04-29 00:00:00,94953.7,95395.3,94195.3,94590.0,5225.452
597,2025-04-29 04:00:00,94597.2,94904.9,94137.8,94877.9,2589.473
598,2025-04-29 08:00:00,94878.0,95600.0,94550.1,95087.0,9940.067
599,2025-04-29 12:00:00,95087.0,95400.0,94521.8,94789.9,26769.549
600,2025-04-29 16:00:00,94790.7,95530.0,94679.6,95244.6,3412.264
601,2025-04-29 20:00:00,95249.3,95320.0,93311.1,94209.1,10486.79
602,2025-04-30 00:00:00,94209.2,95074.7,94150.8,94962.1,2073.13
603,2025-04-30 04:00:00,94962.1,95101.6,94379.1,94567.3,4155.13
604,2025-04-30 08:00:00,94567.3,95400.0,93650.1,95132.7,20306.896
605,2025-04-30 12:00:00,95133.0,95480.0,93000.0,93968.0,23151.603
606,2025-04-30 16:00:00,93970.0,94399.9,93519.0,94127.6,19909.677
607,2025-04-30 20:00:00,94127.5,94720.4,94000.0,94150.0,7925.238
608,2025-05-01 00:00:00,94150.0,95000.0,94051.3,94734.4,2268.893
609,2025-05-01 04:00:00,94734.4,95317.6,94616.3,94990.6,7886.596
610,2025-05-01 08:00:00,94993.1,96345.1,94750.0,96123.4,6847.309
611,2025-05-01 12:00:00,96129.0,97517.3,95800.0,96796.0,36225.234
612,2025-05-01 16:00:00,96794.0,97474.8,94444.1,96477.1,8358.831
613,2025-05-01 20:00:00,96477.1,96962.2,96116.0,96432.0,8446.948
614,2025-05-02 00:00:00,96432.0,97520.0,94000.0,97058.1,11463.936
615,2025-05-02 04:00:00,97055.0,97366.9,94000.0,96329.0,17514.558
616,2025-05-02 08:00:00,96329.0,97200.6,96314.4,96934.0,6395.517
617,2025-05-02 12:00:00,96943.8,97800.0,96624.5,97286.2,12488.687
618,2025-05-02 16:00:00,97286.2,97800.0,96721.0,96874.4,3220.419
619,2025-05-02 20:00:00,96873.9,97181.9,96403.8,96831.2,2537.39
620,2025-05-03 00:00:00,96831.1,96929.2,96130.4,96302.3,4726.301
621,2025-05-03 04:00:00,96305.1,96711.5,96083.1,96286.3,2871.326
622,2025-05-03 08:00:00,96286.3,96448.3,95820.0,96021.2,3367.273
623,2025-05-03 12:00:00,96039.5,96569.8,95784.2,96358.7,6065.206
624,2025-05-03 16:00:00,96365.1,96478.7,96000.1,96313.8,3260.255
625,2025-05-03 20:00:00,96313.8,96397.5,95599.4,95840.3,16128.119
626,2025-05-04 00:00:00,95840.3,96258.8,95600.0,95785.0,5730.134
627,2025-05-04 04:00:00,95770.6,96214.8,95700.0,95827.6,3096.942
628,2025-05-04 08:00:00,95827.6,95856.0,95281.2,95379.3,4159.83
629,2025-05-04 12:00:00,95376.0,95739.3,95112.5,95418.4,2494.675
630,2025-05-04 16:00:00,95418.4,95804.4,95119.9,95529.8,17789.833
631,2025-05-04 20:00:00,95534.6,96500.0,93612.1,94315.1,75614.972
632,2025-05-05 00:00:00,94315.1,98100.0,93530.8,94059.8,23813.654
633,2025-05-05 04:00:00,94062.0,94819.2,94000.0,94694.2,20745.992
634,2025-05-05 08:00:00,94694.2,94700.0,93949.0,94001.2,4308.355
635,2025-05-05 12:00:00,94001.2,94700.0,93579.5,93710.4,8685.604
636,2025-05-05 16:00:00,93726.0,94957.8,93719.7,94300.4,8402.397
637,2025-05-05 20:00:00,94300.1,95202.8,93850.1,94689.5,5100.994
638,2025-05-06 00:00:00,94689.4,94885.0,93952.2,94409.3,3454.775
639,2025-05-06 04:00:00,94409.3,94695.6,94223.1,94362.4,1829.035
640,2025-05-06 08:00:00,94362.6,94386.9,93700.1,93765.1,8046.563
641,2025-05-06 12:00:00,93765.1,95100.0,93292.4,94499.9,12154.36
642,2025-05-06 16:00:00,94499.9,95100.0,94198.4,94912.0,9686.932
643,2025-05-06 20:00:00,94912.0,96970.0,94431.6,96794.5,16325.704
644,2025-05-07 00:00:00,96794.5,97586.6,96220.0,96516.6,12919.41
645,2025-05-07 04:00:00,96516.6,96962.9,96286.8,96952.7,1556.257
646,2025-05-07 08:00:00,96952.5,97400.0,96730.6,96985.3,10924.195
647,2025-05-07 12:00:00,96985.2,97461.4,96622.0,96912.7,8670.13
648,2025-05-07 16:00:00,96912.7,96951.9,95820.0,96126.7,8667.79
649,2025-05-07 20:00:00,96125.8,97346.6,96029.7,96983.5,2875.66
650,2025-05-08 00:00:00,96988.4,99200.0,96846.3,99095.3,27007.056
651,2025-05-08 04:00:00,99095.3,99339.4,98498.2,99212.0,11802.056
652,2025-05-08 08:00:00,99212.0,99800.0,99036.8,99370.0,14943.357
653,2025-05-08 12:00:00,99370.0,101429.1,99144.0,100731.8,40722.875
654,2025-05-08 16:00:00,100738.4,101660.9,100552.0,101199.9,14683.821
655,2025-05-08 20:00:00,101199.9,103790.0,100923.0,103168.2,31271.002
656,2025-05-09 00:00:00,103168.2,103200.0,102343.8,102450.0,4281.431
657,2025-05-09 04:00:00,102450.7,104200.0,102440.2,103657.0,11150.053
658,2025-05-09 08:00:00,103657.0,103963.1,102431.2,102914.5,25531.84
659,2025-05-09 12:00:00,102912.5,104200.0,102423.1,102842.8,8767.391
660,2025-05-09 16:00:00,102839.7,103428.2,102350.0,103137.7,6393.715
661,2025-05-09 20:00:00,103138.9,103454.2,102662.9,102941.8,1521.507
662,2025-05-10 00:00:00,102941.9,103288.0,102805.4,103154.5,2177.713
663,2025-05-10 04:00:00,103179.3,104149.1,103000.0,103711.0,7592.498
664,2025-05-10 08:00:00,103710.9,104007.9,103333.5,103355.2,2607.638
665,2025-05-10 12:00:00,103340.6,103740.2,103000.0,103102.1,4711.807
666,2025-05-10 16:00:00,103102.4,103502.8,103000.0,103148.6,1947.974
667,2025-05-10 20:00:00,103148.6,104900.0,103031.4,104775.1,12913.611
668,2025-05-11 00:00:00,104775.1,104900.0,103500.0,103980.0,4796.109
669,2025-05-11 04:00:00,103980.0,104347.7,103201.9,103336.2,4368.165
670,2025-05-11 08:00:00,103335.2,104730.3,103335.2,104642.1,10242.517
671,2025-05-11 12:00:00,104645.1,104900.0,103629.9,104065.7,11025.878
672,2025-05-11 16:00:00,104083.0,104970.0,103723.1,104382.3,11044.908
673,2025-05-11 20:00:00,104382.3,104600.4,103527.5,104093.3,5547.07
674,2025-05-12 00:00:00,104093.3,105000.0,98820.0,104055.0,29464.436
675,2025-05-12 04:00:00,104055.0,109000.0,98850.0,104424.3,11721.942
676,2025-05-12 08:00:00,104424.3,104762.6,103625.6,103707.6,5096.62
677,2025-05-12 12:00:00,103707.0,108999.9,102384.3,102478.9,18863.908
678,2025-05-12 16:00:00,102478.9,103200.0,100816.6,101779.5,16180.703
679,2025-05-12 20:00:00,101779.5,103165.3,101735.2,102866.1,2791.454
680,2025-05-13 00:00:00,102884.4,102966.1,101500.0,101686.2,14032.561
681,2025-05-13 04:00:00,101686.2,103043.1,101647.4,102607.9,4372.89
682,2025-05-13 08:00:00,102607.9,103824.8,102408.3,103645.1,3994.962
683,2025-05-13 12:00:00,103645.1,105450.0,102799.6,103650.0,10268.45
684,2025-05-13 16:00:00,103650.0,104932.6,103487.2,104746.4,9801.165
685,2025-05-13 20:00:00,104745.6,104868.4,103875.9,104092.5,4067.688
686,2025-05-14 00:00:00,104092.5,104101.1,103415.6,103604.8,1757.668
687,2025-05-14 04:00:00,103613.8,104143.5,103308.6,103658.5,7125.206
688,2025-05-14 08:00:00,103656.6,104240.6,102861.7,103903.2,10279.558
689,2025-05-14 12:00:00,103903.2,104269.8,102824.7,103450.2,7345.623
690,2025-05-14 16:00:00,103450.0,103713.1,102593.0,103247.6,6614.135
691,2025-05-14 20:00:00,103247.6,103713.8,103247.4,103482.8,1083.94
692,2025-05-15 00:00:00,103458.1,103895.3,102700.0,102713.6,2380.301
693,2025-05-15 04:00:00,102713.4,111111.0,101577.3,101734.0,17624.959
694,2025-05-15 08:00:00,101727.9,102449.8,101309.8,102344.8,9521.514
695,2025-05-15 12:00:00,102335.3,104520.0,101395.3,103210.8,12014.357
696,2025-05-15 16:00:00,103210.8,104228.4,102528.8,103091.9,4757.614
697,2025-05-15 20:00:00,103091.9,103972.7,102712.7,103706.1,3840.1
698,2025-05-16 00:00:00,103725.9,104596.1,103449.9,103987.7,10914.435
699,2025-05-16 04:00:00,103985.8,104249.9,2593.71,103646.6,13338.618
700,2025-05-16 08:00:00,103646.6,103945.5,103093.9,103632.2,2371.954
701,2025-05-16 12:00:00,103632.2,104279.9,103316.6,104100.0,5183.911
702,2025-05-16 16:00:00,104100.0,104595.8,103592.1,103992.2,2943.565
703,2025-05-16 20:00:00,103991.7,104035.0,103271.8,103424.2,2460.136
704,2025-05-17 00:00:00,103424.2,103581.7,102500.0,103458.6,9349.101
705,2025-05-17 04:00:00,103463.7,103771.7,103097.4,103490.0,4422.306
706,2025-05-17 08:00:00,103492.1,103647.8,102548.6,102940.1,12095.93
707,2025-05-17 12:00:00,102945.1,103292.9,102600.0,102900.1,4970.138
708,2025-05-17 16:00:00,102900.0,103378.2,102619.9,103107.3,4060.124
709,2025-05-17 20:00:00,103108.0,103643.4,102863.6,103055.5,1698.903
710,2025-05-18 00:00:00,103079.5,103468.7,103006.7,103244.2,926.915
711,2025-05-18 04:00:00,103244.3,103934.6,103218.1,103883.9,1322.426
712,2025-05-18 08:00:00,103883.9,104000.0,103676.2,103786.0,2787.145
713,2025-05-18 12:00:00,103788.1,105620.0,103218.1,105470.0,10127.024
714,2025-05-18 16:00:00,105470.0,106162.1,103864.5,103865.4,17148.809
715,2025-05-18 20:00:00,103870.0,106612.2,103384.8,106455.9,12052.877
716,2025-05-19 00:00:00,106456.0,107115.9,103539.9,103585.6,6559.543
717,2025-05-19 04:00:00,103586.1,103690.3,102100.0,103198.8,17180.892
718,2025-05-19 08:00:00,103198.8,109999.0,102742.5,102933.3,4750.263
719,2025-05-19 12:00:00,102933.3,105002.2,102103.8,104753.9,10828.859
720,2025-05-19 16:00:00,104746.7,105563.9,104072.4,105480.8,15030.867
721,2025-05-19 20:00:00,105483.3,105800.0,104900.1,105532.9,6231.016
722,2025-05-20 00:00:00,105534.0,106976.6,105485.9,105713.6,11061.343
723,2025-05-20 04:00:00,105713.5,106364.1,104973.7,104988.4,11363.216
724,2025-05-20 08:00:00,104988.4,105495.4,104834.0,105192.8,2549.983
725,2025-05-20 12:00:00,105192.8,105571.7,104111.6,105291.9,11554.042
726,2025-05-20 16:00:00,105291.9,107327.7,105062.9,106951.0,8113.98
727,2025-05-20 20:00:00,106951.0,107326.2,105785.5,106775.1,4968.88
728,2025-05-21 00:00:00,106775.7,107160.0,106180.0,106781.1,11970.966
729,2025-05-21 04:00:00,106781.1,107949.0,105809.9,106400.0,18757.843
730,2025-05-21 08:00:00,106399.9,106803.5,106056.4,106499.3,5393.192
731,2025-05-21 12:00:00,106498.7,109407.9,106272.8,108970.2,20444.299
732,2025-05-21 16:00:00,108946.1,109972.0,105566.5,108562.3,33786.006
733,2025-05-21 20:00:00,108564.9,110590.1,107700.0,109609.0,8523.726
734,2025-05-22 00:00:00,109608.3,111800.1,109283.6,111733.6,12616.637
735,2025-05-22 04:00:00,111733.3,112666.0,110358.6,111045.1,21171.713
736,2025-05-22 08:00:00,111045.1,111399.8,110273.1,110948.7,5043.919
737,2025-05-22 12:00:00,110948.7,111685.6,110521.5,111227.1,12081.245
738,2025-05-22 16:00:00,111225.6,111888.8,110742.3,111120.3,10681.968
739,2025-05-22 20:00:00,111120.3,111694.5,110669.4,111686.4,3130.562
740,2025-05-23 00:00:00,111671.7,111800.0,110955.6,111182.2,5448.477
741,2025-05-23 04:00:00,111182.3,113671.1,110321.3,110685.2,16700.968
742,2025-05-23 08:00:00,110685.3,111346.8,108066.3,109053.2,9021.463
743,2025-05-23 12:00:00,109053.2,109996.4,105034.7,108889.3,26950.671
744,2025-05-23 16:00:00,108889.3,110026.0,107997.5,108678.0,6225.765
745,2025-05-23 20:00:00,108674.8,108778.3,106837.9,107267.0,6419.374
746,2025-05-24 00:00:00,107267.0,108368.6,106875.6,108293.1,6201.99
747,2025-05-24 04:00:00,108293.1,108500.0,107563.2,107570.0,2719.518
748,2025-05-24 08:00:00,107572.3,109587.9,107565.5,109146.6,4251.985
749,2025-05-24 12:00:00,109146.6,111000.8,108504.4,108886.6,3121.609
750,2025-05-24 16:00:00,108886.6,109197.2,108680.0,108915.2,1643.678
751,2025-05-24 20:00:00,108912.8,109232.1,107500.0,107694.9,4694.559
752,2025-05-25 00:00:00,107698.9,108040.9,107177.0,107999.1,2706.828
753,2025-05-25 04:00:00,107999.2,108100.0,107438.3,107625.9,1342.609
754,2025-05-25 08:00:00,107625.9,107648.3,106705.2,107219.1,3247.234
755,2025-05-25 12:00:00,107219.7,107754.3,106633.3,106952.5,4601.963
756,2025-05-25 16:00:00,106939.7,107971.3,106662.5,107698.2,3459.822
757,2025-05-25 20:00:00,107697.5,109268.4,107146.0,108956.6,4659.898
758,2025-05-26 00:00:00,108956.6,109898.5,108639.3,109573.8,3420.558
759,2025-05-26 04:00:00,109573.7,110204.7,109284.2,110050.0,2290.208
760,2025-05-26 08:00:00,110050.0,110109.0,109459.0,109724.8,2658.29
761,2025-05-26 12:00:00,109724.8,110337.2,109364.9,109966.5,6815.709
762,2025-05-26 16:00:00,109970.5,110300.0,108809.3,109093.6,6383.455
763,2025-05-26 20:00:00,109095.1,109821.6,108912.6,109405.3,2777.653
764,2025-05-27 00:00:00,109403.2,109746.6,107502.7,108843.7,4471.518
765,2025-05-27 04:00:00,108843.3,109627.0,108548.6,109418.1,2240.58
766,2025-05-27 08:00:00,109418.1,109862.1,109300.9,109541.8,3061.195
767,2025-05-27 12:00:00,109543.7,113000.0,108788.4,110106.7,8458.21
768,2025-05-27 16:00:00,110106.8,110432.1,109445.3,109800.1,2504.054
769,2025-05-27 20:00:00,109801.8,109841.1,108568.6,108944.6,2007.642
770,2025-05-28 00:00:00,108947.6,109220.0,108355.8,108821.9,3299.662
771,2025-05-28 04:00:00,108821.9,109054.5,108479.8,108760.6,1289.719
772,2025-05-28 08:00:00,108760.5,109133.1,108366.2,108818.2,3550.589
773,2025-05-28 12:00:00,108821.6,109159.5,107035.1,107055.9,7418.321
774,2025-05-28 16:00:00,107056.0,107901.2,107000.0,107000.0,5767.757
775,2025-05-28 20:00:00,107004.6,107977.8,106757.2,107717.7,2262.246
776,2025-05-29 00:00:00,107717.6,108451.9,107367.3,107992.1,2148.822
777,2025-05-29 04:00:00,107990.9,108083.0,107000.0,107765.8,2068.823
778,2025-05-29 08:00:00,107773.4,108874.3,107600.0,108739.9,2740.083
779,2025-05-29 12:00:00,108730.0,108748.0,106492.4,107010.0,7467.705
780,2025-05-29 16:00:00,107010.9,108690.0,105592.1,105670.5,12214.79
781,2025-05-29 20:00:00,105670.1,106575.9,105366.2,105548.9,15187.894
782,2025-05-30 00:00:00,105548.2,107719.3,104005.6,105964.0,7915.93
783,2025-05-30 04:00:00,105964.1,106395.1,104706.2,104956.2,5408.203
784,2025-05-30 08:00:00,104956.1,106062.7,104600.1,105845.7,10968.911
785,2025-05-30 12:00:00,105842.7,105943.0,105068.0,105496.9,6454.992
786,2025-05-30 16:00:00,105496.9,105543.6,103709.1,104580.1,5558.752
787,2025-05-30 20:00:00,104580.1,105027.9,103558.2,103933.7,3852.607
788,2025-05-31 00:00:00,103933.6,108200.0,103059.0,103643.3,7875.562
789,2025-05-31 04:00:00,103640.1,103992.8,103481.9,103700.5,1644.387
790,2025-05-31 08:00:00,103700.5,103800.5,103098.8,103534.3,1910.227
791,2025-05-31 12:00:00,103500.1,104954.6,103500.0,104504.1,11282.313
792,2025-05-31 16:00:00,104503.1,104816.6,104189.4,104643.5,2285.961
793,2025-05-31 20:00:00,104649.1,104906.1,104490.6,104544.7,1157.71
794,2025-06-01 00:00:00,104545.3,104673.0,103825.0,104336.4,2130.701
795,2025-06-01 04:00:00,104336.5,104749.0,104084.8,104231.0,2106.636
796,2025-06-01 08:00:00,104231.0,104410.5,103654.6,104037.9,2505.584
797,2025-06-01 12:00:00,104037.9,105006.9,103772.3,104697.4,22381.844
798,2025-06-01 16:00:00,104697.4,105330.0,104325.8,105076.8,5331.446
799,2025-06-01 20:00:00,105076.9,105799.5,104869.8,105576.8,3740.46
800,2025-06-02 00:00:00,105576.8,105657.8,104650.0,104780.1,1995.917
801,2025-06-02 04:00:00,104780.1,105716.0,104574.3,105297.2,2062.067
802,2025-06-02 08:00:00,105297.2,105850.0,103967.6,104042.5,4932.897
803,2025-06-02 12:00:00,104047.1,104660.2,103647.0,104391.4,7433.375
804,2025-06-02 16:00:00,104391.2,104848.7,104019.2,104368.3,2322.575
805,2025-06-02 20:00:00,104372.4,105924.2,104372.4,105808.5,8383.767
806,2025-06-03 00:00:00,105803.8,106645.3,105328.7,105439.6,16611.021
807,2025-06-03 04:00:00,105438.5,105563.2,105020.2,105129.2,3669.044
808,2025-06-03 08:00:00,105129.2,105454.4,104600.0,105243.3,4436.204
809,2025-06-03 12:00:00,105242.1,106763.9,103806.6,106539.4,14352.326
810,2025-06-03 16:00:00,106539.4,106600.0,105500.0,106194.1,4704.126
811,2025-06-03 20:00:00,106193.7,106239.4,105194.4,105330.1,1494.78
812,2025-06-04 00:00:00,105330.0,105899.2,105099.9,105488.5,1541.704
813,2025-06-04 04:00:00,105489.9,105722.2,105047.8,105282.3,1511.223
814,2025-06-04 08:00:00,105282.3,105936.7,105040.0,105051.2,2349.584
815,2025-06-04 12:00:00,105051.2,105461.1,104220.0,105254.7,10371.246
816,2025-06-04 16:00:00,105254.7,105470.6,104825.9,104891.0,8210.788
817,2025-06-04 20:00:00,104891.1,105009.2,104349.6,104712.2,6969.925
818,2025-06-05 00:00:00,104700.1,105349.6,104700.0,105003.1,3541.921
819,2025-06-05 04:00:00,104999.9,105215.0,104263.8,104515.0,6014.163
820,2025-06-05 08:00:00,104515.0,105024.6,104406.5,104785.4,6719.057
821,2025-06-05 12:00:00,104782.3,105900.0,103887.5,104494.8,9550.906
822,2025-06-05 16:00:00,104494.8,104548.6,101000.0,101900.0,22452.804
823,2025-06-05 20:00:00,101900.5,102900.0,100350.9,101562.5,24381.102
824,2025-06-06 00:00:00,101562.5,102501.2,101077.0,102440.2,4081.282
825,2025-06-06 04:00:00,102440.2,104000.0,102270.6,103085.9,15903.849
826,2025-06-06 08:00:00,103073.3,103925.0,103003.8,103865.9,8844.158
827,2025-06-06 12:00:00,103867.1,105401.5,97000.0,105040.8,24192.583
828,2025-06-06 16:00:00,105040.9,105367.6,103992.9,104194.8,3282.26
829,2025-06-06 20:00:00,104195.8,104656.8,104056.1,104239.8,1363.799
830,2025-06-07 00:00:00,104239.8,105025.5,103816.2,104802.5,1846.957
831,2025-06-07 04:00:00,104803.5,105354.6,104561.3,104816.3,1499.305
832,2025-06-07 08:00:00,104813.7,105316.3,104498.9,105094.4,6715.549
833,2025-06-07 12:00:00,105096.8,105859.9,105094.4,105507.9,2934.982
834,2025-06-07 16:00:00,105507.9,106000.0,105250.0,105688.9,2111.57
835,2025-06-07 20:00:00,105694.2,106008.9,105525.3,105620.2,890.72
836,2025-06-08 00:00:00,105620.2,105785.9,105247.4,105454.6,1193.292
837,2025-06-08 04:00:00,105452.3,105681.3,105350.4,105420.8,1133.337
838,2025-06-08 08:00:00,105437.1,105728.3,104943.6,105619.9,2834.956
839,2025-06-08 12:00:00,105622.0,106158.0,105437.6,105916.0,8092.633
840,2025-06-08 16:00:00,105917.6,107000.0,105809.7,106239.0,4241.765
841,2025-06-08 20:00:00,106239.0,106446.2,105560.0,105684.6,2672.529
842,2025-06-09 00:00:00,105680.9,105988.4,105391.1,105612.3,2622.404
843,2025-06-09 04:00:00,105612.3,105736.2,105391.0,105534.8,1386.84
844,2025-06-09 08:00:00,105530.6,108000.0,105391.0,107676.0,11063.371
845,2025-06-09 12:00:00,107675.9,108117.2,106843.7,107573.0,9784.281
846,2025-06-09 16:00:00,107572.9,108749.8,107565.7,108525.4,9694.478
847,2025-06-09 20:00:00,108524.4,110360.6,108377.7,110218.9,7532.281
848,2025-06-10 00:00:00,110218.8,110255.6,109264.5,109514.6,1836.4
849,2025-06-10 04:00:00,109514.6,109664.1,109010.3,109193.7,1523.447
850,2025-06-10 08:00:00,109189.7,109995.2,109000.0,109495.9,2852.539
851,2025-06-10 12:00:00,109498.0,109828.9,108361.6,108960.8,8417.95
852,2025-06-10 16:00:00,108960.4,110315.2,108530.7,109481.3,3815.568
853,2025-06-10 20:00:00,109481.3,110310.8,109195.4,110242.3,4099.062
854,2025-06-11 00:00:00,110242.3,110249.8,109384.1,109673.9,1443.547
855,2025-06-11 04:00:00,109672.0,109806.3,109200.0,109389.2,1510.059
856,2025-06-11 08:00:00,109396.9,109604.0,108986.1,109224.9,1552.288
857,2025-06-11 12:00:00,109222.2,110454.1,108973.8,109683.6,11041.324
858,2025-06-11 16:00:00,109683.6,109858.0,108406.0,108701.2,9910.562
859,2025-06-11 20:00:00,108701.2,109320.2,108061.4,108613.4,7768.998
860,2025-06-12 00:00:00,108615.6,108827.9,107785.0,107834.3,5407.505
861,2025-06-12 04:00:00,107834.3,108087.2,107372.5,107585.8,4921.911
862,2025-06-12 08:00:00,107585.8,107812.0,106847.6,106851.0,9366.724
863,2025-06-12 12:00:00,106851.0,107870.5,106597.4,107008.7,14598.273
864,2025-06-12 16:00:00,107009.5,108686.2,106723.3,106800.0,22904.259
865,2025-06-12 20:00:00,106800.1,107000.3,105700.0,105700.0,13745.215
866,2025-06-13 00:00:00,105713.2,106940.1,102761.8,104233.0,32593.857
867,2025-06-13 04:00:00,104233.0,104952.6,103754.6,104823.6,5476.857
868,2025-06-13 08:00:00,104823.6,105412.6,104400.1,104965.0,5159.331
869,2025-06-13 12:00:00,104965.0,105666.8,104097.6,105371.7,9856.955
870,2025-06-13 16:00:00,105369.6,105895.6,104467.4,105027.4,12287.9
871,2025-06-13 20:00:00,105027.4,106112.6,105002.9,106031.0,5331.484
872,2025-06-14 00:00:00,106031.1,106169.6,105200.0,105209.1,1834.757
873,2025-06-14 04:00:00,105209.3,105496.0,102100.1,105032.1,10822.214
874,2025-06-14 08:00:00,105032.3,105130.0,104658.0,105041.5,1313.146
875,2025-06-14 12:00:00,105040.7,105083.9,104426.8,104774.7,2541.615
876,2025-06-14 16:00:00,104774.6,105079.9,104287.4,104625.2,3879.054
877,2025-06-14 20:00:00,104625.2,105488.8,104276.8,105359.8,3704.852
878,2025-06-15 00:00:00,105359.8,105739.7,105112.4,105425.6,2437.873
879,2025-06-15 04:00:00,105425.5,106080.9,105157.5,105400.0,4017.581
880,2025-06-15 08:00:00,105400.0,105438.4,104654.7,104937.7,4651.042
881,2025-06-15 12:00:00,104927.4,105836.5,104925.0,105501.7,3055.635
882,2025-06-15 16:00:00,105505.1,105888.4,105050.0,105210.6,2503.395
883,2025-06-15 20:00:00,105209.1,105565.2,104443.6,105530.7,3392.228
884,2025-06-16 00:00:00,105530.7,106093.2,104970.0,105871.1,5346.192
885,2025-06-16 04:00:00,105871.1,107262.5,105844.3,106999.6,10864.147
886,2025-06-16 08:00:00,106999.6,107326.9,106555.8,106850.1,4662.491
887,2025-06-16 12:00:00,106850.1,107754.9,106460.7,107381.1,13269.627
888,2025-06-16 16:00:00,107381.0,108812.1,107266.2,108587.8,9893.325
889,2025-06-16 20:00:00,108589.5,108890.9,106658.6,106664.8,12089.569
890,2025-06-17 00:00:00,106664.8,107687.5,106115.9,107543.0,5095.19
891,2025-06-17 04:00:00,107543.0,107654.3,106257.1,106718.0,4735.812
892,2025-06-17 08:00:00,106717.9,106848.0,105500.0,105608.3,6247.641
893,2025-06-17 12:00:00,105608.4,112884.6,104022.2,104502.5,11856.699
894,2025-06-17 16:00:00,104502.5,104502.5,104502.5,104502.5,0.0
895,2025-06-17 20:00:00,104502.5,104502.5,104502.5,104502.5,0.0
896,2025-06-18 00:00:00,104125.1,119999.0,104125.1,105132.1,32191.453
897,2025-06-18 04:00:00,105132.2,105667.0,104633.8,105015.8,14635.122
898,2025-06-18 08:00:00,105015.8,105368.3,104069.4,104791.2,11414.889
899,2025-06-18 12:00:00,104791.1,105301.0,103891.2,104758.4,8240.264
900,2025-06-18 16:00:00,104758.4,104913.8,103405.9,103776.3,13395.914
901,2025-06-18 20:00:00,103776.3,105167.9,103619.9,104821.2,9102.191
902,2025-06-19 00:00:00,104819.6,105172.9,104438.2,105049.7,1735.389
903,2025-06-19 04:00:00,105049.4,105143.0,104501.7,104585.8,1911.294
904,2025-06-19 08:00:00,104586.0,105075.5,104558.3,104734.9,5866.822
905,2025-06-19 12:00:00,104734.9,104900.0,103854.1,104050.0,8986.277
906,2025-06-19 16:00:00,104049.9,105743.0,104000.0,104202.6,7480.019
907,2025-06-19 20:00:00,104202.6,104839.3,104104.9,104612.8,2779.52
908,2025-06-20 00:00:00,104612.9,104849.1,104359.8,104568.0,1985.192
909,2025-06-20 04:00:00,104568.0,105758.0,104250.0,105757.5,7025.138
910,2025-06-20 08:00:00,105757.5,106552.6,105582.9,105962.0,7581.239
911,2025-06-20 12:00:00,105952.2,106092.1,104000.0,104172.2,14026.257
912,2025-06-20 16:00:00,104172.2,104433.3,102275.6,103321.6,18855.009
913,2025-06-20 20:00:00,103314.1,103746.3,102938.1,103300.0,6288.142
914,2025-06-21 00:00:00,103308.3,103819.5,103153.7,103444.7,2307.828
915,2025-06-21 04:00:00,103444.7,103713.5,103200.0,103374.5,2726.89
916,2025-06-21 08:00:00,103374.5,103985.9,103269.8,103813.4,6635.169
917,2025-06-21 12:00:00,103807.8,103907.3,103200.0,103539.4,5296.58
918,2025-06-21 16:00:00,103539.4,103787.8,102080.0,102203.0,16526.135
919,2025-06-21 20:00:00,102201.8,103594.1,100577.8,102073.1,25183.427
920,2025-06-22 00:00:00,102073.1,103700.0,101860.8,102332.2,5764.255
921,2025-06-22 04:00:00,102333.7,102989.2,102218.1,102407.4,4869.193
922,2025-06-22 08:00:00,102406.5,103106.5,102098.0,102685.0,16218.908
923,2025-06-22 12:00:00,102686.7,104450.0,98802.6,98893.4,20655.371
924,2025-06-22 16:00:00,98893.4,100218.7,98571.9,98837.3,5749.694
925,2025-06-22 20:00:00,98834.2,101061.2,98159.0,100915.5,9204.721
926,2025-06-23 00:00:00,100915.4,101530.7,100440.2,101089.9,2997.917
927,2025-06-23 04:00:00,101089.9,101566.0,101000.0,101469.4,824.543
928,2025-06-23 08:00:00,101800.0,102268.4,101088.4,101284.2,13239.866
929,2025-06-23 12:00:00,101284.2,102700.0,100812.0,101379.4,25718.097
930,2025-06-23 16:00:00,101379.4,104000.0,99643.0,103143.6,40064.604
931,2025-06-23 20:00:00,103141.1,105981.9,102853.5,105291.3,23339.669
932,2025-06-24 00:00:00,105291.3,105434.5,104618.2,104886.5,2661.543
933,2025-06-24 04:00:00,104886.5,105778.8,104480.2,104907.7,9248.062
934,2025-06-24 08:00:00,104907.4,105513.7,104605.0,105206.5,13882.881
935,2025-06-24 12:00:00,105206.5,110000.0,104813.4,105201.2,15134.346
936,2025-06-24 16:00:00,105200.1,106212.0,105200.0,105569.7,6140.309
937,2025-06-24 20:00:00,105575.1,106162.9,105397.9,106026.6,2662.985
938,2025-06-25 00:00:00,106026.6,106885.4,105770.7,106181.1,2912.143
939,2025-06-25 04:00:00,106182.0,106760.4,105982.5,106567.4,3566.828
940,2025-06-25 08:00:00,106567.4,107234.2,106138.3,107157.8,12559.083
941,2025-06-25 12:00:00,107157.9,108164.8,106708.1,106986.5,9954.856
942,2025-06-25 16:00:00,106982.7,107855.0,106893.0,107669.8,10173.057
943,2025-06-25 20:00:00,107669.8,107946.1,107037.6,107287.1,6230.322
944,2025-06-26 00:00:00,107288.3,108260.0,107200.1,107804.4,4314.963
945,2025-06-26 04:00:00,107804.2,108039.5,107500.0,107758.1,1673.229
946,2025-06-26 08:00:00,107758.1,108065.9,106964.9,107272.7,6574.933
947,2025-06-26 12:00:00,107272.7,107676.5,106600.8,107257.3,5176.545
948,2025-06-26 16:00:00,107257.2,107748.9,106976.9,107522.4,5105.15
949,2025-06-26 20:00:00,107512.8,107915.7,106806.4,106889.1,3444.214
950,2025-06-27 00:00:00,106889.1,107472.1,106441.9,107421.7,3566.273
951,2025-06-27 04:00:00,107421.7,107663.3,106822.7,106889.9,3172.234
952,2025-06-27 08:00:00,106853.1,107229.3,106614.1,106935.9,1789.385
953,2025-06-27 12:00:00,106933.7,107385.2,106365.6,107338.9,5205.826
954,2025-06-27 16:00:00,107358.1,107549.9,106365.6,106803.3,14274.274
955,2025-06-27 20:00:00,106790.4,107285.9,106755.3,106984.4,1154.266
956,2025-06-28 00:00:00,106984.4,107448.3,106900.0,107248.0,2115.995
957,2025-06-28 04:00:00,107248.1,107600.0,107128.9,107433.0,1263.986
958,2025-06-28 08:00:00,107433.0,107452.2,107021.2,107320.7,3011.432
959,2025-06-28 12:00:00,107320.2,107527.9,106995.5,107412.7,4269.375
960,2025-06-28 16:00:00,107413.2,107527.6,107080.3,107224.7,4235.154
961,2025-06-28 20:00:00,107223.2,107492.3,107096.8,107241.0,1046.339
962,2025-06-29 00:00:00,107241.0,107561.0,107100.8,107156.5,1814.827
963,2025-06-29 04:00:00,107156.6,107482.9,107156.0,107313.8,1076.36
964,2025-06-29 08:00:00,107313.8,108572.8,107312.9,108415.7,6493.711
965,2025-06-29 12:00:00,108415.7,108582.8,107291.7,107690.5,15986.64
966,2025-06-29 16:00:00,107690.5,107793.1,107260.0,107373.3,5343.641
967,2025-06-29 20:00:00,107372.7,108424.0,107260.0,108309.8,3955.577
968,2025-06-30 00:00:00,108309.8,108743.9,108192.4,108490.7,2428.084
969,2025-06-30 04:00:00,108490.7,108496.5,107390.4,107562.5,3379.982
970,2025-06-30 08:00:00,107562.5,107967.3,107363.0,107616.6,3691.974
971,2025-06-30 12:00:00,107616.9,108192.5,106700.0,107542.3,19622.471
972,2025-06-30 16:00:00,107541.1,107872.2,107100.1,107707.9,2935.898
973,2025-06-30 20:00:00,107707.9,107712.3,106897.8,107102.0,1338.527
974,2025-07-01 00:00:00,107099.3,107551.7,106918.4,107171.1,1492.73
975,2025-07-01 04:00:00,107168.4,107306.5,106574.1,107115.6,6111.417
976,2025-07-01 08:00:00,107115.6,107117.6,106249.4,106550.0,3036.464
977,2025-07-01 12:00:00,106550.0,107158.9,105605.9,105953.4,6838.27
978,2025-07-01 16:00:00,105953.3,106409.2,105252.4,105353.7,17503.617
979,2025-07-01 20:00:00,105352.7,106000.0,105201.0,105637.2,8809.018
980,2025-07-02 00:00:00,105637.1,106573.8,105121.0,106122.8,15357.525
981,2025-07-02 04:00:00,106122.8,107100.0,106099.3,107079.9,3215.33
982,2025-07-02 08:00:00,107079.9,108800.0,107079.9,107439.7,6323.154
983,2025-07-02 12:00:00,107439.6,108755.4,107146.5,108695.0,7487.489
984,2025-07-02 16:00:00,108695.4,109625.7,107869.8,109624.1,17119.145
985,2025-07-02 20:00:00,109623.1,109625.7,108800.1,108800.1,2393.723
986,2025-07-03 00:00:00,108801.2,109214.2,108387.2,108580.2,1884.592
987,2025-07-03 04:00:00,108580.2,109648.4,108519.3,109244.4,2457.129
988,2025-07-03 08:00:00,109254.5,110273.1,109221.5,109560.0,3468.568
989,2025-07-03 12:00:00,109560.1,110480.0,108750.0,109200.1,9469.113
990,2025-07-03 16:00:00,109215.5,110009.4,109005.9,109748.7,9048.599
991,2025-07-03 20:00:00,109751.5,109959.0,109400.5,109550.2,1031.67
992,2025-07-04 00:00:00,109550.2,109804.6,109093.8,109192.1,3073.294
993,2025-07-04 04:00:00,109195.7,109316.5,108664.5,108664.5,3551.084
994,2025-07-04 08:00:00,108664.5,109251.1,108500.0,108924.5,5048.51
995,2025-07-04 12:00:00,108924.6,108965.6,107438.1,107620.3,9588.454
996,2025-07-04 16:00:00,107620.3,108072.9,107075.1,107429.7,7954.89
997,2025-07-04 20:00:00,107429.6,108367.0,107400.4,107939.7,6220.321
998,2025-07-05 00:00:00,107935.3,108249.4,107666.9,108083.9,797.01
999,2025-07-05 04:00:00,108083.9,108360.2,107885.5,107980.9,858.916
1000,2025-07-05 08:00:00,107980.9,108261.5,107834.8,108063.4,977.5
1001,2025-07-05 12:00:00,108063.4,108322.6,107900.0,108012.6,1030.394
1002,2025-07-05 16:00:00,108012.6,108268.9,107900.0,108094.2,2418.747
1003,2025-07-05 20:00:00,108092.2,108293.9,108000.0,108153.3,1103.365
1004,2025-07-06 00:00:00,108153.4,108378.6,108000.0,108001.9,543.053
1005,2025-07-06 04:00:00,108000.1,108435.5,108000.0,108002.2,5650.132
1006,2025-07-06 08:00:00,108000.1,108203.2,107365.7,108017.3,7762.521
1007,2025-07-06 12:00:00,108017.3,109167.8,107970.9,108842.2,3664.295
1008,2025-07-06 16:00:00,108842.1,109026.4,108302.2,108497.9,3182.881
1009,2025-07-06 20:00:00,108493.9,110000.0,108464.4,109165.4,1802.366
1010,2025-07-07 00:00:00,109170.6,109632.2,108640.0,109348.9,2070.318
1011,2025-07-07 04:00:00,109344.8,109409.7,108621.8,109003.0,1280.642
1012,2025-07-07 08:00:00,109003.0,109096.5,108500.0,108586.1,1262.02
1013,2025-07-07 12:00:00,108586.1,108888.8,107975.1,108238.7,5025.6
1014,2025-07-07 16:00:00,108238.0,108508.4,107446.1,108060.8,5277.277
1015,2025-07-07 20:00:00,108060.8,108260.0,107657.8,108223.0,1355.443
1016,2025-07-08 00:00:00,108223.0,108470.1,107920.1,107920.1,3091.602
1017,2025-07-08 04:00:00,107920.1,108470.1,107920.1,108431.1,1898.439
1018,2025-07-08 08:00:00,108431.1,108520.1,107920.1,108519.9,2309.71
1019,2025-07-08 12:00:00,108519.9,108520.1,107870.1,108216.9,3250.438
1020,2025-07-08 16:00:00,108217.0,108620.1,107720.1,108620.1,5137.646
1021,2025-07-08 20:00:00,108619.6,108620.1,107720.1,108610.2,1066.0
1022,2025-07-09 00:00:00,108620.0,108670.1,107670.1,108316.9,1902.13
1023,2025-07-09 04:00:00,108317.0,108670.1,107670.1,108654.7,1057.096
1024,2025-07-09 08:00:00,108654.7,108670.1,107622.0,108670.1,2310.538
1025,2025-07-09 12:00:00,108670.1,108720.1,107570.1,108605.6,4756.498
1026,2025-07-09 16:00:00,108667.4,109628.4,107550.1,109628.4,7453.912
1027,2025-07-09 20:00:00,109600.0,111200.0,107550.1,111103.6,3104.541
1028,2025-07-10 00:00:00,111103.6,111103.8,108100.0,111025.9,3355.069
1029,2025-07-10 04:00:00,111025.9,111103.5,108100.0,111102.7,1595.845
1030,2025-07-10 08:00:00,111102.7,111111.1,108100.0,110956.0,2555.369
1031,2025-07-10 12:00:00,110948.2,111105.1,107550.1,110989.0,4932.522
1032,2025-07-10 16:00:00,110988.9,119999.0,107560.2,113286.3,25067.377
1033,2025-07-10 20:00:00,113286.3,123456.7,111329.6,115952.3,29097.584
1034,2025-07-11 00:00:00,115952.3,121400.0,113800.0,116501.0,5903.362
1035,2025-07-11 04:00:00,116501.0,121400.0,113363.4,117499.3,7276.526
1036,2025-07-11 08:00:00,117499.0,120583.8,114601.0,117792.8,10268.69
1037,2025-07-11 12:00:00,117796.4,118103.4,116001.0,116900.6,7218.532
1038,2025-07-11 16:00:00,116900.6,118069.3,113363.4,118067.7,8021.033
1039,2025-07-11 20:00:00,118067.0,118067.4,116250.0,117500.0,1716.191
1040,2025-07-12 00:00:00,117499.7,117829.8,116400.0,117630.0,666.556
1041,2025-07-12 04:00:00,117629.9,117888.0,116200.0,117455.9,2403.481
1042,2025-07-12 08:00:00,117423.6,117456.0,116200.0,117455.6,2671.55
1043,2025-07-12 12:00:00,117455.6,119888.0,116888.0,117000.0,8095.129
1044,2025-07-12 16:00:00,117000.0,117417.7,116888.0,117389.9,2386.228
1045,2025-07-12 20:00:00,117389.9,117399.9,116888.0,117381.5,1377.4
1046,2025-07-13 00:00:00,117381.0,117399.9,116900.0,117399.6,740.347
1047,2025-07-13 04:00:00,117399.6,118024.7,116900.0,117945.8,3202.207
1048,2025-07-13 08:00:00,117945.7,118062.4,116900.0,117949.2,2673.543
1049,2025-07-13 12:00:00,117949.2,118969.7,117026.3,118545.0,3331.599
1050,2025-07-13 16:00:00,118545.0,118600.0,117200.0,118328.4,1750.605
1051,2025-07-13 20:00:00,118599.7,123400.0,117000.0,118799.9,10284.37
1052,2025-07-14 00:00:00,118799.8,120898.1,116898.0,120726.7,7716.482
1053,2025-07-14 04:00:00,120726.7,121902.5,113455.8,113500.0,15181.363
1054,2025-07-14 08:00:00,113455.9,122000.0,113455.8,121100.0,8643.469
1055,2025-07-14 12:00:00,121099.9,121477.0,117050.8,119850.1,5996.979
1056,2025-07-14 16:00:00,119850.1,120464.7,117301.0,118882.3,3789.515
1057,2025-07-14 20:00:00,118800.9,119749.9,117451.0,119749.9,3825.846
1058,2025-07-15 00:00:00,119737.3,119749.9,117450.1,117450.1,3694.325
1059,2025-07-15 04:00:00,117450.1,118952.5,116000.0,116828.9,3823.197
1060,2025-07-15 08:00:00,116792.0,118000.0,116000.0,117105.6,3255.472
1061,2025-07-15 12:00:00,117110.5,122399.0,116056.7,116424.9,15101.323
1062,2025-07-15 16:00:00,116424.9,120999.9,116418.0,116716.9,3928.567
1063,2025-07-15 20:00:00,116717.0,120895.2,116500.0,117759.6,2254.287
1064,2025-07-16 00:00:00,117772.2,176420.2,116000.0,147998.0,27909.768
1065,2025-07-16 04:00:00,147997.9,148000.0,120027.8,134999.8,6979.175
1066,2025-07-16 08:00:00,134999.8,139999.9,120028.0,133900.0,6297.871
1067,2025-07-16 12:00:00,133900.1,135000.0,116000.0,119040.2,14075.924
1068,2025-07-16 16:00:00,119044.9,136000.0,118720.5,120704.2,5057.37
1069,2025-07-16 20:00:00,120885.4,121900.0,118992.7,119502.9,1820.42
1070,2025-07-17 00:00:00,119344.9,121515.2,118460.3,118460.3,4102.719
1071,2025-07-17 04:00:00,118460.4,118900.0,117992.7,118366.5,3147.963
1072,2025-07-17 08:00:00,118339.4,118900.0,117939.7,117975.0,3028.179
1073,2025-07-17 12:00:00,117975.0,131386.8,116000.0,119200.0,6861.029
1074,2025-07-17 16:00:00,119303.7,134444.0,119200.0,120232.1,3590.089
1075,2025-07-17 20:00:00,120855.6,134000.0,119323.3,120319.0,3136.873
1076,2025-07-18 00:00:00,120338.4,127377.0,119750.0,120225.2,1335.631
1077,2025-07-18 04:00:00,120221.4,126444.0,119356.0,119391.1,2214.114
1078,2025-07-18 08:00:00,119390.1,126444.0,118507.2,119196.8,2596.671
1079,2025-07-18 12:00:00,119196.8,126000.0,116851.0,118056.2,5560.304
1080,2025-07-18 16:00:00,118056.2,123699.9,117817.4,117934.8,2560.907
1081,2025-07-18 20:00:00,117994.4,123000.0,117817.5,117974.9,2288.145
1082,2025-07-19 00:00:00,117963.0,123690.0,117950.2,118279.2,5689.025
1083,2025-07-19 04:00:00,118295.3,123688.8,117950.4,117999.8,1123.771
1084,2025-07-19 08:00:00,117999.8,119167.5,117950.4,118299.9,955.133
1085,2025-07-19 12:00:00,118299.9,123690.0,117950.2,118300.0,7344.022
1086,2025-07-19 16:00:00,118304.0,123690.0,117849.8,118025.0,4778.513
1087,2025-07-19 20:00:00,118025.0,119800.1,117550.0,117858.7,1113.153
1088,2025-07-20 00:00:00,117881.2,119800.1,117700.0,117934.0,1207.237
1089,2025-07-20 04:00:00,117934.2,119800.1,117702.0,117997.6,1486.904
1090,2025-07-20 08:00:00,117997.7,118454.8,117700.0,117862.2,1520.487
1091,2025-07-20 12:00:00,117862.2,119000.0,117750.0,118656.9,2149.444
1092,2025-07-20 16:00:00,118656.9,121525.0,118136.2,118516.0,1413.201
1093,2025-07-20 20:00:00,118516.0,121500.0,117000.0,117500.1,3566.953
1094,2025-07-21 00:00:00,117664.2,119962.4,116523.0,118369.1,2014.008
1095,2025-07-21 04:00:00,118364.8,119999.0,117984.7,119348.2,1808.483
1096,2025-07-21 08:00:00,119348.2,120000.0,117438.4,118100.2,2442.886
1097,2025-07-21 12:00:00,118139.0,120000.0,117580.1,118430.0,4023.288
1098,2025-07-21 16:00:00,118430.0,126444.0,110000.0,116757.3,18764.439
1099,2025-07-21 20:00:00,116757.3,117742.9,116750.9,117330.3,4662.817
1100,2025-07-22 00:00:00,117330.3,121000.0,116081.9,117150.1,12078.249
1101,2025-07-22 04:00:00,117150.1,126444.0,116210.1,117934.8,15020.551
1102,2025-07-22 08:00:00,117934.8,121000.0,117528.3,119153.1,8390.75
1103,2025-07-22 12:00:00,119153.0,121000.0,118238.1,118917.3,13350.126
1104,2025-07-22 16:00:00,119000.1,120208.0,118441.5,119239.9,8794.893
1105,2025-07-22 20:00:00,119239.9,120227.7,119217.9,119979.6,4165.54
1106,2025-07-23 00:00:00,119979.6,120120.0,118600.4,118608.4,3757.943
1107,2025-07-23 04:00:00,118608.4,118998.9,118236.1,118329.3,4881.46
1108,2025-07-23 08:00:00,118326.9,118720.7,117812.5,118484.8,4793.508
1109,2025-07-23 12:00:00,118484.8,118661.0,117000.0,118531.5,8316.379
1110,2025-07-23 16:00:00,118514.3,118561.7,117429.9,118349.2,3274.589
1111,2025-07-23 20:00:00,118349.2,118770.4,117429.8,118699.9,1588.44
1112,2025-07-24 00:00:00,118699.9,126444.0,118360.0,118528.5,3065.213
1113,2025-07-24 04:00:00,118528.6,118699.9,117153.1,118451.2,2144.769
1114,2025-07-24 08:00:00,118223.0,119077.4,117440.6,118680.0,653.006
1115,2025-07-24 12:00:00,118679.0,119494.9,117816.5,119090.0,2678.461
1116,2025-07-24 16:00:00,119035.3,154591.0,117098.4,118859.2,28387.137
1117,2025-07-24 20:00:00,118658.6,119225.0,117700.0,118337.4,3838.132
1118,2025-07-25 00:00:00,118337.4,118599.9,115000.0,115550.0,7172.135
1119,2025-07-25 04:00:00,115365.1,117932.0,114500.0,115428.0,7160.636
1120,2025-07-25 08:00:00,115428.0,117600.0,114600.0,116813.0,3030.478
1121,2025-07-25 12:00:00,116600.0,117199.9,114500.0,116006.6,6296.265
1122,2025-07-25 16:00:00,115677.1,117000.0,114900.0,116849.8,3608.749
1123,2025-07-25 20:00:00,116581.2,117799.9,116500.0,117799.8,6263.938
1124,2025-07-26 00:00:00,117799.8,117932.0,116350.0,117754.5,3690.204
1125,2025-07-26 04:00:00,117455.9,117932.0,116800.0,117399.5,3449.083
1126,2025-07-26 08:00:00,117399.5,118999.0,117200.0,117827.9,2641.41
1127,2025-07-26 12:00:00,117827.7,118400.0,117200.0,118258.2,2145.295
1128,2025-07-26 16:00:00,117937.2,118269.3,117350.0,118264.9,1185.985
1129,2025-07-26 20:00:00,118264.9,118265.0,117300.0,117952.9,1972.199
1130,2025-07-27 00:00:00,117952.8,118269.3,117806.8,118185.4,1823.494
1131,2025-07-27 04:00:00,118185.4,118489.4,117769.5,118090.3,1519.272
1132,2025-07-27 08:00:00,118090.4,118416.7,117670.8,118050.0,5170.15
1133,2025-07-27 12:00:00,118029.4,118612.8,117490.0,118612.7,7133.755
1134,2025-07-27 16:00:00,118612.7,120000.0,117800.1,118919.7,3693.177
1135,2025-07-27 20:00:00,118919.7,122222.0,118230.0,119001.1,4041.968
1136,2025-07-28 00:00:00,119001.2,119924.4,119000.2,119233.7,3379.353
1137,2025-07-28 04:00:00,119010.1,119900.0,118550.0,118910.3,1080.211
1138,2025-07-28 08:00:00,118910.2,119900.0,118100.0,118787.7,2598.643
1139,2025-07-28 12:00:00,118787.7,119114.8,117150.1,118129.3,4549.201
1140,2025-07-28 16:00:00,118143.1,118888.2,117150.1,118026.7,6972.017
1141,2025-07-28 20:00:00,118074.0,118698.2,117400.0,117765.0,4228.583
1142,2025-07-29 00:00:00,117765.0,118904.6,117300.0,118750.1,7146.141
1143,2025-07-29 04:00:00,118750.1,119436.3,117300.0,118710.2,795.42
1144,2025-07-29 08:00:00,118975.1,119281.8,117300.0,118545.7,415.011
1145,2025-07-29 12:00:00,118654.0,119500.9,117300.0,117393.4,1266.017
1146,2025-07-29 16:00:00,117447.6,118141.9,116500.0,117432.0,2828.995
1147,2025-07-29 20:00:00,117576.1,118491.6,116332.1,118000.1,1104.942
1148,2025-07-30 00:00:00,117863.1,118394.3,117301.0,118119.3,1062.787
1149,2025-07-30 04:00:00,118147.9,118488.8,111200.0,118052.3,10472.659
1150,2025-07-30 08:00:00,118103.7,118526.9,117252.0,117598.8,11290.438
1151,2025-07-30 12:00:00,117598.9,118733.1,117338.9,117927.6,7460.329
1152,2025-07-30 16:00:00,117949.3,118000.7,115150.0,116978.3,8311.743
1153,2025-07-30 20:00:00,116978.3,117862.8,115600.0,117792.2,4766.634
1154,2025-07-31 00:00:00,117793.0,118715.6,117133.5,118277.2,4495.673
1155,2025-07-31 04:00:00,118277.2,118888.0,117105.9,118756.8,1407.109
1156,2025-07-31 08:00:00,118521.1,118888.0,117232.2,118351.6,1119.655
1157,2025-07-31 12:00:00,118351.7,118689.8,117627.5,118248.2,18316.308
1158,2025-07-31 16:00:00,118248.2,118832.8,115500.0,116935.0,10059.581
1159,2025-07-31 20:00:00,116935.0,117150.0,111200.0,115954.8,8998.265
1160,2025-08-01 00:00:00,115750.0,116999.9,111250.0,115699.4,2330.566
1161,2025-08-01 04:00:00,115854.1,116999.0,114500.0,115098.9,6462.728
1162,2025-08-01 08:00:00,115098.9,116950.0,113709.7,115395.2,3073.951
1163,2025-08-01 12:00:00,115395.2,116320.0,113300.0,115423.7,4191.04
1164,2025-08-01 16:00:00,115368.2,116000.0,112500.1,113341.1,9819.77
1165,2025-08-01 20:00:00,113341.1,115216.7,112500.1,113477.5,5479.613
1166,2025-08-02 00:00:00,113307.1,115000.0,112500.0,114137.8,569.236
1167,2025-08-02 04:00:00,114137.8,115000.0,110000.0,114049.8,5859.527
1168,2025-08-02 08:00:00,113965.7,114049.9,110100.0,113976.8,710.575
1169,2025-08-02 12:00:00,113976.8,113998.6,112045.7,112988.3,2251.821
1170,2025-08-02 16:00:00,112798.5,113998.6,111300.0,112291.3,6257.613
1171,2025-08-02 20:00:00,112285.9,113998.6,111322.0,112502.0,729.859
1172,2025-08-03 00:00:00,112502.0,114436.2,111322.0,113500.9,6732.797
1173,2025-08-03 04:00:00,113557.9,113898.0,112864.4,113866.0,933.48
1174,2025-08-03 08:00:00,113866.0,114505.1,112800.0,114065.1,1615.769
1175,2025-08-03 12:00:00,114065.1,114232.5,111300.0,114161.2,1314.32
1176,2025-08-03 16:00:00,114161.2,115000.0,111300.0,114341.6,1147.439
1177,2025-08-03 20:00:00,114283.0,115000.0,113500.0,114400.0,886.241
1178,2025-08-04 00:00:00,114400.0,115000.0,112001.0,114592.4,840.319
1179,2025-08-04 04:00:00,114592.5,114940.0,112560.0,114698.9,820.647
1180,2025-08-04 08:00:00,114699.0,115000.0,111111.1,114468.1,5327.132
1181,2025-08-04 12:00:00,114468.1,115900.0,112000.0,114784.9,1710.541
1182,2025-08-04 16:00:00,114784.2,115888.0,113333.0,114655.2,1065.387
1183,2025-08-04 20:00:00,114701.0,115500.0,113672.2,114982.7,620.073
1184,2025-08-05 00:00:00,114999.9,115333.5,114058.0,114307.1,347.253
1185,2025-08-05 04:00:00,114307.1,114682.3,113600.0,114122.9,920.166
1186,2025-08-05 08:00:00,114122.9,115350.0,113600.0,114766.3,980.317
1187,2025-08-05 12:00:00,114756.2,114868.3,112000.0,113006.0,3557.601
1188,2025-08-05 16:00:00,113006.0,113799.4,112740.0,113604.8,2931.606
1189,2025-08-05 20:00:00,113604.8,114464.8,112740.0,114182.4,791.044
1190,2025-08-06 00:00:00,114182.4,118218.2,109817.0,113575.2,11452.729
1191,2025-08-06 04:00:00,113575.2,114646.1,110622.9,114280.4,1597.347
1192,2025-08-06 08:00:00,114280.4,114700.0,110000.0,114256.0,2005.104
1193,2025-08-06 12:00:00,114256.0,115457.5,112300.0,115299.8,2794.611
1194,2025-08-06 16:00:00,115299.8,115676.8,114535.6,115238.8,6222.961
1195,2025-08-06 20:00:00,115238.4,115268.7,114658.7,115028.1,1055.965
1196,2025-08-07 00:00:00,115033.0,115199.0,114300.0,114683.1,1542.177
1197,2025-08-07 04:00:00,114666.1,114983.1,114000.0,114983.1,1036.811
1198,2025-08-07 08:00:00,114983.1,120000.0,114543.3,116493.2,8102.383
1199,2025-08-07 12:00:00,116493.2,117208.0,114772.6,116661.1,6731.18
1200,2025-08-07 16:00:00,116666.0,117666.6,114000.0,117435.9,5757.533
1201,2025-08-07 20:00:00,117418.4,117980.0,114845.3,115351.1,2324.115
1202,2025-08-08 00:00:00,115351.1,121000.0,93000.0,115590.8,39131.762
1203,2025-08-08 04:00:00,114671.7,120900.0,114400.0,116800.0,6843.059
1204,2025-08-08 08:00:00,116899.9,120999.8,115201.0,116957.4,62258.137
1205,2025-08-08 12:00:00,116844.0,118355.0,115222.0,116177.4,2532.702
1206,2025-08-08 16:00:00,116226.9,120999.8,115222.0,116402.8,7901.11
1207,2025-08-08 20:00:00,116519.9,116999.0,115222.0,116621.3,1918.582
1208,2025-08-09 00:00:00,116621.3,120999.8,115382.3,115700.1,6199.851
1209,2025-08-09 04:00:00,116499.9,120900.0,115400.0,116864.9,3130.735
1210,2025-08-09 08:00:00,116864.9,120000.0,115405.0,117052.1,2887.773
1211,2025-08-09 12:00:00,116145.1,117253.0,116055.4,116790.9,1704.405
1212,2025-08-09 16:00:00,116788.3,116903.0,116321.0,116588.1,1278.014
1213,2025-08-09 20:00:00,116588.1,116919.2,116232.9,116515.2,1047.747
1214,2025-08-10 00:00:00,116515.4,119336.3,115611.0,118435.1,1305.278
1215,2025-08-10 04:00:00,118499.9,119336.3,117100.0,117780.0,1432.336
1216,2025-08-10 08:00:00,117760.1,118555.0,117100.0,118277.7,950.745
1217,2025-08-10 12:00:00,118399.9,119900.0,117505.0,118824.0,5610.684
1218,2025-08-10 16:00:00,118884.8,119013.4,117800.0,118856.8,3309.642
1219,2025-08-10 20:00:00,118720.0,119564.4,117987.6,119531.0,2104.521
1220,2025-08-11 00:00:00,119453.7,122199.0,117199.7,121728.6,12813.412
1221,2025-08-11 04:00:00,121728.6,134437.7,119850.0,121596.8,11342.222
1222,2025-08-11 08:00:00,121596.8,123888.0,119850.0,120567.9,3081.118
1223,2025-08-11 12:00:00,120482.8,121300.0,118500.1,120270.7,2055.438
1224,2025-08-11 16:00:00,120277.4,120798.0,118500.1,119000.0,1840.039
1225,2025-08-11 20:00:00,118999.9,119410.0,118100.1,118607.0,2841.692
1226,2025-08-12 00:00:00,118643.3,119807.0,118300.0,118807.3,1466.441
1227,2025-08-12 04:00:00,118807.3,119380.0,118432.1,118913.8,1200.214
1228,2025-08-12 08:00:00,118928.0,119300.0,118300.0,118495.5,3138.848
1229,2025-08-12 12:00:00,118506.3,119999.0,118300.0,119760.9,2302.101
1230,2025-08-12 16:00:00,119985.5,120690.0,118604.0,119739.3,5763.76
1231,2025-08-12 20:00:00,119720.0,123000.0,118643.2,120191.9,1447.566
1232,2025-08-13 00:00:00,120176.4,120300.0,115500.0,119435.3,14022.911
1233,2025-08-13 04:00:00,119480.9,119985.1,118850.3,119459.4,4219.338
1234,2025-08-13 08:00:00,119566.4,121370.6,118850.3,120435.7,728.681
1235,2025-08-13 12:00:00,120630.1,123900.0,119100.0,121125.6,3712.801
1236,2025-08-13 16:00:00,121125.5,122990.0,119999.0,122688.2,2468.608
1237,2025-08-13 20:00:00,122688.2,123888.0,120800.0,123265.7,1998.863
1238,2025-08-14 00:00:00,123265.7,125000.0,122200.0,123528.6,1252.556
1239,2025-08-14 04:00:00,123281.7,168799.8,90000.0,121817.0,71962.737
1240,2025-08-14 08:00:00,121817.0,122007.1,118820.0,120901.5,8898.316
1241,2025-08-14 12:00:00,120901.5,121100.1,117849.9,118183.5,9097.177
1242,2025-08-14 16:00:00,118438.9,119176.0,117000.1,118007.3,4514.177
1243,2025-08-14 20:00:00,118007.3,118610.4,117020.1,118565.3,1632.343
1244,2025-08-15 00:00:00,118565.3,119186.0,118058.1,119185.9,4153.539
1245,2025-08-15 04:00:00,119185.9,119199.0,118570.1,119005.6,1629.214
1246,2025-08-15 08:00:00,119005.6,120018.5,97000.0,118940.0,30430.167
1247,2025-08-15 12:00:00,118940.0,119064.1,110000.0,117519.3,3302.733
1248,2025-08-15 16:00:00,117519.3,118000.0,116300.0,117065.4,1549.69
1249,2025-08-15 20:00:00,116773.4,118000.0,116300.1,117498.5,4795.632
1250,2025-08-16 00:00:00,117498.5,118000.0,116300.0,117405.3,3795.208
1251,2025-08-16 04:00:00,117449.1,118251.2,116481.0,117749.9,1182.592
1252,2025-08-16 08:00:00,117749.9,118356.8,116607.9,117486.9,1175.423
1253,2025-08-16 12:00:00,117486.9,118175.1,117253.0,117740.0,2685.573
1254,2025-08-16 16:00:00,117740.0,118492.5,117300.0,117511.6,651.145
1255,2025-08-16 20:00:00,117511.6,118492.5,116607.9,117297.4,5002.693
1256,2025-08-17 00:00:00,117297.4,118000.0,116971.7,117344.6,339.147
1257,2025-08-17 04:00:00,117344.6,118492.5,116850.5,118099.7,4910.686
1258,2025-08-17 08:00:00,118000.1,118492.5,117750.0,118296.3,1078.93
1259,2025-08-17 12:00:00,118294.1,118779.0,117800.2,118257.3,3787.508
1260,2025-08-17 16:00:00,118278.8,118888.0,117400.0,117658.1,1746.995
1261,2025-08-17 20:00:00,117658.1,118744.0,117400.0,117431.3,1349.001
1262,2025-08-18 00:00:00,117431.3,118744.0,114420.8,115381.7,3145.944
1263,2025-08-18 04:00:00,115300.0,115852.8,114900.0,115257.1,545.121
1264,2025-08-18 08:00:00,115257.2,115682.4,114420.9,115149.8,1157.417
1265,2025-08-18 12:00:00,115149.8,116600.0,114900.1,116351.1,2454.399
1266,2025-08-18 16:00:00,116109.1,117422.7,114900.1,116575.2,4892.36
1267,2025-08-18 20:00:00,116575.2,121000.0,115300.0,116200.9,4093.231
1268,2025-08-19 00:00:00,116200.9,117610.9,114801.0,115032.3,1821.539
1269,2025-08-19 04:00:00,115032.3,116000.0,114420.8,114700.0,3714.628
1270,2025-08-19 08:00:00,114991.6,116000.0,114420.8,115159.6,2984.566
1271,2025-08-19 12:00:00,115159.6,115993.0,112100.1,113773.9,3794.518
1272,2025-08-19 16:00:00,113773.9,114323.5,112500.0,113272.0,3800.919
1273,2025-08-19 20:00:00,113146.7,114500.0,112777.0,113026.9,962.307
1274,2025-08-20 00:00:00,112781.0,114500.0,112555.0,113700.0,1322.826
1275,2025-08-20 04:00:00,113700.0,117000.0,100004.0,113466.5,11245.303
1276,2025-08-20 08:00:00,113420.9,115552.9,112930.8,113617.9,1720.063
1277,2025-08-20 12:00:00,113561.3,115500.0,110520.6,113533.7,6098.195
1278,2025-08-20 16:00:00,113245.4,115500.0,112996.0,114386.0,4478.774
1279,2025-08-20 20:00:00,114385.9,114832.5,113774.9,114275.7,802.47
1280,2025-08-21 00:00:00,114275.7,116308.6,113758.3,114059.4,822.494
1281,2025-08-21 04:00:00,114059.4,120899.0,110000.0,113944.4,6755.134
1282,2025-08-21 08:00:00,113944.4,114183.0,112870.5,113280.1,2640.28
1283,2025-08-21 12:00:00,113190.4,114096.7,112455.2,112866.3,1142.073
1284,2025-08-21 16:00:00,112821.1,113137.4,111010.0,112154.9,2618.712
1285,2025-08-21 20:00:00,112149.7,112948.3,112006.1,112557.0,714.377
1286,2025-08-22 00:00:00,112557.0,114238.6,110000.0,113116.7,3123.905
1287,2025-08-22 04:00:00,113113.4,113354.0,112568.5,113299.6,2589.95
1288,2025-08-22 08:00:00,113070.9,113353.8,112200.0,112274.1,10769.655
1289,2025-08-22 12:00:00,112376.3,118000.0,111766.4,116464.8,14937.177
1290,2025-08-22 16:00:00,116464.8,118000.0,115393.9,116539.1,4587.051
1291,2025-08-22 20:00:00,116614.0,118000.0,115500.0,116882.3,684.146
1292,2025-08-23 00:00:00,116882.4,117058.3,115298.9,115525.1,4366.85
1293,2025-08-23 04:00:00,115646.8,117500.0,115021.0,115825.0,1871.194
1294,2025-08-23 08:00:00,115825.0,116152.1,115010.7,115306.4,1648.861
1295,2025-08-23 12:00:00,115121.3,115708.0,114501.0,114783.0,2394.566
1296,2025-08-23 16:00:00,114783.0,115708.0,114561.2,115073.4,5032.052
1297,2025-08-23 20:00:00,115042.0,115708.0,114795.6,115386.0,353.673
1298,2025-08-24 00:00:00,115386.0,115840.0,114526.1,115084.0,3298.807
1299,2025-08-24 04:00:00,115084.0,116000.0,114678.9,114950.4,885.682
1300,2025-08-24 08:00:00,114970.4,117220.0,114526.1,114662.4,2280.048
1301,2025-08-24 12:00:00,114662.4,115000.0,113761.8,114550.0,1457.528
1302,2025-08-24 16:00:00,114359.4,115000.0,109820.0,112626.1,8743.401
1303,2025-08-24 20:00:00,112337.3,113875.0,109850.0,113311.2,5722.777
1304,2025-08-25 00:00:00,113311.2,113807.2,111111.1,113162.0,1930.371
1305,2025-08-25 04:00:00,113162.0,113162.0,110000.3,111808.7,5219.861
1306,2025-08-25 08:00:00,111449.3,112370.8,109850.0,111264.0,5808.001
1307,2025-08-25 12:00:00,111264.0,112591.0,110000.0,112228.6,9999.41
1308,2025-08-25 16:00:00,112228.6,113000.0,110300.0,110806.0,2706.357
1309,2025-08-25 20:00:00,110807.6,111259.4,103888.0,110399.3,9224.853
1310,2025-08-26 00:00:00,110200.6,111612.0,104193.0,109874.7,5431.226
1311,2025-08-26 04:00:00,109890.7,111000.0,109700.0,110495.0,519.645
1312,2025-08-26 08:00:00,110295.4,111000.0,109364.4,109842.2,1122.486
1313,2025-08-26 12:00:00,109839.2,138500.1,109251.7,109621.4,11177.79
1314,2025-08-26 16:00:00,109621.4,111151.9,109275.0,111058.0,2504.141
1315,2025-08-26 20:00:00,111062.1,112496.5,110840.8,111709.9,7232.087
1316,2025-08-27 00:00:00,111709.9,112033.7,110820.9,111373.5,2428.988
1317,2025-08-27 04:00:00,111372.2,111893.9,110437.3,110688.0,890.719
1318,2025-08-27 08:00:00,110688.0,111477.9,110270.0,111270.7,1784.357
1319,2025-08-27 12:00:00,111270.7,121500.0,110905.0,111965.1,21548.372
1320,2025-08-27 16:00:00,111970.7,112640.6,111452.0,112018.2,11941.963
1321,2025-08-27 20:00:00,112028.8,121500.0,111000.0,111136.7,24392.077
1322,2025-08-28 00:00:00,111136.7,140762.7,110600.7,111948.0,16456.369
1323,2025-08-28 04:00:00,111954.2,114852.3,111891.6,113079.2,5061.025
1324,2025-08-28 08:00:00,113099.1,113756.5,112613.9,112876.5,4641.816
1325,2025-08-28 12:00:00,112872.7,113648.2,112257.9,112581.6,15393.646
1326,2025-08-28 16:00:00,112581.6,113400.0,111858.1,111859.1,16408.384
1327,2025-08-28 20:00:00,111859.1,112582.1,111782.0,112500.0,2577.455
1328,2025-08-29 00:00:00,112507.2,112631.2,111134.8,111659.1,2331.065
1329,2025-08-29 04:00:00,111659.2,112000.0,109750.0,109960.2,5740.308
1330,2025-08-29 08:00:00,109949.5,110350.6,109252.4,110141.9,992.412
1331,2025-08-29 12:00:00,110141.8,111647.9,107890.0,108371.4,22576.858
1332,2025-08-29 16:00:00,108334.4,110834.0,107777.7,108163.1,4131.559
1333,2025-08-29 20:00:00,108162.0,111700.0,107488.1,108317.8,20872.729
1334,2025-08-30 00:00:00,108371.9,110547.0,107100.0,108368.0,3488.106
1335,2025-08-30 04:00:00,108368.0,110547.0,107955.7,108466.7,2491.747
1336,2025-08-30 08:00:00,108649.8,110500.0,108167.3,108647.3,6029.445
1337,2025-08-30 12:00:00,108638.9,109059.4,108026.5,108835.3,2644.888
1338,2025-08-30 16:00:00,108835.3,109101.0,108364.6,108769.5,7891.13
1339,2025-08-30 20:00:00,108939.9,108963.1,108326.5,108758.0,2438.601
1340,2025-08-31 00:00:00,108758.0,109712.9,108555.4,109167.1,1275.883
1341,2025-08-31 04:00:00,109175.4,109335.6,108334.6,108658.3,823.142
1342,2025-08-31 08:00:00,108658.4,109273.7,108201.9,108350.1,1217.06
1343,2025-08-31 12:00:00,108350.0,109040.9,108024.5,108758.1,1189.444
1344,2025-08-31 16:00:00,108814.0,109352.0,108490.8,108877.2,954.517
1345,2025-08-31 20:00:00,108929.3,109284.4,107973.3,108208.4,3501.489
1346,2025-09-01 00:00:00,108208.4,108678.1,107116.0,107619.1,10163.111
1347,2025-09-01 04:00:00,107619.1,109382.0,107020.0,109367.8,4593.399
1348,2025-09-01 08:00:00,109382.0,110028.0,107400.0,108750.1,2187.341
1349,2025-09-01 12:00:00,108750.1,110500.0,106000.0,108738.0,9395.524
1350,2025-09-01 16:00:00,108740.1,109486.0,108200.0,109178.9,4900.209
1351,2025-09-01 20:00:00,109178.7,109445.9,106500.0,109220.6,10057.656
1352,2025-09-02 00:00:00,109221.3,110815.4,108754.9,110276.5,2444.927
1353,2025-09-02 04:00:00,110285.9,110647.6,109944.5,110185.2,979.942
1354,2025-09-02 08:00:00,110190.1,111111.0,109422.1,109689.6,10093.489
1355,2025-09-02 12:00:00,109698.6,111763.7,108000.0,110779.7,16723.501
1356,2025-09-02 16:00:00,110779.7,111304.1,110125.0,110660.1,4333.092
1357,2025-09-02 20:00:00,110660.1,110660.1,110660.1,110660.1,0.0
1358,2025-09-03 00:00:00,110660.1,110660.1,110660.1,110660.1,0.0
1359,2025-09-03 04:00:00,110945.0,111236.0,110445.5,111041.4,3640.133
1360,2025-09-03 08:00:00,111041.4,111710.4,110818.4,111473.8,930.731
1361,2025-09-03 12:00:00,111473.8,112489.4,110843.6,112168.5,2299.898
1362,2025-09-03 16:00:00,112168.5,112489.4,111561.9,112134.5,766.518
1363,2025-09-03 20:00:00,112164.4,112317.3,111681.0,111681.0,323.622
1364,2025-09-04 00:00:00,111681.0,112194.0,111212.0,111212.1,910.506
1365,2025-09-04 04:00:00,111214.7,111475.6,110255.0,110417.3,361.184
1366,2025-09-04 08:00:00,110433.3,111744.0,110356.1,110767.7,582.926
1367,2025-09-04 12:00:00,110767.7,111172.3,108542.9,109465.6,1028.884
1368,2025-09-04 16:00:00,109546.5,110291.2,109180.4,109839.6,563.482
1369,2025-09-04 20:00:00,109841.5,111853.2,109804.3,110647.0,356.501
1370,2025-09-05 00:00:00,110625.9,111502.0,110237.6,111245.0,545.33
1371,2025-09-05 04:00:00,111248.4,113241.2,110960.9,112924.0,1474.94
1372,2025-09-05 08:00:00,112875.0,120000.0,111910.6,112299.5,892.034
1373,2025-09-05 12:00:00,112299.5,119661.3,110305.0,110746.6,8438.279
1374,2025-09-05 16:00:00,110742.7,111648.4,110218.8,111446.9,789.324
1375,2025-09-05 20:00:00,111303.4,112000.0,110370.4,110614.9,2024.559
1376,2025-09-06 00:00:00,110598.8,111390.0,110383.8,111034.0,319.693
1377,2025-09-06 04:00:00,111055.9,111056.0,110576.0,110805.0,315.849
1378,2025-09-06 08:00:00,110805.0,111056.0,110530.4,110856.3,657.382
1379,2025-09-06 12:00:00,110875.1,111161.0,110370.1,110370.7,621.026
1380,2025-09-06 16:00:00,110506.1,110615.1,109988.0,109988.0,606.897
1381,2025-09-06 20:00:00,109988.1,110461.0,109920.3,110135.2,265.778
1382,2025-09-07 00:00:00,110132.6,110865.0,109928.6,110579.8,360.62
1383,2025-09-07 04:00:00,110580.6,110982.2,110237.4,110766.5,376.477
1384,2025-09-07 08:00:00,110767.3,111750.0,110634.2,111249.5,524.067
1385,2025-09-07 12:00:00,111249.5,111473.4,110873.5,111241.0,967.556
1386,2025-09-07 16:00:00,111241.0,111321.6,110774.7,111217.0,1198.109
1387,2025-09-07 20:00:00,111216.2,111732.2,110908.0,111112.2,567.687
1388,2025-09-08 00:00:00,111115.4,111472.4,110466.4,111057.7,470.513
1389,2025-09-08 04:00:00,111057.7,111600.5,110752.8,111333.8,309.577
1390,2025-09-08 08:00:00,111335.6,112600.9,111218.5,112043.7,1577.175
1391,2025-09-08 12:00:00,112050.3,113077.9,111554.0,112568.3,587.251
1392,2025-09-08 16:00:00,112568.0,112867.9,111554.0,111999.1,480.834
1393,2025-09-08 20:00:00,112059.0,112658.6,111677.9,112027.4,589.343
1394,2025-09-09 00:00:00,112072.6,112275.3,111048.6,111664.6,334.015
1395,2025-09-09 04:00:00,111664.6,113588.0,111561.4,112987.8,2877.643
1396,2025-09-09 08:00:00,112991.2,113284.6,112324.0,112571.5,572.565
1397,2025-09-09 12:00:00,112572.2,112989.0,110524.0,110870.0,2168.135
1398,2025-09-09 16:00:00,110870.0,111800.0,110631.6,111274.9,684.209
1399,2025-09-09 20:00:00,111274.9,111834.1,111137.8,111499.9,374.013
1400,2025-09-10 00:00:00,111499.9,111602.2,110975.0,111499.0,427.828
1401,2025-09-10 04:00:00,111531.4,112866.0,111233.4,112510.9,503.89
1402,2025-09-10 08:00:00,112515.2,112928.7,111936.0,112263.3,1639.802
1403,2025-09-10 12:00:00,112258.8,114555.0,112187.0,113795.6,3771.671
1404,2025-09-10 16:00:00,113795.6,114148.8,113001.0,113550.8,1373.314
1405,2025-09-10 20:00:00,113550.9,114056.1,113357.1,113903.8,957.904
1406,2025-09-11 00:00:00,113896.7,114572.8,113588.0,114354.3,447.523
1407,2025-09-11 04:00:00,114354.4,114600.0,113819.1,114065.7,588.424
1408,2025-09-11 08:00:00,114067.9,134999.0,105000.0,113960.9,164407.421
1409,2025-09-11 12:00:00,113960.9,120000.0,106000.0,114122.3,1374.229
1410,2025-09-11 16:00:00,114122.3,114800.0,113957.7,114385.3,582.883
1411,2025-09-11 20:00:00,114385.3,116500.0,113957.7,115439.0,1154.392
1412,2025-09-12 00:00:00,115439.0,116500.0,114845.1,115209.3,983.707
1413,2025-09-12 04:00:00,115209.3,115808.5,114879.2,115089.8,313.072
1414,2025-09-12 08:00:00,115089.8,115888.0,114670.4,114863.0,1251.113
1415,2025-09-12 12:00:00,114863.0,115800.9,114800.0,115064.9,940.812
1416,2025-09-12 16:00:00,115064.8,116888.0,114893.5,116594.0,4768.371
1417,2025-09-12 20:00:00,116594.0,116888.0,113500.0,115980.2,1063.469
1418,2025-09-13 00:00:00,116040.0,116629.7,115508.6,116034.7,1671.896
1419,2025-09-13 04:00:00,115934.8,116500.0,115403.6,115715.5,583.915
1420,2025-09-13 08:00:00,115715.6,116500.0,115490.4,115912.9,497.162
1421,2025-09-13 12:00:00,115912.9,116864.0,115400.0,115734.1,2576.809
1422,2025-09-13 16:00:00,115721.4,115851.0,115014.5,115799.9,757.149
1423,2025-09-13 20:00:00,115799.9,116050.0,115600.0,115862.7,1530.925
1424,2025-09-14 00:00:00,115862.7,116084.0,115545.0,115660.0,2700.792
1425,2025-09-14 04:00:00,115660.0,116021.0,115385.0,115746.1,3222.333
1426,2025-09-14 08:00:00,115746.1,116370.0,115506.0,115590.7,1004.568
1427,2025-09-14 12:00:00,115695.0,116370.0,114937.2,115430.9,5299.128
1428,2025-09-14 16:00:00,115240.0,115750.0,115000.0,115597.4,734.944
1429,2025-09-14 20:00:00,115597.4,116100.0,115000.0,115169.2,9170.248
1430,2025-09-15 00:00:00,115168.7,115833.6,114600.6,115387.7,1344.778
1431,2025-09-15 04:00:00,115387.6,116806.5,115165.0,115769.5,1914.255
1432,2025-09-15 08:00:00,115769.5,131611.0,114500.0,115008.9,23603.655
1433,2025-09-15 12:00:00,115072.5,115300.0,114196.5,114792.7,19059.099
1434,2025-09-15 16:00:00,114792.7,115651.2,114350.0,115240.1,1734.13
1435,2025-09-15 20:00:00,115249.7,116070.0,114975.1,115636.6,714.664
1436,2025-09-16 00:00:00,115436.5,115636.6,114800.0,115342.4,619.379
1437,2025-09-16 04:00:00,115338.1,116188.0,114867.0,115811.7,2135.06
1438,2025-09-16 08:00:00,115799.4,116127.6,115169.6,115296.4,1059.509
1439,2025-09-16 12:00:00,115233.2,115881.9,114857.0,115803.6,2469.012
1440,2025-09-16 16:00:00,115877.9,116970.7,115562.0,116758.2,11366.42
1441,2025-09-16 20:00:00,116756.4,116993.7,116344.0,116747.3,1591.777
1442,2025-09-17 00:00:00,116747.3,117157.0,116276.0,116340.1,665.745
1443,2025-09-17 04:00:00,116340.1,117594.5,116077.0,117108.1,8347.226
1444,2025-09-17 08:00:00,117120.5,117201.0,116106.2,116201.3,15474.863
1445,2025-09-17 12:00:00,116195.0,116478.8,115431.8,115828.0,233181.548
1446,2025-09-17 16:00:00,115828.0,116261.0,114635.1,115590.5,44314.677
1447,2025-09-17 20:00:00,115579.2,117068.9,115260.6,116300.0,14820.646
1448,2025-09-18 00:00:00,116300.0,117959.8,116015.4,117550.1,14076.159
1449,2025-09-18 04:00:00,117523.9,117877.8,116798.8,117033.6,10812.206
1450,2025-09-18 08:00:00,117033.6,117444.6,116927.7,117239.0,12262.297
1451,2025-09-18 12:00:00,116964.0,117824.0,116916.0,117648.4,124274.821
1452,2025-09-18 16:00:00,117614.2,117864.0,117058.9,117433.1,61243.368
1453,2025-09-18 20:00:00,117416.0,117643.0,116380.0,117017.1,68507.769
1454,2025-09-19 00:00:00,117023.0,117610.0,116667.0,116914.5,55223.58
1455,2025-09-19 04:00:00,116914.5,117308.9,116562.0,116850.0,35077.309
1456,2025-09-19 08:00:00,116827.0,117084.0,116203.1,116333.8,16709.31
1457,2025-09-19 12:00:00,116333.8,116488.0,115369.8,115827.1,12733.531
1458,2025-09-19 16:00:00,115827.0,116100.0,114780.0,115079.6,11062.387
1459,2025-09-19 20:00:00,115082.4,115600.0,115049.9,115569.5,6352.692
1460,2025-09-20 00:00:00,115569.6,115670.0,115354.8,115394.3,6730.562
1461,2025-09-20 04:00:00,115394.2,115887.1,115266.5,115884.6,19742.503
1462,2025-09-20 08:00:00,115848.0,116021.8,115460.2,115845.2,8650.942
1463,2025-09-20 12:00:00,115845.2,116059.3,115665.5,115928.5,114533.607
1464,2025-09-20 16:00:00,115928.3,116053.0,115630.4,115638.3,302563.287
1465,2025-09-20 20:00:00,115638.3,116059.3,115630.3,115665.5,5137.694
1466,2025-09-21 00:00:00,115665.5,115987.8,115390.0,115699.0,1002.548
1467,2025-09-21 04:00:00,115613.8,116016.6,115430.2,115772.8,3437.823
1468,2025-09-21 08:00:00,115722.5,115778.0,115207.4,115559.2,13255.326
1469,2025-09-21 12:00:00,115561.7,115707.2,115375.7,115471.1,9734.221
1470,2025-09-21 16:00:00,115471.1,115650.0,115141.3,115441.0,13653.546
1471,2025-09-21 20:00:00,115441.0,115650.0,115137.6,115199.1,13833.909
1472,2025-09-22 00:00:00,115232.8,115468.5,113947.2,114602.8,62305.782
1473,2025-09-22 04:00:00,114602.8,115999.7,107654.0,112459.6,25137.065
1474,2025-09-22 08:00:00,112504.9,115800.4,111970.2,113010.6,15259.879
1475,2025-09-22 12:00:00,113010.6,113544.9,112346.0,112984.3,9336.806
1476,2025-09-22 16:00:00,112781.8,113050.0,111828.2,112072.8,8962.19
1477,2025-09-22 20:00:00,112072.8,113188.8,111924.6,112604.8,4886.909
1478,2025-09-23 00:00:00,112604.7,112984.2,111324.5,112294.0,7677.99
1479,2025-09-23 04:00:00,112293.9,113367.4,111761.4,113048.5,7431.776
1480,2025-09-23 08:00:00,113048.5,113494.0,112495.2,112940.0,267410.974
1481,2025-09-23 12:00:00,112911.4,113852.0,112442.5,112828.6,207363.074
1482,2025-09-23 16:00:00,112828.5,113000.0,111500.0,111600.8,225360.17
1483,2025-09-23 20:00:00,111607.1,112290.5,111297.8,111947.0,134736.594
1484,2025-09-24 00:00:00,111947.0,112582.3,111618.0,111639.8,182580.151
1485,2025-09-24 04:00:00,111639.7,112729.1,111052.9,112512.0,179794.183
1486,2025-09-24 08:00:00,112512.0,113245.0,112356.4,112982.0,126523.547
1487,2025-09-24 12:00:00,113001.5,113936.8,112585.4,113293.5,165851.329
1488,2025-09-24 16:00:00,113297.0,113895.3,113105.8,113373.6,147838.23
1489,2025-09-24 20:00:00,113373.6,114000.0,113050.0,113253.9,97281.773
1490,2025-09-25 00:00:00,113253.9,114000.0,112025.2,112525.0,137555.248
1491,2025-09-25 04:00:00,112525.0,112573.3,111305.9,111708.4,231410.994
1492,2025-09-25 08:00:00,111715.4,112455.0,111178.8,111314.7,176658.41
1493,2025-09-25 12:00:00,111314.7,111700.0,110590.3,111471.9,304876.855
1494,2025-09-25 16:00:00,111532.6,111700.0,108574.0,109275.4,317032.661
1495,2025-09-25 20:00:00,109275.4,109758.0,108743.3,108955.9,250552.444
1496,2025-09-26 00:00:00,108947.0,110000.0,108736.0,109537.5,257360.385
1497,2025-09-26 04:00:00,109537.6,109679.2,108610.8,109206.1,65951.9
1498,2025-09-26 08:00:00,109220.4,109670.3,108610.0,109059.5,3872.263
1499,2025-09-26 12:00:00,109059.5,109672.4,108620.0,108986.6,13022.795
1500,2025-09-26 16:00:00,108987.6,110440.5,108890.1,109130.1,5655.66
1501,2025-09-26 20:00:00,109095.8,110050.0,109072.2,109601.3,2169.619
1502,2025-09-27 00:00:00,109601.3,110050.0,109277.5,109503.9,1288.698
1503,2025-09-27 04:00:00,109538.8,109670.0,109179.0,109354.9,980.222
1504,2025-09-27 08:00:00,109354.7,109764.0,109074.7,109265.9,959.892
1505,2025-09-27 12:00:00,109299.9,109594.0,109164.1,109348.4,1375.069
1506,2025-09-27 16:00:00,109340.7,109400.0,109172.5,109369.4,787.703
1507,2025-09-27 20:00:00,109369.4,109627.2,109303.7,109577.3,1134.259
1508,2025-09-28 00:00:00,109577.3,109754.0,109233.0,109397.3,998.087
1509,2025-09-28 04:00:00,109397.3,109537.1,109207.1,109468.4,502.191
1510,2025-09-28 08:00:00,109420.4,109530.0,109196.1,109290.1,737.842
1511,2025-09-28 12:00:00,109290.1,110000.0,109130.1,109955.5,2388.901
1512,2025-09-28 16:00:00,109955.5,110320.0,109900.0,110274.3,2988.099
1513,2025-09-28 20:00:00,110274.3,112900.0,109700.0,112088.4,6864.403
1514,2025-09-29 00:00:00,112088.4,112250.0,110315.0,111818.2,2874.274
1515,2025-09-29 04:00:00,111817.9,112212.8,110411.0,111800.0,2202.502
1516,2025-09-29 08:00:00,111800.0,112525.0,111774.6,112052.0,1684.903
1517,2025-09-29 12:00:00,112057.3,115890.2,111900.0,113752.0,22828.194
1518,2025-09-29 16:00:00,113752.0,114344.2,113419.9,114240.0,53906.99
1519,2025-09-29 20:00:00,114240.0,114500.0,114009.1,114278.7,22210.163
1520,2025-09-30 00:00:00,114278.7,114799.8,114033.2,114321.4,63428.536
1521,2025-09-30 04:00:00,114321.5,114360.0,113419.9,113662.3,28883.648
1522,2025-09-30 08:00:00,113617.8,114185.7,112600.0,113007.9,45712.658
1523,2025-09-30 12:00:00,113008.7,113612.6,112825.0,113055.5,102362.492
1524,2025-09-30 16:00:00,113055.4,114493.7,112753.8,114344.0,71290.186
1525,2025-09-30 20:00:00,114344.0,114688.8,113728.4,113984.9,49831.611
1526,2025-10-01 00:00:00,113984.9,114491.5,113913.2,114154.9,37075.361
1527,2025-10-01 04:00:00,114162.7,114675.1,114145.1,114491.8,47598.863
1528,2025-10-01 08:00:00,114491.8,117000.0,114437.3,116740.0,66127.884
1529,2025-10-01 12:00:00,116736.8,117613.0,116319.0,117326.2,54263.472
1530,2025-10-01 16:00:00,117326.2,118130.4,116695.9,117374.1,46251.549
1531,2025-10-01 20:00:00,117364.4,118592.1,117104.3,118512.8,42145.582
1532,2025-10-02 00:00:00,118517.1,119427.6,118335.0,118710.1,45612.155
1533,2025-10-02 04:00:00,118710.1,118951.1,118388.9,118415.0,6891.847
1534,2025-10-02 08:00:00,118415.0,118951.1,105000.0,118806.1,127426.863
1535,2025-10-02 12:00:00,118768.0,119863.3,118501.5,119863.3,860322.907
1536,2025-10-02 16:00:00,119863.3,120977.1,119354.6,120791.0,685115.139
1537,2025-10-02 20:00:00,120791.0,120854.6,120020.4,120471.5,632855.465
1538,2025-10-03 00:00:00,120469.5,120493.5,119796.3,120185.4,283427.045
1539,2025-10-03 04:00:00,120176.0,120270.3,119615.9,119630.5,40250.33
1540,2025-10-03 08:00:00,119644.2,120481.0,119231.7,120375.1,74295.29
1541,2025-10-03 12:00:00,120375.1,122310.5,119868.3,122237.0,175838.119
1542,2025-10-03 16:00:00,122238.6,123854.6,121487.8,122609.4,321676.315
1543,2025-10-03 20:00:00,122609.3,122672.6,121960.8,122151.0,78103.186
1544,2025-10-04 00:00:00,122151.0,122258.5,121636.4,122258.5,43841.328
1545,2025-10-04 04:00:00,122197.2,122730.1,122153.9,122225.3,27910.655
1546,2025-10-04 08:00:00,122225.3,122494.4,121914.9,121945.0,35393.913
1547,2025-10-04 12:00:00,121945.0,122412.1,121664.8,121750.0,58660.12
1548,2025-10-04 16:00:00,121750.0,121919.0,121500.0,121905.4,38017.503
1549,2025-10-04 20:00:00,121905.4,122366.0,121813.5,122297.5,32127.369
1550,2025-10-05 00:00:00,122297.5,124215.9,122106.1,123735.9,129893.462
1551,2025-10-05 04:00:00,123721.6,125738.4,123720.1,124700.1,137044.376
1552,2025-10-05 08:00:00,124700.0,124797.0,122547.0,123440.0,164159.584
1553,2025-10-05 12:00:00,123440.0,123440.0,122660.0,122753.0,66852.693
1554,2025-10-05 16:00:00,122755.2,123398.6,122345.3,122491.4,99512.153
1555,2025-10-05 20:00:00,122548.9,123453.6,122440.1,123426.7,71673.718
1556,2025-10-06 00:00:00,123438.4,124273.9,123089.3,123844.3,159092.942
1557,2025-10-06 04:00:00,123844.3,124080.8,123255.5,123352.6,91207.335
1558,2025-10-06 08:00:00,123352.6,124423.1,123341.5,124161.2,71707.522
1559,2025-10-06 12:00:00,124169.9,125355.7,124132.6,124950.0,178841.793
1560,2025-10-06 16:00:00,124972.5,126136.5,124767.8,125357.1,141162.743
1561,2025-10-06 20:00:00,125261.5,125488.1,124506.1,124657.6,81051.811
1562,2025-10-07 00:00:00,124657.6,125019.0,124083.4,124277.8,67910.862
1563,2025-10-07 04:00:00,124257.8,124606.2,123538.1,123627.1,71311.69
1564,2025-10-07 08:00:00,123648.7,124446.3,123300.5,124397.1,72289.59
1565,2025-10-07 12:00:00,124400.0,125055.1,121207.9,121809.9,247516.162
1566,2025-10-07 16:00:00,121813.3,121985.3,120545.8,121563.3,179047.358
1567,2025-10-07 20:00:00,121571.4,122236.7,121305.0,121305.0,104961.112
1568,2025-10-08 00:00:00,121317.4,122186.7,121203.7,121326.0,112613.179
1569,2025-10-08 04:00:00,121333.8,121866.6,121038.0,121550.3,103937.462
1570,2025-10-08 08:00:00,121550.3,123132.4,121502.4,122823.5,138012.394
1571,2025-10-08 12:00:00,122823.5,123232.7,121664.1,122140.2,183465.005
1572,2025-10-08 16:00:00,122155.7,126000.0,122059.3,123393.4,176937.248
1573,2025-10-08 20:00:00,123331.0,126000.0,122768.5,123237.4,101178.399
1574,2025-10-09 00:00:00,123237.5,123273.0,121451.3,121988.5,141271.596
1575,2025-10-09 04:00:00,121988.5,122213.6,121693.8,121847.8,53246.929
1576,2025-10-09 08:00:00,121847.8,122775.0,121103.3,122718.7,114086.88
1577,2025-10-09 12:00:00,122718.7,123693.2,120657.6,121093.4,240443.07
1578,2025-10-09 16:00:00,121110.0,121399.3,119594.4,120869.8,174097.646
1579,2025-10-09 20:00:00,120890.2,121699.6,120828.9,121592.4,51186.156
1580,2025-10-10 00:00:00,121593.2,121827.6,120864.8,120987.3,86458.282
1581,2025-10-10 04:00:00,120987.3,121712.1,120827.7,120849.9,89658.944
1582,2025-10-10 08:00:00,120827.7,121698.9,120827.7,121506.2,67182.916
1583,2025-10-10 12:00:00,121506.2,122430.5,118501.9,118936.7,266802.684
1584,2025-10-10 16:00:00,118922.3,119320.6,115964.5,116595.0,306787.684
1585,2025-10-10 20:00:00,116595.0,117104.4,100646.5,112755.3,674181.657
1586,2025-10-11 00:00:00,112764.7,113261.3,111008.2,112298.2,449283.331
1587,2025-10-11 04:00:00,112279.2,112920.5,110077.4,110314.9,309572.6
1588,2025-10-11 08:00:00,110314.9,112299.9,110136.3,112209.4,225487.87
1589,2025-10-11 12:00:00,112209.4,112435.6,111750.0,111750.0,122590.576
1590,2025-10-11 16:00:00,111750.0,112138.8,110833.6,111115.9,160527.385
1591,2025-10-11 20:00:00,111037.5,111260.1,109561.9,110579.1,266795.304
1592,2025-10-12 00:00:00,110579.1,111164.9,109546.6,110643.3,274093.332
1593,2025-10-12 04:00:00,110643.3,111990.1,110589.1,111466.5,133359.501
1594,2025-10-12 08:00:00,111466.0,112020.0,111088.8,111713.2,144795.576
1595,2025-10-12 12:00:00,111713.2,113596.5,111146.8,113119.9,281125.044
1596,2025-10-12 16:00:00,113155.6,114615.6,113119.6,114215.1,267702.181
1597,2025-10-12 20:00:00,114215.1,115664.9,114200.4,114894.4,272731.961
1598,2025-10-13 00:00:00,114892.1,115796.5,114577.0,114800.0,212451.598
1599,2025-10-13 04:00:00,114800.0,115468.6,114382.3,115306.6,153050.636
1600,2025-10-13 08:00:00,115306.5,115365.8,113699.5,114195.0,155449.771
1601,2025-10-13 12:00:00,114195.5,115414.7,113800.6,114265.1,332588.026
1602,2025-10-13 16:00:00,114265.1,115795.9,114192.8,115733.7,213458.985
1603,2025-10-13 20:00:00,115738.6,115799.9,114952.6,115099.8,69252.252
1604,2025-10-14 00:00:00,115099.8,115339.4,113223.4,113432.5,136747.45
1605,2025-10-14 04:00:00,113432.5,113602.8,111481.5,111659.4,282273.316
1606,2025-10-14 08:00:00,111659.4,112057.2,110038.8,111262.7,235492.594
1607,2025-10-14 12:00:00,111260.1,112816.2,109902.6,112806.9,330213.125
1608,2025-10-14 16:00:00,112816.1,113429.9,111701.4,112535.5,305489.981
1609,2025-10-14 20:00:00,112535.6,113506.1,112187.5,112981.4,134496.618
1610,2025-10-15 00:00:00,112981.4,113560.5,111817.4,111982.3,194171.154
1611,2025-10-15 04:00:00,111978.6,112605.5,111738.5,112524.1,142208.304
1612,2025-10-15 08:00:00,112524.1,113426.8,111694.8,111839.2,150052.472
1613,2025-10-15 12:00:00,111839.2,112141.2,110395.2,110733.7,333012.541
1614,2025-10-15 16:00:00,110733.7,111473.3,110137.5,111211.1,233085.727
1615,2025-10-15 20:00:00,111204.5,111471.0,110490.6,110689.9,171590.375
1616,2025-10-16 00:00:00,110649.1,111756.5,110311.1,111254.8,173396.67
1617,2025-10-16 04:00:00,111223.9,111699.3,110509.6,110516.6,137692.756
1618,2025-10-16 08:00:00,110516.7,111726.0,109619.0,111360.4,179884.301
1619,2025-10-16 12:00:00,111360.4,111929.4,108309.5,108482.9,315443.985
1620,2025-10-16 16:00:00,108482.9,109157.4,107561.4,108118.7,365894.011
1621,2025-10-16 20:00:00,108190.0,108404.6,107394.2,108140.0,184649.312
1622,2025-10-17 00:00:00,108140.0,109127.2,107891.2,109117.0,146764.014
1623,2025-10-17 04:00:00,109126.4,109157.9,105489.6,105561.6,207598.022
1624,2025-10-17 08:00:00,105561.6,106529.0,103514.8,105572.5,380175.64
1625,2025-10-17 12:00:00,105624.6,106795.7,104607.3,106761.4,384307.949
1626,2025-10-17 16:00:00,106795.6,107405.3,106079.2,106413.0,266274.434
1627,2025-10-17 20:00:00,106437.4,107363.9,106314.0,106378.5,137006.34
1628,2025-10-18 00:00:00,106382.4,107238.9,106308.2,107005.6,116084.926
1629,2025-10-18 04:00:00,106996.9,107403.1,106385.0,106585.6,109811.334
1630,2025-10-18 08:00:00,106624.0,107163.9,106585.5,107151.1,91584.004
1631,2025-10-18 12:00:00,107151.2,107244.0,106705.2,106893.2,92913.013
1632,2025-10-18 16:00:00,106907.9,107027.2,106449.9,107023.0,65728.362
1633,2025-10-18 20:00:00,106978.1,107224.1,106801.2,107139.2,55216.227
1634,2025-10-19 00:00:00,107139.3,107287.4,106698.1,107205.9,62748.588
1635,2025-10-19 04:00:00,107205.9,107205.9,106567.9,106677.2,35619.881
1636,2025-10-19 08:00:00,106666.9,113500.5,106094.7,107699.5,28561.367
1637,2025-10-19 12:00:00,107699.4,112000.0,107341.1,108390.6,17903.479
1638,2025-10-19 16:00:00,108424.0,109315.5,108243.3,108923.3,31073.268
1639,2025-10-19 20:00:00,108902.0,109231.1,108480.2,108557.5,21351.414
1640,2025-10-20 00:00:00,108480.3,112000.0,107445.5,110193.0,28686.712
1641,2025-10-20 04:00:00,110150.2,111340.8,109910.0,111145.1,141233.566
1642,2025-10-20 08:00:00,111145.1,111543.4,110592.1,110951.5,122668.906
1643,2025-10-20 12:00:00,110969.4,111597.1,110560.5,111091.6,135977.694
1644,2025-10-20 16:00:00,111081.0,111236.0,109850.0,110790.9,215166.188
1645,2025-10-20 20:00:00,110790.7,111191.6,110385.0,110470.0,101168.011
1646,2025-10-21 00:00:00,110494.1,110494.2,109052.1,109059.7,135168.718
1647,2025-10-21 04:00:00,109052.1,109065.7,107444.3,108043.5,213211.164
1648,2025-10-21 08:00:00,108049.3,108746.2,107450.2,108533.2,133468.84
1649,2025-10-21 12:00:00,108533.2,113391.3,108160.1,113287.8,254942.638
1650,2025-10-21 16:00:00,113287.0,113917.8,111000.0,111772.1,95991.436
1651,2025-10-21 20:00:00,111813.3,111813.4,108000.0,108304.0,97674.135
1652,2025-10-22 00:00:00,108342.3,108605.4,107851.8,108160.9,92489.98
1653,2025-10-22 04:00:00,108143.5,108538.1,107659.4,108239.5,58722.895
1654,2025-10-22 08:00:00,108239.5,108299.9,107000.0,107501.7,173808.656
1655,2025-10-22 12:00:00,107494.9,109052.0,107418.3,108353.9,369869.188
1656,2025-10-22 16:00:00,108353.9,108730.9,107463.6,107825.7,271344.203
1657,2025-10-22 20:00:00,107825.7,108008.6,106668.3,107549.9,237802.566
1658,2025-10-23 00:00:00,107549.9,108654.9,107484.6,108322.2,123347.964
1659,2025-10-23 04:00:00,108349.9,110221.9,108311.8,109208.6,157331.583
1660,2025-10-23 08:00:00,109208.6,109821.0,109083.2,109218.6,115226.318
1661,2025-10-23 12:00:00,109230.1,110028.6,108709.5,109832.1,244731.737
1662,2025-10-23 16:00:00,109832.1,111219.2,109615.4,110160.9,214302.267
1663,2025-10-23 20:00:00,110209.8,110240.2,109316.1,110020.0,123364.339
1664,2025-10-24 00:00:00,110020.0,110759.5,109951.6,110400.0,99216.732
1665,2025-10-24 04:00:00,110410.0,111441.6,110293.6,111013.8,118254.633
1666,2025-10-24 08:00:00,111023.4,111438.1,110565.6,111006.8,117242.086
1667,2025-10-24 12:00:00,111034.1,111997.7,109719.9,110009.8,300995.074
1668,2025-10-24 16:00:00,110010.0,110896.9,109773.5,110507.9,142232.328
1669,2025-10-24 20:00:00,110543.8,111088.0,110438.1,110965.3,88643.126
1670,2025-10-25 00:00:00,110957.7,111111.1,110669.6,110965.7,36159.054
1671,2025-10-25 04:00:00,110995.6,111644.3,110965.7,111440.1,57146.072
1672,2025-10-25 08:00:00,111434.0,111781.7,111348.9,111522.6,60925.872
1673,2025-10-25 12:00:00,111522.6,111868.1,111280.2,111340.8,61295.593
1674,2025-10-25 16:00:00,111299.5,111677.1,111096.7,111574.9,47756.099
1675,2025-10-25 20:00:00,111575.0,111634.2,111291.0,111559.5,51424.8
1676,2025-10-26 00:00:00,111559.5,111818.9,111210.1,111216.1,67897.74
1677,2025-10-26 04:00:00,111216.0,111674.9,111200.3,111672.8,45572.257
1678,2025-10-26 08:00:00,111672.8,113364.0,111661.4,113235.1,102309.406
1679,2025-10-26 12:00:00,113235.1,113906.3,100101.0,113648.1,128128.386
1680,2025-10-26 16:00:00,113648.0,113729.8,113271.9,113518.5,48535.419
1681,2025-10-26 20:00:00,113532.2,115480.0,112882.9,114482.2,134977.215
1682,2025-10-27 00:00:00,114469.6,115397.5,114351.5,114922.4,120363.266
1683,2025-10-27 04:00:00,114931.8,116314.6,114922.4,115514.7,124149.722
1684,2025-10-27 08:00:00,115514.8,115570.5,114800.5,115300.5,109443.653
1685,2025-10-27 12:00:00,115300.5,115333.0,114467.1,114914.5,158362.731
1686,2025-10-27 16:00:00,114914.4,115711.9,114740.2,114855.5,91321.885
1687,2025-10-27 20:00:00,114855.5,114868.7,113877.0,114123.4,56671.999
1688,2025-10-28 00:00:00,114102.4,114212.0,113627.2,113901.3,68888.145
1689,2025-10-28 04:00:00,113901.4,114254.8,113524.7,114160.9,90185.863
1690,2025-10-28 08:00:00,114160.9,114578.3,114083.1,114302.1,59283.787
1691,2025-10-28 12:00:00,114302.1,116039.9,114083.9,114597.1,207110.005
1692,2025-10-28 16:00:00,114640.3,115525.6,113523.6,113650.0,196520.979
1693,2025-10-28 20:00:00,113650.1,113652.4,112121.5,112841.6,181039.311
1694,2025-10-29 00:00:00,112841.6,112855.9,112050.2,112440.2,107143.63
1695,2025-10-29 04:00:00,112440.2,113500.0,112440.1,113489.1,68637.756
1696,2025-10-29 08:00:00,113489.0,113567.4,112706.1,113076.1,83576.189
1697,2025-10-29 12:00:00,113076.1,113542.9,111393.9,111462.7,157839.943
1698,2025-10-29 16:00:00,111504.3,111921.7,109399.8,110568.7,256622.231
1699,2025-10-29 20:00:00,110568.6,111722.4,109729.8,109985.7,134047.159
1700,2025-10-30 00:00:00,110003.4,110927.5,109712.3,110710.6,112655.673
1701,2025-10-30 04:00:00,110729.5,111517.6,107973.8,111289.2,197207.468
1702,2025-10-30 08:00:00,111289.2,111330.9,109715.8,109715.8,125873.247
1703,2025-10-30 12:00:00,109715.8,109736.4,107310.8,107700.0,234645.999
1704,2025-10-30 16:00:00,107700.1,108134.7,105555.0,106459.6,103755.231
1705,2025-10-30 20:00:00,106350.0,110044.0,106284.8,108258.6,74102.985
1706,2025-10-31 00:00:00,108258.6,110100.0,108250.8,109241.6,119671.642
1707,2025-10-31 04:00:00,109187.9,110245.7,109080.0,109400.0,87591.92
1708,2025-10-31 08:00:00,109365.7,110417.4,109195.5,110375.8,142567.277
1709,2025-10-31 12:00:00,110393.4,111073.7,109320.0,110183.9,281613.143
1710,2025-10-31 16:00:00,110183.9,110258.8,108609.5,109798.3,236536.751
1711,2025-10-31 20:00:00,109829.3,109829.4,109305.8,109557.3,79981.609
1712,2025-11-01 00:00:00,109557.4,110261.0,109376.6,110194.6,93223.544
1713,2025-11-01 04:00:00,110171.6,110484.7,109900.0,110028.3,68632.515
1714,2025-11-01 08:00:00,110028.4,110218.1,109815.0,110097.5,44705.632
1715,2025-11-01 12:00:00,110151.0,110285.5,109679.7,110232.5,58222.196
1716,2025-11-01 16:00:00,110233.8,110479.1,110152.0,110268.0,49309.964
1717,2025-11-01 20:00:00,110249.1,110444.8,109837.6,110047.3,35158.776
1718,2025-11-02 00:00:00,110047.3,110209.9,109846.3,109912.2,26599.125
1719,2025-11-02 04:00:00,109914.0,110985.1,109912.2,110887.3,86252.054
1720,2025-11-02 08:00:00,110887.2,111149.9,110322.0,111145.3,72072.706
1721,2025-11-02 12:00:00,111145.3,111189.4,110073.3,110073.3,123332.044
1722,2025-11-02 16:00:00,110073.4,110286.1,109702.9,110125.2,53064.524
1723,2025-11-02 20:00:00,110125.2,110660.5,109492.0,110511.0,88679.52
1724,2025-11-03 00:00:00,110506.7,110689.3,107886.8,107937.6,202686.572
1725,2025-11-03 04:00:00,107969.9,107976.7,107058.5,107500.1,200704.542
1726,2025-11-03 08:00:00,107500.1,107841.6,106794.1,107735.3,179400.944
1727,2025-11-03 12:00:00,107735.1,108238.8,105600.3,105713.6,275440.048
1728,2025-11-03 16:00:00,105713.4,108000.0,105000.0,107039.2,122345.866
1729,2025-11-03 20:00:00,107039.2,107083.2,105793.1,106596.7,105233.694
1730,2025-11-04 00:00:00,106517.7,107196.4,105833.6,107150.0,181834.26
1731,2025-11-04 04:00:00,107150.0,107238.5,103666.0,104449.9,268976.485
1732,2025-11-04 08:00:00,104446.7,109300.5,103614.8,104530.6,262546.813
1733,2025-11-04 12:00:00,104500.0,108397.0,102949.3,103155.7,302241.466
1734,2025-11-04 16:00:00,103155.8,103397.7,100052.7,100508.9,468082.468
1735,2025-11-04 20:00:00,100508.8,101766.3,98937.2,101450.8,449627.721
1736,2025-11-05 00:00:00,101450.8,102200.0,98960.1,102092.4,388882.21
1737,2025-11-05 04:00:00,102094.2,102228.4,101469.7,102036.0,223314.6
1738,2025-11-05 08:00:00,101977.0,102142.6,101163.3,102019.4,228979.422
1739,2025-11-05 12:00:00,102019.4,104000.0,101884.9,103651.9,307838.273
1740,2025-11-05 16:00:00,103651.8,109999.9,103050.0,103994.0,254338.664
1741,2025-11-05 20:00:00,103733.4,104530.0,102613.8,103837.0,198075.016
1742,2025-11-06 00:00:00,103818.6,104530.0,102737.2,103579.9,240584.054
1743,2025-11-06 04:00:00,103579.9,104530.0,102888.7,103211.5,227323.87
1744,2025-11-06 08:00:00,103161.7,103375.9,102620.0,103180.4,197006.701
1745,2025-11-06 12:00:00,103162.5,104400.0,101624.4,101995.3,353694.182
1746,2025-11-06 16:00:00,101995.4,102310.2,100299.4,101336.6,460848.449
1747,2025-11-06 20:00:00,101334.4,101550.3,100545.2,101339.9,305736.631
1748,2025-11-07 00:00:00,101276.1,102269.2,100745.6,101875.6,316112.766
1749,2025-11-07 04:00:00,101874.6,102460.9,101545.1,101970.8,179957.983
1750,2025-11-07 08:00:00,101973.6,101981.9,99800.0,100396.5,214968.562
1751,2025-11-07 12:00:00,100389.7,101203.1,99265.2,100779.2,456720.426
1752,2025-11-07 16:00:00,100779.1,104000.0,100483.3,103333.0,380950.951
1753,2025-11-07 20:00:00,103332.9,108500.0,102400.0,103291.7,211167.085
1754,2025-11-08 00:00:00,103291.6,104000.0,102524.3,102620.6,204911.275
1755,2025-11-08 04:00:00,102620.6,104000.0,101883.9,102308.5,129287.141
1756,2025-11-08 08:00:00,102314.2,102626.7,101707.8,101824.1,126999.654
1757,2025-11-08 12:00:00,101830.0,102142.9,101443.3,101623.3,152094.874
1758,2025-11-08 16:00:00,101623.3,102168.3,101482.6,101939.4,119846.996
1759,2025-11-08 20:00:00,101939.4,102435.0,101908.3,102269.2,61402.499
1760,2025-11-09 00:00:00,102243.4,102281.2,101442.9,101640.0,140538.212
1761,2025-11-09 04:00:00,101640.0,102073.4,101619.2,101845.0,81759.715
1762,2025-11-09 08:00:00,101845.0,102236.8,101461.6,102165.1,116214.785
1763,2025-11-09 12:00:00,102228.2,104000.0,102004.0,103710.0,220756.682
1764,2025-11-09 16:00:00,103663.9,104748.8,102959.7,104748.8,195953.706
1765,2025-11-09 20:00:00,104748.8,105396.6,103659.6,104670.6,197680.404
1766,2025-11-10 00:00:00,104687.3,106615.6,104245.3,105971.8,259072.713
1767,2025-11-10 04:00:00,105990.6,106429.6,105830.7,106400.9,116881.557
1768,2025-11-10 08:00:00,106398.9,106524.6,105862.7,106100.0,100628.955
1769,2025-11-10 12:00:00,106151.1,106518.3,104632.4,104963.3,235997.647
1770,2025-11-10 16:00:00,104963.3,106024.3,104775.0,105744.0,176096.909
1771,2025-11-10 20:00:00,105744.0,106223.5,105260.0,105966.2,81854.688
1772,2025-11-11 00:00:00,105955.8,107450.0,105566.8,106407.3,234321.321
1773,2025-11-11 04:00:00,106404.1,106455.6,104710.1,104750.1,282446.672
1774,2025-11-11 08:00:00,104750.1,105448.1,104711.7,105256.3,154588.136
1775,2025-11-11 12:00:00,105202.1,105435.1,103185.1,103459.8,240046.816
1776,2025-11-11 16:00:00,103459.8,104375.3,102857.5,103085.0,249133.481
1777,2025-11-11 20:00:00,103065.7,133199.0,102444.1,103010.1,207438.489
1778,2025-11-12 00:00:00,103044.8,105111.9,102693.5,103267.2,165352.799
1779,2025-11-12 04:00:00,103239.6,105111.9,102990.9,103071.3,106258.92
1780,2025-11-12 08:00:00,103071.3,105131.5,103067.8,104952.4,205253.769
1781,2025-11-12 12:00:00,104923.0,105500.0,101980.0,102169.4,273450.844
1782,2025-11-12 16:00:00,102169.4,102193.6,100851.0,101245.4,294429.053
1783,2025-11-12 20:00:00,101229.2,101918.4,101132.1,101615.4,150144.725
1784,2025-11-13 00:00:00,101615.5,102568.9,100900.0,102165.0,221489.186
1785,2025-11-13 04:00:00,102165.0,106509.3,101642.3,103398.0,235166.229
1786,2025-11-13 08:00:00,103410.4,106937.1,102528.7,102950.8,198451.68
1787,2025-11-13 12:00:00,102950.0,104000.0,101182.8,101346.8,329669.032
1788,2025-11-13 16:00:00,101346.3,101429.6,98199.8,98611.9,447607.79
1789,2025-11-13 20:00:00,98611.9,100449.9,98000.6,99695.5,329974.818
1790,2025-11-14 00:00:00,99744.9,99813.2,98700.9,99076.0,286821.221
1791,2025-11-14 04:00:00,99076.0,100999.0,95943.3,97101.3,468102.37
1792,2025-11-14 08:00:00,97699.9,97900.1,95778.7,96166.1,330183.944
1793,2025-11-14 12:00:00,96161.1,97900.0,94568.3,96746.4,566636.447
1794,2025-11-14 16:00:00,96747.0,98250.0,94794.3,95730.8,384714.328
1795,2025-11-14 20:00:00,95730.7,95825.9,94073.1,94532.4,377230.26
1796,2025-11-15 00:00:00,94512.1,97000.0,94512.1,96388.5,287652.567
1797,2025-11-15 04:00:00,96376.0,96994.8,95000.0,96307.5,180614.774
1798,2025-11-15 08:00:00,96307.5,96457.0,95218.0,95648.9,196050.425
1799,2025-11-15 12:00:00,95649.0,96700.0,95005.6,96193.1,164639.492
1800,2025-11-15 16:00:00,96162.0,96669.0,95600.0,95967.7,168621.082
1801,2025-11-15 20:00:00,95967.6,96290.5,95000.0,95553.6,162293.548
1802,2025-11-16 00:00:00,95553.6,96112.5,94600.0,95692.7,173717.011
1803,2025-11-16 04:00:00,95692.7,124000.0,89900.0,96057.7,125894.064
1804,2025-11-16 08:00:00,96009.3,125341.6,95050.0,95588.0,152965.75
1805,2025-11-16 12:00:00,95600.0,96556.0,94360.4,94500.0,162614.824
1806,2025-11-16 16:00:00,94500.0,96000.0,89800.0,93955.5,325642.829
1807,2025-11-16 20:00:00,93994.8,94793.5,92788.0,94222.0,355395.835
1808,2025-11-17 00:00:00,94234.9,96000.0,93308.4,95460.0,291920.955
1809,2025-11-17 04:00:00,95460.0,96074.2,94100.0,95617.6,172911.602
1810,2025-11-17 08:00:00,95617.6,96500.0,94435.7,95538.7,178224.775
1811,2025-11-17 12:00:00,95538.8,96065.8,93144.2,93948.1,457002.829
1812,2025-11-17 16:00:00,93948.1,95850.0,89800.0,91747.5,475951.187
1813,2025-11-17 20:00:00,91748.0,93400.0,91263.8,92166.4,338837.182
1814,2025-11-18 00:00:00,92166.4,93250.0,89726.5,90758.6,394108.299
1815,2025-11-18 04:00:00,90758.6,92510.9,89300.0,90456.6,302131.694
1816,2025-11-18 08:00:00,90457.1,92386.0,90000.0,91485.7,273724.197
1817,2025-11-18 12:00:00,91473.6,94000.0,90500.0,92885.0,451725.718
1818,2025-11-18 16:00:00,92908.9,94321.0,92204.4,93133.5,296586.668
1819,2025-11-18 20:00:00,93133.1,93805.0,92100.0,92917.1,215571.882
1820,2025-11-19 00:00:00,92934.1,93293.0,91444.0,91842.1,310761.971
1821,2025-11-19 04:00:00,91840.9,93300.0,90015.5,91851.5,267190.792
1822,2025-11-19 08:00:00,91886.2,93000.0,90800.0,91384.8,192239.574
1823,2025-11-19 12:00:00,91384.9,93000.0,89000.0,89899.1,353889.266
1824,2025-11-19 16:00:00,89894.4,92700.0,88666.0,88849.7,438441.049
1825,2025-11-19 20:00:00,88849.8,92000.0,88600.0,91513.7,375485.419
1826,2025-11-20 00:00:00,91513.7,93800.0,90200.4,92468.8,269340.818
1827,2025-11-20 04:00:00,92468.9,93400.0,91000.0,92278.5,217459.881
1828,2025-11-20 08:00:00,92278.5,92466.0,88500.0,91913.1,203895.88
1829,2025-11-20 12:00:00,91916.5,92350.0,89150.0,89853.4,520695.959
1830,2025-11-20 16:00:00,89853.4,116489.7,86000.0,86898.2,525527.337
1831,2025-11-20 20:00:00,86898.2,88500.0,85200.0,86573.2,410711.884
1832,2025-11-21 00:00:00,86572.6,88500.0,85000.0,85805.1,407144.875
1833,2025-11-21 04:00:00,85805.1,87400.0,83100.0,84051.3,342250.794
1834,2025-11-21 08:00:00,84051.3,85000.0,80800.0,82278.0,416461.159
1835,2025-11-21 12:00:00,82281.4,100000.0,80500.0,82892.8,461613.737
1836,2025-11-21 16:00:00,82890.7,86700.0,81000.0,84141.1,386936.898
1837,2025-11-21 20:00:00,84167.1,88000.0,83400.0,85119.5,336714.516
1838,2025-11-22 00:00:00,85106.8,85516.0,82785.0,84414.1,299914.584
1839,2025-11-22 04:00:00,84417.9,85000.0,80500.0,84537.3,335673.349
1840,2025-11-22 08:00:00,84537.4,109297.8,83003.0,84142.8,323253.03
1841,2025-11-22 12:00:00,84142.8,84800.0,83222.0,84247.5,304475.641
1842,2025-11-22 16:00:00,84246.5,84821.7,84057.1,84582.9,227831.546
1843,2025-11-22 20:00:00,84582.9,86200.0,80500.0,84683.5,233961.21
1844,2025-11-23 00:00:00,84683.5,87200.0,81500.0,86211.8,339887.28
1845,2025-11-23 04:00:00,86211.8,90000.0,82222.6,85721.3,246280.383
1846,2025-11-23 08:00:00,85721.3,88000.0,84400.0,86272.4,261145.682
1847,2025-11-23 12:00:00,86272.4,89000.0,86111.0,87048.1,313393.694
1848,2025-11-23 16:00:00,87048.1,87738.0,85500.0,87273.7,370022.724
1849,2025-11-23 20:00:00,87273.7,88470.5,86250.0,86796.2,320032.518
1850,2025-11-24 00:00:00,86797.2,88549.0,85500.0,87334.3,296686.8
1851,2025-11-24 04:00:00,87334.3,88500.0,85500.0,87001.1,300769.366
1852,2025-11-24 08:00:00,86902.1,87482.5,85607.0,86232.6,275881.786
1853,2025-11-24 12:00:00,86232.0,87390.0,85103.5,86558.0,346976.394
1854,2025-11-24 16:00:00,86558.0,89000.0,85600.0,88293.2,380290.058
1855,2025-11-24 20:00:00,88293.1,89160.0,87300.0,88263.6,188029.727
1856,2025-11-25 00:00:00,88265.5,88799.2,85850.0,87769.5,196015.876
1857,2025-11-25 04:00:00,87769.4,105000.0,86100.0,87361.2,160640.983
1858,2025-11-25 08:00:00,87358.4,90000.0,86200.0,87312.0,283702.492
1859,2025-11-25 12:00:00,87314.5,88311.8,80500.0,86944.1,271314.834
1860,2025-11-25 16:00:00,86890.6,88077.8,80500.0,86834.9,266578.399
1861,2025-11-25 20:00:00,86857.5,87777.1,86556.9,87311.1,187702.41
1862,2025-11-26 00:00:00,87324.1,88123.7,85100.0,87088.5,179432.068
1863,2025-11-26 04:00:00,87088.5,87895.0,86879.2,87888.1,161004.626
1864,2025-11-26 08:00:00,87888.1,87896.4,86684.8,87006.1,137463.326
1865,2025-11-26 12:00:00,87006.1,87573.8,82000.0,86877.0,199429.674
1866,2025-11-26 16:00:00,86877.0,95000.0,86848.5,89969.3,226111.407
1867,2025-11-26 20:00:00,89941.7,90576.6,89496.6,90473.8,150867.034
1868,2025-11-27 00:00:00,90451.9,91809.7,82500.0,91082.4,187896.469
1869,2025-11-27 04:00:00,91082.4,91461.3,90910.3,91361.4,133854.19
1870,2025-11-27 08:00:00,91370.6,96890.0,91209.9,91337.0,118583.291
1871,2025-11-27 12:00:00,91337.0,96890.0,85000.0,90913.0,183495.74
1872,2025-11-27 16:00:00,90931.5,97000.0,90818.5,91489.0,147056.811
1873,2025-11-27 20:00:00,91489.0,91537.2,91134.8,91290.4,102216.148
1874,2025-11-28 00:00:00,91290.4,91382.5,90640.1,91167.9,145797.515
1875,2025-11-28 04:00:00,91168.0,91657.8,90837.9,90877.6,144935.994
1876,2025-11-28 08:00:00,90877.6,91842.0,86000.0,91396.5,159294.099
1877,2025-11-28 12:00:00,91396.6,92891.6,86000.0,92293.2,222020.559
1878,2025-11-28 16:00:00,92293.2,92299.8,90215.4,91108.1,222077.373
1879,2025-11-28 20:00:00,91108.0,91189.6,90692.7,90848.0,105937.59
1880,2025-11-29 00:00:00,90848.0,91048.8,90539.0,90635.5,83171.202
1881,2025-11-29 04:00:00,90637.4,90884.7,90349.5,90516.9,79158.666
1882,2025-11-29 08:00:00,90516.9,90673.9,90428.4,90631.7,74239.571
1883,2025-11-29 12:00:00,90624.6,91020.9,90428.4,91020.9,82222.611
1884,2025-11-29 16:00:00,91020.9,91103.4,90163.1,90617.2,159061.761
1885,2025-11-29 20:00:00,90614.2,91009.9,90402.0,90764.9,109965.376
1886,2025-11-30 00:00:00,90765.0,90998.9,90425.4,90843.5,82345.677
1887,2025-11-30 04:00:00,90843.4,90986.9,90640.4,90920.9,68233.554
1888,2025-11-30 08:00:00,90920.9,91525.6,90751.7,91000.8,126720.705
1889,2025-11-30 12:00:00,91000.6,91905.4,90990.4,91428.4,147392.431
1890,2025-11-30 16:00:00,91428.4,91815.1,91152.0,91423.1,104867.762
1891,2025-11-30 20:00:00,91423.1,91581.3,90333.5,90333.9,166985.815
1892,2025-12-01 00:00:00,90333.9,90392.9,86182.3,86363.8,419156.675
1893,2025-12-01 04:00:00,86363.8,86510.0,85614.8,86498.1,250201.745
1894,2025-12-01 08:00:00,86498.1,86945.0,86105.2,86105.2,185404.946
1895,2025-12-01 12:00:00,86105.2,86500.0,83872.1,84578.8,319671.696
1896,2025-12-01 16:00:00,84578.8,85454.1,84069.9,84989.2,277611.027
1897,2025-12-01 20:00:00,84972.1,86792.2,84240.7,86274.4,239336.65
1898,2025-12-02 00:00:00,86278.5,91308.0,82000.0,86894.9,179132.022
1899,2025-12-02 04:00:00,86888.8,87185.4,86815.1,86971.7,113272.824
1900,2025-12-02 08:00:00,86971.7,87550.9,86383.7,87291.6,163502.339
1901,2025-12-02 12:00:00,87291.6,91120.9,87025.2,90852.7,239038.536
1902,2025-12-02 16:00:00,90852.7,92207.7,90251.9,91922.9,229444.744
1903,2025-12-02 20:00:00,91860.2,91924.0,90744.8,91273.0,159186.969
1904,2025-12-03 00:00:00,91273.0,92965.9,90992.9,92633.8,190678.961
1905,2025-12-03 04:00:00,92725.9,93877.5,92617.2,93257.0,152958.629
1906,2025-12-03 08:00:00,93257.0,93317.3,92716.3,92933.2,101389.014
1907,2025-12-03 12:00:00,92933.2,93570.5,91683.9,92326.7,236165.646
1908,2025-12-03 16:00:00,92332.3,93461.7,91785.0,92972.9,198988.077
1909,2025-12-03 20:00:00,92972.9,93961.7,92851.4,93389.7,164745.455
1910,2025-12-04 00:00:00,93391.0,93989.0,92684.1,93499.9,168759.013
1911,2025-12-04 04:00:00,93500.0,93525.0,92761.4,93340.1,130822.178
1912,2025-12-04 08:00:00,93304.7,93572.7,92717.0,92894.9,131135.293
1913,2025-12-04 12:00:00,92894.9,93201.2,91826.4,92985.5,206904.493
1914,2025-12-04 16:00:00,92985.5,93066.3,90921.6,92000.0,227547.194
1915,2025-12-04 20:00:00,92000.0,92607.2,91716.0,92079.9,128729.682
1916,2025-12-05 00:00:00,92070.0,92630.1,91989.2,92121.8,98756.204
1917,2025-12-05 04:00:00,92135.3,92441.6,91791.3,92186.0,114167.028
1918,2025-12-05 08:00:00,92186.0,92186.0,90967.2,91308.0,155156.725
1919,2025-12-05 12:00:00,91308.0,91363.7,86200.0,90370.3,251163.818
1920,2025-12-05 16:00:00,90370.3,90416.6,88052.6,89643.3,302404.046
1921,2025-12-05 20:00:00,89609.3,89667.5,88918.9,89290.6,139129.079
1922,2025-12-06 00:00:00,89290.6,89727.5,89028.2,89656.5,105169.764
1923,2025-12-06 04:00:00,89656.5,89700.6,89439.7,89545.2,76477.735
1924,2025-12-06 08:00:00,89545.2,89667.7,89190.3,89582.1,91433.961
1925,2025-12-06 12:00:00,89582.0,90230.0,89502.0,89701.6,102804.298
1926,2025-12-06 16:00:00,89695.3,89922.2,88920.1,89368.0,96164.0
1927,2025-12-06 20:00:00,89369.4,89525.3,88912.1,89179.3,82078.131
1928,2025-12-07 00:00:00,89205.9,89685.8,89150.0,89674.2,92090.783
1929,2025-12-07 04:00:00,89674.2,89742.3,89196.4,89346.6,109676.306
1930,2025-12-07 08:00:00,89341.1,89471.2,89027.7,89118.5,116810.535
1931,2025-12-07 12:00:00,89118.5,89530.6,87728.3,89513.2,239542.885
1932,2025-12-07 16:00:00,89513.2,91651.9,89117.1,91359.7,261985.814
1933,2025-12-07 20:00:00,91359.7,91448.8,88925.4,90345.4,309605.584
1934,2025-12-08 00:00:00,90376.1,91597.8,89956.7,91036.6,264873.316
1935,2025-12-08 04:00:00,91036.6,92000.0,91016.6,91476.0,184685.466
1936,2025-12-08 08:00:00,91476.1,92500.0,90800.0,91922.5,190894.116
1937,2025-12-08 12:00:00,91922.5,92465.3,89005.0,89927.9,314590.33
1938,2025-12-08 16:00:00,89926.9,91753.3,89100.0,90066.9,295280.219
1939,2025-12-08 20:00:00,90066.9,91387.4,89900.0,90595.7,251534.926
1940,2025-12-09 00:00:00,90594.7,91042.0,89458.9,90377.8,185047.349
1941,2025-12-09 04:00:00,90377.8,91600.0,89341.1,90437.6,178398.326
1942,2025-12-09 08:00:00,90437.5,92449.0,89213.0,90329.6,153808.739
1943,2025-12-09 12:00:00,90329.2,92798.6,89213.0,92625.3,306597.519
1944,2025-12-09 16:00:00,92625.3,94700.0,89213.0,93761.5,259224.271
1945,2025-12-09 20:00:00,93761.5,95500.0,91904.0,92638.4,219927.627
1946,2025-12-10 00:00:00,92637.8,94200.0,90000.0,92378.5,169472.798
1947,2025-12-10 04:00:00,92379.6,93601.0,91445.2,92682.0,103851.125
1948,2025-12-10 08:00:00,92682.0,95000.0,91740.1,92065.4,147557.673
1949,2025-12-10 12:00:00,92065.4,95500.0,91515.0,92009.0,202025.01
1950,2025-12-10 16:00:00,92019.9,93919.1,91500.0,92884.2,374964.81
1951,2025-12-10 20:00:00,92980.0,94850.0,90960.0,91960.4,292572.233
1952,2025-12-11 00:00:00,91960.7,94500.0,89346.0,89831.3,247000.423
1953,2025-12-11 04:00:00,89832.5,95000.6,89479.4,90212.3,165328.213
1954,2025-12-11 08:00:00,90212.3,91611.0,89782.0,90260.3,142939.244
1955,2025-12-11 12:00:00,90260.3,91040.9,89213.0,89896.1,357179.2
1956,2025-12-11 16:00:00,89896.2,91655.3,89249.1,90841.6,515507.499
1957,2025-12-11 20:00:00,90841.6,93600.0,90000.0,92436.9,524328.214
1958,2025-12-12 00:00:00,92294.2,93000.0,91400.0,92236.8,350903.834
1959,2025-12-12 04:00:00,92236.8,92711.7,90250.0,92393.0,196400.16
1960,2025-12-12 08:00:00,92393.0,92800.0,91930.0,92334.5,193917.698
1961,2025-12-12 12:00:00,92347.8,93000.0,89797.8,89816.7,433795.332
1962,2025-12-12 16:00:00,89816.6,92600.0,89482.8,90158.4,534970.091
1963,2025-12-12 20:00:00,90158.4,91200.0,89841.9,90228.6,214078.958
1964,2025-12-13 00:00:00,90228.7,90600.0,90000.0,90300.0,136441.914
1965,2025-12-13 04:00:00,90304.0,90500.0,90020.5,90292.9,48863.427
1966,2025-12-13 08:00:00,90332.0,91000.0,90130.0,90305.5,128183.137
1967,2025-12-13 12:00:00,90305.5,91800.0,89841.9,90042.6,159073.831
1968,2025-12-13 16:00:00,90042.6,92200.0,89841.9,90149.4,74385.257
1969,2025-12-13 20:00:00,90150.2,90609.0,89761.6,90197.0,130700.754
1970,2025-12-14 00:00:00,90197.0,90501.0,89950.0,90220.9,143439.185
1971,2025-12-14 04:00:00,90221.7,90501.0,89800.0,90201.4,88941.941
1972,2025-12-14 08:00:00,90223.1,91200.0,88659.1,89342.1,219706.776
1973,2025-12-14 12:00:00,89342.1,90157.1,88100.0,89021.5,332064.935
1974,2025-12-14 16:00:00,89021.5,89300.1,86000.0,88543.8,336741.399
1975,2025-12-14 20:00:00,88543.7,89000.0,86200.0,88100.2,407502.699
1976,2025-12-15 00:00:00,88101.1,90999.0,86000.0,89229.5,450398.583
1977,2025-12-15 04:00:00,89240.0,90990.0,87000.0,89711.1,275548.398
1978,2025-12-15 08:00:00,89711.1,90500.0,87505.0,89600.6,214358.559
1979,2025-12-15 12:00:00,89600.6,90100.0,80600.0,87005.9,539495.421
1980,2025-12-15 16:00:00,87005.9,88028.4,81111.0,86104.1,672873.431
1981,2025-12-15 20:00:00,86104.1,87768.0,85309.5,86391.0,410125.456
1982,2025-12-16 00:00:00,86391.1,88000.0,85309.5,85829.7,390655.815
1983,2025-12-16 04:00:00,85823.9,88187.5,85206.5,85991.8,315861.173
1984,2025-12-16 08:00:00,85992.6,87500.0,85682.2,87208.8,603288.49
1985,2025-12-16 12:00:00,87208.5,88200.0,86144.7,87946.7,860992.068
1986,2025-12-16 16:00:00,87945.3,89000.0,87034.5,87560.2,664108.362
1987,2025-12-16 20:00:00,87552.9,87943.8,87340.8,87824.3,675956.188
1988,2025-12-17 00:00:00,87810.4,87886.0,87100.0,87178.1,615673.526
1989,2025-12-17 04:00:00,87178.2,87500.0,86111.7,87011.3,719304.693
1990,2025-12-17 08:00:00,87011.3,87068.8,86105.6,86940.8,524677.221
1991,2025-12-17 12:00:00,86940.8,90233.9,86811.3,87221.5,897302.818
1992,2025-12-17 16:00:00,87221.5,87719.5,85274.2,85972.6,874166.075
1993,2025-12-17 20:00:00,85972.6,86358.7,85612.5,86139.7,532407.424
1994,2025-12-18 00:00:00,86137.8,86875.0,85860.1,86567.6,545742.866
1995,2025-12-18 04:00:00,86567.6,86890.0,86361.2,86771.5,541331.746
1996,2025-12-18 08:00:00,86771.5,87410.7,86652.8,87224.7,581123.808
1997,2025-12-18 12:00:00,87224.7,89378.2,86900.8,88488.3,831639.254
1998,2025-12-18 16:00:00,88488.3,88498.0,81234.0,84898.5,115297.209
1999,2025-12-18 20:00:00,84824.6,88497.0,83600.0,85800.0,4743.988
2000,2025-12-19 00:00:00,86461.2,87718.3,85000.0,86716.9,2972.974
2001,2025-12-19 04:00:00,86555.1,88336.1,85950.0,87910.6,647705.93
2002,2025-12-19 08:00:00,87909.3,88324.4,87710.9,88163.9,779397.47
2003,2025-12-19 12:00:00,88165.0,89317.0,87575.1,87946.3,857243.647
2004,2025-12-19 16:00:00,87925.7,88797.0,86767.3,87812.8,1014816.332
2005,2025-12-19 20:00:00,87812.9,88555.0,87576.4,88100.1,689402.511
2006,2025-12-20 00:00:00,88100.0,88350.0,87875.0,88177.0,353956.269
2007,2025-12-20 04:00:00,88177.0,88539.0,88070.0,88221.1,442582.84
2008,2025-12-20 08:00:00,88221.2,88382.3,88070.0,88256.4,439790.318
2009,2025-12-20 12:00:00,88256.4,88294.0,87820.2,88140.5,460203.143
2010,2025-12-20 16:00:00,88140.5,88500.0,87820.2,88196.3,572421.669
2011,2025-12-20 20:00:00,88196.3,88500.0,87820.2,88338.0,258006.298
2012,2025-12-21 00:00:00,88338.0,88539.0,87800.0,88043.3,294223.537
2013,2025-12-21 04:00:00,88043.2,88200.0,88019.9,88107.1,401079.861
2014,2025-12-21 08:00:00,88107.1,89000.0,88015.1,88570.6,591655.28
2015,2025-12-21 12:00:00,88570.6,88987.0,87522.6,88024.8,638971.66
2016,2025-12-21 16:00:00,88024.8,88700.0,87919.4,88448.4,595060.531
2017,2025-12-21 20:00:00,88470.8,88750.0,88000.0,88595.9,595580.916
2018,2025-12-22 00:00:00,88595.9,89578.1,87934.1,88727.5,858158.305
2019,2025-12-22 04:00:00,88727.5,89147.1,88675.4,89127.7,625607.186
2020,2025-12-22 08:00:00,89131.5,89997.0,88100.0,89905.1,604332.792
2021,2025-12-22 12:00:00,89905.9,90480.0,88988.9,89688.5,743980.32
2022,2025-12-22 16:00:00,89680.6,90067.2,87888.8,88036.4,927844.033
2023,2025-12-22 20:00:00,88061.9,88746.3,87910.5,88502.4,691045.673
2024,2025-12-23 00:00:00,88497.3,88894.5,87808.4,88186.9,680686.045
2025,2025-12-23 04:00:00,88187.0,88330.1,87066.7,87531.3,658453.848
2026,2025-12-23 08:00:00,87531.3,88000.0,87287.0,87810.0,544243.286
2027,2025-12-23 12:00:00,87821.2,88000.0,86526.9,87433.1,709916.566
2028,2025-12-23 16:00:00,87433.2,88476.3,87000.0,87724.2,807226.55
2029,2025-12-23 20:00:00,87724.2,88322.9,87165.1,87440.0,705579.172
2030,2025-12-24 00:00:00,87438.1,88138.0,86861.6,87311.5,724947.869
2031,2025-12-24 04:00:00,87303.3,87409.9,86700.0,86908.9,658921.507
2032,2025-12-24 08:00:00,86908.9,87428.0,86612.7,87172.5,541813.736
2033,2025-12-24 12:00:00,87172.5,87600.0,86200.0,87011.7,768859.91
2034,2025-12-24 16:00:00,87011.7,87660.1,86913.0,87521.3,593620.299
2035,2025-12-24 20:00:00,87521.3,90329.9,87400.0,87627.1,284046.393
2036,2025-12-25 00:00:00,87627.1,87887.0,87400.0,87811.5,472256.885
2037,2025-12-25 04:00:00,87811.5,87811.5,87620.0,87795.9,373098.334
2038,2025-12-25 08:00:00,87795.9,87853.0,87100.0,87489.2,519222.818
2039,2025-12-25 12:00:00,87489.2,88503.6,87000.7,88288.1,477801.968
2040,2025-12-25 16:00:00,88283.6,88420.1,87827.7,88112.3,496296.596
2041,2025-12-25 20:00:00,88112.3,88130.0,86930.6,87214.5,443305.19
2042,2025-12-26 00:00:00,87214.5,89418.8,86868.7,88796.2,763185.83
2043,2025-12-26 04:00:00,88834.8,90000.0,88329.9,88411.8,642492.153
2044,2025-12-26 08:00:00,88411.8,88860.2,88350.0,88530.3,511138.16
2045,2025-12-26 12:00:00,88530.3,89100.0,86653.2,87100.0,797115.539
2046,2025-12-26 16:00:00,87092.6,88700.0,86700.0,87453.7,788473.065
2047,2025-12-26 20:00:00,87453.7,87728.1,87210.0,87327.0,484338.695
2048,2025-12-27 00:00:00,87326.9,87612.0,87165.2,87468.0,251343.494
2049,2025-12-27 04:00:00,87468.0,87703.7,87374.6,87491.0,202323.527
2050,2025-12-27 08:00:00,87491.0,87700.0,87200.0,87433.7,349709.689
2051,2025-12-27 12:00:00,87420.7,87573.0,87210.0,87512.5,271268.234
2052,2025-12-27 16:00:00,87512.5,87553.9,87210.0,87522.4,322236.016
2053,2025-12-27 20:00:00,87534.0,87898.5,86573.7,87823.1,360325.751
2054,2025-12-28 00:00:00,87823.1,87899.6,87700.1,87707.8,481812.64
2055,2025-12-28 04:00:00,87707.8,87796.0,87589.0,87697.6,379620.16
2056,2025-12-28 08:00:00,87697.5,88058.0,87589.0,87842.8,338048.882
2057,2025-12-28 12:00:00,87842.8,88058.0,87635.3,87797.7,274346.108
2058,2025-12-28 16:00:00,87805.6,88025.1,87000.0,87518.0,409017.055
2059,2025-12-28 20:00:00,87518.0,88000.0,87250.0,87879.9,397295.864
2060,2025-12-29 00:00:00,87879.9,90329.9,86485.8,90091.7,840175.425
2061,2025-12-29 04:00:00,90085.7,90329.9,85555.0,89583.0,558542.41
2062,2025-12-29 08:00:00,89609.2,89806.4,87500.0,87563.5,683013.985
2063,2025-12-29 12:00:00,87563.5,88300.0,86777.8,87668.2,780283.557
2064,2025-12-29 16:00:00,87703.5,87978.0,87250.0,87329.0,603086.793
2065,2025-12-29 20:00:00,87328.9,87629.3,86972.9,87214.0,515577.47
2066,2025-12-30 00:00:00,87214.0,87364.8,86666.0,87334.8,593633.007
2067,2025-12-30 04:00:00,87334.8,87607.0,87131.5,87457.6,472945.641
2068,2025-12-30 08:00:00,87457.5,88432.0,87400.0,87839.3,536024.56
2069,2025-12-30 12:00:00,87839.3,89098.1,87585.1,88919.7,640523.79
2070,2025-12-30 16:00:00,88919.6,89296.2,87943.6,88191.3,701631.224
2071,2025-12-30 20:00:00,88191.3,89000.0,87750.0,88472.1,453367.045
2072,2025-12-31 00:00:00,88472.1,88776.1,88011.8,88400.2,562964.405
2073,2025-12-31 04:00:00,88404.8,90338.1,87250.0,88567.4,130385.125
2074,2025-12-31 08:00:00,88567.4,88967.7,88300.0,88967.7,401312.38
2075,2025-12-31 12:00:00,88967.6,89255.0,87500.0,87905.9,547337.644
2076,2025-12-31 16:00:00,87907.2,88200.0,87300.0,87560.0,595767.45
2077,2025-12-31 20:00:00,87571.8,87842.3,87263.0,87608.4,455752.261
2078,2026-01-01 00:00:00,87608.4,88100.0,87586.5,87815.2,390569.724
2079,2026-01-01 04:00:00,87815.2,87985.0,87539.0,87635.2,206842.078
2080,2026-01-01 08:00:00,87635.2,88000.0,87000.0,87950.0,280453.83
2081,2026-01-01 12:00:00,87950.0,88036.7,87768.8,87986.8,241406.277
2082,2026-01-01 16:00:00,87986.9,88650.0,87848.3,88328.9,447527.577
2083,2026-01-01 20:00:00,88329.0,88878.1,88103.0,88804.7,486902.917
2084,2026-01-02 00:00:00,88804.7,89100.0,88370.5,88873.4,598801.533
2085,2026-01-02 04:00:00,88872.8,89100.0,88400.0,88838.1,484928.154
2086,2026-01-02 08:00:00,88845.0,89989.9,88666.6,89468.9,648091.137
2087,2026-01-02 12:00:00,89468.9,90048.8,88476.5,89373.0,991393.781
2088,2026-01-02 16:00:00,89373.0,90893.1,89190.0,89850.6,1075094.534
2089,2026-01-02 20:00:00,89850.6,90350.0,87000.0,89951.4,604647.975
2090,2026-01-03 00:00:00,89951.4,90500.0,89600.0,90280.0,535010.808
2091,2026-01-03 04:00:00,90280.0,90678.0,89153.7,89535.9,549621.132
2092,2026-01-03 08:00:00,89535.9,90000.0,89330.0,89706.4,481494.676
2093,2026-01-03 12:00:00,89706.4,92345.0,89500.0,89927.1,354177.248
2094,2026-01-03 16:00:00,89927.1,90379.1,89800.0,90083.6,383350.614
2095,2026-01-03 20:00:00,90083.9,91000.0,89992.9,90595.8,383504.623
2096,2026-01-04 00:00:00,90655.3,91474.1,87400.0,91202.3,567002.426
2097,2026-01-04 04:00:00,91252.6,91750.0,91148.5,91482.6,574930.354
2098,2026-01-04 08:00:00,91482.6,91722.5,91149.9,91262.7,525637.101
2099,2026-01-04 12:00:00,91262.7,91535.2,90850.0,91292.7,441532.919
2100,2026-01-04 16:00:00,91292.7,91454.0,90840.0,91102.8,426121.678
2101,2026-01-04 20:00:00,91102.8,91490.9,91076.7,91490.9,481940.56
2102,2026-01-05 00:00:00,91490.9,93274.8,91485.0,92837.6,751644.087
2103,2026-01-05 04:00:00,92837.6,92930.9,88025.0,92492.2,651329.359
2104,2026-01-05 08:00:00,92451.8,93300.0,92273.1,93093.3,606091.854
2105,2026-01-05 12:00:00,93094.6,93925.0,92273.1,93906.3,784844.223
2106,2026-01-05 16:00:00,93906.3,94700.0,93229.4,94235.2,673219.08
2107,2026-01-05 20:00:00,94235.2,94850.0,93650.0,93822.4,624302.53
2108,2026-01-06 00:00:00,93822.4,94155.3,93348.5,93725.8,547238.914
2109,2026-01-06 04:00:00,93739.8,93964.3,93000.0,93207.4,497572.702
2110,2026-01-06 08:00:00,93214.3,93855.2,93030.0,93799.7,576297.701
2111,2026-01-06 12:00:00,93799.7,94500.0,93307.1,93568.6,833623.825
2112,2026-01-06 16:00:00,93568.6,94150.0,91100.0,92072.7,1095041.256
2113,2026-01-06 20:00:00,92072.7,93838.4,92072.7,93708.1,763376.998
2114,2026-01-07 00:00:00,93725.0,93725.0,92282.6,92741.9,659707.724
2115,2026-01-07 04:00:00,92774.1,92884.9,92207.0,92744.7,118976.839
2116,2026-01-07 08:00:00,92381.1,92990.3,91000.0,92046.6,19409.694
2117,2026-01-07 12:00:00,92046.7,92281.1,85122.4,85122.4,7014.328
2118,2026-01-07 16:00:00,89235.4,118244.8,85222.0,90843.8,22403.512
2119,2026-01-07 20:00:00,91143.6,93100.0,90600.0,91000.0,4808.775
2120,2026-01-08 00:00:00,91328.1,92630.1,88000.0,90680.1,9424.164
2121,2026-01-08 04:00:00,90549.8,105000.0,88000.0,90500.0,19264.986
2122,2026-01-08 08:00:00,90476.8,98500.0,89500.0,90190.4,77425.646
2123,2026-01-08 12:00:00,90190.4,90888.0,89158.5,90835.8,613139.328
2124,2026-01-08 16:00:00,90775.5,91515.5,89800.0,90881.7,554252.603
2125,2026-01-08 20:00:00,90881.7,91500.0,90405.5,91060.3,419506.41
2126,2026-01-09 00:00:00,91061.5,91500.0,90750.7,91198.7,416062.517
2127,2026-01-09 04:00:00,91198.8,91226.2,90569.0,90797.3,462471.867
2128,2026-01-09 08:00:00,90741.1,90817.9,89686.2,90385.0,660326.484
2129,2026-01-09 12:00:00,90384.9,91949.4,89700.0,91085.5,851872.961
2130,2026-01-09 16:00:00,91085.5,91805.2,90047.3,90308.3,801914.482
2131,2026-01-09 20:00:00,90361.8,91000.0,90000.0,90583.6,548643.715
2132,2026-01-10 00:00:00,90583.6,90902.0,90376.0,90595.6,353726.793
2133,2026-01-10 04:00:00,90595.6,90718.0,89832.6,90627.1,426062.882
2134,2026-01-10 08:00:00,90627.1,90790.2,90579.5,90692.8,318997.648
2135,2026-01-10 12:00:00,90692.8,90756.8,90499.9,90622.7,245621.932
2136,2026-01-10 16:00:00,90622.0,90722.9,90300.0,90591.3,371836.563
2137,2026-01-10 20:00:00,90591.3,90688.0,90300.0,90469.7,375959.307
2138,2026-01-11 00:00:00,90470.1,90695.6,90337.7,90693.6,265358.577
2139,2026-01-11 04:00:00,90693.0,91050.0,90521.2,90663.9,273891.168
2140,2026-01-11 08:00:00,90663.9,90765.6,90600.0,90683.5,320518.531
2141,2026-01-11 12:00:00,90667.3,91093.5,90606.0,90834.1,401286.847
2142,2026-01-11 16:00:00,90834.2,91300.0,90606.0,90606.0,208942.141
2143,2026-01-11 20:00:00,90644.0,90930.7,90200.0,90930.7,198671.602
2144,2026-01-12 00:00:00,90913.5,92467.4,90517.6,91770.6,601091.314
2145,2026-01-12 04:00:00,91770.7,92500.0,91200.0,91370.1,612489.3
2146,2026-01-12 08:00:00,91370.1,91642.2,90240.6,90639.0,736943.582
2147,2026-01-12 12:00:00,90639.1,91584.3,90117.3,91584.3,821128.872
2148,2026-01-12 16:00:00,91584.3,92400.0,90870.0,91794.8,931551.399
2149,2026-01-12 20:00:00,91794.8,91983.1,90822.2,91252.5,597803.897
2150,2026-01-13 00:00:00,91252.6,91540.7,91036.9,91369.2,522130.27
2151,2026-01-13 04:00:00,91369.2,92220.0,91105.9,91917.1,703294.528
2152,2026-01-13 08:00:00,91917.1,92878.7,91781.5,91962.0,614581.137
2153,2026-01-13 12:00:00,91962.0,93345.1,91792.4,93345.1,864181.847
2154,2026-01-13 16:00:00,93343.2,94300.0,93000.0,94150.1,840225.476
2155,2026-01-13 20:00:00,94166.8,96569.1,94034.0,95369.7,744033.569
2156,2026-01-14 00:00:00,95363.1,95800.0,95050.0,95661.1,714982.595
2157,2026-01-14 04:00:00,95660.7,95718.9,94580.0,95169.6,652124.191
2158,2026-01-14 08:00:00,95169.6,95400.0,93076.4,94755.4,608669.679
2159,2026-01-14 12:00:00,94755.3,97190.0,94666.4,96680.3,801180.118
2160,2026-01-14 16:00:00,96681.1,97888.0,96262.2,97217.3,1001600.076
2161,2026-01-14 20:00:00,97216.2,97864.4,96747.3,96908.0,739600.734
2162,2026-01-15 00:00:00,96891.3,97100.0,95361.1,95951.3,719277.049
2163,2026-01-15 04:00:00,95951.4,96771.0,95798.7,96560.7,661883.068
2164,2026-01-15 08:00:00,96560.7,97200.0,96100.0,96550.0,578886.386
2165,2026-01-15 12:00:00,96550.0,97173.1,95345.7,96652.6,925337.068
2166,2026-01-15 16:00:00,96683.8,97159.0,95173.4,95469.2,818749.732
2167,2026-01-15 20:00:00,95469.2,97000.0,95080.1,95561.0,661065.669
2168,2026-01-16 00:00:00,95543.6,95762.4,95300.0,95319.7,409350.788
2169,2026-01-16 04:00:00,95319.7,95770.1,95000.0,95608.2,529296.193
2170,2026-01-16 08:00:00,95608.3,95799.9,95000.0,95393.0,396265.326
2171,2026-01-16 12:00:00,95393.0,95799.9,94263.0,94571.7,608590.478
2172,2026-01-16 16:00:00,94571.8,95351.1,94369.5,94965.7,703290.292
2173,2026-01-16 20:00:00,94965.6,95799.9,94652.0,95503.7,595479.57
2174,2026-01-17 00:00:00,95503.7,95700.0,95000.0,95339.1,246614.562
2175,2026-01-17 04:00:00,95339.1,95801.8,95000.0,95061.1,345099.733
2176,2026-01-17 08:00:00,95046.9,95801.8,94925.3,95255.0,707922.754
2177,2026-01-17 12:00:00,95255.0,95750.0,94994.7,95526.9,386103.432
2178,2026-01-17 16:00:00,95526.9,95526.9,95034.0,95247.1,156875.693
2179,2026-01-17 20:00:00,95258.1,95359.5,94642.0,95106.9,330603.564
2180,2026-01-18 00:00:00,95106.9,95359.5,94642.0,95154.9,346998.436
2181,2026-01-18 04:00:00,95154.9,95359.5,94985.6,95001.7,347017.206
2182,2026-01-18 08:00:00,95014.7,95359.5,94986.6,95130.9,517479.54
2183,2026-01-18 12:00:00,95130.9,95362.5,94871.1,95059.8,414647.518
2184,2026-01-18 16:00:00,95057.8,95800.0,95024.1,95335.6,526356.812
2185,2026-01-18 20:00:00,95335.6,95631.0,93521.0,93600.1,356792.293
2186,2026-01-19 00:00:00,93600.0,93852.8,92000.0,92656.7,800509.746
2187,2026-01-19 04:00:00,92656.6,92971.0,92360.1,92787.9,596944.157
2188,2026-01-19 08:00:00,92787.9,93811.0,92500.0,93137.0,601256.342
2189,2026-01-19 12:00:00,93137.0,93166.8,92705.5,93030.3,526464.916
2190,2026-01-19 16:00:00,93030.3,93500.0,92753.6,93098.0,445064.851
2191,2026-01-19 20:00:00,93098.0,93350.0,92103.5,92589.7,573205.474
2192,2026-01-20 00:00:00,92589.7,92978.3,92066.0,92397.0,663750.593
2193,2026-01-20 04:00:00,92406.6,92501.7,90748.6,90949.9,738601.996
2194,2026-01-20 08:00:00,91132.3,91410.2,90603.4,91176.1,664078.879
2195,2026-01-20 12:00:00,91176.0,91430.0,89800.0,90631.8,823826.546
2196,2026-01-20 16:00:00,90629.6,90960.0,89105.0,89716.1,854420.44
2197,2026-01-20 20:00:00,89716.1,89807.5,87927.5,88390.6,773218.729
2198,2026-01-21 00:00:00,88400.6,89550.1,88287.9,89385.0,707957.788
2199,2026-01-21 04:00:00,89385.0,90104.6,89037.3,89131.5,652362.011
2200,2026-01-21 08:00:00,89127.7,89430.1,88694.0,88760.6,460688.384
2201,2026-01-21 12:00:00,88760.6,90500.0,88180.6,90243.2,981972.502
2202,2026-01-21 16:00:00,90243.2,90531.8,87000.0,90297.4,1031075.73
2203,2026-01-21 20:00:00,90314.3,90531.8,87833.5,89415.7,721659.063
2204,2026-01-22 00:00:00,89415.7,90392.5,88000.0,89857.9,532553.494
2205,2026-01-22 04:00:00,89857.9,90392.5,89500.0,89764.3,372335.94
2206,2026-01-22 08:00:00,89764.3,90109.1,89697.5,89909.6,407240.183
2207,2026-01-22 12:00:00,89909.7,90379.1,88432.0,88982.3,584182.342
2208,2026-01-22 16:00:00,88982.3,90150.0,88548.9,89741.2,998649.622
2209,2026-01-22 20:00:00,89741.2,89918.3,89132.8,89517.6,639656.846
2210,2026-01-23 00:00:00,89511.1,89923.0,89124.0,89879.9,463579.059
2211,2026-01-23 04:00:00,89879.9,90028.5,89153.9,89526.7,325728.522
2212,2026-01-23 08:00:00,89526.7,89581.4,88796.0,89151.1,475364.276
2213,2026-01-23 12:00:00,89151.1,89790.7,88569.3,89703.1,518128.589
2214,2026-01-23 16:00:00,89703.1,91805.0,89461.7,89938.3,667138.819
2215,2026-01-23 20:00:00,89938.4,90088.7,89220.0,89565.2,365990.974
2216,2026-01-24 00:00:00,89565.2,89893.7,89384.7,89738.5,156066.525
2217,2026-01-24 04:00:00,89738.5,89817.4,89438.0,89611.5,72437.357
2218,2026-01-24 08:00:00,89611.5,89659.1,84500.0,89562.2,44645.784
2219,2026-01-24 12:00:00,89562.2,89564.2,81111.0,89235.0,114681.439
2220,2026-01-24 16:00:00,89238.1,89415.1,89136.7,89286.1,121049.461
2221,2026-01-24 20:00:00,89286.1,89428.5,89179.2,89180.8,133018.191
2222,2026-01-25 00:00:00,89179.5,89280.4,85555.0,88934.5,170251.78
2223,2026-01-25 04:00:00,88941.6,89048.0,88607.1,88630.3,184072.442
2224,2026-01-25 08:00:00,88630.3,88721.8,88167.1,88500.0,238583.754
2225,2026-01-25 12:00:00,88500.0,88925.7,88380.6,88404.2,214860.904
2226,2026-01-25 16:00:00,88404.3,88409.9,86206.3,86444.8,655504.714
2227,2026-01-25 20:00:00,86457.6,86927.9,86039.9,86627.6,688647.343
2228,2026-01-26 00:00:00,86627.6,87901.4,86463.3,87199.9,672232.164
2229,2026-01-26 04:00:00,87197.6,89472.0,87197.6,87964.1,519037.283
2230,2026-01-26 08:00:00,87964.1,88230.8,87568.4,87819.8,395986.962
2231,2026-01-26 12:00:00,87819.8,89474.6,87312.7,87609.5,634381.937
2232,2026-01-26 16:00:00,87609.5,88463.1,86990.0,87952.3,786088.663
2233,2026-01-26 20:00:00,87965.4,88619.3,87518.4,88346.5,414131.01
2234,2026-01-27 00:00:00,88346.5,88834.8,82555.0,88678.0,483951.652
2235,2026-01-27 04:00:00,88676.9,88883.4,88259.4,88284.6,212847.271
2236,2026-01-27 08:00:00,88284.6,88352.1,87726.7,87982.0,257869.48
2237,2026-01-27 12:00:00,87980.8,88356.0,87582.4,88009.1,493279.352
2238,2026-01-27 16:00:00,88011.0,88763.8,87287.2,88364.2,639877.87
2239,2026-01-27 20:00:00,88364.2,89479.3,84000.0,89200.0,504359.44
2240,2026-01-28 00:00:00,89200.0,89444.6,88960.2,89079.9,366074.156
2241,2026-01-28 04:00:00,89079.9,89481.1,88809.4,89122.2,332440.491
2242,2026-01-28 08:00:00,89122.2,90087.7,85000.0,90039.4,372429.812
2243,2026-01-28 12:00:00,90080.0,92004.7,89009.7,89443.0,642133.863
2244,2026-01-28 16:00:00,89443.0,91550.0,88977.1,89443.4,685509.49
2245,2026-01-28 20:00:00,89446.7,89762.6,88855.2,89261.7,469373.436
2246,2026-01-29 00:00:00,89190.1,89291.3,85000.0,88012.4,464844.137
2247,2026-01-29 04:00:00,88005.4,88385.9,87864.6,88280.2,203170.973
2248,2026-01-29 08:00:00,88280.2,88416.2,87728.0,87799.2,333998.622
2249,2026-01-29 12:00:00,87799.2,91000.0,84365.5,84885.3,686000.697
2250,2026-01-29 16:00:00,84885.3,85573.4,83344.4,84000.0,983558.036
2251,2026-01-29 20:00:00,84000.5,84689.8,83790.0,84654.0,430319.965
2252,2026-01-30 00:00:00,84654.0,84654.3,80888.0,82640.9,834563.705
2253,2026-01-30 04:00:00,82640.8,86000.0,80100.0,82802.5,721980.248
2254,2026-01-30 08:00:00,82800.7,87500.0,81800.0,83104.8,575284.705
2255,2026-01-30 12:00:00,83104.7,83694.7,82440.2,82854.4,853353.957
2256,2026-01-30 16:00:00,82850.6,84519.1,81881.4,84196.1,1077496.606
2257,2026-01-30 20:00:00,84196.1,84467.7,83544.8,84212.0,640767.443
2258,2026-01-31 00:00:00,84212.0,84237.1,81100.0,83998.0,233976.785
2259,2026-01-31 04:00:00,84013.7,84106.4,83375.0,83500.1,191112.505
2260,2026-01-31 08:00:00,83501.0,87500.0,82650.1,82970.4,529553.021
2261,2026-01-31 12:00:00,82970.4,83108.4,80904.7,81302.4,697150.581
2262,2026-01-31 16:00:00,81302.4,81853.5,76785.7,77745.9,1415133.038
2263,2026-01-31 20:00:00,77745.9,79140.2,77058.2,78733.1,1047000.641
2264,2026-02-01 00:00:00,78733.1,79346.8,78312.3,78837.0,737760.078
2265,2026-02-01 04:00:00,78836.9,79059.5,77983.9,78318.1,548819.841
2266,2026-02-01 08:00:00,78318.1,79180.2,78153.6,78703.4,550038.437
2267,2026-02-01 12:00:00,78703.4,78715.3,76850.1,77566.5,905999.055
2268,2026-02-01 16:00:00,77545.5,78275.6,76970.5,77142.5,867868.539
2269,2026-02-01 20:00:00,77142.4,77633.2,75700.1,76931.5,1305396.562
2270,2026-02-02 00:00:00,76931.5,78018.9,74596.6,76252.6,1358032.568
2271,2026-02-02 04:00:00,76250.5,76812.7,74592.6,76625.5,1300882.439
2272,2026-02-02 08:00:00,76655.3,77906.1,74585.0,77680.8,907660.158
2273,2026-02-02 12:00:00,77680.8,86800.0,77609.2,78791.5,1058873.426
2274,2026-02-02 16:00:00,78791.6,79205.3,78285.3,78298.2,823704.541
2275,2026-02-02 20:00:00,78297.7,78894.2,77700.0,78692.5,656155.129
2276,2026-02-03 00:00:00,78692.4,79132.3,77681.8,78713.0,829908.842
2277,2026-02-03 04:00:00,78713.0,84000.0,77914.2,78684.8,587461.415
2278,2026-02-03 08:00:00,78680.8,78989.0,77943.6,78056.6,700454.899
2279,2026-02-03 12:00:00,78056.6,78418.2,77064.5,78103.3,936077.084
2280,2026-02-03 16:00:00,78099.8,79128.0,72956.9,74906.7,1467206.652
2281,2026-02-03 20:00:00,74906.7,76863.2,74567.9,75724.9,1086141.295
2282,2026-02-04 00:00:00,75724.9,76849.5,75458.7,76661.2,844522.175
2283,2026-02-04 04:00:00,76661.2,76782.2,75720.0,76482.7,503781.962
2284,2026-02-04 08:00:00,76470.9,76551.9,75679.3,76033.5,664119.027
2285,2026-02-04 12:00:00,76063.0,76218.1,73819.0,74088.1,1147406.67
2286,2026-02-04 16:00:00,74088.1,74149.4,72256.9,73842.4,1576609.662
2287,2026-02-04 20:00:00,73842.4,74104.0,71945.5,73148.9,1234403.793
2288,2026-02-05 00:00:00,73148.4,73287.3,71295.0,71553.8,1041178.814
2289,2026-02-05 04:00:00,71553.7,73191.8,70134.0,70697.8,1020526.506
2290,2026-02-05 08:00:00,70696.1,71860.8,69916.6,70280.0,1169026.617
2291,2026-02-05 12:00:00,70280.0,70874.8,65510.2,67455.0,1617491.29
2292,2026-02-05 16:00:00,67455.0,70927.2,45678.0,65232.7,2306998.768
2293,2026-02-05 20:00:00,65232.7,73288.0,45119.9,62878.9,2477931.59
2294,2026-02-06 00:00:00,62880.2,65880.7,59000.0,64136.6,2048842.122
2295,2026-02-06 04:00:00,64136.6,66730.6,63935.9,64782.6,1549851.548
2296,2026-02-06 08:00:00,64784.1,66628.7,64474.9,66577.9,1359999.712
2297,2026-02-06 12:00:00,66565.5,69038.1,66112.1,68551.0,1649159.563
2298,2026-02-06 16:00:00,68551.0,71358.2,68418.0,70679.1,1640321.558
2299,2026-02-06 20:00:00,70670.1,71683.7,66000.0,70520.7,1143311.439
2300,2026-02-07 00:00:00,70524.0,70870.8,69701.1,70870.8,904665.526
2301,2026-02-07 04:00:00,70870.8,71570.4,67358.7,68068.0,942435.82
2302,2026-02-07 08:00:00,68070.1,71500.0,67596.6,67936.9,1001393.348
2303,2026-02-07 12:00:00,67951.4,69833.8,67000.0,69110.7,1318477.436
2304,2026-02-07 16:00:00,69108.0,69714.2,68625.5,69258.0,1284353.224
2305,2026-02-07 20:00:00,69247.3,73000.0,66700.0,69286.4,1575459.554
2306,2026-02-08 00:00:00,69286.4,69612.8,68870.9,69064.8,1648381.143
2307,2026-02-08 04:00:00,69066.3,69657.8,64309.1,69642.6,1013431.21
2308,2026-02-08 08:00:00,69642.7,72500.0,69482.0,70949.8,1331992.606
2309,2026-02-08 12:00:00,70947.9,74841.7,68000.0,71078.1,1119732.906
2310,2026-02-08 16:00:00,71090.4,71474.7,70298.4,71373.8,1470171.209
2311,2026-02-08 20:00:00,71374.8,72208.7,70007.7,70325.7,1756810.457
2312,2026-02-09 00:00:00,70327.0,71375.4,70000.0,71303.9,1727756.584
2313,2026-02-09 04:00:00,71306.0,71311.7,70335.2,70396.7,1395606.764
2314,2026-02-09 08:00:00,70396.7,70554.0,68408.9,68832.0,1740468.04
2315,2026-02-09 12:00:00,68832.0,70100.0,65000.0,69504.3,1662319.245
2316,2026-02-09 16:00:00,69506.0,71006.4,65100.0,70879.2,1533810.913
2317,2026-02-09 20:00:00,70879.2,71049.6,69796.3,70100.1,893969.051
2318,2026-02-10 00:00:00,70081.9,70436.9,66000.0,69473.3,814967.345
2319,2026-02-10 04:00:00,69457.0,72900.0,66250.0,68894.0,729827.383
2320,2026-02-10 08:00:00,68894.0,72000.0,66000.0,68494.2,517280.693
2321,2026-02-10 12:00:00,68480.6,69500.0,67000.0,69251.6,734663.852
2322,2026-02-10 16:00:00,69251.5,69912.0,68657.0,69008.9,596683.521
2323,2026-02-10 20:00:00,69003.5,69055.7,68347.4,68804.5,443047.627
2324,2026-02-11 00:00:00,68804.5,69238.4,68012.6,68137.0,510712.096
2325,2026-02-11 04:00:00,68137.0,68260.0,66568.5,67015.8,510275.122
2326,2026-02-11 08:00:00,67015.7,67069.2,66340.8,67023.9,572103.82
2327,2026-02-11 12:00:00,67023.2,71500.0,65000.0,66497.1,790794.958
2328,2026-02-11 16:00:00,66496.7,67800.0,65909.2,67547.7,807779.446
2329,2026-02-11 20:00:00,67544.7,68230.1,65200.0,67011.5,630077.597
2330,2026-02-12 00:00:00,67011.5,67995.0,67003.0,67552.1,490566.603
2331,2026-02-12 04:00:00,67551.8,67629.1,66653.1,67181.5,519286.458
2332,2026-02-12 08:00:00,67184.3,68209.7,66892.4,68076.9,514785.689
2333,2026-02-12 12:00:00,68074.9,68319.3,67050.0,67051.0,700117.031
2334,2026-02-12 16:00:00,67051.0,67392.3,65101.8,65812.7,817719.142
2335,2026-02-12 20:00:00,65775.2,66430.6,63000.0,66266.6,637111.869
2336,2026-02-13 00:00:00,66263.9,66819.9,65862.0,66442.6,530892.572
2337,2026-02-13 04:00:00,66468.0,66612.3,66011.1,66181.8,468620.033
2338,2026-02-13 08:00:00,66183.2,67157.9,66140.4,67136.8,455064.69
2339,2026-02-13 12:00:00,67136.8,69213.0,66888.2,68620.0,697782.478
2340,2026-02-13 16:00:00,68619.8,69315.0,63830.0,68967.6,604427.578
2341,2026-02-13 20:00:00,68967.6,69025.0,68662.4,68869.4,396430.132
2342,2026-02-14 00:00:00,68874.8,69082.0,68764.2,68947.9,198382.426
2343,2026-02-14 04:00:00,68947.6,69287.1,68730.0,69182.1,164533.489
2344,2026-02-14 08:00:00,69188.2,70440.4,69047.8,70440.4,411550.03
2345,2026-02-14 12:00:00,70440.4,70444.6,68730.0,69722.9,404206.714
2346,2026-02-14 16:00:00,69722.9,71500.0,66292.0,69843.7,367039.665
2347,2026-02-14 20:00:00,69844.1,70196.9,69280.0,69771.0,300148.515
2348,2026-02-15 00:00:00,69777.3,69960.1,69266.4,69920.7,357404.664
2349,2026-02-15 04:00:00,69922.4,70823.4,67500.0,70746.9,393409.48
2350,2026-02-15 08:00:00,70746.9,70889.4,70160.9,70268.7,348748.228
2351,2026-02-15 12:00:00,70269.2,70343.4,66292.0,69042.3,439073.432
2352,2026-02-15 16:00:00,69042.3,70850.0,67000.0,68275.8,477551.713
2353,2026-02-15 20:00:00,68275.7,69017.6,68144.1,68793.3,458988.133
2354,2026-02-16 00:00:00,68793.3,70402.1,68140.1,68387.9,471130.994
2355,2026-02-16 04:00:00,68388.0,68834.9,68220.0,68545.5,337687.67
2356,2026-02-16 08:00:00,68517.6,69000.0,68343.8,68828.0,289907.375
2357,2026-02-16 12:00:00,68828.4,70004.2,67295.5,67511.6,604464.246
2358,2026-02-16 16:00:00,67511.7,68220.0,67300.0,67921.9,433069.46
2359,2026-02-16 20:00:00,67935.7,68947.2,67823.4,68860.3,472042.674
2360,2026-02-17 00:00:00,68860.2,74850.8,68393.4,68446.4,467959.949
2361,2026-02-17 04:00:00,68446.4,72381.0,67909.2,68350.6,398203.052
2362,2026-02-17 08:00:00,68350.2,70000.0,66300.0,67858.0,371606.457
2363,2026-02-17 12:00:00,67852.1,68303.0,66678.3,67335.6,650350.914
2364,2026-02-17 16:00:00,67346.6,68156.7,66928.9,67766.1,630633.353
2365,2026-02-17 20:00:00,67766.1,67877.2,67386.8,67475.9,383872.926
2366,2026-02-18 00:00:00,67474.1,67635.7,66884.7,67619.4,413046.874
2367,2026-02-18 04:00:00,67635.6,68157.8,67479.8,68101.6,367437.659
2368,2026-02-18 08:00:00,68129.8,68421.0,66310.0,67348.8,390385.163
2369,2026-02-18 12:00:00,67348.8,68299.1,66500.0,67671.8,444041.805
2370,2026-02-18 16:00:00,67671.9,67675.5,65852.7,66163.0,588436.833
2371,2026-02-18 20:00:00,66175.4,66485.8,66080.1,66412.5,391240.78
2372,2026-02-19 00:00:00,66436.0,66929.0,66225.0,66929.0,354460.501
2373,2026-02-19 04:00:00,66929.0,67242.9,64500.0,67176.0,343378.348
2374,2026-02-19 08:00:00,67176.1,67176.1,59927.2,66468.7,368920.404
2375,2026-02-19 12:00:00,66467.0,66642.4,65623.7,66373.8,640598.537
2376,2026-02-19 16:00:00,66372.0,67127.3,65904.3,67014.9,646436.186
2377,2026-02-19 20:00:00,67014.9,67124.5,66634.9,66956.8,317014.649
2378,2026-02-20 00:00:00,66956.8,67446.4,66925.6,67335.0,302139.772
2379,2026-02-20 04:00:00,67346.2,68000.0,64230.0,67785.4,353022.151
2380,2026-02-20 08:00:00,67785.4,68245.3,67262.7,67269.0,306959.416
2381,2026-02-20 12:00:00,67262.7,71500.0,63000.0,67509.9,654392.083
2382,2026-02-20 16:00:00,67509.9,67952.7,66968.3,67616.8,642483.684
2383,2026-02-20 20:00:00,67624.1,68180.2,67549.9,67990.2,365220.303
2384,2026-02-21 00:00:00,67996.0,68052.4,67523.1,67624.2,200596.702
2385,2026-02-21 04:00:00,67616.7,68000.7,67577.4,67808.9,125390.859
2386,2026-02-21 08:00:00,67806.5,68239.3,67790.4,68060.9,195870.59
2387,2026-02-21 12:00:00,68060.1,68640.5,65000.0,68588.2,222274.378
2388,2026-02-21 16:00:00,68574.1,68612.3,68109.9,68505.8,214699.028
2389,2026-02-21 20:00:00,68505.8,70662.0,63435.4,67946.9,253336.298
2390,2026-02-22 00:00:00,67946.9,68169.2,67800.0,68020.6,231130.339
2391,2026-02-22 04:00:00,67978.3,68123.2,67700.0,67980.8,162169.307
2392,2026-02-22 08:00:00,67980.8,68200.0,67883.6,68174.1,136309.458
2393,2026-02-22 12:00:00,68157.3,68174.1,66000.0,67673.2,1555377.655
2394,2026-02-22 16:00:00,67673.2,67794.0,63800.0,67476.0,3289470.77
2395,2026-02-22 20:00:00,67402.1,67784.0,66000.0,67642.4,2976209.962
2396,2026-02-23 00:00:00,67642.4,67649.8,56452.3,64936.6,1528796.2
2397,2026-02-23 04:00:00,64936.6,65960.5,62000.0,65915.8,462026.794
2398,2026-02-23 08:00:00,65922.9,66469.7,65546.2,66168.7,336968.165
2399,2026-02-23 12:00:00,66170.8,66450.0,65529.4,65656.3,440628.982
2400,2026-02-23 16:00:00,65656.3,66000.0,64112.4,64270.8,720133.002
2401,2026-02-23 20:00:00,64270.8,64972.2,63902.9,64631.6,523423.139
2402,2026-02-24 00:00:00,64636.7,64958.6,63200.0,63537.3,510504.239
2403,2026-02-24 04:00:00,63537.2,63602.8,62696.1,63137.3,669331.426
2404,2026-02-24 08:00:00,63135.2,63380.1,62933.2,63195.1,422800.959
2405,2026-02-24 12:00:00,63192.2,64092.2,62632.5,63937.5,628396.452
2406,2026-02-24 16:00:00,63937.5,64668.2,63600.0,64434.6,555280.967
2407,2026-02-24 20:00:00,64413.8,64521.5,63837.2,64020.2,398314.285
2408,2026-02-25 00:00:00,64020.2,66244.6,63907.6,65361.6,566179.003
2409,2026-02-25 04:00:00,65361.6,66262.0,64281.6,65001.2,796050.507
2410,2026-02-25 08:00:00,65001.2,65619.1,64936.2,65391.8,629769.031
2411,2026-02-25 12:00:00,65392.0,67512.4,65301.6,67286.4,1007956.081
2412,2026-02-25 16:00:00,67286.4,69473.7,67278.5,68998.7,1127038.655
2413,2026-02-25 20:00:00,69002.1,69907.2,67604.9,67951.9,1064723.36
2414,2026-02-26 00:00:00,67951.9,68593.3,67705.8,68187.5,844530.401
2415,2026-02-26 04:00:00,68189.0,72000.0,67803.9,67805.6,682107.38
2416,2026-02-26 08:00:00,67805.7,69999.0,67805.6,68012.8,678842.044
2417,2026-02-26 12:00:00,68004.7,68253.6,65200.0,67338.3,1031935.002
2418,2026-02-26 16:00:00,67337.4,67728.4,66500.0,67562.8,985325.198
2419,2026-02-26 20:00:00,67589.0,67777.5,67139.0,67448.2,476554.771
2420,2026-02-27 00:00:00,67448.2,67671.8,66870.1,67566.7,781124.308
2421,2026-02-27 04:00:00,67568.7,68127.4,67424.6,67661.4,673370.2
2422,2026-02-27 08:00:00,67661.4,68079.9,65949.0,66100.4,986258.63
2423,2026-02-27 12:00:00,66114.3,66283.9,65648.5,66073.7,1113718.298
2424,2026-02-27 16:00:00,66082.9,66085.4,65152.5,65379.5,918736.043
2425,2026-02-27 20:00:00,65381.6,65917.3,65000.0,65825.1,553469.911
2426,2026-02-28 00:00:00,65825.1,65969.4,65724.5,65774.1,381607.089
2427,2026-02-28 04:00:00,65769.7,65803.8,63048.4,63818.1,875268.669
2428,2026-02-28 08:00:00,63818.1,68000.0,63361.0,63780.1,846424.388
2429,2026-02-28 12:00:00,63774.0,65309.5,62600.0,64815.6,1051848.971
2430,2026-02-28 16:00:00,64815.6,66575.2,63800.0,66341.6,829438.596
2431,2026-02-28 20:00:00,66341.6,67578.0,66184.3,66955.0,905605.436
2432,2026-03-01 00:00:00,66955.0,68115.4,66059.3,67474.7,1123274.324
2433,2026-03-01 04:00:00,67474.7,67554.5,66761.0,67088.0,613218.425
2434,2026-03-01 08:00:00,67080.7,67265.8,66234.4,66439.0,737126.548
2435,2026-03-01 12:00:00,66437.6,67999.0,65250.0,66796.7,871081.693
2436,2026-03-01 16:00:00,66796.7,67042.7,65700.0,65929.0,798612.883
2437,2026-03-01 20:00:00,65927.0,66323.8,65061.0,65726.8,971968.801
2438,2026-03-02 00:00:00,65726.8,66995.3,65724.0,66781.3,915850.432
2439,2026-03-02 04:00:00,66781.3,66934.1,65529.3,65947.2,738901.885
2440,2026-03-02 08:00:00,65942.6,66637.6,65655.1,66286.4,607463.819
2441,2026-03-02 12:00:00,66279.9,69500.0,65290.4,69089.1,679710.687
2442,2026-03-02 16:00:00,69090.9,69931.7,65189.6,68918.6,626056.064
2443,2026-03-02 20:00:00,68918.6,69461.1,68595.3,68756.7,483408.155
2444,2026-03-03 00:00:00,68768.0,69300.0,68238.2,68337.1,443753.751
2445,2026-03-03 04:00:00,68337.1,68462.7,67802.7,68150.0,430250.031
2446,2026-03-03 08:00:00,68197.3,69700.0,66000.0,67089.9,595420.496
2447,2026-03-03 12:00:00,67090.0,68100.0,66289.9,67704.7,696774.041
2448,2026-03-03 16:00:00,67704.7,68913.3,67463.1,68400.0,700519.69
2449,2026-03-03 20:00:00,68400.0,68803.0,67825.5,68264.0,452207.579
2450,2026-03-04 00:00:00,68230.9,71000.0,66000.0,67693.5,569682.921
2451,2026-03-04 04:00:00,67682.4,71000.0,67000.0,69506.2,472748.311
2452,2026-03-04 08:00:00,69480.4,72000.0,69123.4,71098.8,503052.935
2453,2026-03-04 12:00:00,71101.1,73377.7,66130.0,73377.5,569772.485
2454,2026-03-04 16:00:00,73377.5,73957.5,68000.0,73599.6,544710.052
2455,2026-03-04 20:00:00,73602.0,73612.4,72305.3,72701.3,527846.128
2456,2026-03-05 00:00:00,72704.7,73176.8,72329.4,72468.2,449421.512
2457,2026-03-05 04:00:00,72468.1,72910.3,71052.3,72020.1,481456.492
2458,2026-03-05 08:00:00,72015.2,73482.5,71759.8,72872.0,545084.02
2459,2026-03-05 12:00:00,72875.3,75300.0,71173.8,71576.6,607960.565
2460,2026-03-05 16:00:00,71576.6,71576.6,70635.0,70939.4,479836.022
2461,2026-03-05 20:00:00,70939.4,71491.0,70766.0,70850.1,408871.367
2462,2026-03-06 00:00:00,70850.2,73000.0,70339.6,71030.0,387192.198
2463,2026-03-06 04:00:00,71030.0,76055.2,66500.0,71043.9,564513.302
2464,2026-03-06 08:00:00,71043.9,74000.0,70178.6,70184.9,285124.156
2465,2026-03-06 12:00:00,70178.6,70230.6,68240.8,68493.0,497198.625
2466,2026-03-06 16:00:00,68493.0,68693.6,67734.7,68091.2,475595.932
2467,2026-03-06 20:00:00,68093.1,68391.0,67789.2,68090.8,275515.827
2468,2026-03-07 00:00:00,68094.5,68431.3,68067.5,68116.8,184862.713
2469,2026-03-07 04:00:00,68118.2,68118.2,67449.7,67808.1,223243.184
2470,2026-03-07 08:00:00,67808.3,68169.6,67652.1,67995.4,173078.799
2471,2026-03-07 12:00:00,68000.9,68040.9,67572.5,67860.3,220084.811
2472,2026-03-07 16:00:00,67860.3,67879.8,66977.0,67062.0,205787.67
2473,2026-03-07 20:00:00,67062.0,67436.4,67052.5,67223.1,241121.406
2474,2026-03-08 00:00:00,67228.6,67418.5,66874.8,66995.0,282083.575
2475,2026-03-08 04:00:00,67025.9,67354.4,66582.1,67240.8,249660.603
2476,2026-03-08 08:00:00,67244.1,68153.9,67155.8,67500.1,282087.54
2477,2026-03-08 12:00:00,67500.1,67572.8,66842.5,67174.8,335006.675
2478,2026-03-08 16:00:00,67174.7,67393.6,66739.7,67281.1,264108.639
2479,2026-03-08 20:00:00,67281.1,67488.3,65500.0,65934.4,425958.862
2480,2026-03-09 00:00:00,65933.9,67630.0,65822.1,67165.4,483778.503
2481,2026-03-09 04:00:00,67165.4,68036.4,65222.0,67452.3,416982.334
2482,2026-03-09 08:00:00,67475.6,68374.3,67339.2,67709.9,425491.872
2483,2026-03-09 12:00:00,67709.9,70621.0,65555.0,68854.6,531453.494
2484,2026-03-09 16:00:00,68854.6,69404.0,68238.9,68967.6,440272.026
2485,2026-03-09 20:00:00,68975.0,69045.2,68350.9,68350.9,264210.364
2486,2026-03-10 00:00:00,68364.9,70502.6,68350.9,69394.0,428193.702
2487,2026-03-10 04:00:00,69394.0,70436.9,69394.0,70310.0,354332.88
2488,2026-03-10 08:00:00,70318.6,72000.0,70303.6,70592.0,52307.911
2489,2026-03-10 12:00:00,70561.0,72002.0,68948.0,71200.0,28714.608
2490,2026-03-10 16:00:00,71170.3,71800.0,68948.0,69805.0,21577.018
2491,2026-03-10 20:00:00,69794.8,71465.0,68100.0,69415.8,15191.099
2492,2026-03-11 00:00:00,69647.4,73000.0,66000.0,69514.4,64795.244
2493,2026-03-11 04:00:00,69514.4,70161.0,67600.0,69500.4,173903.909
2494,2026-03-11 08:00:00,69611.6,69910.0,68772.4,69022.9,24309.945
2495,2026-03-11 12:00:00,69144.7,71400.0,68765.6,70186.9,174603.656
2496,2026-03-11 16:00:00,70297.3,71400.0,70171.7,70586.6,283497.601
2497,2026-03-11 20:00:00,70586.6,70723.4,70140.7,70160.6,217152.512
2498,2026-03-12 00:00:00,70160.6,70331.9,69240.8,69411.0,234163.566
2499,2026-03-12 04:00:00,69411.0,69787.9,69236.2,69783.4,193972.124
2500,2026-03-12 08:00:00,69783.4,70709.4,69589.8,70379.6,305604.062
2501,2026-03-12 12:00:00,70379.6,70482.2,69397.1,70292.6,379590.28
2502,2026-03-12 16:00:00,70306.8,70457.0,69748.0,70453.1,330042.504
2503,2026-03-12 20:00:00,70457.0,70514.8,69998.5,70464.9,273155.544
2504,2026-03-13 00:00:00,70461.3,72000.0,70379.9,71353.3,326755.967
2505,2026-03-13 04:00:00,71353.3,71560.1,71227.5,71244.9,179683.026
2506,2026-03-13 08:00:00,71234.1,72502.8,71223.0,72193.6,263028.311
2507,2026-03-13 12:00:00,72200.0,74000.0,71794.8,71835.3,405473.934
2508,2026-03-13 16:00:00,71835.3,72072.5,70933.7,71141.4,328142.787
2509,2026-03-13 20:00:00,71141.4,71431.0,70612.5,70897.5,252694.011
2510,2026-03-14 00:00:00,70897.5,71109.3,70598.0,71041.8,206770.423
2511,2026-03-14 04:00:00,71044.8,71236.2,70481.9,70571.0,241860.696
2512,2026-03-14 08:00:00,70571.2,70696.0,70393.9,70662.0,169231.397
2513,2026-03-14 12:00:00,70662.0,70913.6,70499.1,70569.2,216488.324
2514,2026-03-14 16:00:00,70565.0,70685.8,70476.8,70671.6,106464.431
2515,2026-03-14 20:00:00,70685.8,71183.0,70616.4,71181.0,213827.413
2516,2026-03-15 00:00:00,71181.0,71457.6,70867.7,71275.1,248652.231
2517,2026-03-15 04:00:00,71275.0,71638.8,71266.3,71400.0,158445.687
2518,2026-03-15 08:00:00,71399.3,71866.0,71399.2,71805.7,211928.482
2519,2026-03-15 12:00:00,71801.5,71805.7,71329.6,71476.3,233970.875
2520,2026-03-15 16:00:00,71476.3,71818.9,71331.1,71509.1,257589.969
2521,2026-03-15 20:00:00,71509.1,73000.0,71416.7,72780.3,326173.474
2522,2026-03-16 00:00:00,72782.0,74000.0,72280.2,73558.6,324713.316
2523,2026-03-16 04:00:00,73606.9,74152.9,73381.0,73443.9,331499.274
2524,2026-03-16 08:00:00,73469.3,73698.7,72952.5,73539.6,282241.472
2525,2026-03-16 12:00:00,73550.0,74326.5,73116.8,73305.3,366556.177
2526,2026-03-16 16:00:00,73305.3,74339.9,73170.5,73965.6,314484.858
2527,2026-03-16 20:00:00,73973.0,75000.0,73869.4,74831.9,281409.169
2528,2026-03-17 00:00:00,74831.9,76000.0,74306.3,74385.2,335103.145
2529,2026-03-17 04:00:00,74393.2,74628.6,73868.3,74243.0,310463.746
2530,2026-03-17 08:00:00,74243.5,74379.9,73615.4,74058.1,298099.499
2531,2026-03-17 12:00:00,74058.2,74432.3,73500.1,73896.0,370770.881
2532,2026-03-17 16:00:00,73896.0,74745.8,73871.9,74475.9,272631.329
2533,2026-03-17 20:00:00,74460.6,74731.8,73888.8,73888.8,279059.214
2534,2026-03-18 00:00:00,73888.8,74519.7,73564.0,74451.9,227124.03
2535,2026-03-18 04:00:00,74452.0,74458.2,73692.3,73850.3,231235.38
2536,2026-03-18 08:00:00,73855.4,74212.3,72916.8,72916.8,279118.085
2537,2026-03-18 12:00:00,72916.8,72937.5,71109.1,71469.4,409406.64
2538,2026-03-18 16:00:00,71469.4,71869.1,70990.2,71080.3,324817.315
2539,2026-03-18 20:00:00,71017.6,71321.5,70671.3,71212.3,294042.475
2540,2026-03-19 00:00:00,71245.1,71479.2,70954.1,71198.6,266447.377
2541,2026-03-19 04:00:00,71198.6,71226.9,69760.7,70200.1,373339.503
2542,2026-03-19 08:00:00,70200.1,70477.3,69921.8,69927.0,285532.288
2543,2026-03-19 12:00:00,69927.0,69994.5,68400.0,69411.3,428049.518
2544,2026-03-19 16:00:00,69411.7,70557.6,69173.0,70218.8,357589.765
2545,2026-03-19 20:00:00,70216.4,70646.8,69720.0,69880.9,280092.773
2546,2026-03-20 00:00:00,69880.9,70725.5,69826.0,70725.5,287769.384
2547,2026-03-20 04:00:00,70725.5,70909.4,70217.6,70812.0,289370.91
2548,2026-03-20 08:00:00,70812.0,71200.0,70262.6,70417.3,257494.643
2549,2026-03-20 12:00:00,70417.4,70608.7,69586.1,69933.5,355543.936
2550,2026-03-20 16:00:00,69933.6,70108.2,69545.3,70108.2,338476.484
2551,2026-03-20 20:00:00,70108.2,70818.2,69791.1,70472.7,291610.107
2552,2026-03-21 00:00:00,70472.7,70718.9,70445.2,70637.8,216985.042
2553,2026-03-21 04:00:00,70637.8,70861.7,70600.0,70680.1,139493.62
2554,2026-03-21 08:00:00,70713.5,70713.5,70491.0,70569.1,127287.048
2555,2026-03-21 12:00:00,70569.1,70976.0,70536.2,70619.9,190751.414
2556,2026-03-21 16:00:00,70619.9,70625.8,70204.1,70363.7,156940.585
2557,2026-03-21 20:00:00,70361.6,70460.0,69492.4,69879.6,190680.719
2558,2026-03-22 00:00:00,69984.6,70120.0,68395.5,69274.8,289795.2
2559,2026-03-22 04:00:00,69274.8,69485.6,68948.4,68948.4,218924.56
2560,2026-03-22 08:00:00,68948.4,69170.0,68186.5,68191.8,299165.731
2561,2026-03-22 12:00:00,68191.8,68861.1,68189.5,68792.6,274411.491
2562,2026-03-22 16:00:00,68792.6,68793.5,68177.4,68180.8,219543.98
2563,2026-03-22 20:00:00,68180.8,68405.1,67334.9,67847.1,332316.158
2564,2026-03-23 00:00:00,67840.3,68482.4,67571.6,68057.7,355717.658
2565,2026-03-23 04:00:00,68058.1,68804.3,67616.3,68330.0,349692.824
2566,2026-03-23 08:00:00,68335.2,70720.0,67925.2,70076.2,373097.837
2567,2026-03-23 12:00:00,70076.4,71631.7,69702.4,70182.1,395743.587
2568,2026-03-23 16:00:00,70182.1,71093.3,70180.0,70680.7,327297.081
2569,2026-03-23 20:00:00,70680.7,70934.4,70394.9,70879.4,243005.686
2570,2026-03-24 00:00:00,70879.4,70944.3,70388.6,70514.0,280793.155
2571,2026-03-24 04:00:00,70514.0,71076.1,70138.6,71076.1,298041.895
2572,2026-03-24 08:00:00,71076.1,71300.2,70863.1,71106.9,282708.821
2573,2026-03-24 12:00:00,71089.9,71111.1,69518.3,69846.5,390455.287
2574,2026-03-24 16:00:00,69846.6,69895.2,68962.4,69316.1,319551.635
2575,2026-03-24 20:00:00,69316.1,70772.2,69276.9,70523.9,311144.257
2576,2026-03-25 00:00:00,70550.1,70949.9,70415.7,70740.1,284518.565
2577,2026-03-25 04:00:00,70706.6,71250.0,70700.4,70888.0,266688.357
2578,2026-03-25 08:00:00,70888.0,71903.8,70794.1,71650.2,327619.983
2579,2026-03-25 12:00:00,71650.7,71829.3,70620.5,70811.8,370879.754
2580,2026-03-25 16:00:00,70816.6,71830.6,70772.8,70834.6,332868.157
2581,2026-03-25 20:00:00,70832.9,71382.7,70668.7,71294.6,265704.044
2582,2026-03-26 00:00:00,71299.9,71382.6,70709.0,70851.1,289246.816
2583,2026-03-26 04:00:00,70851.1,70851.9,69922.0,70101.3,349961.329
2584,2026-03-26 08:00:00,70110.0,70110.0,69276.1,69314.7,315952.257
2585,2026-03-26 12:00:00,69314.7,70050.0,68842.5,69060.7,372984.87
2586,2026-03-26 16:00:00,69060.7,69086.8,68210.1,68532.6,334992.366
2587,2026-03-26 20:00:00,68532.8,69237.1,68426.5,68787.4,310512.661
2588,2026-03-27 00:00:00,68787.4,69076.6,68626.5,68735.1,302386.703
2589,2026-03-27 04:00:00,68735.1,68904.2,68350.1,68526.8,330535.629
2590,2026-03-27 08:00:00,68526.8,68583.7,66000.0,66663.2,380722.197
2591,2026-03-27 12:00:00,66650.0,66679.4,65708.7,66099.8,393172.758
2592,2026-03-27 16:00:00,66102.2,66199.9,65596.3,65972.6,341796.896
2593,2026-03-27 20:00:00,65972.5,66347.2,65809.6,66310.2,284991.301
2594,2026-03-28 00:00:00,66310.2,66446.9,65943.5,66194.7,242737.9
2595,2026-03-28 04:00:00,66194.7,66524.8,66098.1,66523.4,202933.741
2596,2026-03-28 08:00:00,66523.4,66524.9,66142.5,66310.6,184058.821
2597,2026-03-28 12:00:00,66313.8,67315.8,66210.6,66937.9,317785.172
2598,2026-03-28 16:00:00,66949.7,67047.8,66750.0,66830.1,187609.97
2599,2026-03-28 20:00:00,66830.1,66947.5,66326.6,66334.7,243468.885
2600,2026-03-29 00:00:00,66326.6,66974.6,66311.7,66875.8,268026.214
2601,2026-03-29 04:00:00,66875.7,66891.8,66572.4,66636.6,231123.371
2602,2026-03-29 08:00:00,66636.6,66871.0,66429.0,66807.5,200485.308
2603,2026-03-29 12:00:00,66820.0,66826.1,66404.0,66506.3,295100.423
2604,2026-03-29 16:00:00,66506.3,66595.5,66204.8,66332.5,244353.789
2605,2026-03-29 20:00:00,66332.5,66669.0,65709.0,65967.0,382837.38
2606,2026-03-30 00:00:00,65966.0,67187.5,65837.0,67144.7,371220.067
2607,2026-03-30 04:00:00,67140.9,67704.9,67140.8,67516.1,294901.9991
2608,2026-03-30 08:00:00,67515.6,67834.6,67376.3,67617.2,216513.6514
2609,2026-03-30 12:00:00,67617.2,67919.9,67186.7,67595.4,384391.6881
2610,2026-03-30 16:00:00,67579.7,67597.4,66278.3,66469.2,351009.3511
2611,2026-03-30 20:00:00,66468.8,66929.5,66436.1,66723.0,293149.3937
2612,2026-03-31 00:00:00,66723.0,68208.0,66557.8,67667.1,350172.5204
2613,2026-03-31 04:00:00,67667.1,67753.0,67106.7,67343.3,301164.1433
2614,2026-03-31 08:00:00,67342.6,67404.6,66074.9,66651.2,384559.6154
2615,2026-03-31 12:00:00,66651.2,67674.4,66562.8,66777.8,375076.0811
2616,2026-03-31 16:00:00,66777.8,68268.3,66777.8,67818.8,364413.4862
2617,2026-03-31 20:00:00,67818.6,68351.3,67818.6,68237.6,353926.4307
2618,2026-04-01 00:00:00,68237.6,68296.2,67580.6,68089.6,345422.4924
2619,2026-04-01 04:00:00,68089.6,69181.5,68024.5,68659.4,341849.3916
2620,2026-04-01 08:00:00,68658.7,68744.1,68397.5,68619.0,248240.0642
2621,2026-04-01 12:00:00,68645.6,68866.6,67983.4,68851.8,360486.4498
2622,2026-04-01 16:00:00,68851.8,68967.7,68001.1,68140.1,329099.7247
2623,2026-04-01 20:00:00,68140.2,68435.5,68003.3,68086.5,238150.8239
2624,2026-04-02 00:00:00,68077.5,68564.5,66526.4,66547.6,393464.2844
2625,2026-04-02 04:00:00,66551.0,66884.7,66228.0,66884.7,299254.39
2626,2026-04-02 08:00:00,66884.6,66884.7,66251.7,66279.0,248729.4495
2627,2026-04-02 12:00:00,66308.3,66889.9,65806.4,66777.1,381561.8103
2628,2026-04-02 16:00:00,66773.8,67336.5,66644.1,66951.0,306128.1471
2629,2026-04-02 20:00:00,66953.9,67021.0,66739.2,66864.5,242887.2027
2630,2026-04-03 00:00:00,66864.4,66924.8,66305.3,66580.0,292742.3753
2631,2026-04-03 04:00:00,66594.8,67046.3,66465.0,66994.9,264020.2868
2632,2026-04-03 08:00:00,66994.9,67220.5,66713.2,66961.0,239942.5842
2633,2026-04-03 12:00:00,66971.8,67070.5,66533.7,66830.6,280049.9868
2634,2026-04-03 16:00:00,66830.6,67016.4,66752.0,66857.1,192202.317
2635,2026-04-03 20:00:00,66857.1,66915.7,66800.0,66915.6,116435.3498
2636,2026-04-04 00:00:00,66914.3,66918.8,66803.4,66804.5,74023.9753
2637,2026-04-04 04:00:00,66804.5,67004.0,66800.0,66982.0,85910.7134
2638,2026-04-04 08:00:00,66965.1,67142.5,66894.6,67085.0,122931.6571
2639,2026-04-04 12:00:00,67085.0,67410.7,67023.9,67305.7,164693.781
2640,2026-04-04 16:00:00,67297.8,67458.2,67274.0,67297.7,146098.0275
2641,2026-04-04 20:00:00,67295.0,67405.2,67193.4,67249.4,102283.1592
2642,2026-04-05 00:00:00,67249.5,67252.1,66972.7,67110.5,96450.9044
2643,2026-04-05 04:00:00,67113.5,67133.9,66705.6,66787.5,207744.7131
2644,2026-04-05 08:00:00,66787.5,67072.9,66785.9,66975.0,76156.3575
2645,2026-04-05 12:00:00,66975.9,67406.3,66699.9,67288.6,246637.8465
2646,2026-04-05 16:00:00,67288.8,67489.1,67167.7,67298.9,180602.5505
2647,2026-04-05 20:00:00,67298.7,69054.8,67298.6,68971.0,292772.6938
2648,2026-04-06 00:00:00,68971.0,69364.7,68777.1,69077.9,299544.4304
2649,2026-04-06 04:00:00,69077.3,69229.9,68816.9,69068.9,257214.4064
2650,2026-04-06 08:00:00,69068.9,70058.0,69053.8,69547.3,265334.708
2651,2026-04-06 12:00:00,69547.3,69870.1,69213.8,69789.2,278349.3602
2652,2026-04-06 16:00:00,69808.9,70125.0,69290.1,69703.1,332521.337
2653,2026-04-06 20:00:00,69661.5,69920.7,68495.2,68818.3,318464.9282
2654,2026-04-07 00:00:00,68809.1,68972.8,68350.7,68742.2,270928.851
2655,2026-04-07 04:00:00,68742.2,68870.5,68436.8,68594.3,257355.2409
2656,2026-04-07 08:00:00,68594.5,69176.9,68138.0,68318.7,334886.651
2657,2026-04-07 12:00:00,68318.7,68698.9,67761.0,68138.6,335995.9819
2658,2026-04-07 16:00:00,68138.2,68965.9,68103.6,68952.4,321998.4062
2659,2026-04-07 20:00:00,68950.9,72340.4,68950.9,71913.1,399860.2997
2660,2026-04-08 00:00:00,71916.1,72061.8,71249.8,71266.5,272699.0475
2661,2026-04-08 04:00:00,71269.7,71858.5,71265.5,71590.7,220238.1793
2662,2026-04-08 08:00:00,71595.0,71838.8,71428.7,71507.2,270239.0949
2663,2026-04-08 12:00:00,71582.8,72759.9,70828.2,71268.1,385023.3627
2664,2026-04-08 16:00:00,71268.2,71856.2,71088.0,71243.2,297197.4414
2665,2026-04-08 20:00:00,71243.2,71675.5,70954.5,71113.5,264404.4194
2666,2026-04-09 00:00:00,71113.6,71113.9,70516.5,70975.4,276892.8426
2667,2026-04-09 04:00:00,70975.4,71042.9,70732.5,70946.7,234241.2114
2668,2026-04-09 08:00:00,70946.7,71482.0,70881.0,71132.7,278833.1456
2669,2026-04-09 12:00:00,71140.6,72182.0,70558.9,72106.6,358007.9376
2670,2026-04-09 16:00:00,72107.9,72485.8,71765.9,72065.3,321990.2511
2671,2026-04-09 20:00:00,72065.8,72755.3,71675.2,71736.4,330358.2986
2672,2026-04-10 00:00:00,71736.4,72317.8,71642.0,71837.3,272852.5341
2673,2026-04-10 04:00:00,71842.0,72223.6,71418.0,71461.1,249621.7427
2674,2026-04-10 08:00:00,71435.0,72183.5,71418.0,72112.7,234217.7195
2675,2026-04-10 12:00:00,72113.3,73070.5,71918.4,72478.6,347863.3629
2676,2026-04-10 16:00:00,72478.6,73209.3,72407.2,73209.2,262997.8647
2677,2026-04-10 20:00:00,73209.2,73372.3,72763.0,72906.5,248711.3312
2678,2026-04-11 00:00:00,72906.5,73033.1,72672.7,72889.9,222287.6171
2679,2026-04-11 04:00:00,72835.2,72913.6,72602.2,72672.9,160821.9398
2680,2026-04-11 08:00:00,72672.9,72874.9,72600.0,72839.6,131120.4061
2681,2026-04-11 12:00:00,72839.6,72914.3,72572.4,72790.6,226633.7151
2682,2026-04-11 16:00:00,72789.3,73649.8,72787.3,73595.4,230432.7091
2683,2026-04-11 20:00:00,73599.0,73600.0,72954.6,73013.5,278205.5572
2684,2026-04-12 00:00:00,73006.8,73073.0,71513.6,71622.3,353239.7235
2685,2026-04-12 04:00:00,71620.7,71716.8,71421.3,71663.3,218229.8345
2686,2026-04-12 08:00:00,71663.4,71717.3,71391.6,71446.0,207701.9696
2687,2026-04-12 12:00:00,71446.0,71451.9,70666.0,70856.3,282370.7649
2688,2026-04-12 16:00:00,70884.8,71166.3,70818.6,71082.8,199400.9221
2689,2026-04-12 20:00:00,71089.3,71309.2,70558.9,70709.3,330579.2676
2690,2026-04-13 00:00:00,70709.3,71306.9,70600.2,70962.6,251573.4646
2691,2026-04-13 04:00:00,70962.6,71075.3,70669.2,70780.0,270979.3896
2692,2026-04-13 08:00:00,70746.4,70899.0,70570.0,70892.8,237707.8168
2693,2026-04-13 12:00:00,70899.0,72300.0,70763.4,71818.5,389487.1753
2694,2026-04-13 16:00:00,71818.5,73339.4,71731.7,73300.0,299255.3298
2695,2026-04-13 20:00:00,73303.5,74734.4,72971.0,74443.3,342334.1062
2696,2026-04-14 00:00:00,74485.8,74517.9,74103.3,74408.8,265435.4829
2697,2026-04-14 04:00:00,74401.3,74737.0,74184.0,74506.7,203134.2914
2698,2026-04-14 08:00:00,74499.3,74754.0,74300.0,74339.8,265427.9766
2699,2026-04-14 12:00:00,74339.8,75853.0,74270.4,75288.5,331657.3009
2700,2026-04-14 16:00:00,75288.5,75601.2,73875.9,74180.1,341817.119
2701,2026-04-14 20:00:00,74183.5,74296.0,73922.6,74132.4,293974.9936
2702,2026-04-15 00:00:00,74132.4,74656.4,74128.9,74296.8,287356.7934
2703,2026-04-15 04:00:00,74296.9,74372.1,73573.8,73705.1,221685.9859
2704,2026-04-15 08:00:00,73700.5,74191.8,73685.2,74155.1,259306.1129
2705,2026-04-15 12:00:00,74191.8,74378.4,73689.9,73776.4,337635.9695
2706,2026-04-15 16:00:00,73791.5,75203.9,73776.3,74985.0,274000.64
2707,2026-04-15 20:00:00,74994.9,75080.7,74546.7,74726.5,285645.5005
2708,2026-04-16 00:00:00,74726.5,75087.2,74517.1,74863.4,281414.3338
2709,2026-04-16 04:00:00,74886.2,75076.6,74630.4,74658.3,210300.9693
2710,2026-04-16 08:00:00,74638.9,74800.0,74253.9,74453.1,240233.3515
2711,2026-04-16 12:00:00,74453.1,74943.4,73570.7,74628.4,338787.838
2712,2026-04-16 16:00:00,74628.4,75362.4,74010.2,75346.1,308470.6459
2713,2026-04-16 20:00:00,75346.8,75370.2,74855.9,75097.1,264927.3213
2714,2026-04-17 00:00:00,75097.1,75105.0,74564.7,74642.8,257353.4798
2715,2026-04-17 04:00:00,74658.0,75034.6,74575.2,74995.7,212827.8524
2716,2026-04-17 08:00:00,74987.3,76365.1,74951.2,75545.8,307037.733
2717,2026-04-17 12:00:00,75547.2,84000.0,75519.3,77726.4,346598.0257
2718,2026-04-17 16:00:00,77736.4,83000.0,77073.3,77366.8,317861.842
2719,2026-04-17 20:00:00,77365.8,77536.9,77003.4,77087.6,251974.7798
2720,2026-04-18 00:00:00,77087.6,77339.2,77001.0,77075.5,210947.0208
2721,2026-04-18 04:00:00,77082.0,77169.2,76865.9,76946.2,163975.7309
2722,2026-04-18 08:00:00,76942.2,76955.9,75741.9,75895.6,266223.9593
2723,2026-04-18 12:00:00,75895.6,76246.0,75889.2,76139.3,280369.4941
2724,2026-04-18 16:00:00,76124.9,76200.7,75486.9,75613.3,234854.4883
2725,2026-04-18 20:00:00,75613.3,75798.5,75564.8,75725.3,182818.5836
2726,2026-04-19 00:00:00,75725.3,75736.2,75427.9,75479.3,242976.6921
2727,2026-04-19 04:00:00,75479.3,75668.8,74965.7,75205.6,264917.6415
2728,2026-04-19 08:00:00,75198.5,75560.0,74933.4,75558.4,221354.3623
2729,2026-04-19 12:00:00,75558.6,76050.0,75436.9,75757.0,294954.9545
2730,2026-04-19 16:00:00,75756.9,75777.3,74618.8,74945.9,343755.9024
2731,2026-04-19 20:00:00,74945.9,74947.7,73793.0,73802.2,332122.2544
2732,2026-04-20 00:00:00,73802.2,74680.3,73796.7,74592.1,244187.7615
2733,2026-04-20 04:00:00,74577.1,75164.7,74110.8,74730.1,293956.0109
2734,2026-04-20 08:00:00,74762.7,75308.7,74658.7,75152.9,263632.5819
2735,2026-04-20 12:00:00,75154.3,75643.9,74761.8,75640.5,342362.7941
2736,2026-04-20 16:00:00,75623.9,76440.0,75288.2,76256.9,282732.7462
2737,2026-04-20 20:00:00,76256.0,76360.6,75614.5,75805.0,232500.4208
2738,2026-04-21 00:00:00,75805.0,76162.8,75468.8,75656.2,250048.1959
2739,2026-04-21 04:00:00,75656.2,76078.7,75575.2,76050.1,44879.2045
2740,2026-04-21 08:00:00,75940.6,76569.3,75940.5,76435.3,176970.329
2741,2026-04-21 12:00:00,76438.7,76536.2,75579.5,75784.7,196907.6374
2742,2026-04-21 16:00:00,75786.2,76055.5,74938.2,74977.5,338809.1282
2743,2026-04-21 20:00:00,74969.5,76456.0,74969.5,76283.9,263803.3303
2744,2026-04-22 00:00:00,76283.8,77624.5,76123.3,77527.4,233395.3812
2745,2026-04-22 04:00:00,77550.3,80000.0,77392.2,77959.5,245705.9158
2746,2026-04-22 08:00:00,77959.5,78284.2,77920.1,78243.0,204648.1137
2747,2026-04-22 12:00:00,78243.0,79900.0,78162.5,79275.0,254542.5055
2748,2026-04-22 16:00:00,79275.0,79349.0,78686.6,78800.9,275082.1198
2749,2026-04-22 20:00:00,78801.0,78841.3,78156.8,78156.8,228161.1389
2750,2026-04-23 00:00:00,78156.8,78422.6,77512.3,77661.4,282467.0979
2751,2026-04-23 04:00:00,77660.0,78293.5,77649.9,77974.3,232254.4791
2752,2026-04-23 08:00:00,77979.1,78118.7,77220.0,77673.7,286178.4369
2753,2026-04-23 12:00:00,77676.0,78486.9,77415.8,78345.6,321689.6681
2754,2026-04-23 16:00:00,78345.6,78442.5,77445.0,77735.0,345131.4924
2755,2026-04-23 20:00:00,77735.0,78266.3,77663.9,78219.6,260741.1469
2756,2026-04-24 00:00:00,78220.8,78484.1,77580.4,77580.5,331630.5485
2757,2026-04-24 04:00:00,77580.5,77930.0,77522.2,77664.8,279599.4749
2758,2026-04-24 08:00:00,77664.8,78246.4,77439.9,78209.5,317335.6518
2759,2026-04-24 12:00:00,78239.2,78363.4,77602.1,77860.5,367715.4938
2760,2026-04-24 16:00:00,77775.4,78021.4,77430.0,77583.1,266775.399
2761,2026-04-24 20:00:00,77583.0,77689.5,77273.3,77367.4,225467.1852
2762,2026-04-25 00:00:00,77363.6,77642.7,77287.6,77623.1,164583.8771
2763,2026-04-25 04:00:00,77623.1,77633.7,77420.1,77496.2,82908.7714
2764,2026-04-25 08:00:00,77496.2,77777.0,77460.1,77619.8,160754.3448
2765,2026-04-25 12:00:00,77619.8,77702.7,77448.1,77448.1,196363.8492
2766,2026-04-25 16:00:00,77448.1,77669.9,77199.8,77284.1,171833.6581
2767,2026-04-25 20:00:00,77284.1,77589.7,77278.9,77544.9,111964.1975
2768,2026-04-26 00:00:00,77544.9,77589.7,77315.9,77369.3,193325.5186
2769,2026-04-26 04:00:00,77369.3,78104.5,77349.2,77928.8,260375.3151
2770,2026-04-26 08:00:00,77960.7,78080.0,77908.9,78063.0,169784.2398
2771,2026-04-26 12:00:00,78076.9,78084.2,77776.0,78002.6,201939.3073
2772,2026-04-26 16:00:00,77992.2,78374.3,77924.5,78161.8,244049.0945
2773,2026-04-26 20:00:00,78165.0,78778.5,77874.9,78300.1,376277.0229
2774,2026-04-27 00:00:00,78778.5,79350.0,78293.7,79121.0,358887.4618
2775,2026-04-27 04:00:00,79120.9,79201.5,77549.5,77669.1,433131.2637
2776,2026-04-27 08:00:00,77644.6,77918.9,77521.4,77807.6,220498.8122
2777,2026-04-27 12:00:00,77804.8,78140.9,76713.8,76766.3,338939.2083
2778,2026-04-27 16:00:00,76791.1,76847.8,76546.5,76810.9,249554.7401
2779,2026-04-27 20:00:00,76810.9,77378.1,76755.6,77331.1,218903.1842
2780,2026-04-28 00:00:00,77330.2,77429.3,76668.2,76792.7,244898.7827
2781,2026-04-28 04:00:00,76792.7,77002.1,76533.8,76829.5,263220.08
2782,2026-04-28 08:00:00,76829.5,76930.5,76157.7,76172.6,246205.2478
2783,2026-04-28 12:00:00,76172.6,76327.9,75726.3,76022.5,271773.0188
2784,2026-04-28 16:00:00,76022.5,76329.8,75886.9,76306.2,224138.2649
2785,2026-04-28 20:00:00,76321.8,76440.0,76164.0,76278.7,123389.9494
2786,2026-04-29 00:00:00,76278.7,76989.4,76152.0,76946.9,270582.2914
2787,2026-04-29 04:00:00,76925.2,77301.2,76856.9,76999.2,208600.7061
2788,2026-04-29 08:00:00,76999.2,77746.2,76920.9,77568.1,178974.3262
2789,2026-04-29 12:00:00,77558.0,77750.0,77185.4,77360.0,15328.7359
2790,2026-04-29 16:00:00,77223.8,77638.8,74972.7,75482.9,348583.5805
2791,2026-04-29 20:00:00,75482.9,75983.1,75453.1,75755.3,228270.9642
2792,2026-04-30 00:00:00,75755.3,76387.0,75557.6,75900.4,277934.3886
2793,2026-04-30 04:00:00,75907.0,76133.2,75388.3,76092.5,278025.091
2794,2026-04-30 08:00:00,76100.0,76217.2,75904.7,76020.1,207671.9778
2795,2026-04-30 12:00:00,76020.1,76525.5,76002.6,76459.7,285219.8513
2796,2026-04-30 16:00:00,76481.1,76481.2,76103.0,76384.3,255610.1378
2797,2026-04-30 20:00:00,76384.3,76499.9,76214.0,76286.5,198009.1412
2798,2026-05-01 00:00:00,76286.5,77750.7,76286.3,77083.5,247649.5364
2799,2026-05-01 04:00:00,77092.8,77137.8,76859.8,77099.9,204150.3274
2800,2026-05-01 08:00:00,77100.7,77426.4,77026.8,77426.4,189690.0347
2801,2026-05-01 12:00:00,77426.3,78702.7,77373.6,78373.1,306532.6945
2802,2026-05-01 16:00:00,78348.8,78617.7,78138.2,78332.6,250109.0877
2803,2026-05-01 20:00:00,78332.6,78375.6,77841.8,78187.6,213031.1298
2804,2026-05-02 00:00:00,78187.5,78430.0,78142.6,78401.7,174827.5251
2805,2026-05-02 04:00:00,78401.7,78430.0,78009.2,78170.1,136065.684
2806,2026-05-02 08:00:00,78170.1,78304.9,78090.6,78099.9,82242.1632
2807,2026-05-02 12:00:00,78099.9,78437.0,78079.8,78418.9,137537.5057
2808,2026-05-02 16:00:00,78418.9,78543.0,78277.1,78460.0,100538.6687
2809,2026-05-02 20:00:00,78471.9,78820.2,78379.4,78643.2,188610.8408
2810,2026-05-03 00:00:00,78623.5,78690.0,78077.7,78163.1,173652.6958
2811,2026-05-03 04:00:00,78166.8,78500.1,78041.0,78315.5,144331.3468
2812,2026-05-03 08:00:00,78315.4,78692.9,78315.4,78630.2,126995.874
2813,2026-05-03 12:00:00,78627.0,78826.1,78564.6,78625.2,137548.4892
2814,2026-05-03 16:00:00,78623.7,78767.2,78577.7,78750.0,100159.7133
2815,2026-05-03 20:00:00,78753.1,79295.0,78536.9,78575.0,269214.5707
2816,2026-05-04 00:00:00,78575.0,80500.0,78312.9,80197.0,291090.221
2817,2026-05-04 04:00:00,80197.0,80474.7,79449.9,79712.8,241790.5086
2818,2026-05-04 08:00:00,79716.8,79859.1,78312.9,78760.8,298953.3439
2819,2026-05-04 12:00:00,78789.9,80347.2,78566.7,79929.8,305382.1714
2820,2026-05-04 16:00:00,79929.8,80476.2,79608.6,80027.1,269491.904
2821,2026-05-04 20:00:00,80027.1,80358.6,79720.1,79808.2,241385.4739
2822,2026-05-05 00:00:00,79801.8,82000.0,79774.2,80816.4,242034.1839
2823,2026-05-05 04:00:00,80816.4,81139.4,80704.4,80833.2,243173.7316
2824,2026-05-05 08:00:00,80833.2,81024.9,80513.5,80953.7,190123.3346
2825,2026-05-05 12:00:00,80953.7,82000.0,80906.3,81516.9,244031.4574
2826,2026-05-05 16:00:00,81502.5,81619.1,81092.2,81550.7,228826.2035
2827,2026-05-05 20:00:00,81540.9,81815.0,80784.8,80874.5,267331.1322
2828,2026-05-06 00:00:00,80874.5,81619.9,80800.0,81536.0,238279.2715
2829,2026-05-06 04:00:00,81536.0,81571.0,81115.5,81314.2,187592.0488
2830,2026-05-06 08:00:00,81314.2,82800.0,81307.0,82470.4,251486.8864
2831,2026-05-06 12:00:00,82470.4,82485.3,81198.6,81682.7,318044.2214
2832,2026-05-06 16:00:00,81687.9,81773.6,81111.4,81417.3,237811.1715
2833,2026-05-06 20:00:00,81417.3,81649.0,81100.0,81390.0,223598.459
2834,2026-05-07 00:00:00,81385.4,81416.6,80861.6,80865.1,229443.2363
2835,2026-05-07 04:00:00,80865.1,81629.0,80774.9,81435.4,215854.1129
2836,2026-05-07 08:00:00,81434.8,81522.0,80668.4,80834.0,236196.3822
2837,2026-05-07 12:00:00,80834.0,81126.8,79775.9,79900.0,291503.4917
2838,2026-05-07 16:00:00,79900.0,80197.1,79588.5,80053.9,266488.6354
2839,2026-05-07 20:00:00,80050.2,80165.8,79579.1,79989.0,221480.1611
2840,2026-05-08 00:00:00,79989.0,80079.0,79252.6,79539.9,218568.2644
2841,2026-05-08 04:00:00,79551.7,79741.6,79252.6,79622.8,227907.4709
2842,2026-05-08 08:00:00,79622.8,80250.0,79613.8,80181.9,188074.2346
2843,2026-05-08 12:00:00,80181.9,80359.3,79564.0,80102.1,284342.1114
2844,2026-05-08 16:00:00,80102.1,80242.4,79745.8,80091.0,230052.0941
2845,2026-05-08 20:00:00,80091.0,80359.3,80033.5,80109.7,135476.111
2846,2026-05-09 00:00:00,80109.7,80463.4,80088.7,80324.0,118423.8608
2847,2026-05-09 04:00:00,80298.2,80542.0,80112.3,80182.6,166638.7255
2848,2026-05-09 08:00:00,80182.6,80404.0,80124.8,80336.0,147613.2411
2849,2026-05-09 12:00:00,80336.0,80476.9,80193.9,80476.9,135819.6699
2850,2026-05-09 16:00:00,80476.9,81011.1,80466.3,80896.0,149504.9199
2851,2026-05-09 20:00:00,80896.0,80896.9,80600.0,80659.3,112356.3052
2852,2026-05-10 00:00:00,80659.3,80799.7,80526.6,80780.8,93805.9846
2853,2026-05-10 04:00:00,80780.8,80799.5,80619.7,80714.0,86435.8575
2854,2026-05-10 08:00:00,80720.1,80935.3,80667.5,80767.7,152149.9936
2855,2026-05-10 12:00:00,80753.1,81389.9,80753.1,81383.5,139389.405
2856,2026-05-10 16:00:00,81383.5,81448.2,81159.5,81397.4,216461.0018
2857,2026-05-10 20:00:00,81397.4,82379.9,80528.3,82175.7,323705.1931
2858,2026-05-11 00:00:00,82175.7,82260.3,80520.3,80693.6,265163.1057
2859,2026-05-11 04:00:00,80697.0,81000.1,80612.3,80701.4,180937.1639
2860,2026-05-11 08:00:00,80695.7,81148.5,80628.1,81098.6,196481.9195
2861,2026-05-11 12:00:00,81098.6,81344.4,80622.0,81344.4,300288.628
2862,2026-05-11 16:00:00,81344.4,82081.4,81315.8,81917.1,266576.378
2863,2026-05-11 20:00:00,81917.8,81989.1,81560.1,81699.0,205799.4417
2864,2026-05-12 00:00:00,81699.0,81722.8,80720.1,81025.0,207270.811
2865,2026-05-12 04:00:00,81014.0,81236.3,80800.1,80890.2,155085.6253
2866,2026-05-12 08:00:00,80890.2,80920.0,80496.8,80732.8,213547.5156
2867,2026-05-12 12:00:00,80731.0,80939.0,80193.9,80332.6,266986.2516
2868,2026-05-12 16:00:00,80346.5,80795.2,79983.9,80795.2,244029.2952
2869,2026-05-12 20:00:00,80783.7,80796.2,80407.2,80461.0,152861.6387
2870,2026-05-13 00:00:00,80482.9,81207.3,80394.2,81172.9,227327.798
2871,2026-05-13 04:00:00,81207.3,81234.4,80892.6,80981.9,126398.8921
2872,2026-05-13 08:00:00,80981.9,81244.0,80473.2,80473.2,231068.4406
2873,2026-05-13 12:00:00,80473.2,80548.1,78925.9,78925.9,323934.9629
2874,2026-05-13 16:00:00,79014.9,79799.9,78807.6,79573.5,237576.1923
2875,2026-05-13 20:00:00,79561.6,79716.5,79199.9,79288.2,199045.8534
2876,2026-05-14 00:00:00,79288.6,79636.1,78935.5,79051.1,245096.133
2877,2026-05-14 04:00:00,79051.1,79884.0,78963.5,79759.2,233194.9014
2878,2026-05-14 08:00:00,79759.2,79850.8,79211.5,79260.0,231074.3219
2879,2026-05-14 12:00:00,79260.0,81146.4,79260.0,81139.1,289164.235
2880,2026-05-14 16:00:00,81113.0,81915.1,81111.2,81351.6,296442.8799
2881,2026-05-14 20:00:00,81351.6,81538.2,81022.7,81025.8,243317.1274
2882,2026-05-15 00:00:00,81025.8,81568.9,80803.6,81022.7,253640.2879
2883,2026-05-15 04:00:00,81022.7,81045.1,80291.1,80782.9,265481.1416
2884,2026-05-15 08:00:00,80780.8,80782.9,80381.6,80582.0,222385.2428
2885,2026-05-15 12:00:00,80559.7,80596.3,78738.9,79144.8,314469.5943
2886,2026-05-15 16:00:00,79152.4,79516.1,79071.3,79105.8,224397.3179
2887,2026-05-15 20:00:00,79100.0,79169.6,78963.7,79084.6,150415.5177
2888,2026-05-16 00:00:00,79084.7,79161.0,78982.0,79053.4,114796.6389
2889,2026-05-16 04:00:00,79053.4,79072.3,78111.0,78349.8,196693.4012
2890,2026-05-16 08:00:00,78355.1,78471.4,77718.2,78054.1,239094.9921
2891,2026-05-16 12:00:00,78059.7,78242.5,77825.3,78204.1,190596.5018
2892,2026-05-16 16:00:00,78204.2,78286.6,78112.3,78236.1,112987.9239
2893,2026-05-16 20:00:00,78242.9,78261.5,78124.0,78150.4,96714.6035
2894,2026-05-17 00:00:00,78150.4,78191.0,77702.9,77986.4,178532.8041
2895,2026-05-17 04:00:00,77986.4,78251.7,77968.7,78130.0,156516.998
2896,2026-05-17 08:00:00,78121.3,78484.1,77995.7,78367.7,146244.4215
2897,2026-05-17 12:00:00,78367.7,78492.4,77917.8,78006.9,187723.8206
2898,2026-05-17 16:00:00,78006.9,78430.7,77900.1,78359.9,196537.4052
2899,2026-05-17 20:00:00,78359.9,78431.9,77207.1,77468.6,254892.6378
2900,2026-05-18 00:00:00,77468.6,77494.2,76759.1,76880.5,295515.7821
2901,2026-05-18 04:00:00,76878.3,77026.7,76737.9,77026.6,273932.5797
2902,2026-05-18 08:00:00,77024.3,77300.3,76700.0,77252.3,257544.4196
2903,2026-05-18 12:00:00,77252.3,77836.5,76060.6,76393.5,328217.235
2904,2026-05-18 16:00:00,76393.5,76936.5,76227.8,76854.0,291665.9701
2905,2026-05-18 20:00:00,76859.9,77151.9,76791.8,76963.2,243161.2038
2906,2026-05-19 00:00:00,76963.2,77300.0,76580.4,76750.0,276387.7192
2907,2026-05-19 04:00:00,76775.8,77234.3,76683.1,77181.4,242791.8036
2908,2026-05-19 08:00:00,77181.4,77208.7,76665.7,76705.3,264004.2567
2909,2026-05-19 12:00:00,76705.5,76942.1,76228.7,76471.2,285313.8597
2910,2026-05-19 16:00:00,76471.1,76954.2,76393.3,76773.5,258092.6611
2911,2026-05-19 20:00:00,76773.5,77003.1,76650.0,76799.9,193100.2461
2912,2026-05-20 00:00:00,76785.3,76867.9,76519.8,76689.6,262325.272
2913,2026-05-20 04:00:00,76689.6,77427.2,76666.1,77248.8,209339.4331
2914,2026-05-20 08:00:00,77248.8,77604.0,77222.3,77371.3,183352.6521
2915,2026-05-20 12:00:00,77371.3,77837.9,77026.7,77400.0,299551.7593
2916,2026-05-20 16:00:00,77400.0,77675.4,77084.6,77630.6,251569.5097
2917,2026-05-20 20:00:00,77631.3,77725.3,77223.5,77503.7,226411.0441
2918,2026-05-21 00:00:00,77503.7,78070.2,77486.6,78039.1,224526.5045
2919,2026-05-21 04:00:00,78039.1,78126.1,77506.8,77843.0,197363.8864
2920,2026-05-21 08:00:00,77837.1,78094.1,77202.1,77226.2,207206.6415
2921,2026-05-21 12:00:00,77229.7,77315.1,76798.8,77221.0,293023.8035
2922,2026-05-21 16:00:00,77221.0,77966.1,77021.8,77666.3,282074.5364
2923,2026-05-21 20:00:00,77666.3,77754.8,77547.7,77578.9,155385.6045
2924,2026-05-22 00:00:00,77575.5,77765.2,77317.7,77759.7,192509.7386
2925,2026-05-22 04:00:00,77765.2,77843.9,77276.0,77400.0,191118.3466
2926,2026-05-22 08:00:00,77400.0,77498.5,77189.7,77380.0,161161.8265
2927,2026-05-22 12:00:00,77365.3,77502.2,76659.2,76768.1,268665.1843
2928,2026-05-22 16:00:00,76768.1,76973.6,75705.9,75827.0,308064.756
2929,2026-05-22 20:00:00,75822.9,76044.6,75528.2,75528.2,204542.6009
2930,2026-05-23 00:00:00,75528.2,75621.2,75225.9,75617.9,158160.1693
2931,2026-05-23 04:00:00,75617.9,75621.4,74554.4,74555.0,156596.5803
2932,2026-05-23 08:00:00,74555.0,74980.0,74345.2,74773.5,196746.8463
2933,2026-05-23 12:00:00,74773.5,75606.7,74647.0,75487.0,218774.6691
2934,2026-05-23 16:00:00,75487.0,75964.3,75384.3,75949.4,217360.6912
2935,2026-05-23 20:00:00,75952.7,77296.2,75923.7,76715.3,283834.8369
2936,2026-05-24 00:00:00,76715.4,76965.6,76608.0,76756.8,198956.2501
2937,2026-05-24 04:00:00,76761.3,76957.8,76625.0,76771.4,123950.1435
2938,2026-05-24 08:00:00,76770.0,77300.3,76696.0,77250.0,181037.659
2939,2026-05-24 12:00:00,77250.0,77250.0,76299.2,76360.6,231465.0873
2940,2026-05-24 16:00:00,76360.6,76749.6,76360.6,76694.4,238952.9751
2941,2026-05-24 20:00:00,76694.4,77135.4,76106.0,77033.5,278104.9919
2942,2026-05-25 00:00:00,77033.5,77316.6,76989.8,76995.3,249137.826
2943,2026-05-25 04:00:00,76993.6,77495.2,76989.0,77364.4,216662.0825
2944,2026-05-25 08:00:00,77363.6,77645.3,77253.1,77318.2,172804.7548
2945,2026-05-25 12:00:00,77318.2,77760.2,77270.3,77578.7,183308.9228
2946,2026-05-25 16:00:00,77578.7,77728.0,77316.1,77408.8,132920.5973
2947,2026-05-25 20:00:00,77403.3,77427.2,77230.1,77300.3,46318.1762
2948,2026-05-26 00:00:00,77307.4,77307.4,76487.2,76637.6,192706.3561
2949,2026-05-26 04:00:00,76637.6,76977.6,76586.3,76685.0,148806.8478
2950,2026-05-26 08:00:00,76685.3,77487.7,76581.2,77226.8,219228.5269
2951,2026-05-26 12:00:00,77194.0,77871.5,76271.6,76499.3,276099.0226
2952,2026-05-26 16:00:00,76499.3,76893.6,75922.6,76028.4,92154.1898
2953,2026-05-26 20:00:00,76028.2,76123.4,75691.2,75931.2,179545.6917
2954,2026-05-27 00:00:00,75931.5,76015.4,75637.1,75659.0,81631.8368
2955,2026-05-27 04:00:00,75659.1,75918.2,75298.4,75915.0,207998.7895
2956,2026-05-27 08:00:00,75915.0,76019.4,75681.0,75731.2,190117.0841
2957,2026-05-27 12:00:00,75731.2,75984.5,74846.4,75300.0,316631.3001
2958,2026-05-27 16:00:00,75300.0,75367.2,74703.5,75024.7,238361.2946
2959,2026-05-27 20:00:00,75024.7,75318.0,74243.5,74405.9,278338.8375
2960,2026-05-28 00:00:00,74395.0,74546.7,73140.0,73253.1,339162.1366
2961,2026-05-28 04:00:00,73253.1,73473.3,72800.1,73471.1,295137.7971
2962,2026-05-28 08:00:00,73469.7,73576.5,73195.0,73494.5,226519.5386
2963,2026-05-28 12:00:00,73479.1,73499.9,72616.5,72894.6,300333.5025
2964,2026-05-28 16:00:00,72894.8,73850.0,72780.7,73432.9,273703.1973
2965,2026-05-28 20:00:00,73432.9,73916.9,73296.7,73577.7,211072.1967
2966,2026-05-29 00:00:00,73577.7,73834.8,73228.4,73265.5,258931.8319
2967,2026-05-29 04:00:00,73265.5,73789.4,73190.7,73455.5,240136.4201
2968,2026-05-29 08:00:00,73455.5,73845.5,73328.3,73440.0,224436.53
2969,2026-05-29 12:00:00,73440.0,74167.1,72603.5,73775.3,326344.457
2970,2026-05-29 16:00:00,73775.3,74270.5,73285.7,73494.2,290232.0602
2971,2026-05-29 20:00:00,73494.2,73789.9,73308.9,73404.0,187732.4704
2972,2026-05-30 00:00:00,73403.9,73743.3,73375.4,73492.4,152158.6805
2973,2026-05-30 04:00:00,73492.4,73670.8,73225.0,73510.0,161200.8557
2974,2026-05-30 08:00:00,73510.0,73639.0,73473.2,73577.3,65550.3082
2975,2026-05-30 12:00:00,73577.3,74033.7,73569.9,73881.5,159993.1273
2976,2026-05-30 16:00:00,73881.3,74067.2,73798.0,74015.4,166551.9268
2977,2026-05-30 20:00:00,74015.4,74035.0,73787.5,73791.7,98256.2132
2978,2026-05-31 00:00:00,73791.7,74238.2,73787.5,74124.1,214404.3702
2979,2026-05-31 04:00:00,74123.4,74189.8,73821.0,73833.2,120526.0626
2980,2026-05-31 08:00:00,73833.3,73959.4,73737.2,73943.7,179911.3174
2981,2026-05-31 12:00:00,73944.8,73956.5,73533.6,73613.4,198503.2068
2982,2026-05-31 16:00:00,73620.9,73692.4,73393.2,73534.4,197556.2707
2983,2026-05-31 20:00:00,73534.4,74075.5,73507.3,73662.4,193905.5426
2984,2026-06-01 00:00:00,73662.4,73971.0,73222.2,73739.2,260504.8648
2985,2026-06-01 04:00:00,73739.2,73796.3,72724.4,72792.4,247251.3358
2986,2026-06-01 08:00:00,72792.4,73050.0,72497.3,72497.3,230122.1346
2987,2026-06-01 12:00:00,72497.3,72655.3,71073.8,71133.3,345467.4955
2988,2026-06-01 16:00:00,71099.4,71714.8,70812.6,71537.6,275083.7591
2989,2026-06-01 20:00:00,71537.6,71657.5,70812.6,71375.8,289494.2382
2990,2026-06-02 00:00:00,71375.8,71375.8,70208.6,70924.0,307344.8526
2991,2026-06-02 04:00:00,70924.0,70984.1,69842.2,70087.5,329539.9186
2992,2026-06-02 08:00:00,70087.5,70138.3,69367.0,69463.0,288819.4237
2993,2026-06-02 12:00:00,69463.0,69525.0,67152.0,67249.3,459657.6548
2994,2026-06-02 16:00:00,67326.7,68124.0,66720.1,67241.1,366413.6533
2995,2026-06-02 20:00:00,67241.0,67839.7,66282.1,66739.2,410959.6678
2996,2026-06-03 00:00:00,66739.2,67164.7,65679.0,65784.0,399092.459
2997,2026-06-03 04:00:00,65817.6,67439.9,65784.0,67178.0,377383.0469
2998,2026-06-03 08:00:00,67178.2,67338.8,66700.0,67170.8,244566.8965
2999,2026-06-03 12:00:00,67174.3,67338.8,66068.7,66068.7,107704.4651
3000,2026-06-03 16:00:00,66065.9,66338.2,65301.5,65413.3,387867.8147
3001,2026-06-03 20:00:00,65412.8,65804.8,59000.0,64110.0,400914.4101
3002,2026-06-04 00:00:00,64117.6,64371.4,60223.0,64222.7,383033.1277
3003,2026-06-04 04:00:00,64224.1,64305.4,63227.9,64305.3,15526.7633
3004,2026-06-04 08:00:00,64305.4,64308.4,63185.3,63320.3,13934.0535
3005,2026-06-04 12:00:00,63320.3,64374.7,62840.9,64262.2,13333.0327
3006,2026-06-04 16:00:00,64262.2,64536.8,63161.1,63711.4,8034.1207
3007,2026-06-04 20:00:00,63711.4,64590.0,63160.0,63651.2,3984.6041
3008,2026-06-05 00:00:00,63703.1,63819.2,62325.6,62695.7,124947.0639
3009,2026-06-05 04:00:00,62695.7,63947.2,61343.5,63088.1,480836.389
3010,2026-06-05 08:00:00,63088.1,63189.4,61983.2,61983.2,380086.6199
3011,2026-06-05 12:00:00,61983.2,62319.3,60026.5,60441.6,456862.6876
3012,2026-06-05 16:00:00,60441.6,61742.2,56000.0,60189.7,445264.6427
3013,2026-06-05 20:00:00,60249.1,61849.4,59963.1,60981.6,428257.0354
3014,2026-06-06 00:00:00,60981.6,61456.2,60520.1,60662.7,403430.4165
3015,2026-06-06 04:00:00,60662.5,61196.3,59582.4,60965.9,430096.289
3016,2026-06-06 08:00:00,60966.0,61389.6,60229.9,60747.0,387942.8792
3017,2026-06-06 12:00:00,60747.0,61082.2,60429.6,60754.1,383808.3826
3018,2026-06-06 16:00:00,60754.1,60883.7,60429.6,60565.3,350790.7517
3019,2026-06-06 20:00:00,60565.3,60911.5,60504.7,60849.8,319734.8015
3020,2026-06-07 00:00:00,60855.9,61625.5,60718.7,61625.0,390239.5061
3021,2026-06-07 04:00:00,61625.0,62323.4,61478.0,62323.4,370461.2542
3022,2026-06-07 08:00:00,62323.4,62839.2,62235.0,62598.9,319398.9842
3023,2026-06-07 12:00:00,62593.0,62605.6,61633.6,62047.3,396251.557
3024,2026-06-07 16:00:00,62047.3,62284.5,61199.9,61303.8,389452.8278
3025,2026-06-07 20:00:00,61297.5,63274.8,61216.2,63216.6,403930.8389
3026,2026-06-08 00:00:00,63216.6,64000.0,62796.9,63101.6,384056.5141
3027,2026-06-08 04:00:00,63108.5,63328.0,62430.0,63257.0,374154.9961
3028,2026-06-08 08:00:00,63259.9,63741.9,62971.3,63430.8,362984.9457
3029,2026-06-08 12:00:00,63423.4,64590.0,62802.8,63958.5,410821.6626
3030,2026-06-08 16:00:00,63777.7,63958.5,63324.7,63367.9,357965.618
3031,2026-06-08 20:00:00,63367.9,63782.0,62994.1,63046.0,340120.1936
3032,2026-06-09 00:00:00,63046.0,63159.6,62424.8,62802.5,381009.6804
3033,2026-06-09 04:00:00,62801.0,63483.1,62731.3,63170.8,340129.7355
3034,2026-06-09 08:00:00,63170.8,63171.4,62496.0,62700.1,337860.7085
3035,2026-06-09 12:00:00,62699.9,62811.6,61142.3,61147.8,389545.1078
3036,2026-06-09 16:00:00,61204.9,62189.8,60946.2,62043.6,354694.9622
3037,2026-06-09 20:00:00,62043.6,62132.2,61591.8,61679.5,351672.4486
3038,2026-06-10 00:00:00,61683.0,61854.7,61250.8,61516.4,343789.1092
3039,2026-06-10 04:00:00,61516.4,61726.6,61087.1,61659.5,350514.3145
3040,2026-06-10 08:00:00,61659.5,61667.6,60913.9,61004.1,396151.666
3041,2026-06-10 12:00:00,61004.1,62670.7,60939.5,62625.0,433589.3697
3042,2026-06-10 16:00:00,62670.6,62687.3,61650.6,61962.8,374206.481
3043,2026-06-10 20:00:00,61964.4,61964.8,61154.3,61526.0,362769.7249
3044,2026-06-11 00:00:00,61533.4,62692.5,61502.7,62660.2,399667.416
3045,2026-06-11 04:00:00,62666.6,62941.9,62479.6,62702.9,325444.7624
3046,2026-06-11 08:00:00,62693.3,63220.2,62691.7,63082.4,305340.4569
3047,2026-06-11 12:00:00,63082.5,63161.1,62602.3,62674.3,404223.6315
3048,2026-06-11 16:00:00,62670.3,63795.5,62343.5,63586.3,398976.9426
3049,2026-06-11 20:00:00,63586.3,63629.4,63243.3,63578.9,317719.2099
3050,2026-06-12 00:00:00,63578.9,63687.1,63293.2,63490.1,295925.7579
3051,2026-06-12 04:00:00,63490.1,63783.7,62831.2,63062.3,323912.1828
3052,2026-06-12 08:00:00,63062.1,63883.3,63062.1,63729.5,304977.625
3053,2026-06-12 12:00:00,63729.5,64288.0,63078.3,63587.4,386020.7848
3054,2026-06-12 16:00:00,63587.4,64019.0,63543.2,63571.4,335271.9543
3055,2026-06-12 20:00:00,63571.4,63660.7,63397.9,63548.4,243019.4507
3056,2026-06-13 00:00:00,63547.0,63795.1,63458.7,63518.9,199368.9505
3057,2026-06-13 04:00:00,63519.0,63823.1,63458.6,63823.1,194713.6279
3058,2026-06-13 08:00:00,63804.6,63933.0,63708.5,63916.1,193465.5754
3059,2026-06-13 12:00:00,63889.3,64308.9,63889.2,64279.9,216928.7779
3060,2026-06-13 16:00:00,64276.8,64289.1,63898.7,64274.0,279942.9862
3061,2026-06-13 20:00:00,64274.0,64586.0,64200.7,64414.5,183951.251
3062,2026-06-14 00:00:00,64401.6,64624.6,64367.9,64514.8,175753.566
3063,2026-06-14 04:00:00,64514.8,64518.2,64200.5,64408.5,186325.9482
3064,2026-06-14 08:00:00,64411.6,64627.4,64294.3,64526.7,211606.7792
3065,2026-06-14 12:00:00,64519.7,64529.3,63872.6,64009.1,262811.4424
3066,2026-06-14 16:00:00,64009.1,64162.4,63671.0,63743.2,234782.3385
3067,2026-06-14 20:00:00,63743.2,65627.4,63719.5,65626.9,235570.1379
3068,2026-06-15 00:00:00,65626.9,65901.5,64845.4,65400.0,16561.3718
3069,2026-06-15 04:00:00,65600.0,65986.5,64844.3,65642.4,34162.5677
3070,2026-06-15 08:00:00,65645.4,66262.0,65503.1,66167.6,184006.3898
3071,2026-06-15 12:00:00,66167.7,67338.8,66091.7,67218.3,357190.6141
3072,2026-06-15 16:00:00,67218.3,67233.5,66432.2,66573.5,334124.5418
3073,2026-06-15 20:00:00,66568.2,66620.4,66127.0,66291.8,296740.1953
3074,2026-06-16 00:00:00,66291.8,66361.4,65684.2,66119.9,276008.7126
3075,2026-06-16 04:00:00,66116.0,66496.9,65785.6,66341.8,273236.8816
3076,2026-06-16 08:00:00,66350.0,66920.3,66315.7,66444.0,302188.0482
3077,2026-06-16 12:00:00,66440.7,66666.0,65369.1,65860.0,361215.8464
3078,2026-06-16 16:00:00,65860.0,66113.2,65564.6,65587.4,323900.2533
3079,2026-06-16 20:00:00,65587.4,65900.0,65570.2,65607.1,234489.8665
3080,2026-06-17 00:00:00,65607.1,66037.8,65527.3,65794.7,278072.4721
3081,2026-06-17 04:00:00,65794.7,65961.5,65257.3,65400.0,258190.1769
3082,2026-06-17 08:00:00,65436.5,65516.3,64577.8,64790.0,286733.7037
3083,2026-06-17 12:00:00,64790.0,65353.9,64672.9,65330.0,146906.7868
3084,2026-06-17 16:00:00,65333.0,65360.1,64882.5,64987.1,8961.0707
3085,2026-06-17 20:00:00,64997.1,65379.3,64877.9,65156.8,2608.9411
3086,2026-06-18 00:00:00,65127.5,65379.5,64900.0,65322.1,1373.4725
3087,2026-06-18 04:00:00,65322.1,65339.0,64820.8,65113.9,3128.6491
3088,2026-06-18 08:00:00,65091.8,65399.0,63861.4,63954.8,250565.5512
3089,2026-06-18 12:00:00,63944.2,64396.4,62343.5,62389.0,445710.7874
3090,2026-06-18 16:00:00,62389.0,63104.5,62316.4,62933.1,358871.6681
3091,2026-06-18 20:00:00,62936.6,63333.0,62731.5,62908.8,268564.9791
3092,2026-06-19 00:00:00,62908.8,63079.0,62571.6,62745.1,311565.4926
3093,2026-06-19 04:00:00,62745.1,62850.4,62384.6,62596.0,305148.0198
3094,2026-06-19 08:00:00,62596.0,62736.6,62348.6,62591.6,233257.9771
3095,2026-06-19 12:00:00,62591.6,63376.2,62391.4,63177.6,297330.4963
3096,2026-06-19 16:00:00,63177.6,63389.7,62822.3,63002.3,110332.4671
3097,2026-06-19 20:00:00,63002.3,63391.4,62821.5,63261.2,70696.7846
3098,2026-06-20 00:00:00,63236.0,63302.2,62820.6,63298.0,32887.1924
3099,2026-06-20 04:00:00,63285.1,63756.3,62820.2,63685.4,67053.1614
3100,2026-06-20 08:00:00,63624.9,64326.5,62820.1,63961.0,16165.3605
3101,2026-06-20 12:00:00,63954.7,64337.5,62819.4,64080.0,103816.4393
3102,2026-06-20 16:00:00,64200.0,64337.5,62818.1,63848.9,3861.6383
3103,2026-06-20 20:00:00,63800.1,64337.5,63000.0,64280.2,47891.2723
3104,2026-06-21 00:00:00,64270.3,64432.7,64207.1,64407.9,18130.3517
3105,2026-06-21 04:00:00,64407.9,64432.7,64054.5,64142.1,6729.4147
3106,2026-06-21 08:00:00,64142.0,64186.3,63111.0,63759.4,22079.9476
3107,2026-06-21 12:00:00,63788.9,64432.7,62817.9,64222.0,33501.0098
3108,2026-06-21 16:00:00,64222.0,64432.8,63118.5,63938.2,3662.3961
3109,2026-06-21 20:00:00,63938.2,64200.0,62812.6,63126.6,34891.6021
3110,2026-06-22 00:00:00,63119.7,64442.1,63000.0,63939.4,39240.4034
3111,2026-06-22 04:00:00,64020.0,65518.8,63897.0,64022.9,38578.9605
3112,2026-06-22 08:00:00,64199.0,65372.3,64000.0,64633.5,110786.0172
3113,2026-06-22 12:00:00,64624.3,65523.2,64599.1,64834.1,324714.1659
3114,2026-06-22 16:00:00,64834.1,64841.7,64288.1,64457.5,312034.1372
3115,2026-06-22 20:00:00,64455.8,64599.9,63844.2,63990.2,272518.3571
3116,2026-06-23 00:00:00,63990.2,64216.4,63844.0,64041.8,284330.0677
3117,2026-06-23 04:00:00,64037.2,64062.0,62589.7,62900.0,331150.3789
3118,2026-06-23 08:00:00,62900.0,62943.6,62056.5,62540.8,344096.3403
3119,2026-06-23 12:00:00,62507.0,62759.7,61994.6,62424.9,381002.7531
3120,2026-06-23 16:00:00,62411.1,62748.1,62175.1,62373.2,328638.4359
3121,2026-06-23 20:00:00,62373.8,62717.3,62369.3,62702.7,270990.5272
3122,2026-06-24 00:00:00,62702.7,62977.7,62527.4,62726.1,317098.2861
3123,2026-06-24 04:00:00,62726.1,62941.1,62534.8,62621.6,303119.311
3124,2026-06-24 08:00:00,62615.2,62915.7,62313.2,62879.8,312154.0353
3125,2026-06-24 12:00:00,62879.8,62918.5,60337.8,60338.0,519214.8625
3126,2026-06-24 16:00:00,60338.3,60597.9,59065.8,59830.1,436364.1227
3127,2026-06-24 20:00:00,59830.1,61099.9,59809.5,61051.1,371719.8469
3128,2026-06-25 00:00:00,61054.0,61113.4,60698.9,60833.8,324619.2849
3129,2026-06-25 04:00:00,60833.7,61900.0,60765.0,61876.1,321361.0971
3130,2026-06-25 08:00:00,61876.1,61886.3,61067.3,61290.0,285468.0362
3131,2026-06-25 12:00:00,61290.0,61413.3,58655.9,59663.4,496751.8603
3132,2026-06-25 16:00:00,59700.0,59783.3,59163.5,59308.3,395872.9358
3133,2026-06-25 20:00:00,59300.0,60358.9,59294.7,59782.2,386354.3309
3134,2026-06-26 00:00:00,59778.9,59903.2,58360.1,59848.8,441508.6384
3135,2026-06-26 04:00:00,59858.7,61285.2,59730.9,60534.6,364999.6778
3136,2026-06-26 08:00:00,60534.6,60548.0,59300.0,59396.5,407921.6843
3137,2026-06-26 12:00:00,59396.5,60537.7,58786.1,60283.3,476690.7133
3138,2026-06-26 16:00:00,60283.3,60502.4,59570.0,59835.0,380979.1013
3139,2026-06-26 20:00:00,59835.0,60050.2,59607.6,60034.0,303912.2818
3140,2026-06-27 00:00:00,60034.0,60381.7,59887.2,60279.4,270083.5499
3141,2026-06-27 04:00:00,60279.4,60493.2,60092.8,60493.2,260661.3284
3142,2026-06-27 08:00:00,60493.2,60495.6,60169.7,60318.4,199650.3448
3143,2026-06-27 12:00:00,60318.4,61285.2,60222.6,60803.3,294633.8908
3144,2026-06-27 16:00:00,60803.3,60805.1,60134.3,60149.9,260905.5769
3145,2026-06-27 20:00:00,60149.9,60438.0,59950.0,60000.3,284892.7532
3146,2026-06-28 00:00:00,60000.4,60269.6,59998.5,60178.6,186087.8436
3147,2026-06-28 04:00:00,60178.6,60203.2,59780.2,60188.0,262049.1274
3148,2026-06-28 08:00:00,60188.0,60435.6,60073.8,60298.0,296492.0287
3149,2026-06-28 12:00:00,60311.5,60354.0,59804.7,59848.5,318931.0529
3150,2026-06-28 16:00:00,59846.6,59919.4,59290.0,59458.8,369644.5058
3151,2026-06-28 20:00:00,59497.7,59747.3,58980.4,59570.2,331580.1272
3152,2026-06-29 00:00:00,59648.4,60064.4,59020.0,59994.3,429269.6042
3153,2026-06-29 04:00:00,59994.3,60284.8,59482.4,60027.7,377168.6899
3154,2026-06-29 08:00:00,60027.7,60251.7,59798.1,59863.0,324012.3751
3155,2026-06-29 12:00:00,59863.0,60576.9,59083.3,59807.5,530554.2271
3156,2026-06-29 16:00:00,59807.5,60591.1,59589.4,60442.5,337020.437
3157,2026-06-29 20:00:00,60442.5,60495.0,60298.6,60299.0,25692.6576
3158,2026-06-30 00:00:00,60390.9,60495.0,59607.4,59607.4,229859.9351
3159,2026-06-30 04:00:00,59607.5,59662.6,59347.3,59497.7,312118.268
3160,2026-06-30 08:00:00,59500.0,59516.2,59182.8,59182.8,307615.6474
3161,2026-06-30 12:00:00,59182.8,59195.0,58216.4,58395.6,461136.6709
3162,2026-06-30 16:00:00,58414.0,58781.3,58270.7,58765.5,372117.0416
3163,2026-06-30 20:00:00,58779.8,58837.8,58499.9,58625.7,259366.6563
3164,2026-07-01 00:00:00,58625.7,59196.8,57895.2,59169.6,439515.7989
3165,2026-07-01 04:00:00,59169.6,59341.7,58540.4,58729.7,348133.255
3166,2026-07-01 08:00:00,58744.6,59038.3,58562.3,58592.8,342413.4044
3167,2026-07-01 12:00:00,58592.9,60398.2,58322.0,60140.0,493271.0459
3168,2026-07-01 16:00:00,60141.2,60269.9,59837.0,60085.8,337993.1048
3169,2026-07-01 20:00:00,60085.8,61196.9,59892.3,60005.0,371140.1946
3170,2026-07-02 00:00:00,60005.0,61000.0,59570.9,60994.3,367716.8685
3171,2026-07-02 04:00:00,60994.9,60997.7,60097.3,60128.0,326852.4531
3172,2026-07-02 08:00:00,60128.0,61304.3,60110.8,61262.1,341340.1085
3173,2026-07-02 12:00:00,61260.0,62139.5,61175.4,61555.4,400577.8733
3174,2026-07-02 16:00:00,61559.5,62073.9,61173.4,61599.9,136350.8369
3175,2026-07-02 20:00:00,61599.9,61605.9,61367.7,61370.0,11080.2578
3176,2026-07-03 00:00:00,61435.0,61666.9,61269.7,61407.5,260518.3528
3177,2026-07-03 04:00:00,61407.7,62073.9,61339.7,61785.0,284835.8301
3178,2026-07-03 08:00:00,61785.0,62010.8,61562.0,61992.8,334724.0313
3179,2026-07-03 12:00:00,61992.7,62306.8,61704.9,61896.4,355667.6622
3180,2026-07-03 16:00:00,61896.4,62303.4,61896.4,62180.2,200033.6751
3181,2026-07-03 20:00:00,62180.9,62826.7,62160.2,62577.0,321446.8187
3182,2026-07-04 00:00:00,62577.0,62853.5,62431.3,62622.7,266284.8043
3183,2026-07-04 04:00:00,62622.5,62684.4,62392.0,62529.9,199096.6728
3184,2026-07-04 08:00:00,62533.0,62533.0,62453.2,62459.8,10073.2642
3185,2026-07-04 12:00:00,62459.8,62859.0,62450.2,62839.9,45091.9738
3186,2026-07-04 16:00:00,62840.5,62881.9,62450.1,62780.4,10574.0104
3187,2026-07-04 20:00:00,62825.1,62882.1,62678.0,62744.4,1634.8398
3188,2026-07-05 00:00:00,62782.5,62882.4,62500.0,62773.0,1721.4774
3189,2026-07-05 04:00:00,62773.0,62929.1,62500.0,62876.9,16663.5851
3190,2026-07-05 08:00:00,62876.9,62938.3,62480.4,62646.9,39911.7429
3191,2026-07-05 12:00:00,62646.9,62936.9,62450.0,62713.4,43543.54
3192,2026-07-05 16:00:00,62728.9,62839.6,62586.5,62750.2,201836.5419
3193,2026-07-05 20:00:00,62750.1,63888.9,62591.7,63623.1,317350.398
3194,2026-07-06 00:00:00,63628.2,63889.2,63140.4,63264.4,338544.3638
3195,2026-07-06 04:00:00,63264.4,63320.1,62892.5,63071.5,289578.4913
3196,2026-07-06 08:00:00,63079.4,63143.1,62619.8,62642.8,296723.9253
3197,2026-07-06 12:00:00,62755.0,63322.3,61339.6,63108.5,502890.8892
3198,2026-07-06 16:00:00,63222.0,63900.6,62865.0,63734.8,328599.781
3199,2026-07-06 20:00:00,63734.8,64437.5,63567.9,64014.4,329223.8537
3200,2026-07-07 00:00:00,64014.4,64232.6,63140.8,63165.0,339211.24
3201,2026-07-07 04:00:00,63165.0,63357.4,62846.6,63096.5,280882.6213
3202,2026-07-07 08:00:00,63096.5,63410.8,63023.5,63374.8,292740.4284
3203,2026-07-07 12:00:00,63374.8,64048.5,62871.5,63901.9,397124.3332
3204,2026-07-07 16:00:00,63901.9,64177.7,63469.5,63769.2,352223.9185
3205,2026-07-07 20:00:00,63769.2,63840.0,63318.7,63321.4,311553.5625
3206,2026-07-08 00:00:00,63318.7,63676.0,62616.8,62770.6,286834.1828
3207,2026-07-08 04:00:00,62770.6,62858.9,62479.5,62858.5,289807.3
3208,2026-07-08 08:00:00,62858.9,62888.2,61731.2,62269.4,360032.7471
3209,2026-07-08 12:00:00,62255.8,62320.1,61542.5,61670.0,392606.4672
3210,2026-07-08 16:00:00,61670.0,62353.4,61647.7,62213.6,300886.8252
3211,2026-07-08 20:00:00,62213.6,62296.6,62013.1,62262.4,277618.5001
3212,2026-07-09 00:00:00,62262.4,62817.5,61730.1,61964.7,378516.8859
3213,2026-07-09 04:00:00,61954.2,63155.0,61952.0,62964.4,337998.7906
3214,2026-07-09 08:00:00,62961.5,63024.8,62599.9,62709.2,297131.6094
3215,2026-07-09 12:00:00,62709.2,63131.5,62599.9,62916.2,332491.4896
3216,2026-07-09 16:00:00,62916.2,63401.0,62654.4,63215.5,326673.4584
3217,2026-07-09 20:00:00,63217.4,63340.0,63131.5,63251.7,208485.6004
3218,2026-07-10 00:00:00,63251.7,63983.0,62938.0,63890.0,339762.1619
3219,2026-07-10 04:00:00,63890.0,64127.0,63821.0,63947.1,233539.3863
3220,2026-07-10 08:00:00,63947.1,64428.0,63939.9,64394.1,283484.3367
3221,2026-07-10 12:00:00,64394.1,64481.4,63903.9,64000.0,340855.9518
3222,2026-07-10 16:00:00,63985.0,64124.8,63787.0,63929.0,314262.2736
3223,2026-07-10 20:00:00,63905.2,64173.8,63692.4,64109.2,194675.5595
3224,2026-07-11 00:00:00,64109.2,64226.1,63969.6,64146.7,238619.002
3225,2026-07-11 04:00:00,64146.7,64226.1,64088.0,64134.8,135710.0511
3226,2026-07-11 08:00:00,64132.6,64272.5,64130.0,64178.5,84374.0665
3227,2026-07-11 12:00:00,64178.6,64452.2,64084.1,64139.0,219903.0682
3228,2026-07-11 16:00:00,64139.0,64392.7,64083.0,64214.3,157737.2261
3229,2026-07-11 20:00:00,64214.3,64403.8,63817.5,63878.3,234100.0655
3230,2026-07-12 00:00:00,63892.1,64180.0,63701.1,64154.9,248494.8994
3231,2026-07-12 04:00:00,64154.9,64200.0,63681.5,63870.0,201961.598
3232,2026-07-12 08:00:00,63870.0,64013.0,63740.2,63966.0,170689.519
3233,2026-07-12 12:00:00,63966.0,64220.0,63946.0,64129.2,176334.7658
3234,2026-07-12 16:00:00,64126.6,64201.2,64002.2,64201.2,189157.953
3235,2026-07-12 20:00:00,64201.2,64220.0,63674.4,63750.0,259366.9468
3236,2026-07-13 00:00:00,63775.1,64261.1,62733.7,62791.0,407484.6994
3237,2026-07-13 04:00:00,62791.0,63020.0,62638.3,62984.2,313446.6976
3238,2026-07-13 08:00:00,62984.2,63168.3,62877.6,62881.2,222659.9451
3239,2026-07-13 12:00:00,62881.2,62888.0,62262.1,62589.1,347178.522
3240,2026-07-13 16:00:00,62589.1,62594.0,61865.3,62225.8,310180.4828
3241,2026-07-13 20:00:00,62225.8,62255.1,61902.6,62255.1,330548.4983
3242,2026-07-14 00:00:00,62252.4,62577.4,62190.5,62544.8,272649.6717
3243,2026-07-14 04:00:00,62545.4,62841.1,62520.0,62530.0,254114.7184
3244,2026-07-14 08:00:00,62535.8,62851.6,62496.0,62829.8,255104.0028
3245,2026-07-14 12:00:00,62851.6,64754.6,62780.0,64646.4,432615.0374
3246,2026-07-14 16:00:00,64646.4,64864.0,64411.4,64575.8,290718.7188
3247,2026-07-14 20:00:00,64575.8,65016.4,64417.3,65001.3,274126.866
3248,2026-07-15 00:00:00,65001.3,65010.6,64468.2,64760.9,253199.6799
3249,2026-07-15 04:00:00,64760.9,65165.0,64499.9,64557.0,291392.9103
3250,2026-07-15 08:00:00,64557.0,64803.7,64556.4,64693.9,225377.8468
3251,2026-07-15 12:00:00,64693.9,65524.4,64601.7,65392.3,352202.4394
3252,2026-07-15 16:00:00,65392.3,65406.1,64785.1,64944.5,304612.5483
3253,2026-07-15 20:00:00,64944.5,65021.4,64737.1,64737.2,210716.3342
3254,2026-07-16 00:00:00,64737.2,64803.0,64473.1,64581.2,277214.1657
3255,2026-07-16 04:00:00,64581.2,64909.3,64169.7,64203.5,295048.117
3256,2026-07-16 08:00:00,64207.2,64224.9,63920.4,64190.0,244030.7512
3257,2026-07-16 12:00:00,64190.0,64771.2,63904.2,64689.7,357688.5758
3258,2026-07-16 16:00:00,64694.3,64694.3,63974.6,64235.3,326621.527
3259,2026-07-16 20:00:00,64235.3,64235.4,63726.8,63802.7,229151.7046
3260,2026-07-17 00:00:00,63802.7,63984.9,63380.1,63538.1,301329.2532
3261,2026-07-17 04:00:00,63537.9,63553.8,62756.7,62793.1,295160.6706
3262,2026-07-17 08:00:00,62792.9,63319.5,62659.4,63310.5,271703.5587
3263,2026-07-17 12:00:00,63298.7,63411.3,62535.6,63395.8,384640.7138
3264,2026-07-17 16:00:00,63395.8,64258.7,63311.7,64126.0,338222.6755
3265,2026-07-17 20:00:00,64126.0,64148.7,63860.8,63925.8,187511.6673
3266,2026-07-18 00:00:00,63925.8,63989.2,63862.1,63989.2,118184.108
3267,2026-07-18 04:00:00,63989.2,63990.4,63921.8,63980.1,39986.3544
3268,2026-07-18 08:00:00,63980.1,63996.7,63925.5,63996.6,45685.3654
3269,2026-07-18 12:00:00,63996.6,64172.0,63995.0,64082.5,202785.5823
3270,2026-07-18 16:00:00,64084.9,64556.1,64077.5,64539.5,168300.4824
3271,2026-07-18 20:00:00,64529.5,64800.8,64502.4,64795.7,212431.1925
3272,2026-07-19 00:00:00,64795.7,64882.6,64638.9,64659.7,144121.4543
3273,2026-07-19 04:00:00,64659.7,64776.1,64619.2,64667.5,104714.5615
3274,2026-07-19 08:00:00,64667.5,64700.7,64432.9,64441.7,170348.4492
3275,2026-07-19 12:00:00,64441.7,64572.3,64278.6,64525.5,209687.5943
3276,2026-07-19 16:00:00,64525.5,64673.6,64333.3,64426.8,234120.1039
3277,2026-07-19 20:00:00,64426.8,64750.7,64333.3,64660.5,225438.7478
3278,2026-07-20 00:00:00,64659.9,64931.9,64502.4,64835.1,357073.576
3279,2026-07-20 04:00:00,64829.7,64835.3,64626.8,64788.0,13311.5504
3280,2026-07-20 08:00:00,64696.6,64934.7,63944.4,64933.6,291967.4758
3281,2026-07-20 12:00:00,64933.6,65509.5,64231.6,65500.0,407233.3114
3282,2026-07-20 16:00:00,65492.6,65737.8,65037.6,65127.7,305697.3417
3283,2026-07-20 20:00:00,65127.7,65409.2,65067.1,65219.2,229281.88
3284,2026-07-21 00:00:00,65206.9,65604.3,65134.2,65506.7,288214.3239
3285,2026-07-21 04:00:00,65506.7,66186.6,65473.3,66182.3,250400.6692
3286,2026-07-21 08:00:00,66182.3,66400.2,66119.0,66301.4,205887.4039
3287,2026-07-21 12:00:00,66309.1,66897.8,66240.6,66669.1,313506.2674
3288,2026-07-21 16:00:00,66666.2,66719.9,66122.7,66393.6,264568.3425
3289,2026-07-21 20:00:00,66394.2,66517.4,66206.7,66517.4,222828.8215
3290,2026-07-22 00:00:00,66517.4,66690.9,66190.2,66195.7,297374.0665
3291,2026-07-22 04:00:00,66195.7,66425.4,65729.1,65813.3,234738.9379
3292,2026-07-22 08:00:00,65813.3,66092.5,65783.1,65988.1,226840.3131
3293,2026-07-22 12:00:00,65981.4,66082.8,65551.0,65975.9,312351.517
3294,2026-07-22 16:00:00,65975.9,66257.0,65722.7,65906.9,293748.7256
3295,2026-07-22 20:00:00,65906.9,66097.0,65798.5,66089.7,180384.6432
3296,2026-07-23 00:00:00,66089.7,66260.6,65563.0,65657.1,253400.3193
3297,2026-07-23 04:00:00,65657.1,65759.7,65352.6,65421.3,268530.1236
3298,2026-07-23 08:00:00,65421.3,65759.7,65420.6,65555.6,173876.9101
3299,2026-07-23 12:00:00,65555.6,65559.2,64784.7,64938.2,368392.4319
3300,2026-07-23 16:00:00,64938.2,64938.3,64699.2,64824.5,274868.8068
3301,2026-07-23 20:00:00,64764.4,65174.2,64764.4,65061.9,171767.8615
3302,2026-07-24 00:00:00,65040.5,65485.0,64764.4,65427.2,287080.444
3303,2026-07-24 04:00:00,65425.5,65716.9,65258.0,65474.7,236154.0106
3304,2026-07-24 08:00:00,65470.0,65475.0,64837.9,64982.0,280902.9592
3305,2026-07-24 12:00:00,64972.2,65068.9,63760.0,64119.7,316648.3509
3306,2026-07-24 16:00:00,64140.1,64256.9,63870.8,64196.0,218354.5062
3307,2026-07-24 20:00:00,64196.0,64248.4,64115.4,64125.8,53967.8818
3308,2026-07-25 00:00:00,64125.8,64146.8,63983.4,64057.5,112533.9398
3309,2026-07-25 04:00:00,64058.1,64171.4,63933.4,63997.7,83524.2081
3310,2026-07-25 08:00:00,63998.0,64077.7,63782.2,64049.8,99333.933
3311,2026-07-25 12:00:00,64049.8,64235.7,64009.4,64150.0,99287.6441
3312,2026-07-25 16:00:00,64150.0,64395.2,64095.9,64360.1,75386.3393
3313,2026-07-25 20:00:00,64360.1,64395.1,64243.1,64360.2,98292.7219
3314,2026-07-26 00:00:00,64360.2,64708.0,64360.1,64503.6,101789.9146
3315,2026-07-26 04:00:00,64503.6,64536.8,64260.1,64341.2,122750.0673
3316,2026-07-26 08:00:00,64341.2,64521.6,64340.0,64481.5,57705.0545
3317,2026-07-26 12:00:00,64486.9,64788.4,64389.9,64743.0,189542.1916
3318,2026-07-26 16:00:00,64743.0,64805.1,64649.4,64725.1,173411.6821
3319,2026-07-26 20:00:00,64692.9,65449.2,64661.8,65332.6,226737.3724
3320,2026-07-27 00:00:00,65332.6,65345.7,64918.3,65261.5,254996.8178
3321,2026-07-27 04:00:00,65261.5,65585.7,65222.1,65222.1,241651.5657
3322,2026-07-27 08:00:00,65226.5,65345.3,65090.2,65097.7,189808.7073
3323,2026-07-27 12:00:00,65097.8,65595.0,64491.8,64521.6,404747.4785
3324,2026-07-27 16:00:00,64523.2,65043.3,64515.9,64946.8,282811.8831
3325,2026-07-27 20:00:00,64947.0,64995.5,63652.4,63728.0,288499.3028
3326,2026-07-28 00:00:00,63728.0,63753.0,63119.3,63297.2,294793.4122
3327,2026-07-28 04:00:00,63285.8,63588.5,63222.0,63476.8,237914.029
3328,2026-07-28 08:00:00,63476.8,63535.0,63302.0,63438.8,267702.1373
3329,2026-07-28 12:00:00,63438.8,63960.2,62936.9,63898.6,390997.3879
3330,2026-07-28 16:00:00,63899.4,64029.1,63509.9,63827.3,285005.1378
3331,2026-07-28 20:00:00,63827.3,64022.4,63558.9,63909.7,255450.5314
3332,2026-07-29 00:00:00,63910.9,64087.4,63671.4,63710.0,272849.0769
3333,2026-07-29 04:00:00,63710.0,64527.5,63598.0,64527.5,230205.3772
3334,2026-07-29 08:00:00,64527.5,64642.2,64264.5,64462.8,219727.5265
3335,2026-07-29 12:00:00,64463.2,64569.7,63930.6,63954.6,320573.0208
3336,2026-07-29 16:00:00,63967.8,64529.2,63561.1,63627.0,406869.0437
3337,2026-07-29 20:00:00,63627.1,64078.2,63349.5,63993.9,305222.7871
3338,2026-07-30 00:00:00,64001.1,64353.7,63591.9,64138.0,305862.7486
3339,2026-07-30 04:00:00,64138.0,64190.0,63902.1,63979.4,212893.5904
3340,2026-07-30 08:00:00,63979.4,64824.9,63961.1,64770.1,197480.5965
3341,2026-07-30 12:00:00,64779.0,65032.1,64608.1,64694.2,305424.8483
3342,2026-07-30 16:00:00,64694.2,64947.2,64672.8,64818.8,199320.8701
3343,2026-07-30 20:00:00,64791.9,64971.1,64688.4,64758.2,225146.6134
3344,2026-07-31 00:00:00,64764.4,65273.7,64188.6,64360.0,341236.9491
3345,2026-07-31 04:00:00,64360.0,64435.8,63890.0,63946.7,203770.6413
3346,2026-07-31 08:00:00,63924.6,63947.2,63661.2,63872.9,168360.2173
3347,2026-07-31 12:00:00,63872.9,63875.3,62539.7,62730.0,223647.0797
3348,2026-07-31 16:00:00,62727.8,63250.0,62708.0,63016.0,144989.608
3349,2026-07-31 20:00:00,63044.6,63130.1,62943.5,62943.5,2966.7029
3350,2026-08-01 00:00:00,62950.7,63074.4,62941.3,62970.8,116759.6415
3351,2026-08-01 04:00:00,62970.8,63088.4,62970.5,63050.7,87886.8546
3352,2026-08-01 08:00:00,63050.7,63117.7,62969.0,63044.5,108992.6887
3353,2026-08-01 12:00:00,63044.5,63050.5,62989.3,62989.3,29550.366
3354,2026-08-01 16:00:00,62989.3,62990.0,62333.9,62502.1,300398.4136
3355,2026-08-01 20:00:00,62502.1,62827.8,62502.0,62792.2,126523.3584
3356,2026-08-02 00:00:00,62766.7,63642.4,62766.7,63425.0,221475.0285
3357,2026-08-02 04:00:00,63415.4,63591.2,63414.1,63476.2,70532.7331
3358,2026-08-02 08:00:00,63476.2,63487.5,63025.1,63033.8,203267.533
3359,2026-08-02 12:00:00,63025.1,63148.8,63025.1,63087.9,41693.4431
3360,2026-08-02 16:00:00,63087.9,63121.6,63072.1,63121.4,15273.2533
3361,2026-08-02 20:00:00,63121.4,63134.5,63071.7,63134.5,5284.0916
3362,2026-08-03 00:00:00,63122.6,63246.4,62828.8,62867.8,150462.9062
3363,2026-08-03 04:00:00,62866.7,63029.5,62573.8,62591.0,177864.5455
3364,2026-08-03 08:00:00,62579.8,62818.3,62324.9,62553.1,253750.6151
3365,2026-08-03 12:00:00,62553.1,63930.0,62455.1,63628.5,379815.4913
3366,2026-08-03 16:00:00,63628.5,63978.4,63623.6,63863.8,286310.4741
3367,2026-08-03 20:00:00,63863.8,63967.6,63444.8,63493.8,241141.1524
3368,2026-08-04 00:00:00,63493.2,63882.1,63330.1,63780.1,264581.2869
3369,2026-08-04 04:00:00,63780.1,64154.5,63490.2,63694.1,257063.1386
3370,2026-08-04 08:00:00,63694.1,63918.9,63441.6,63901.3,210692.9505
3371,2026-08-04 12:00:00,63901.3,64198.2,63638.6,64128.4,310285.8434
3372,2026-08-04 16:00:00,64128.4,64351.0,63920.0,64256.9,278723.2733
3373,2026-08-04 20:00:00,64256.9,64393.2,63984.0,64090.0,261546.5889
3374,2026-08-05 00:00:00,64090.0,64425.0,63936.1,64145.3,261152.8495
3375,2026-08-05 04:00:00,64144.8,64412.1,63980.1,64120.1,198687.433
3376,2026-08-05 08:00:00,64120.1,64227.2,64024.0,64044.6,164258.5556
3377,2026-08-05 12:00:00,64044.6,64653.2,63932.0,64382.1,372980.2198
3378,2026-08-05 16:00:00,64382.1,64852.4,64379.3,64831.9,227060.6277
3379,2026-08-05 20:00:00,64836.2,64952.3,64646.8,64693.8,158776.0315
3380,2026-08-06 00:00:00,64691.1,64693.9,64472.5,64507.0,112566.1404
3381,2026-08-06 04:00:00,64507.0,64949.4,64490.6,64763.1,191283.1192
3382,2026-08-06 08:00:00,64789.3,64918.7,64474.1,64596.2,150479.925
3383,2026-08-06 12:00:00,64597.3,64952.6,64176.3,64664.2,328933.0603
3384,2026-08-06 16:00:00,64663.3,64789.9,64362.1,64414.0,210260.4208
3385,2026-08-06 20:00:00,64414.0,64496.3,64176.8,64295.1,155546.9753
3386,2026-08-07 00:00:00,64294.7,64437.1,64207.1,64264.0,233578.0067
3387,2026-08-07 04:00:00,64264.0,64437.1,64170.0,64302.7,220742.0843
3388,2026-08-07 08:00:00,64302.1,65094.5,64295.1,64990.0,221020.2591
3389,2026-08-07 12:00:00,64996.5,65331.4,64795.6,64915.9,313667.0094
3390,2026-08-07 16:00:00,64914.3,65033.6,64550.0,64923.3,270052.3253
3391,2026-08-07 20:00:00,64949.2,65037.0,64827.8,64885.4,100773.0207
3392,2026-08-08 00:00:00,64885.4,65041.3,64790.0,64986.1,81436.1181
3393,2026-08-08 04:00:00,64986.1,65032.6,64919.5,64936.2,55821.6434
3394,2026-08-08 08:00:00,64936.3,65026.9,64925.4,64937.0,59195.5398
3395,2026-08-08 12:00:00,64937.0,65149.9,64925.3,65070.5,94997.6279
3396,2026-08-08 16:00:00,65070.5,65109.5,65008.3,65047.9,61922.774
3397,2026-08-08 20:00:00,65047.9,65058.8,64907.9,64936.7,67375.8542
3398,2026-08-09 00:00:00,64936.7,64957.0,64702.0,64754.1,87106.355
3399,2026-08-09 04:00:00,64754.1,64823.9,64749.3,64794.9,29907.1659
3400,2026-08-09 08:00:00,64794.9,64957.6,64780.9,64933.1,75600.6539
3401,2026-08-09 12:00:00,64933.4,65256.4,64891.3,65209.0,153279.2636
3402,2026-08-09 16:00:00,65209.0,65237.1,65153.1,65167.2,70931.38
3403,2026-08-09 20:00:00,65167.2,65345.3,64833.0,64852.1,181380.0649
3404,2026-08-10 00:00:00,64852.1,65207.3,64820.1,64934.8,300377.1602
3405,2026-08-10 04:00:00,64934.8,65315.5,64934.1,65201.7,168705.633
3406,2026-08-10 08:00:00,65199.4,65312.4,64934.1,65045.9,176289.9472
3407,2026-08-10 12:00:00,65063.7,65148.6,64233.0,64329.9,315852.673
3408,2026-08-10 16:00:00,64313.2,64329.9,63828.8,63997.9,310356.036
3409,2026-08-10 20:00:00,63997.9,64147.4,63906.9,63924.3,139260.5141
3410,2026-08-11 00:00:00,63924.3,64141.9,63904.8,64104.3,114132.3593
3411,2026-08-11 04:00:00,64104.3,64107.9,63875.5,64043.2,149597.9077
3412,2026-08-11 08:00:00,64065.4,64379.0,64035.9,64372.5,139166.7209
3413,2026-08-11 12:00:00,64372.5,64453.8,63471.0,63591.8,342339.9308
3414,2026-08-11 16:00:00,63591.8,63820.3,63280.3,63499.3,210558.6154
3415,2026-08-11 20:00:00,63499.3,63738.7,63415.4,63577.2,143813.0561
3416,2026-08-12 00:00:00,63577.2,63839.9,63552.9,63768.0,171594.0553
3417,2026-08-12 04:00:00,63768.0,63840.1,63616.8,63767.7,169028.6765
3418,2026-08-12 08:00:00,63767.7,64202.0,63741.4,64202.0,170699.6202
3419,2026-08-12 12:00:00,64201.8,64315.7,63328.9,63418.1,333110.1137
3420,2026-08-12 16:00:00,63418.1,63528.3,63313.7,63396.1,223664.3422
3421,2026-08-12 20:00:00,63396.1,63576.3,63366.5,63442.1,169450.1979
3422,2026-08-13 00:00:00,63422.3,63649.2,63366.5,63627.7,201461.0491
3423,2026-08-13 04:00:00,63627.7,63940.5,63585.7,63829.0,140985.7698
3424,2026-08-13 08:00:00,63829.0,63878.4,63366.5,63456.5,98828.1861
3425,2026-08-13 12:00:00,63456.5,63923.1,63445.9,63532.2,277367.2447
3426,2026-08-13 16:00:00,63532.2,63579.9,63048.1,63379.3,271214.5128
3427,2026-08-13 20:00:00,63382.0,63598.5,63371.6,63455.3,119363.4383
3428,2026-08-14 00:00:00,63455.3,63584.5,63293.1,63293.4,238725.5811
3429,2026-08-14 04:00:00,63293.1,63433.8,62891.1,62891.1,177421.2202
3430,2026-08-14 08:00:00,62904.0,62944.8,62722.8,62828.1,202943.6659
3431,2026-08-14 12:00:00,62828.1,63013.1,62584.0,63013.1,309054.3161
3432,2026-08-14 16:00:00,63012.5,63180.2,62820.5,62940.6,206200.4626
3433,2026-08-14 20:00:00,62940.6,62990.8,62810.1,62990.8,114616.9356
3434,2026-08-15 00:00:00,62973.7,63159.0,62966.7,63024.9,68729.4944
3435,2026-08-15 04:00:00,63024.9,63127.4,63024.8,63062.6,63677.2436
3436,2026-08-15 08:00:00,63049.9,63062.7,62894.6,63014.6,70537.4724
3437,2026-08-15 12:00:00,63014.6,63091.4,62922.6,63068.1,88482.0493
3438,2026-08-15 16:00:00,63068.0,63084.8,63013.5,63080.0,40324.935
3439,2026-08-15 20:00:00,63080.0,63127.2,63054.4,63054.4,47476.1702
3440,2026-08-16 00:00:00,63054.4,63122.5,63007.2,63093.8,45252.7404
3441,2026-08-16 04:00:00,63093.7,63122.7,63025.0,63034.4,28773.4337
3442,2026-08-16 08:00:00,63034.3,63045.1,62956.8,62956.9,34555.2839
3443,2026-08-16 12:00:00,62956.9,63111.6,62956.8,63111.6,37755.5404
3444,2026-08-16 16:00:00,63111.6,63345.3,63074.9,63082.2,138556.6261
3445,2026-08-16 20:00:00,63080.1,63088.2,62707.3,62886.6,203854.2638
3446,2026-08-17 00:00:00,62887.2,63401.3,62744.9,63401.3,249131.9373
3447,2026-08-17 04:00:00,63401.3,63677.0,63399.7,63499.4,187543.0622
3448,2026-08-17 08:00:00,63500.0,63716.9,63261.8,63577.3,229024.1151
3449,2026-08-17 12:00:00,63577.1,64146.1,63459.9,64144.9,294754.9141
3450,2026-08-17 16:00:00,64144.3,64452.9,64014.4,64280.4,264734.9198
3451,2026-08-17 20:00:00,64280.5,64381.4,64244.9,64321.2,78827.2372
3452,2026-08-18 00:00:00,64337.9,64352.4,64137.0,64144.3,17338.4817
3453,2026-08-18 04:00:00,64142.4,64408.9,64065.9,64166.0,206488.355
3454,2026-08-18 08:00:00,64166.0,64351.7,64093.7,64319.0,170402.4
3455,2026-08-18 12:00:00,64314.8,64959.8,64060.0,64815.5,270022.0436
3456,2026-08-18 16:00:00,64817.9,64839.9,64641.9,64643.8,178342.4535
3457,2026-08-18 20:00:00,64643.9,64706.4,64533.9,64696.0,107604.319
3458,2026-08-19 00:00:00,64696.0,64703.2,64263.7,64300.2,186250.962
3459,2026-08-19 04:00:00,64300.8,64355.1,64149.0,64272.3,163040.0283
3460,2026-08-19 08:00:00,64272.3,64496.3,64244.1,64479.1,135562.5876
3461,2026-08-19 12:00:00,64479.0,68519.0,64444.1,68512.8,457514.3589
3462,2026-08-19 16:00:00,68512.8,68881.2,67804.9,68421.0,326849.8644
3463,2026-08-19 20:00:00,68421.0,69784.1,68387.3,69264.9,338382.8448
3464,2026-08-20 00:00:00,69264.8,69759.6,68925.2,69169.9,325738.6128
3465,2026-08-20 04:00:00,69169.9,69924.2,69158.6,69689.0,283160.9411
3466,2026-08-20 08:00:00,69689.0,72292.1,69640.0,71871.8,410543.9808
3467,2026-08-20 12:00:00,71865.5,72489.7,71277.7,72423.6,357448.9949
3468,2026-08-20 16:00:00,72422.1,72846.9,72263.6,72615.1,285603.2608
3469,2026-08-20 20:00:00,72618.6,73187.4,72544.6,73006.7,288900.2778
3470,2026-08-21 00:00:00,73020.9,75436.6,72999.1,74613.4,373268.2333
3471,2026-08-21 04:00:00,74613.3,76525.0,74564.6,76319.0,309085.9306
3472,2026-08-21 08:00:00,76314.4,78502.8,76295.5,76847.2,385529.6337
3473,2026-08-21 12:00:00,76838.8,77693.9,76362.3,77291.2,330530.7935
3474,2026-08-21 16:00:00,77289.1,77619.9,76710.0,77024.9,288538.3938
3475,2026-08-21 20:00:00,77024.9,78698.4,76942.5,78305.1,301591.96
3476,2026-08-22 00:00:00,78305.9,78747.3,77756.1,78514.2,291691.4553
3477,2026-08-22 04:00:00,78514.2,78744.1,76934.9,77310.5,318954.5256
3478,2026-08-22 08:00:00,77310.5,77408.7,76621.0,77139.5,271910.467
3479,2026-08-22 12:00:00,77139.5,77346.1,76962.5,76995.5,210587.2756
3480,2026-08-22 16:00:00,76995.6,77482.2,76995.4,77453.8,175447.078
3481,2026-08-22 20:00:00,77453.8,77454.6,76895.4,77110.0,216330.6182
3482,2026-08-23 00:00:00,77109.1,77381.5,76853.2,76959.9,198004.7111
3483,2026-08-23 04:00:00,76959.9,76970.9,75777.2,76057.1,290129.4273
3484,2026-08-23 08:00:00,76037.9,77358.1,75991.0,77296.0,264664.885
3485,2026-08-23 12:00:00,77296.0,77605.1,77023.5,77136.4,252800.8136
3486,2026-08-23 16:00:00,77136.5,77408.1,77136.3,77310.5,185429.3728
3487,2026-08-23 20:00:00,77310.5,78545.5,77195.8,77685.3,243771.8325
3488,2026-08-24 00:00:00,77685.2,77709.1,76981.1,76981.2,283229.9556
3489,2026-08-24 04:00:00,76981.2,77653.5,76790.0,77300.7,264173.4622
3490,2026-08-24 08:00:00,77300.6,78546.1,76866.9,78265.7,277831.504
3491,2026-08-24 12:00:00,78265.7,79931.6,78098.7,79037.9,356705.0936
3492,2026-08-24 16:00:00,79037.9,79753.3,78518.2,78703.0,299210.6248
3493,2026-08-24 20:00:00,78703.0,78999.8,78540.1,78935.6,239682.5068
3494,2026-08-25 00:00:00,78935.5,80979.0,78729.1,80420.6,323574.7858
3495,2026-08-25 04:00:00,80415.0,80812.4,79640.2,79724.9,238945.481
3496,2026-08-25 08:00:00,79708.2,80221.0,79007.3,79126.0,281658.0261
3497,2026-08-25 12:00:00,79124.9,79444.1,78222.5,79444.1,314485.8993
3498,2026-08-25 16:00:00,79444.1,79449.2,78720.8,78889.8,247975.8734
3499,2026-08-25 20:00:00,78889.8,78925.5,78089.5,78508.2,266840.8449
3500,2026-08-26 00:00:00,78528.5,79184.9,78325.5,79037.0,239422.685
3501,2026-08-26 04:00:00,79037.0,79149.9,78663.5,78889.8,246369.6393
3502,2026-08-26 08:00:00,78889.8,79011.0,78323.4,78444.5,246783.1921
3503,2026-08-26 12:00:00,78444.6,78623.0,77697.0,78020.0,288042.9639
3504,2026-08-26 16:00:00,78001.8,78569.4,77935.6,78415.5,236558.4311
3505,2026-08-26 20:00:00,78421.2,79069.0,78230.1,78974.8,243644.7181
3506,2026-08-27 00:00:00,78967.8,78974.8,78624.7,78785.8,195087.6311
3507,2026-08-27 04:00:00,78785.7,78938.8,78632.0,78931.4,170351.7806
3508,2026-08-27 08:00:00,78938.7,80455.0,78928.7,79435.3,312332.499
3509,2026-08-27 12:00:00,79426.2,80637.3,79090.2,80310.1,267651.4888
3510,2026-08-27 16:00:00,80310.1,80751.6,79794.9,79914.1,284299.3982
3511,2026-08-27 20:00:00,79914.2,80363.3,79856.4,80210.2,187422.7309
3512,2026-08-28 00:00:00,80217.5,81085.5,79773.8,79792.3,297317.8377
3513,2026-08-28 04:00:00,79792.4,79943.5,79559.7,79641.8,221200.134
3514,2026-08-28 08:00:00,79641.8,79796.9,79144.8,79563.2,201694.9883
3515,2026-08-28 12:00:00,79593.9,79628.9,78392.1,78392.1,342178.8111
3516,2026-08-28 16:00:00,78392.2,78695.0,77295.5,77542.0,315341.715
3517,2026-08-28 20:00:00,77542.4,77733.0,77296.9,77722.8,189848.9478
3518,2026-08-29 00:00:00,77733.0,77863.7,77493.3,77493.3,153863.1402
3519,2026-08-29 04:00:00,77493.6,77652.2,77377.7,77587.0,98738.8197
3520,2026-08-29 08:00:00,77587.0,77694.9,77469.4,77555.1,127574.7968
3521,2026-08-29 12:00:00,77555.0,77992.3,77512.1,77820.7,148398.0469
3522,2026-08-29 16:00:00,77820.7,78302.5,77817.6,78150.0,179977.2684
3523,2026-08-29 20:00:00,78149.9,78234.5,78029.5,78208.6,136378.0354
3524,2026-08-30 00:00:00,78208.6,78268.8,77990.9,78109.8,141471.2641
3525,2026-08-30 04:00:00,78121.4,78262.4,77982.5,78100.0,154248.6705
3526,2026-08-30 08:00:00,78100.1,78203.4,77935.9,78100.0,104487.8088
3527,2026-08-30 12:00:00,78100.0,78893.7,78095.7,78777.9,257543.7547
3528,2026-08-30 16:00:00,78777.9,79313.8,78759.6,78810.9,239176.7
3529,2026-08-30 20:00:00,78810.9,78876.7,77286.5,77634.6,307385.7727
3530,2026-08-31 00:00:00,77634.5,78069.5,77422.9,77746.9,262179.4428
3531,2026-08-31 04:00:00,77746.9,78341.9,77444.9,78172.3,267604.8079
3532,2026-08-31 08:00:00,78172.3,78738.5,77968.9,78330.6,251949.4829
3533,2026-08-31 12:00:00,78330.6,78623.5,77803.6,78543.0,303338.395
3534,2026-08-31 16:00:00,78543.0,79195.2,78520.6,78879.1,264645.6553
3535,2026-08-31 20:00:00,78879.2,79055.8,78410.4,78546.3,205192.9489
3536,2026-09-01 00:00:00,78544.7,78856.4,78212.3,78665.2,243809.3199
3537,2026-09-01 04:00:00,78665.2,79127.2,78521.8,78681.1,207243.2418
3538,2026-09-01 08:00:00,78518.5,78723.2,77809.0,78058.3,129007.1659
3539,2026-09-01 12:00:00,78262.4,78733.2,77755.0,77982.4,132697.697
3540,2026-09-01 16:00:00,78130.9,78758.4,76546.4,77277.6,181774.8329
3541,2026-09-01 20:00:00,77277.5,78010.0,76939.1,77413.0,84215.3086
3542,2026-09-02 00:00:00,77413.0,78010.0,76736.3,77487.2,163277.6129
3543,2026-09-02 04:00:00,77487.2,77685.5,77278.8,77478.5,222672.3513
3544,2026-09-02 08:00:00,77478.5,77485.0,76333.3,76714.2,287720.9961
3545,2026-09-02 12:00:00,76714.2,77398.6,76612.7,77246.1,275781.9459
3546,2026-09-02 16:00:00,77246.1,77494.1,76972.3,77233.3,235382.294
3547,2026-09-02 20:00:00,77233.2,77428.9,77019.4,77279.1,226222.3567
3548,2026-09-03 00:00:00,77279.1,77832.9,77006.3,77668.5,269750.8107
3549,2026-09-03 04:00:00,77668.6,78068.8,77138.3,77657.4,247952.0711
3550,2026-09-03 08:00:00,77648.1,77973.8,77455.0,77945.4,236857.6654
3551,2026-09-03 12:00:00,77940.7,81233.8,77859.5,81231.2,338936.5054
3552,2026-09-03 16:00:00,81231.2,81639.9,80713.5,81634.0,260815.7028
3553,2026-09-03 20:00:00,81634.0,81981.8,80900.6,81236.9,271096.7293
3554,2026-09-04 00:00:00,81236.9,81281.5,80660.0,80848.1,248798.6618
3555,2026-09-04 04:00:00,80848.2,81146.3,80673.8,80673.8,255503.8655
3556,2026-09-04 08:00:00,80673.8,81287.9,80638.0,81197.8,249437.548
3557,2026-09-04 12:00:00,81197.9,81279.6,78711.1,79378.3,348530.8208
3558,2026-09-04 16:00:00,79378.3,79780.2,79371.0,79754.6,208268.9505
3559,2026-09-04 20:00:00,79749.2,79775.9,79560.6,79616.1,96596.9797
3560,2026-09-05 00:00:00,79574.2,79674.1,79522.9,79553.2,89456.6223
3561,2026-09-05 04:00:00,79553.2,79721.7,79414.8,79686.0,96739.6723
3562,2026-09-05 08:00:00,79686.1,79721.7,79529.5,79601.0,98343.0176
3563,2026-09-05 12:00:00,79601.0,79722.7,79578.4,79695.1,77138.9587
3564,2026-09-05 16:00:00,79722.6,80078.7,79695.0,79719.9,179950.875
3565,2026-09-05 20:00:00,79719.9,79887.8,79690.0,79800.0,129970.2209
3566,2026-09-06 00:00:00,79797.7,79970.9,79763.1,79970.7,112354.8524
3567,2026-09-06 04:00:00,79970.7,79982.8,79685.4,79740.8,125868.8049
3568,2026-09-06 08:00:00,79740.8,79980.5,79740.6,79922.0,121065.3841
3569,2026-09-06 12:00:00,79922.0,79965.1,79472.0,79680.0,179255.0131
3570,2026-09-06 16:00:00,79680.1,79929.5,79571.1,79794.6,139038.1889
3571,2026-09-06 20:00:00,79794.6,81279.7,79655.0,80301.0,214365.9095
3572,2026-09-07 00:00:00,80304.3,80383.6,79572.5,79572.5,232011.1115
3573,2026-09-07 04:00:00,79572.5,79835.7,79109.6,79357.2,205910.6202
3574,2026-09-07 08:00:00,79358.5,79503.7,79260.5,79376.7,121516.4059
3575,2026-09-07 12:00:00,79376.7,79601.3,78709.0,78734.0,211300.2423
3576,2026-09-07 16:00:00,78775.8,79334.8,78734.0,79307.4,105405.1899
3577,2026-09-07 20:00:00,79307.4,79307.4,78785.9,79086.1,169353.0004
3578,2026-09-08 00:00:00,79086.1,79411.5,78771.4,78884.5,222354.8367
3579,2026-09-08 04:00:00,78884.5,78912.1,78239.3,78426.3,241146.2555
3580,2026-09-08 08:00:00,78426.3,78912.1,78287.2,78432.3,211751.0522
3581,2026-09-08 12:00:00,78434.4,78825.0,77676.7,78824.9,273482.459
3582,2026-09-08 16:00:00,78824.9,78825.1,78315.5,78343.6,257178.3966
3583,2026-09-08 20:00:00,78343.6,78574.9,78330.7,78437.0,155363.9033
3584,2026-09-09 00:00:00,78437.0,78881.5,78437.0,78606.8,185430.8301
3585,2026-09-09 04:00:00,78606.8,79259.9,78606.7,79219.5,216468.0139
3586,2026-09-09 08:00:00,79219.5,79663.5,78823.4,79273.2,262302.1962
3587,2026-09-09 12:00:00,79273.2,79595.6,78380.5,78580.1,332940.3945
3588,2026-09-09 16:00:00,78580.1,79036.0,78190.5,78191.0,236532.3838
3589,2026-09-09 20:00:00,78191.0,78295.1,77812.8,78261.7,245284.8231
3590,2026-09-10 00:00:00,78261.7,78411.9,77966.3,78311.4,231402.2898
3591,2026-09-10 04:00:00,78307.4,78478.5,77936.0,78094.5,200693.094
3592,2026-09-10 08:00:00,78094.5,78174.2,77765.9,77848.9,193199.5358
3593,2026-09-10 12:00:00,77851.4,77851.6,76760.0,77196.1,337677.4145
3594,2026-09-10 16:00:00,77196.1,77393.9,76872.5,77144.6,238961.4159
3595,2026-09-10 20:00:00,77140.9,77292.8,76624.3,76624.3,183581.1492
3596,2026-09-11 00:00:00,76624.3,76953.2,76607.0,76850.0,225374.1511
3597,2026-09-11 04:00:00,76845.4,77354.2,76839.2,77188.1,165752.7958
3598,2026-09-11 08:00:00,77188.1,77366.2,76755.0,76941.0,202880.2444
3599,2026-09-11 12:00:00,76941.0,79148.2,76857.4,77690.6,373742.0478
3600,2026-09-11 16:00:00,77690.6,78120.0,76976.2,77295.5,271042.0463
3601,2026-09-11 20:00:00,77295.5,77436.6,76976.7,77179.9,200056.1898
3602,2026-09-12 00:00:00,77179.9,77290.7,77152.9,77202.5,72561.0794
3603,2026-09-12 04:00:00,77195.6,77290.7,77194.2,77272.1,42860.7652
3604,2026-09-12 08:00:00,77272.1,77358.8,77264.6,77279.7,35449.0334
3605,2026-09-12 12:00:00,77279.7,77440.9,77264.6,77381.6,75489.0479
3606,2026-09-12 16:00:00,77381.6,77381.7,77042.3,77076.2,113428.8127
3607,2026-09-12 20:00:00,77076.2,77260.8,77072.8,77251.1,50500.4491
3608,2026-09-13 00:00:00,77251.1,77282.2,77178.0,77178.0,42275.0402
3609,2026-09-13 04:00:00,77178.0,77287.9,77078.7,77123.3,73084.3228
3610,2026-09-13 08:00:00,77123.3,77135.5,76579.2,76752.8,215661.8971
3611,2026-09-13 12:00:00,76752.8,77200.0,76598.2,77100.8,183402.9396
3612,2026-09-13 16:00:00,77100.8,77369.7,77083.1,77252.9,110395.0712
3613,2026-09-13 20:00:00,77252.9,77385.6,76608.4,76827.4,198301.2674
3614,2026-09-14 00:00:00,76827.4,77835.1,76538.0,77572.0,297520.5992
3615,2026-09-14 04:00:00,77572.0,77844.0,77415.6,77844.0,240880.2083
3616,2026-09-14 08:00:00,77839.3,78400.0,77649.1,77739.3,245475.5815
3617,2026-09-14 12:00:00,77727.8,78616.8,77606.6,78535.6,312318.2405
3618,2026-09-14 16:00:00,78535.6,79247.4,78405.7,79004.6,251450.4263
3619,2026-09-14 20:00:00,79004.6,79542.0,78130.3,78137.1,268222.7607
3620,2026-09-15 00:00:00,78135.0,78192.1,77647.0,77647.0,186846.3051
3621,2026-09-15 04:00:00,77651.2,77702.3,76860.2,76884.4,256247.057
3622,2026-09-15 08:00:00,76884.4,77145.8,76695.9,76899.9,223052.9981
3623,2026-09-15 12:00:00,76908.0,77014.5,75691.7,76538.0,311348.347
3624,2026-09-15 16:00:00,76538.1,77039.4,75369.6,76000.0,325000.6235
3625,2026-09-15 20:00:00,75999.9,76197.0,75187.6,75610.2,264995.7359
3626,2026-09-16 00:00:00,75610.3,76026.6,75440.0,75775.2,277105.2604
3627,2026-09-16 04:00:00,75775.2,75993.7,75675.7,75772.5,256552.0509
3628,2026-09-16 08:00:00,75772.5,76240.6,75345.6,76222.5,223376.7153
3629,2026-09-16 12:00:00,76210.6,76256.0,75452.6,75779.7,286484.0479
3630,2026-09-16 16:00:00,75779.8,76165.1,75332.0,76011.4,343307.6516
3631,2026-09-16 20:00:00,76010.9,76323.0,75626.0,76174.5,243245.4547
3632,2026-09-17 00:00:00,76170.7,76623.9,76080.1,76401.9,243700.9669
