,date,open,high,low,close,volume
0,2025-01-19 16:00:00,102795.2,109908.4,96163.3,96889.4,1596.028
1,2025-01-20 00:00:00,96889.4,108339.9,96666.0,105500.0,1035.405
2,2025-01-20 08:00:00,104880.1,109688.0,100532.2,106002.7,2994.549
3,2025-01-20 16:00:00,106160.0,107343.0,100000.0,102695.2,1234.453
4,2025-01-21 00:00:00,102715.4,103342.5,97250.0,101500.0,655.122
5,2025-01-21 08:00:00,101500.0,104000.0,97200.0,102999.8,1381.961
6,2025-01-21 16:00:00,102999.8,104000.0,100000.0,103037.7,893.473
7,2025-01-22 00:00:00,103040.9,103999.8,102650.0,103858.7,757.493
8,2025-01-22 08:00:00,103858.7,103999.8,96885.9,103086.5,1321.109
9,2025-01-22 16:00:00,103199.9,103200.0,97000.0,100499.9,1305.227
10,2025-01-23 00:00:00,100050.4,103190.0,99028.8,101000.0,787.058
11,2025-01-23 08:00:00,101000.0,104000.0,98400.0,102330.0,3419.698
12,2025-01-23 16:00:00,102330.1,107839.1,100999.9,103433.4,1569.834
13,2025-01-24 00:00:00,103000.1,104990.0,101900.0,103440.0,974.673
14,2025-01-24 08:00:00,103326.0,107859.9,101900.0,105200.8,1405.673
15,2025-01-24 16:00:00,105200.8,107721.7,103000.1,104500.0,1122.28
16,2025-01-25 00:00:00,104376.1,107721.7,103000.5,106012.6,750.267
17,2025-01-25 08:00:00,106248.8,107490.0,101310.3,104072.6,1334.624
18,2025-01-25 16:00:00,104500.0,105932.0,101500.0,102830.8,927.395
19,2025-01-26 00:00:00,102830.8,106458.9,101382.4,103551.3,718.495
20,2025-01-26 08:00:00,103334.2,106370.0,101882.5,104600.1,1287.702
21,2025-01-26 16:00:00,104600.1,106200.0,102540.0,105469.1,966.736
22,2025-01-27 00:00:00,105571.6,106000.0,98500.0,98899.6,1564.311
23,2025-01-27 08:00:00,98849.3,100500.0,98700.0,100000.0,1382.489
24,2025-01-27 16:00:00,100499.9,104500.0,99000.1,101499.9,1326.361
25,2025-01-28 00:00:00,101242.2,103903.0,99500.5,101922.1,1300.174
26,2025-01-28 08:00:00,101738.5,104399.9,99600.0,103369.6,1106.271
27,2025-01-28 16:00:00,103369.6,104380.0,100064.3,101324.3,1220.191
28,2025-01-29 00:00:00,101324.3,104370.0,100910.0,102698.8,548.703
29,2025-01-29 08:00:00,102676.7,103950.0,99000.1,103010.0,1166.838
30,2025-01-29 16:00:00,102588.1,104400.0,100000.3,103657.4,1253.885
31,2025-01-30 00:00:00,103668.8,107000.0,100083.9,105005.1,1571.144
32,2025-01-30 08:00:00,104400.0,106820.6,102350.0,106472.8,1186.816
33,2025-01-30 16:00:00,106472.8,106799.9,101000.1,103800.0,1436.217
34,2025-01-31 00:00:00,103750.1,106099.5,102222.4,105509.0,679.912
35,2025-01-31 08:00:00,105530.2,106350.0,103286.4,105141.3,785.692
36,2025-01-31 16:00:00,105499.8,106000.0,102222.0,103991.9,1066.365
37,2025-02-01 00:00:00,103991.9,103995.1,102319.1,103995.0,479.573
38,2025-02-01 08:00:00,103976.4,103997.7,102335.5,103400.0,926.064
39,2025-02-01 16:00:00,103898.9,103997.7,100500.2,101933.0,2232.694
40,2025-02-02 00:00:00,102000.0,102900.0,99520.1,101606.6,896.599
41,2025-02-02 08:00:00,101683.4,103200.0,98710.2,100916.2,1871.464
42,2025-02-02 16:00:00,100936.4,102947.0,98040.1,99139.8,1894.883
43,2025-02-03 00:00:00,99139.8,101800.0,92040.5,98850.0,3380.756
44,2025-02-03 08:00:00,98849.9,107721.6,95500.1,102389.8,1459.683
45,2025-02-03 16:00:00,102389.8,107721.0,92500.1,101379.0,1772.993
46,2025-02-04 00:00:00,101595.4,102211.1,98170.1,100970.0,1407.779
47,2025-02-04 08:00:00,100940.4,102222.0,98210.1,99820.1,1435.527
48,2025-02-04 16:00:00,100663.6,106999.9,99556.0,100978.7,1374.978
49,2025-02-05 00:00:00,101059.9,102651.3,99000.2,101331.5,716.626
50,2025-02-05 08:00:00,101159.5,104600.0,99000.9,101660.6,1103.43
51,2025-02-05 16:00:00,101500.0,104301.9,98000.1,100499.8,1586.383
52,2025-02-06 00:00:00,100499.8,102290.0,98127.1,102166.4,618.718
53,2025-02-06 08:00:00,102166.4,104500.0,96705.3,99106.7,1472.801
54,2025-02-06 16:00:00,99106.7,102571.2,95500.2,98200.0,1556.116
55,2025-02-07 00:00:00,98231.5,100000.0,97551.7,99399.8,780.785
56,2025-02-07 08:00:00,99399.9,100637.8,97600.0,100100.0,1153.803
57,2025-02-07 16:00:00,100238.7,101579.0,95500.0,97515.1,1591.495
58,2025-02-08 00:00:00,97022.5,99900.0,95000.0,99214.1,855.99
59,2025-02-08 08:00:00,99289.6,99998.9,97700.1,99076.4,1174.843
60,2025-02-08 16:00:00,99076.4,99507.1,97258.1,99389.9,1258.181
61,2025-02-09 00:00:00,99389.9,99499.0,98002.3,99412.7,677.662
62,2025-02-09 08:00:00,99498.9,99499.9,97258.0,98328.5,1264.124
63,2025-02-09 16:00:00,98414.2,99390.0,98158.7,99158.2,1506.939
64,2025-02-10 00:00:00,99158.2,99499.9,98164.5,99450.4,556.619
65,2025-02-10 08:00:00,99387.7,119252.0,92030.0,102325.7,6963.433
66,2025-02-10 16:00:00,102110.4,105000.0,97900.1,102312.0,1098.269
67,2025-02-11 00:00:00,102080.0,102995.0,97900.0,101796.0,906.774
68,2025-02-11 08:00:00,101796.0,102465.0,97900.0,99420.6,1129.863
69,2025-02-11 16:00:00,99222.2,101300.0,97900.0,99000.0,930.204
70,2025-02-12 00:00:00,99000.0,100199.8,96400.1,99000.0,994.72
71,2025-02-12 08:00:00,99009.7,101000.0,96666.6,98992.5,1231.259
72,2025-02-12 16:00:00,98913.3,100394.0,97000.0,99829.6,1179.026
73,2025-02-13 00:00:00,99619.0,101000.0,97200.2,100113.5,965.116
74,2025-02-13 08:00:00,100113.5,100999.9,96443.8,97500.0,1529.572
75,2025-02-13 16:00:00,97700.0,100900.0,97000.4,98493.7,1487.308
76,2025-02-14 00:00:00,98493.7,100400.1,97493.8,99288.9,582.838
77,2025-02-14 08:00:00,99288.9,99488.7,97599.9,99104.1,1000.175
78,2025-02-14 16:00:00,99104.1,99488.7,96443.8,97441.6,1227.402
79,2025-02-15 00:00:00,97441.6,98336.0,96499.9,97174.4,553.872
80,2025-02-15 08:00:00,97174.4,99037.0,97000.1,98666.0,990.365
81,2025-02-15 16:00:00,98756.0,99100.0,96443.9,98163.5,990.353
82,2025-02-16 00:00:00,98361.0,99000.0,96500.0,99000.0,726.303
83,2025-02-16 08:00:00,98442.0,99000.0,96599.9,98200.0,1410.931
84,2025-02-16 16:00:00,98222.5,98499.9,97270.0,98230.3,1018.274
85,2025-02-17 00:00:00,98230.3,98659.9,96443.8,97344.3,1410.503
86,2025-02-17 08:00:00,97344.3,98600.1,96443.8,97250.0,1089.236
87,2025-02-17 16:00:00,97396.7,98100.1,96443.8,96873.4,930.479
88,2025-02-18 00:00:00,97000.0,97250.0,92035.0,96123.1,2825.635
89,2025-02-18 08:00:00,96418.7,97306.4,92088.0,95808.0,2297.027
90,2025-02-18 16:00:00,95708.6,96400.0,93543.8,96288.0,1587.749
91,2025-02-19 00:00:00,96224.0,96480.0,95435.9,96377.1,750.93
92,2025-02-19 08:00:00,96377.1,98300.0,95900.0,96960.0,1816.846
93,2025-02-19 16:00:00,96842.0,98196.4,94938.4,96447.2,1994.073
94,2025-02-20 00:00:00,96447.2,98289.1,95434.1,97080.0,1478.54
95,2025-02-20 08:00:00,97099.5,99100.0,95583.9,96003.3,2194.982
96,2025-02-20 16:00:00,96003.3,99299.6,95583.8,98339.0,1890.959
97,2025-02-21 00:00:00,98339.0,98534.4,97217.2,98119.3,759.406
98,2025-02-21 08:00:00,98120.1,102000.0,97166.8,99175.2,2458.921
99,2025-02-21 16:00:00,99176.1,102222.0,95600.0,97887.5,3170.73
100,2025-02-22 00:00:00,97769.9,98150.0,96500.0,96585.9,1045.942
101,2025-02-22 08:00:00,96585.9,98300.0,96500.0,96800.0,1413.671
102,2025-02-22 16:00:00,96804.5,98000.0,96500.0,97890.0,1187.242
103,2025-02-23 00:00:00,97888.3,97892.8,96680.0,97205.2,687.875
104,2025-02-23 08:00:00,97105.5,98000.0,96680.0,97573.9,1073.973
105,2025-02-23 16:00:00,97515.1,97887.0,95583.9,97209.6,1305.737
106,2025-02-24 00:00:00,97144.5,97509.9,95900.1,97102.8,678.823
107,2025-02-24 08:00:00,97102.8,97524.0,95601.2,96513.8,3066.923
108,2025-02-24 16:00:00,96514.5,96819.2,91608.0,94717.0,3862.653
109,2025-02-25 00:00:00,94638.5,95261.4,90652.9,93400.0,3053.25
110,2025-02-25 08:00:00,93400.0,95000.0,86300.0,89918.0,8766.487
111,2025-02-25 16:00:00,89900.0,91985.0,89000.1,89864.2,1697.01
112,2025-02-26 00:00:00,89640.9,91700.0,89000.0,91118.1,1401.206
113,2025-02-26 08:00:00,91182.0,91400.0,89500.1,89603.2,2264.35
114,2025-02-26 16:00:00,89603.2,91000.0,86300.0,87000.4,3538.256
115,2025-02-27 00:00:00,87100.0,89630.0,86900.0,89630.0,1673.051
116,2025-02-27 08:00:00,89181.7,89664.5,88000.0,88714.0,1771.102
117,2025-02-27 16:00:00,88714.0,89999.8,88000.2,88536.0,1006.625
118,2025-02-28 00:00:00,88491.2,89699.9,82000.0,82010.0,13260.167
119,2025-02-28 08:00:00,82006.0,83993.6,79561.8,83952.4,1487018.75
120,2025-02-28 16:00:00,83849.0,84193.5,83550.1,84057.2,6233485.418
121,2025-03-01 00:00:00,84057.2,84194.6,84057.1,84092.6,7701.942
122,2025-03-01 08:00:00,84092.6,84195.1,84055.9,84195.1,4414.814
123,2025-03-01 16:00:00,84194.3,84195.2,84055.9,84184.1,1755.838
124,2025-03-02 00:00:00,84191.8,84195.4,84055.9,84101.1,2136.953
125,2025-03-02 08:00:00,84101.3,84195.5,84092.0,84195.4,2880.005
126,2025-03-02 16:00:00,84195.4,84195.7,84092.0,84156.3,3358.036
127,2025-03-03 00:00:00,84168.5,84196.6,84055.9,84181.4,7694.592
128,2025-03-03 08:00:00,84178.5,122080.3,79413.6,90070.0,9119254.487
129,2025-03-03 16:00:00,90000.0,91024.1,84875.9,85800.0,2404546.374
130,2025-03-04 00:00:00,85800.0,86732.3,82520.7,82759.4,2422359.029
131,2025-03-04 08:00:00,82759.4,84772.6,81457.3,82850.0,2391010.861
132,2025-03-04 16:00:00,82580.7,88890.9,81905.2,86843.9,2415972.252
133,2025-03-05 00:00:00,87348.0,87931.8,86069.5,87228.7,2405569.813
134,2025-03-05 08:00:00,87252.3,90868.7,87199.9,88440.2,2397832.353
135,2025-03-05 16:00:00,88408.7,120000.0,59180.2,90719.8,10157758.589
136,2025-03-06 00:00:00,90719.8,114701.0,64911.0,89641.0,1559693.969
137,2025-03-06 08:00:00,89732.1,111110.0,78000.0,97479.5,315616.713
138,2025-03-06 16:00:00,97059.5,105000.0,83000.7,87056.7,246899.693
139,2025-03-07 00:00:00,86939.6,104459.9,85506.0,95959.8,199979.031
140,2025-03-07 08:00:00,96151.9,98849.9,85505.0,88425.8,1134829.234
141,2025-03-07 16:00:00,88425.8,88557.6,85770.2,86478.1,3894758.178
142,2025-03-08 00:00:00,86361.2,86691.1,85578.3,86283.8,2869009.415
143,2025-03-08 08:00:00,86283.8,86479.5,85616.9,86300.9,2741439.615
144,2025-03-08 16:00:00,86300.9,86485.3,85578.8,85885.6,2705749.421
145,2025-03-09 00:00:00,86000.0,86443.5,85569.4,86049.0,2661512.766
146,2025-03-09 08:00:00,85963.8,86064.7,83002.5,83148.5,3125735.97
147,2025-03-09 16:00:00,83148.5,83250.1,80283.6,80376.3,3625363.353
148,2025-03-10 00:00:00,80608.1,82585.6,80273.8,81927.4,3209372.6
149,2025-03-10 08:00:00,82202.3,85000.0,79434.7,80099.6,2922029.092
150,2025-03-10 16:00:00,80099.6,80144.4,77506.4,78878.8,3572277.552
151,2025-03-11 00:00:00,78878.8,80409.2,76771.6,80409.2,3411303.75
152,2025-03-11 08:00:00,80191.5,81673.0,79450.2,81081.6,3483740.6
153,2025-03-11 16:00:00,81162.2,83203.1,80765.1,82508.6,3285788.566
154,2025-03-12 00:00:00,82816.4,83248.3,81241.4,81969.4,3004925.398
155,2025-03-12 08:00:00,81969.4,83842.7,80772.7,81611.1,3403515.92
156,2025-03-12 16:00:00,81460.0,83615.0,81455.6,83425.1,2763649.715
157,2025-03-13 00:00:00,83615.0,83996.8,82755.9,83234.8,2745452.354
158,2025-03-13 08:00:00,83042.6,83386.5,82422.4,82828.7,1671730.345
159,2025-03-13 16:00:00,82831.3,82855.2,82773.9,82852.6,11987.724
160,2025-03-14 00:00:00,82825.9,82955.2,81451.5,82210.3,1633609.219
161,2025-03-14 08:00:00,82210.3,99108.8,80668.0,84749.6,4384400.25
162,2025-03-14 16:00:00,84752.7,84885.7,83793.7,84010.0,4175998.242
163,2025-03-15 00:00:00,83985.2,84686.8,83856.4,83873.4,3646508.778
164,2025-03-15 08:00:00,83873.4,84483.3,83706.9,84388.6,3530049.877
165,2025-03-15 16:00:00,84388.6,84500.1,84123.3,84406.2,3437469.739
166,2025-03-16 00:00:00,84319.7,84451.3,83774.7,84225.6,3546721.614
167,2025-03-16 08:00:00,84225.6,84351.0,82413.1,83350.5,4027201.587
168,2025-03-16 16:00:00,83350.5,84419.6,82067.7,82567.5,4229823.374
169,2025-03-17 00:00:00,82605.6,83823.2,82522.0,83504.8,3925801.895
170,2025-03-17 08:00:00,83574.7,83765.7,82630.8,83573.5,4161628.826
171,2025-03-17 16:00:00,83546.1,84629.2,83189.0,84029.5,3955918.539
172,2025-03-18 00:00:00,84078.2,84093.1,82364.8,83178.8,3341735.742
173,2025-03-18 08:00:00,83158.7,83357.9,81241.7,81582.6,2393435.924
174,2025-03-18 16:00:00,81582.6,82780.1,81351.9,82682.0,2497115.881
175,2025-03-19 00:00:00,82733.8,83327.9,82625.2,83201.8,2255053.707
176,2025-03-19 08:00:00,83197.1,84804.5,83131.5,84803.2,2875971.707
177,2025-03-19 16:00:00,84803.2,86904.1,83941.2,86857.0,3241898.31
178,2025-03-20 00:00:00,86802.4,87319.9,85474.4,85894.9,2844446.129
179,2025-03-20 08:00:00,85826.1,86407.9,84681.7,84681.7,3009791.252
180,2025-03-20 16:00:00,84696.7,84824.3,83734.1,84194.0,2968587.107
181,2025-03-21 00:00:00,84194.0,84811.8,83819.7,83977.8,2735562.026
182,2025-03-21 08:00:00,83899.0,84305.7,83294.3,83609.2,3570756.136
183,2025-03-21 16:00:00,83609.2,84483.2,83496.5,84031.6,3655192.876
184,2025-03-22 00:00:00,84102.6,84442.9,83989.9,84256.1,3416365.744
185,2025-03-22 08:00:00,84256.1,84506.5,83957.2,84056.3,3355971.802
186,2025-03-22 16:00:00,84105.9,84322.0,83727.4,83790.1,3406872.491
187,2025-03-23 00:00:00,83806.8,84359.6,83759.4,84311.5,3368295.964
188,2025-03-23 08:00:00,84271.2,85224.0,84225.3,85104.6,3544470.576
189,2025-03-23 16:00:00,85165.3,85890.3,84827.8,85694.1,3633304.297
190,2025-03-24 00:00:00,85694.1,87196.4,85568.3,86946.4,3416447.573
191,2025-03-24 08:00:00,86864.0,88681.5,86861.2,88278.5,3989187.867
192,2025-03-24 16:00:00,88278.5,88527.9,87137.6,87323.9,4100280.152
193,2025-03-25 00:00:00,87369.4,87669.5,86367.7,86429.5,3734277.091
194,2025-03-25 08:00:00,86461.6,88140.6,86392.3,87818.8,3932888.789
195,2025-03-25 16:00:00,87818.3,88462.7,87196.5,87386.9,3956918.798
196,2025-03-26 00:00:00,87390.6,88266.3,87056.1,88166.9,3715432.326
197,2025-03-26 08:00:00,88137.5,88266.0,86512.7,86759.2,3741173.3
198,2025-03-26 16:00:00,86759.2,87353.8,85940.9,86941.6,4002111.827
199,2025-03-27 00:00:00,86941.6,87717.2,86797.7,87424.2,3579564.187
200,2025-03-27 08:00:00,87424.2,114990.0,85994.1,86982.8,5086551.854
201,2025-03-27 16:00:00,86982.8,87684.7,86851.1,87213.1,3710038.102
202,2025-03-28 00:00:00,87287.8,87502.9,85195.8,85195.8,4145182.135
203,2025-03-28 08:00:00,85219.9,97010.0,58995.3,84145.3,3265912.582
204,2025-03-28 16:00:00,84145.3,84497.3,83679.0,84397.7,3756994.982
205,2025-03-29 00:00:00,84429.1,84619.3,83683.4,83710.4,3669014.217
206,2025-03-29 08:00:00,83746.0,83978.7,82068.9,82398.6,3882012.582
207,2025-03-29 16:00:00,82398.6,82741.8,81768.2,82646.2,3885659.075
208,2025-03-30 00:00:00,82646.2,83482.5,82533.7,83064.1,3681961.215
209,2025-03-30 08:00:00,83064.1,83587.6,82646.3,82764.5,3670851.755
210,2025-03-30 16:00:00,82786.7,89999.9,81743.1,82369.8,3986956.669
211,2025-03-31 00:00:00,82307.2,91993.2,81361.5,81866.4,4151383.122
212,2025-03-31 08:00:00,81899.7,107999.0,57452.9,83522.1,2907675.649
213,2025-03-31 16:00:00,83522.1,94990.0,82278.7,82569.3,4297878.883
214,2025-04-01 00:00:00,82532.4,83452.9,82485.4,83423.6,3673733.235
215,2025-04-01 08:00:00,83427.8,94990.0,81000.0,85317.0,176129.02
216,2025-04-01 16:00:00,85317.0,100000.0,84683.6,85124.8,36759.087
217,2025-04-02 00:00:00,85124.2,85256.0,84020.3,84389.7,497938.474
218,2025-04-02 08:00:00,84389.7,86800.0,83136.8,86660.1,52259.004
219,2025-04-02 16:00:00,86660.1,92000.0,81284.8,82492.1,38442.76
220,2025-04-03 00:00:00,82492.0,84094.0,81612.1,83500.0,19699.127
221,2025-04-03 08:00:00,83504.0,84685.6,81290.6,82039.9,42875.486
222,2025-04-03 16:00:00,82039.9,90861.4,81534.5,83137.0,27199.443
223,2025-04-04 00:00:00,83134.1,84234.9,80000.0,83960.1,36994.835
224,2025-04-04 08:00:00,83960.5,90861.4,81106.9,82866.9,88946.414
225,2025-04-04 16:00:00,82866.9,90861.4,82730.0,83846.3,24693.734
226,2025-04-05 00:00:00,83846.3,90910.0,83294.4,83487.2,11344.002
227,2025-04-05 08:00:00,83487.2,85120.8,80952.0,82582.1,42863.424
228,2025-04-05 16:00:00,82582.2,84369.9,82570.3,83519.5,9939.662
229,2025-04-06 00:00:00,83519.5,83717.9,82906.9,83000.1,7341.94
230,2025-04-06 08:00:00,83000.1,84477.5,81051.9,82512.6,35676.818
231,2025-04-06 16:00:00,82513.2,86687.7,76937.8,78369.4,157567.272
232,2025-04-07 00:00:00,78369.4,80051.4,73473.5,75095.6,111477.387
233,2025-04-07 08:00:00,75095.6,81512.7,74072.7,78496.0,99232.744
234,2025-04-07 16:00:00,78496.2,85929.5,77321.7,79147.9,62364.29
235,2025-04-08 00:00:00,79149.5,81333.1,78862.2,79455.8,21699.657
236,2025-04-08 08:00:00,79455.8,81500.0,78171.3,78452.6,97560.595
237,2025-04-08 16:00:00,78452.6,79300.0,76246.0,76295.1,62185.289
238,2025-04-09 00:00:00,76296.0,78700.0,74634.2,77666.0,61527.211
239,2025-04-09 08:00:00,77666.0,79208.1,72000.0,77273.8,123995.453
240,2025-04-09 16:00:00,77273.8,83500.0,77147.4,82580.1,111456.076
241,2025-04-10 00:00:00,82580.1,82998.3,81297.5,81550.2,34474.287
242,2025-04-10 08:00:00,81549.6,82872.4,77866.0,78713.4,105392.097
243,2025-04-10 16:00:00,78712.0,80866.8,78495.0,79837.8,62469.851
244,2025-04-11 00:00:00,79837.8,82550.1,79819.1,81225.3,38604.724
245,2025-04-11 08:00:00,81225.2,83226.0,80698.0,82482.1,91687.756
246,2025-04-11 16:00:00,82481.0,84500.0,82011.4,83255.5,49554.778
247,2025-04-12 00:00:00,83256.3,83725.6,82457.0,83680.1,12972.586
248,2025-04-12 08:00:00,83680.1,85363.8,83279.9,84948.1,76182.088
249,2025-04-12 16:00:00,84942.9,85488.0,84400.1,85255.1,10765.25
250,2025-04-13 00:00:00,85255.3,85898.7,84189.9,84391.3,80392.849
251,2025-04-13 08:00:00,84391.4,85058.6,83256.9,83815.0,25004.066
252,2025-04-13 16:00:00,83815.0,84920.1,83050.0,83696.4,18575.127
253,2025-04-14 00:00:00,83693.5,85447.0,83680.3,84532.3,22111.179
254,2025-04-14 08:00:00,84534.2,85921.4,83754.5,84080.0,24922.025
255,2025-04-14 16:00:00,84080.0,85199.9,83847.5,84544.6,17896.496
256,2025-04-15 00:00:00,84544.5,85868.7,84350.1,85658.0,13909.383
257,2025-04-15 08:00:00,85658.0,86566.9,84537.8,84868.4,51276.013
258,2025-04-15 16:00:00,84868.4,85189.0,80970.2,83617.4,164078.342
259,2025-04-16 00:00:00,83617.7,95940.4,74747.9,83446.4,616904.162
260,2025-04-16 08:00:00,83140.8,93220.0,68000.0,84780.7,75943.515
261,2025-04-16 16:00:00,84780.7,85406.2,83285.9,83988.2,21465.762
262,2025-04-17 00:00:00,83990.0,84986.6,83783.8,84651.0,5991.178
263,2025-04-17 08:00:00,84651.5,85049.9,83726.6,84462.3,22081.07
264,2025-04-17 16:00:00,84462.4,85399.9,84374.6,84905.7,33603.951
265,2025-04-18 00:00:00,84905.7,85036.8,84400.0,84613.8,31757.137
266,2025-04-18 08:00:00,84609.8,84860.2,84000.0,84338.0,12153.314
267,2025-04-18 16:00:00,84338.0,84745.9,84327.0,84427.5,8945.192
268,2025-04-19 00:00:00,84442.6,85500.1,84327.1,85179.0,49835.402
269,2025-04-19 08:00:00,85174.6,85619.9,84920.6,85209.0,32355.316
270,2025-04-19 16:00:00,85200.0,87828.0,84772.2,85031.7,18397.719
271,2025-04-20 00:00:00,85031.7,85358.7,84644.5,84736.7,5010.029
272,2025-04-20 08:00:00,84736.6,84922.8,83333.3,84313.6,23643.149
273,2025-04-20 16:00:00,84304.5,85289.5,84294.6,85141.3,5818.545
274,2025-04-21 00:00:00,85141.3,87777.0,84931.5,87500.0,25308.472
275,2025-04-21 08:00:00,87500.0,89999.0,77705.3,87982.6,58315.76
276,2025-04-21 16:00:00,87982.6,88340.0,86372.3,87472.9,21378.835
277,2025-04-22 00:00:00,87472.9,88795.7,87059.0,88437.7,14507.895
278,2025-04-22 08:00:00,88437.1,91498.1,88276.4,90821.0,59254.76
279,2025-04-22 16:00:00,90821.0,94092.2,90539.8,93382.5,36619.636
280,2025-04-23 00:00:00,93382.5,94097.1,92200.0,94089.4,36410.454
281,2025-04-23 08:00:00,94091.9,96000.0,91944.1,93173.0,30811.932
282,2025-04-23 16:00:00,93170.0,94211.1,92879.6,93644.9,20786.326
283,2025-04-24 00:00:00,93643.9,93726.7,92021.1,92167.6,8427.271
284,2025-04-24 08:00:00,92166.7,138189.8,46499.4,93152.4,273804.194
285,2025-04-24 16:00:00,93152.4,95000.0,92646.0,93930.0,21613.982
286,2025-04-25 00:00:00,93930.0,94366.2,92926.0,93725.9,23481.109
287,2025-04-25 08:00:00,93725.9,95646.1,93384.9,95011.6,27732.915
288,2025-04-25 16:00:00,95010.4,95600.0,94335.5,94724.3,12835.735
289,2025-04-26 00:00:00,94733.0,95318.8,94402.7,94588.7,13665.446
290,2025-04-26 08:00:00,94592.6,94711.6,93840.0,94338.0,13495.101
291,2025-04-26 16:00:00,94339.6,95600.0,94040.5,94622.6,14894.415
292,2025-04-27 00:00:00,94622.6,95283.1,93637.8,94027.7,7456.068
293,2025-04-27 08:00:00,94027.6,94358.6,93600.6,93863.5,5112.761
294,2025-04-27 16:00:00,93863.5,94630.1,93625.3,93742.8,21484.911
295,2025-04-28 00:00:00,93742.8,94770.9,93259.9,94643.6,13804.069
296,2025-04-28 08:00:00,94641.6,95500.0,93580.0,93754.8,25798.357
297,2025-04-28 16:00:00,93754.8,95200.0,93333.0,94953.7,13159.648
298,2025-04-29 00:00:00,94953.7,95395.3,94137.8,94877.9,7814.925
299,2025-04-29 08:00:00,94878.0,95600.0,94521.8,94789.9,36709.616
300,2025-04-29 16:00:00,94790.7,95530.0,93311.1,94209.1,13899.054
301,2025-04-30 00:00:00,94209.2,95101.6,94150.8,94567.3,6228.26
302,2025-04-30 08:00:00,94567.3,95480.0,93000.0,93968.0,43458.499
303,2025-04-30 16:00:00,93970.0,94720.4,93519.0,94150.0,27834.915
304,2025-05-01 00:00:00,94150.0,95317.6,94051.3,94990.6,10155.489
305,2025-05-01 08:00:00,94993.1,97517.3,94750.0,96796.0,43072.543
306,2025-05-01 16:00:00,96794.0,97474.8,94444.1,96432.0,16805.779
307,2025-05-02 00:00:00,96432.0,97520.0,94000.0,96329.0,28978.494
308,2025-05-02 08:00:00,96329.0,97800.0,96314.4,97286.2,18884.204
309,2025-05-02 16:00:00,97286.2,97800.0,96403.8,96831.2,5757.809
310,2025-05-03 00:00:00,96831.1,96929.2,96083.1,96286.3,7597.627
311,2025-05-03 08:00:00,96286.3,96569.8,95784.2,96358.7,9432.479
312,2025-05-03 16:00:00,96365.1,96478.7,95599.4,95840.3,19388.374
313,2025-05-04 00:00:00,95840.3,96258.8,95600.0,95827.6,8827.076
314,2025-05-04 08:00:00,95827.6,95856.0,95112.5,95418.4,6654.505
315,2025-05-04 16:00:00,95418.4,96500.0,93612.1,94315.1,93404.805
316,2025-05-05 00:00:00,94315.1,98100.0,93530.8,94694.2,44559.646
317,2025-05-05 08:00:00,94694.2,94700.0,93579.5,93710.4,12993.959
318,2025-05-05 16:00:00,93726.0,95202.8,93719.7,94689.5,13503.391
319,2025-05-06 00:00:00,94689.4,94885.0,93952.2,94362.4,5283.81
320,2025-05-06 08:00:00,94362.6,95100.0,93292.4,94499.9,20200.923
321,2025-05-06 16:00:00,94499.9,96970.0,94198.4,96794.5,26012.636
322,2025-05-07 00:00:00,96794.5,97586.6,96220.0,96952.7,14475.667
323,2025-05-07 08:00:00,96952.5,97461.4,96622.0,96912.7,19594.325
324,2025-05-07 16:00:00,96912.7,97346.6,95820.0,96983.5,11543.45
325,2025-05-08 00:00:00,96988.4,99339.4,96846.3,99212.0,38809.112
326,2025-05-08 08:00:00,99212.0,101429.1,99036.8,100731.8,55666.232
327,2025-05-08 16:00:00,100738.4,103790.0,100552.0,103168.2,45954.823
328,2025-05-09 00:00:00,103168.2,104200.0,102343.8,103657.0,15431.484
329,2025-05-09 08:00:00,103657.0,104200.0,102423.1,102842.8,34299.231
330,2025-05-09 16:00:00,102839.7,103454.2,102350.0,102941.8,7915.222
331,2025-05-10 00:00:00,102941.9,104149.1,102805.4,103711.0,9770.211
332,2025-05-10 08:00:00,103710.9,104007.9,103000.0,103102.1,7319.445
333,2025-05-10 16:00:00,103102.4,104900.0,103000.0,104775.1,14861.585
334,2025-05-11 00:00:00,104775.1,104900.0,103201.9,103336.2,9164.274
335,2025-05-11 08:00:00,103335.2,104900.0,103335.2,104065.7,21268.395
336,2025-05-11 16:00:00,104083.0,104970.0,103527.5,104093.3,16591.978
337,2025-05-12 00:00:00,104093.3,109000.0,98820.0,104424.3,41186.378
338,2025-05-12 08:00:00,104424.3,108999.9,102384.3,102478.9,23960.528
339,2025-05-12 16:00:00,102478.9,103200.0,100816.6,102866.1,18972.157
340,2025-05-13 00:00:00,102884.4,103043.1,101500.0,102607.9,18405.451
341,2025-05-13 08:00:00,102607.9,105450.0,102408.3,103650.0,14263.412
342,2025-05-13 16:00:00,103650.0,104932.6,103487.2,104092.5,13868.853
343,2025-05-14 00:00:00,104092.5,104143.5,103308.6,103658.5,8882.874
344,2025-05-14 08:00:00,103656.6,104269.8,102824.7,103450.2,17625.181
345,2025-05-14 16:00:00,103450.0,103713.8,102593.0,103482.8,7698.075
346,2025-05-15 00:00:00,103458.1,111111.0,101577.3,101734.0,20005.26
347,2025-05-15 08:00:00,101727.9,104520.0,101309.8,103210.8,21535.871
348,2025-05-15 16:00:00,103210.8,104228.4,102528.8,103706.1,8597.714
349,2025-05-16 00:00:00,103725.9,104596.1,2593.71,103646.6,24253.053
350,2025-05-16 08:00:00,103646.6,104279.9,103093.9,104100.0,7555.865
351,2025-05-16 16:00:00,104100.0,104595.8,103271.8,103424.2,5403.701
352,2025-05-17 00:00:00,103424.2,103771.7,102500.0,103490.0,13771.407
353,2025-05-17 08:00:00,103492.1,103647.8,102548.6,102900.1,17066.068
354,2025-05-17 16:00:00,102900.0,103643.4,102619.9,103055.5,5759.027
355,2025-05-18 00:00:00,103079.5,103934.6,103006.7,103883.9,2249.341
356,2025-05-18 08:00:00,103883.9,105620.0,103218.1,105470.0,12914.169
357,2025-05-18 16:00:00,105470.0,106612.2,103384.8,106455.9,29201.686
358,2025-05-19 00:00:00,106456.0,107115.9,102100.0,103198.8,23740.435
359,2025-05-19 08:00:00,103198.8,109999.0,102103.8,104753.9,15579.122
360,2025-05-19 16:00:00,104746.7,105800.0,104072.4,105532.9,21261.883
361,2025-05-20 00:00:00,105534.0,106976.6,104973.7,104988.4,22424.559
362,2025-05-20 08:00:00,104988.4,105571.7,104111.6,105291.9,14104.025
363,2025-05-20 16:00:00,105291.9,107327.7,105062.9,106775.1,13082.86
364,2025-05-21 00:00:00,106775.7,107949.0,105809.9,106400.0,30728.809
365,2025-05-21 08:00:00,106399.9,109407.9,106056.4,108970.2,25837.491
366,2025-05-21 16:00:00,108946.1,110590.1,105566.5,109609.0,42309.732
367,2025-05-22 00:00:00,109608.3,112666.0,109283.6,111045.1,33788.35
368,2025-05-22 08:00:00,111045.1,111685.6,110273.1,111227.1,17125.164
369,2025-05-22 16:00:00,111225.6,111888.8,110669.4,111686.4,13812.53
370,2025-05-23 00:00:00,111671.7,113671.1,110321.3,110685.2,22149.445
371,2025-05-23 08:00:00,110685.3,111346.8,105034.7,108889.3,35972.134
372,2025-05-23 16:00:00,108889.3,110026.0,106837.9,107267.0,12645.139
373,2025-05-24 00:00:00,107267.0,108500.0,106875.6,107570.0,8921.508
374,2025-05-24 08:00:00,107572.3,111000.8,107565.5,108886.6,7373.594
375,2025-05-24 16:00:00,108886.6,109232.1,107500.0,107694.9,6338.237
376,2025-05-25 00:00:00,107698.9,108100.0,107177.0,107625.9,4049.437
377,2025-05-25 08:00:00,107625.9,107754.3,106633.3,106952.5,7849.197
378,2025-05-25 16:00:00,106939.7,109268.4,106662.5,108956.6,8119.72
379,2025-05-26 00:00:00,108956.6,110204.7,108639.3,110050.0,5710.766
380,2025-05-26 08:00:00,110050.0,110337.2,109364.9,109966.5,9473.999
381,2025-05-26 16:00:00,109970.5,110300.0,108809.3,109405.3,9161.108
382,2025-05-27 00:00:00,109403.2,109746.6,107502.7,109418.1,6712.098
383,2025-05-27 08:00:00,109418.1,113000.0,108788.4,110106.7,11519.405
384,2025-05-27 16:00:00,110106.8,110432.1,108568.6,108944.6,4511.696
385,2025-05-28 00:00:00,108947.6,109220.0,108355.8,108760.6,4589.381
386,2025-05-28 08:00:00,108760.5,109159.5,107035.1,107055.9,10968.91
387,2025-05-28 16:00:00,107056.0,107977.8,106757.2,107717.7,8030.003
388,2025-05-29 00:00:00,107717.6,108451.9,107000.0,107765.8,4217.645
389,2025-05-29 08:00:00,107773.4,108874.3,106492.4,107010.0,10207.788
390,2025-05-29 16:00:00,107010.9,108690.0,105366.2,105548.9,27402.684
391,2025-05-30 00:00:00,105548.2,107719.3,104005.6,104956.2,13324.133
392,2025-05-30 08:00:00,104956.1,106062.7,104600.1,105496.9,17423.903
393,2025-05-30 16:00:00,105496.9,105543.6,103558.2,103933.7,9411.359
394,2025-05-31 00:00:00,103933.6,108200.0,103059.0,103700.5,9519.949
395,2025-05-31 08:00:00,103700.5,104954.6,103098.8,104504.1,13192.54
396,2025-05-31 16:00:00,104503.1,104906.1,104189.4,104544.7,3443.671
397,2025-06-01 00:00:00,104545.3,104749.0,103825.0,104231.0,4237.337
398,2025-06-01 08:00:00,104231.0,105006.9,103654.6,104697.4,24887.428
399,2025-06-01 16:00:00,104697.4,105799.5,104325.8,105576.8,9071.906
400,2025-06-02 00:00:00,105576.8,105716.0,104574.3,105297.2,4057.984
401,2025-06-02 08:00:00,105297.2,105850.0,103647.0,104391.4,12366.272
402,2025-06-02 16:00:00,104391.2,105924.2,104019.2,105808.5,10706.342
403,2025-06-03 00:00:00,105803.8,106645.3,105020.2,105129.2,20280.065
404,2025-06-03 08:00:00,105129.2,106763.9,103806.6,106539.4,18788.53
405,2025-06-03 16:00:00,106539.4,106600.0,105194.4,105330.1,6198.906
406,2025-06-04 00:00:00,105330.0,105899.2,105047.8,105282.3,3052.927
407,2025-06-04 08:00:00,105282.3,105936.7,104220.0,105254.7,12720.83
408,2025-06-04 16:00:00,105254.7,105470.6,104349.6,104712.2,15180.713
409,2025-06-05 00:00:00,104700.1,105349.6,104263.8,104515.0,9556.084
410,2025-06-05 08:00:00,104515.0,105900.0,103887.5,104494.8,16269.963
411,2025-06-05 16:00:00,104494.8,104548.6,100350.9,101562.5,46833.906
412,2025-06-06 00:00:00,101562.5,104000.0,101077.0,103085.9,19985.131
413,2025-06-06 08:00:00,103073.3,105401.5,97000.0,105040.8,33036.741
414,2025-06-06 16:00:00,105040.9,105367.6,103992.9,104239.8,4646.059
415,2025-06-07 00:00:00,104239.8,105354.6,103816.2,104816.3,3346.262
416,2025-06-07 08:00:00,104813.7,105859.9,104498.9,105507.9,9650.531
417,2025-06-07 16:00:00,105507.9,106008.9,105250.0,105620.2,3002.29
418,2025-06-08 00:00:00,105620.2,105785.9,105247.4,105420.8,2326.629
419,2025-06-08 08:00:00,105437.1,106158.0,104943.6,105916.0,10927.589
420,2025-06-08 16:00:00,105917.6,107000.0,105560.0,105684.6,6914.294
421,2025-06-09 00:00:00,105680.9,105988.4,105391.0,105534.8,4009.244
422,2025-06-09 08:00:00,105530.6,108117.2,105391.0,107573.0,20847.652
423,2025-06-09 16:00:00,107572.9,110360.6,107565.7,110218.9,17226.759
424,2025-06-10 00:00:00,110218.8,110255.6,109010.3,109193.7,3359.847
425,2025-06-10 08:00:00,109189.7,109995.2,108361.6,108960.8,11270.489
426,2025-06-10 16:00:00,108960.4,110315.2,108530.7,110242.3,7914.63
427,2025-06-11 00:00:00,110242.3,110249.8,109200.0,109389.2,2953.606
428,2025-06-11 08:00:00,109396.9,110454.1,108973.8,109683.6,12593.612
429,2025-06-11 16:00:00,109683.6,109858.0,108061.4,108613.4,17679.56
430,2025-06-12 00:00:00,108615.6,108827.9,107372.5,107585.8,10329.416
431,2025-06-12 08:00:00,107585.8,107870.5,106597.4,107008.7,23964.997
432,2025-06-12 16:00:00,107009.5,108686.2,105700.0,105700.0,36649.474
433,2025-06-13 00:00:00,105713.2,106940.1,102761.8,104823.6,38070.714
434,2025-06-13 08:00:00,104823.6,105666.8,104097.6,105371.7,15016.286
435,2025-06-13 16:00:00,105369.6,106112.6,104467.4,106031.0,17619.384
436,2025-06-14 00:00:00,106031.1,106169.6,102100.1,105032.1,12656.971
437,2025-06-14 08:00:00,105032.3,105130.0,104426.8,104774.7,3854.761
438,2025-06-14 16:00:00,104774.6,105488.8,104276.8,105359.8,7583.906
439,2025-06-15 00:00:00,105359.8,106080.9,105112.4,105400.0,6455.454
440,2025-06-15 08:00:00,105400.0,105836.5,104654.7,105501.7,7706.677
441,2025-06-15 16:00:00,105505.1,105888.4,104443.6,105530.7,5895.623
442,2025-06-16 00:00:00,105530.7,107262.5,104970.0,106999.6,16210.339
443,2025-06-16 08:00:00,106999.6,107754.9,106460.7,107381.1,17932.118
444,2025-06-16 16:00:00,107381.0,108890.9,106658.6,106664.8,21982.894
445,2025-06-17 00:00:00,106664.8,107687.5,106115.9,106718.0,9831.002
446,2025-06-17 08:00:00,106717.9,112884.6,104022.2,104502.5,18104.34
447,2025-06-17 16:00:00,104502.5,104502.5,104502.5,104502.5,0.0
448,2025-06-18 00:00:00,104125.1,119999.0,104125.1,105015.8,46826.575
449,2025-06-18 08:00:00,105015.8,105368.3,103891.2,104758.4,19655.153
450,2025-06-18 16:00:00,104758.4,105167.9,103405.9,104821.2,22498.105
451,2025-06-19 00:00:00,104819.6,105172.9,104438.2,104585.8,3646.683
452,2025-06-19 08:00:00,104586.0,105075.5,103854.1,104050.0,14853.099
453,2025-06-19 16:00:00,104049.9,105743.0,104000.0,104612.8,10259.539
454,2025-06-20 00:00:00,104612.9,105758.0,104250.0,105757.5,9010.33
455,2025-06-20 08:00:00,105757.5,106552.6,104000.0,104172.2,21607.496
456,2025-06-20 16:00:00,104172.2,104433.3,102275.6,103300.0,25143.151
457,2025-06-21 00:00:00,103308.3,103819.5,103153.7,103374.5,5034.718
458,2025-06-21 08:00:00,103374.5,103985.9,103200.0,103539.4,11931.749
459,2025-06-21 16:00:00,103539.4,103787.8,100577.8,102073.1,41709.562
460,2025-06-22 00:00:00,102073.1,103700.0,101860.8,102407.4,10633.448
461,2025-06-22 08:00:00,102406.5,104450.0,98802.6,98893.4,36874.279
462,2025-06-22 16:00:00,98893.4,101061.2,98159.0,100915.5,14954.415
463,2025-06-23 00:00:00,100915.4,101566.0,100440.2,101469.4,3822.46
464,2025-06-23 08:00:00,101800.0,102700.0,100812.0,101379.4,38957.963
465,2025-06-23 16:00:00,101379.4,105981.9,99643.0,105291.3,63404.273
466,2025-06-24 00:00:00,105291.3,105778.8,104480.2,104907.7,11909.605
467,2025-06-24 08:00:00,104907.4,110000.0,104605.0,105201.2,29017.227
468,2025-06-24 16:00:00,105200.1,106212.0,105200.0,106026.6,8803.294
469,2025-06-25 00:00:00,106026.6,106885.4,105770.7,106567.4,6478.971
470,2025-06-25 08:00:00,106567.4,108164.8,106138.3,106986.5,22513.939
471,2025-06-25 16:00:00,106982.7,107946.1,106893.0,107287.1,16403.379
472,2025-06-26 00:00:00,107288.3,108260.0,107200.1,107758.1,5988.192
473,2025-06-26 08:00:00,107758.1,108065.9,106600.8,107257.3,11751.478
474,2025-06-26 16:00:00,107257.2,107915.7,106806.4,106889.1,8549.364
475,2025-06-27 00:00:00,106889.1,107663.3,106441.9,106889.9,6738.507
476,2025-06-27 08:00:00,106853.1,107385.2,106365.6,107338.9,6995.211
477,2025-06-27 16:00:00,107358.1,107549.9,106365.6,106984.4,15428.54
478,2025-06-28 00:00:00,106984.4,107600.0,106900.0,107433.0,3379.981
479,2025-06-28 08:00:00,107433.0,107527.9,106995.5,107412.7,7280.807
480,2025-06-28 16:00:00,107413.2,107527.6,107080.3,107241.0,5281.493
481,2025-06-29 00:00:00,107241.0,107561.0,107100.8,107313.8,2891.187
482,2025-06-29 08:00:00,107313.8,108582.8,107291.7,107690.5,22480.351
483,2025-06-29 16:00:00,107690.5,108424.0,107260.0,108309.8,9299.218
484,2025-06-30 00:00:00,108309.8,108743.9,107390.4,107562.5,5808.066
485,2025-06-30 08:00:00,107562.5,108192.5,106700.0,107542.3,23314.445
486,2025-06-30 16:00:00,107541.1,107872.2,106897.8,107102.0,4274.425
487,2025-07-01 00:00:00,107099.3,107551.7,106574.1,107115.6,7604.147
488,2025-07-01 08:00:00,107115.6,107158.9,105605.9,105953.4,9874.734
489,2025-07-01 16:00:00,105953.3,106409.2,105201.0,105637.2,26312.635
490,2025-07-02 00:00:00,105637.1,107100.0,105121.0,107079.9,18572.855
491,2025-07-02 08:00:00,107079.9,108800.0,107079.9,108695.0,13810.643
492,2025-07-02 16:00:00,108695.4,109625.7,107869.8,108800.1,19512.868
493,2025-07-03 00:00:00,108801.2,109648.4,108387.2,109244.4,4341.721
494,2025-07-03 08:00:00,109254.5,110480.0,108750.0,109200.1,12937.681
495,2025-07-03 16:00:00,109215.5,110009.4,109005.9,109550.2,10080.269
496,2025-07-04 00:00:00,109550.2,109804.6,108664.5,108664.5,6624.378
497,2025-07-04 08:00:00,108664.5,109251.1,107438.1,107620.3,14636.964
498,2025-07-04 16:00:00,107620.3,108367.0,107075.1,107939.7,14175.211
499,2025-07-05 00:00:00,107935.3,108360.2,107666.9,107980.9,1655.926
500,2025-07-05 08:00:00,107980.9,108322.6,107834.8,108012.6,2007.894
501,2025-07-05 16:00:00,108012.6,108293.9,107900.0,108153.3,3522.112
502,2025-07-06 00:00:00,108153.4,108435.5,108000.0,108002.2,6193.185
503,2025-07-06 08:00:00,108000.1,109167.8,107365.7,108842.2,11426.816
504,2025-07-06 16:00:00,108842.1,110000.0,108302.2,109165.4,4985.247
505,2025-07-07 00:00:00,109170.6,109632.2,108621.8,109003.0,3350.96
506,2025-07-07 08:00:00,109003.0,109096.5,107975.1,108238.7,6287.62
507,2025-07-07 16:00:00,108238.0,108508.4,107446.1,108223.0,6632.72
508,2025-07-08 00:00:00,108223.0,108470.1,107920.1,108431.1,4990.041
509,2025-07-08 08:00:00,108431.1,108520.1,107870.1,108216.9,5560.148
510,2025-07-08 16:00:00,108217.0,108620.1,107720.1,108610.2,6203.646
511,2025-07-09 00:00:00,108620.0,108670.1,107670.1,108654.7,2959.226
512,2025-07-09 08:00:00,108654.7,108720.1,107570.1,108605.6,7067.036
513,2025-07-09 16:00:00,108667.4,111200.0,107550.1,111103.6,10558.453
514,2025-07-10 00:00:00,111103.6,111103.8,108100.0,111102.7,4950.914
515,2025-07-10 08:00:00,111102.7,111111.1,107550.1,110989.0,7487.891
516,2025-07-10 16:00:00,110988.9,123456.7,107560.2,115952.3,54164.961
517,2025-07-11 00:00:00,115952.3,121400.0,113363.4,117499.3,13179.888
518,2025-07-11 08:00:00,117499.0,120583.8,114601.0,116900.6,17487.222
519,2025-07-11 16:00:00,116900.6,118069.3,113363.4,117500.0,9737.224
520,2025-07-12 00:00:00,117499.7,117888.0,116200.0,117455.9,3070.037
521,2025-07-12 08:00:00,117423.6,119888.0,116200.0,117000.0,10766.679
522,2025-07-12 16:00:00,117000.0,117417.7,116888.0,117381.5,3763.628
523,2025-07-13 00:00:00,117381.0,118024.7,116900.0,117945.8,3942.554
524,2025-07-13 08:00:00,117945.7,118969.7,116900.0,118545.0,6005.142
525,2025-07-13 16:00:00,118545.0,123400.0,117000.0,118799.9,12034.975
526,2025-07-14 00:00:00,118799.8,121902.5,113455.8,113500.0,22897.845
527,2025-07-14 08:00:00,113455.9,122000.0,113455.8,119850.1,14640.448
528,2025-07-14 16:00:00,119850.1,120464.7,117301.0,119749.9,7615.361
529,2025-07-15 00:00:00,119737.3,119749.9,116000.0,116828.9,7517.522
530,2025-07-15 08:00:00,116792.0,122399.0,116000.0,116424.9,18356.795
531,2025-07-15 16:00:00,116424.9,120999.9,116418.0,117759.6,6182.854
532,2025-07-16 00:00:00,117772.2,176420.2,116000.0,134999.8,34888.943
533,2025-07-16 08:00:00,134999.8,139999.9,116000.0,119040.2,20373.795
534,2025-07-16 16:00:00,119044.9,136000.0,118720.5,119502.9,6877.79
535,2025-07-17 00:00:00,119344.9,121515.2,117992.7,118366.5,7250.682
536,2025-07-17 08:00:00,118339.4,131386.8,116000.0,119200.0,9889.208
537,2025-07-17 16:00:00,119303.7,134444.0,119200.0,120319.0,6726.962
538,2025-07-18 00:00:00,120338.4,127377.0,119356.0,119391.1,3549.745
539,2025-07-18 08:00:00,119390.1,126444.0,116851.0,118056.2,8156.975
540,2025-07-18 16:00:00,118056.2,123699.9,117817.4,117974.9,4849.052
541,2025-07-19 00:00:00,117963.0,123690.0,117950.2,117999.8,6812.796
542,2025-07-19 08:00:00,117999.8,123690.0,117950.2,118300.0,8299.155
543,2025-07-19 16:00:00,118304.0,123690.0,117550.0,117858.7,5891.666
544,2025-07-20 00:00:00,117881.2,119800.1,117700.0,117997.6,2694.141
545,2025-07-20 08:00:00,117997.7,119000.0,117700.0,118656.9,3669.931
546,2025-07-20 16:00:00,118656.9,121525.0,117000.0,117500.1,4980.154
547,2025-07-21 00:00:00,117664.2,119999.0,116523.0,119348.2,3822.491
548,2025-07-21 08:00:00,119348.2,120000.0,117438.4,118430.0,6466.174
549,2025-07-21 16:00:00,118430.0,126444.0,110000.0,117330.3,23427.256
550,2025-07-22 00:00:00,117330.3,126444.0,116081.9,117934.8,27098.8
551,2025-07-22 08:00:00,117934.8,121000.0,117528.3,118917.3,21740.876
552,2025-07-22 16:00:00,119000.1,120227.7,118441.5,119979.6,12960.433
553,2025-07-23 00:00:00,119979.6,120120.0,118236.1,118329.3,8639.403
554,2025-07-23 08:00:00,118326.9,118720.7,117000.0,118531.5,13109.887
555,2025-07-23 16:00:00,118514.3,118770.4,117429.8,118699.9,4863.029
556,2025-07-24 00:00:00,118699.9,126444.0,117153.1,118451.2,5209.982
557,2025-07-24 08:00:00,118223.0,119494.9,117440.6,119090.0,3331.467
558,2025-07-24 16:00:00,119035.3,154591.0,117098.4,118337.4,32225.269
559,2025-07-25 00:00:00,118337.4,118599.9,114500.0,115428.0,14332.771
560,2025-07-25 08:00:00,115428.0,117600.0,114500.0,116006.6,9326.743
561,2025-07-25 16:00:00,115677.1,117799.9,114900.0,117799.8,9872.687
562,2025-07-26 00:00:00,117799.8,117932.0,116350.0,117399.5,7139.287
563,2025-07-26 08:00:00,117399.5,118999.0,117200.0,118258.2,4786.705
564,2025-07-26 16:00:00,117937.2,118269.3,117300.0,117952.9,3158.184
565,2025-07-27 00:00:00,117952.8,118489.4,117769.5,118090.3,3342.766
566,2025-07-27 08:00:00,118090.4,118612.8,117490.0,118612.7,12303.905
567,2025-07-27 16:00:00,118612.7,122222.0,117800.1,119001.1,7735.145
568,2025-07-28 00:00:00,119001.2,119924.4,118550.0,118910.3,4459.564
569,2025-07-28 08:00:00,118910.2,119900.0,117150.1,118129.3,7147.844
570,2025-07-28 16:00:00,118143.1,118888.2,117150.1,117765.0,11200.6
571,2025-07-29 00:00:00,117765.0,119436.3,117300.0,118710.2,7941.561
572,2025-07-29 08:00:00,118975.1,119500.9,117300.0,117393.4,1681.028
573,2025-07-29 16:00:00,117447.6,118491.6,116332.1,118000.1,3933.937
574,2025-07-30 00:00:00,117863.1,118488.8,111200.0,118052.3,11535.446
575,2025-07-30 08:00:00,118103.7,118733.1,117252.0,117927.6,18750.767
576,2025-07-30 16:00:00,117949.3,118000.7,115150.0,117792.2,13078.377
577,2025-07-31 00:00:00,117793.0,118888.0,117105.9,118756.8,5902.782
578,2025-07-31 08:00:00,118521.1,118888.0,117232.2,118248.2,19435.963
579,2025-07-31 16:00:00,118248.2,118832.8,111200.0,115954.8,19057.846
580,2025-08-01 00:00:00,115750.0,116999.9,111250.0,115098.9,8793.294
581,2025-08-01 08:00:00,115098.9,116950.0,113300.0,115423.7,7264.991
582,2025-08-01 16:00:00,115368.2,116000.0,112500.1,113477.5,15299.383
583,2025-08-02 00:00:00,113307.1,115000.0,110000.0,114049.8,6428.763
584,2025-08-02 08:00:00,113965.7,114049.9,110100.0,112988.3,2962.396
585,2025-08-02 16:00:00,112798.5,113998.6,111300.0,112502.0,6987.472
586,2025-08-03 00:00:00,112502.0,114436.2,111322.0,113866.0,7666.277
587,2025-08-03 08:00:00,113866.0,114505.1,111300.0,114161.2,2930.089
588,2025-08-03 16:00:00,114161.2,115000.0,111300.0,114400.0,2033.68
589,2025-08-04 00:00:00,114400.0,115000.0,112001.0,114698.9,1660.966
590,2025-08-04 08:00:00,114699.0,115900.0,111111.1,114784.9,7037.673
591,2025-08-04 16:00:00,114784.2,115888.0,113333.0,114982.7,1685.46
592,2025-08-05 00:00:00,114999.9,115333.5,113600.0,114122.9,1267.419
593,2025-08-05 08:00:00,114122.9,115350.0,112000.0,113006.0,4537.918
594,2025-08-05 16:00:00,113006.0,114464.8,112740.0,114182.4,3722.65
595,2025-08-06 00:00:00,114182.4,118218.2,109817.0,114280.4,13050.076
596,2025-08-06 08:00:00,114280.4,115457.5,110000.0,115299.8,4799.715
597,2025-08-06 16:00:00,115299.8,115676.8,114535.6,115028.1,7278.926
598,2025-08-07 00:00:00,115033.0,115199.0,114000.0,114983.1,2578.988
599,2025-08-07 08:00:00,114983.1,120000.0,114543.3,116661.1,14833.563
600,2025-08-07 16:00:00,116666.0,117980.0,114000.0,115351.1,8081.648
601,2025-08-08 00:00:00,115351.1,121000.0,93000.0,116800.0,45974.821
602,2025-08-08 08:00:00,116899.9,120999.8,115201.0,116177.4,64790.839
603,2025-08-08 16:00:00,116226.9,120999.8,115222.0,116621.3,9819.692
604,2025-08-09 00:00:00,116621.3,120999.8,115382.3,116864.9,9330.586
605,2025-08-09 08:00:00,116864.9,120000.0,115405.0,116790.9,4592.178
606,2025-08-09 16:00:00,116788.3,116919.2,116232.9,116515.2,2325.761
607,2025-08-10 00:00:00,116515.4,119336.3,115611.0,117780.0,2737.614
608,2025-08-10 08:00:00,117760.1,119900.0,117100.0,118824.0,6561.429
609,2025-08-10 16:00:00,118884.8,119564.4,117800.0,119531.0,5414.163
610,2025-08-11 00:00:00,119453.7,134437.7,117199.7,121596.8,24155.634
611,2025-08-11 08:00:00,121596.8,123888.0,118500.1,120270.7,5136.556
612,2025-08-11 16:00:00,120277.4,120798.0,118100.1,118607.0,4681.731
613,2025-08-12 00:00:00,118643.3,119807.0,118300.0,118913.8,2666.655
614,2025-08-12 08:00:00,118928.0,119999.0,118300.0,119760.9,5440.949
615,2025-08-12 16:00:00,119985.5,123000.0,118604.0,120191.9,7211.326
616,2025-08-13 00:00:00,120176.4,120300.0,115500.0,119459.4,18242.249
617,2025-08-13 08:00:00,119566.4,123900.0,118850.3,121125.6,4441.482
618,2025-08-13 16:00:00,121125.5,123888.0,119999.0,123265.7,4467.471
619,2025-08-14 00:00:00,123265.7,168799.8,90000.0,121817.0,73215.293
620,2025-08-14 08:00:00,121817.0,122007.1,117849.9,118183.5,17995.493
621,2025-08-14 16:00:00,118438.9,119176.0,117000.1,118565.3,6146.52
622,2025-08-15 00:00:00,118565.3,119199.0,118058.1,119005.6,5782.753
623,2025-08-15 08:00:00,119005.6,120018.5,97000.0,117519.3,33732.9
624,2025-08-15 16:00:00,117519.3,118000.0,116300.0,117498.5,6345.322
625,2025-08-16 00:00:00,117498.5,118251.2,116300.0,117749.9,4977.8
626,2025-08-16 08:00:00,117749.9,118356.8,116607.9,117740.0,3860.996
627,2025-08-16 16:00:00,117740.0,118492.5,116607.9,117297.4,5653.838
628,2025-08-17 00:00:00,117297.4,118492.5,116850.5,118099.7,5249.833
629,2025-08-17 08:00:00,118000.1,118779.0,117750.0,118257.3,4866.438
630,2025-08-17 16:00:00,118278.8,118888.0,117400.0,117431.3,3095.996
631,2025-08-18 00:00:00,117431.3,118744.0,114420.8,115257.1,3691.065
632,2025-08-18 08:00:00,115257.2,116600.0,114420.9,116351.1,3611.816
633,2025-08-18 16:00:00,116109.1,121000.0,114900.1,116200.9,8985.591
634,2025-08-19 00:00:00,116200.9,117610.9,114420.8,114700.0,5536.167
635,2025-08-19 08:00:00,114991.6,116000.0,112100.1,113773.9,6779.084
636,2025-08-19 16:00:00,113773.9,114500.0,112500.0,113026.9,4763.226
637,2025-08-20 00:00:00,112781.0,117000.0,100004.0,113466.5,12568.129
638,2025-08-20 08:00:00,113420.9,115552.9,110520.6,113533.7,7818.258
639,2025-08-20 16:00:00,113245.4,115500.0,112996.0,114275.7,5281.244
640,2025-08-21 00:00:00,114275.7,120899.0,110000.0,113944.4,7577.628
641,2025-08-21 08:00:00,113944.4,114183.0,112455.2,112866.3,3782.353
642,2025-08-21 16:00:00,112821.1,113137.4,111010.0,112557.0,3333.089
643,2025-08-22 00:00:00,112557.0,114238.6,110000.0,113299.6,5713.855
644,2025-08-22 08:00:00,113070.9,118000.0,111766.4,116464.8,25706.832
645,2025-08-22 16:00:00,116464.8,118000.0,115393.9,116882.3,5271.197
646,2025-08-23 00:00:00,116882.4,117500.0,115021.0,115825.0,6238.044
647,2025-08-23 08:00:00,115825.0,116152.1,114501.0,114783.0,4043.427
648,2025-08-23 16:00:00,114783.0,115708.0,114561.2,115386.0,5385.725
649,2025-08-24 00:00:00,115386.0,116000.0,114526.1,114950.4,4184.489
650,2025-08-24 08:00:00,114970.4,117220.0,113761.8,114550.0,3737.576
651,2025-08-24 16:00:00,114359.4,115000.0,109820.0,113311.2,14466.178
652,2025-08-25 00:00:00,113311.2,113807.2,110000.3,111808.7,7150.232
653,2025-08-25 08:00:00,111449.3,112591.0,109850.0,112228.6,15807.411
654,2025-08-25 16:00:00,112228.6,113000.0,103888.0,110399.3,11931.21
655,2025-08-26 00:00:00,110200.6,111612.0,104193.0,110495.0,5950.871
656,2025-08-26 08:00:00,110295.4,138500.1,109251.7,109621.4,12300.276
657,2025-08-26 16:00:00,109621.4,112496.5,109275.0,111709.9,9736.228
658,2025-08-27 00:00:00,111709.9,112033.7,110437.3,110688.0,3319.707
659,2025-08-27 08:00:00,110688.0,121500.0,110270.0,111965.1,23332.729
660,2025-08-27 16:00:00,111970.7,121500.0,111000.0,111136.7,36334.04
661,2025-08-28 00:00:00,111136.7,140762.7,110600.7,113079.2,21517.394
662,2025-08-28 08:00:00,113099.1,113756.5,112257.9,112581.6,20035.462
663,2025-08-28 16:00:00,112581.6,113400.0,111782.0,112500.0,18985.839
664,2025-08-29 00:00:00,112507.2,112631.2,109750.0,109960.2,8071.373
665,2025-08-29 08:00:00,109949.5,111647.9,107890.0,108371.4,23569.27
666,2025-08-29 16:00:00,108334.4,111700.0,107488.1,108317.8,25004.288
667,2025-08-30 00:00:00,108371.9,110547.0,107100.0,108466.7,5979.853
668,2025-08-30 08:00:00,108649.8,110500.0,108026.5,108835.3,8674.333
669,2025-08-30 16:00:00,108835.3,109101.0,108326.5,108758.0,10329.731
670,2025-08-31 00:00:00,108758.0,109712.9,108334.6,108658.3,2099.025
671,2025-08-31 08:00:00,108658.4,109273.7,108024.5,108758.1,2406.504
672,2025-08-31 16:00:00,108814.0,109352.0,107973.3,108208.4,4456.006
673,2025-09-01 00:00:00,108208.4,109382.0,107020.0,109367.8,14756.51
674,2025-09-01 08:00:00,109382.0,110500.0,106000.0,108738.0,11582.865
675,2025-09-01 16:00:00,108740.1,109486.0,106500.0,109220.6,14957.865
676,2025-09-02 00:00:00,109221.3,110815.4,108754.9,110185.2,3424.869
677,2025-09-02 08:00:00,110190.1,111763.7,108000.0,110779.7,26816.99
678,2025-09-02 16:00:00,110779.7,111304.1,110125.0,110660.1,4333.092
679,2025-09-03 00:00:00,110945.0,111236.0,110445.5,111041.4,3640.133
680,2025-09-03 08:00:00,111041.4,112489.4,110818.4,112168.5,3230.629
681,2025-09-03 16:00:00,112168.5,112489.4,111561.9,111681.0,1090.14
682,2025-09-04 00:00:00,111681.0,112194.0,110255.0,110417.3,1271.69
683,2025-09-04 08:00:00,110433.3,111744.0,108542.9,109465.6,1611.81
684,2025-09-04 16:00:00,109546.5,111853.2,109180.4,110647.0,919.983
685,2025-09-05 00:00:00,110625.9,113241.2,110237.6,112924.0,2020.27
686,2025-09-05 08:00:00,112875.0,120000.0,110305.0,110746.6,9330.313
687,2025-09-05 16:00:00,110742.7,112000.0,110218.8,110614.9,2813.883
688,2025-09-06 00:00:00,110598.8,111390.0,110383.8,110805.0,635.542
689,2025-09-06 08:00:00,110805.0,111161.0,110370.1,110370.7,1278.408
690,2025-09-06 16:00:00,110506.1,110615.1,109920.3,110135.2,872.675
691,2025-09-07 00:00:00,110132.6,110982.2,109928.6,110766.5,737.097
692,2025-09-07 08:00:00,110767.3,111750.0,110634.2,111241.0,1491.623
693,2025-09-07 16:00:00,111241.0,111732.2,110774.7,111112.2,1765.796
694,2025-09-08 00:00:00,111115.4,111600.5,110466.4,111333.8,780.09
695,2025-09-08 08:00:00,111335.6,113077.9,111218.5,112568.3,2164.426
696,2025-09-08 16:00:00,112568.0,112867.9,111554.0,112027.4,1070.177
697,2025-09-09 00:00:00,112072.6,113588.0,111048.6,112987.8,3211.658
698,2025-09-09 08:00:00,112991.2,113284.6,110524.0,110870.0,2740.7
699,2025-09-09 16:00:00,110870.0,111834.1,110631.6,111499.9,1058.222
700,2025-09-10 00:00:00,111499.9,112866.0,110975.0,112510.9,931.718
701,2025-09-10 08:00:00,112515.2,114555.0,111936.0,113795.6,5411.473
702,2025-09-10 16:00:00,113795.6,114148.8,113001.0,113903.8,2331.218
703,2025-09-11 00:00:00,113896.7,114600.0,113588.0,114065.7,1035.947
704,2025-09-11 08:00:00,114067.9,134999.0,105000.0,114122.3,165781.65
705,2025-09-11 16:00:00,114122.3,116500.0,113957.7,115439.0,1737.275
706,2025-09-12 00:00:00,115439.0,116500.0,114845.1,115089.8,1296.779
707,2025-09-12 08:00:00,115089.8,115888.0,114670.4,115064.9,2191.925
708,2025-09-12 16:00:00,115064.8,116888.0,113500.0,115980.2,5831.84
709,2025-09-13 00:00:00,116040.0,116629.7,115403.6,115715.5,2255.811
710,2025-09-13 08:00:00,115715.6,116864.0,115400.0,115734.1,3073.971
711,2025-09-13 16:00:00,115721.4,116050.0,115014.5,115862.7,2288.074
712,2025-09-14 00:00:00,115862.7,116084.0,115385.0,115746.1,5923.125
713,2025-09-14 08:00:00,115746.1,116370.0,114937.2,115430.9,6303.696
714,2025-09-14 16:00:00,115240.0,116100.0,115000.0,115169.2,9905.192
715,2025-09-15 00:00:00,115168.7,116806.5,114600.6,115769.5,3259.033
716,2025-09-15 08:00:00,115769.5,131611.0,114196.5,114792.7,42662.754
717,2025-09-15 16:00:00,114792.7,116070.0,114350.0,115636.6,2448.794
718,2025-09-16 00:00:00,115436.5,116188.0,114800.0,115811.7,2754.439
719,2025-09-16 08:00:00,115799.4,116127.6,114857.0,115803.6,3528.521
720,2025-09-16 16:00:00,115877.9,116993.7,115562.0,116747.3,12958.197
721,2025-09-17 00:00:00,116747.3,117594.5,116077.0,117108.1,9012.971
722,2025-09-17 08:00:00,117120.5,117201.0,115431.8,115828.0,248656.411
723,2025-09-17 16:00:00,115828.0,117068.9,114635.1,116300.0,59135.323
724,2025-09-18 00:00:00,116300.0,117959.8,116015.4,117033.6,24888.365
725,2025-09-18 08:00:00,117033.6,117824.0,116916.0,117648.4,136537.118
726,2025-09-18 16:00:00,117614.2,117864.0,116380.0,117017.1,129751.137
727,2025-09-19 00:00:00,117023.0,117610.0,116562.0,116850.0,90300.889
728,2025-09-19 08:00:00,116827.0,117084.0,115369.8,115827.1,29442.841
729,2025-09-19 16:00:00,115827.0,116100.0,114780.0,115569.5,17415.079
730,2025-09-20 00:00:00,115569.6,115887.1,115266.5,115884.6,26473.065
731,2025-09-20 08:00:00,115848.0,116059.3,115460.2,115928.5,123184.549
732,2025-09-20 16:00:00,115928.3,116059.3,115630.3,115665.5,307700.981
733,2025-09-21 00:00:00,115665.5,116016.6,115390.0,115772.8,4440.371
734,2025-09-21 08:00:00,115722.5,115778.0,115207.4,115471.1,22989.547
735,2025-09-21 16:00:00,115471.1,115650.0,115137.6,115199.1,27487.455
736,2025-09-22 00:00:00,115232.8,115999.7,107654.0,112459.6,87442.847
737,2025-09-22 08:00:00,112504.9,115800.4,111970.2,112984.3,24596.685
738,2025-09-22 16:00:00,112781.8,113188.8,111828.2,112604.8,13849.099
739,2025-09-23 00:00:00,112604.7,113367.4,111324.5,113048.5,15109.766
740,2025-09-23 08:00:00,113048.5,113852.0,112442.5,112828.6,474774.048
741,2025-09-23 16:00:00,112828.5,113000.0,111297.8,111947.0,360096.764
742,2025-09-24 00:00:00,111947.0,112729.1,111052.9,112512.0,362374.334
743,2025-09-24 08:00:00,112512.0,113936.8,112356.4,113293.5,292374.876
744,2025-09-24 16:00:00,113297.0,114000.0,113050.0,113253.9,245120.003
745,2025-09-25 00:00:00,113253.9,114000.0,111305.9,111708.4,368966.242
746,2025-09-25 08:00:00,111715.4,112455.0,110590.3,111471.9,481535.265
747,2025-09-25 16:00:00,111532.6,111700.0,108574.0,108955.9,567585.105
748,2025-09-26 00:00:00,108947.0,110000.0,108610.8,109206.1,323312.285
749,2025-09-26 08:00:00,109220.4,109672.4,108610.0,108986.6,16895.058
750,2025-09-26 16:00:00,108987.6,110440.5,108890.1,109601.3,7825.279
751,2025-09-27 00:00:00,109601.3,110050.0,109179.0,109354.9,2268.92
752,2025-09-27 08:00:00,109354.7,109764.0,109074.7,109348.4,2334.961
753,2025-09-27 16:00:00,109340.7,109627.2,109172.5,109577.3,1921.962
754,2025-09-28 00:00:00,109577.3,109754.0,109207.1,109468.4,1500.278
755,2025-09-28 08:00:00,109420.4,110000.0,109130.1,109955.5,3126.743
756,2025-09-28 16:00:00,109955.5,112900.0,109700.0,112088.4,9852.502
757,2025-09-29 00:00:00,112088.4,112250.0,110315.0,111800.0,5076.776
758,2025-09-29 08:00:00,111800.0,115890.2,111774.6,113752.0,24513.097
759,2025-09-29 16:00:00,113752.0,114500.0,113419.9,114278.7,76117.153
760,2025-09-30 00:00:00,114278.7,114799.8,113419.9,113662.3,92312.184
761,2025-09-30 08:00:00,113617.8,114185.7,112600.0,113055.5,148075.15
762,2025-09-30 16:00:00,113055.4,114688.8,112753.8,113984.9,121121.797
763,2025-10-01 00:00:00,113984.9,114675.1,113913.2,114491.8,84674.224
764,2025-10-01 08:00:00,114491.8,117613.0,114437.3,117326.2,120391.356
765,2025-10-01 16:00:00,117326.2,118592.1,116695.9,118512.8,88397.131
766,2025-10-02 00:00:00,118517.1,119427.6,118335.0,118415.0,52504.002
767,2025-10-02 08:00:00,118415.0,119863.3,105000.0,119863.3,987749.77
768,2025-10-02 16:00:00,119863.3,120977.1,119354.6,120471.5,1317970.604
769,2025-10-03 00:00:00,120469.5,120493.5,119615.9,119630.5,323677.375
770,2025-10-03 08:00:00,119644.2,122310.5,119231.7,122237.0,250133.409
771,2025-10-03 16:00:00,122238.6,123854.6,121487.8,122151.0,399779.501
772,2025-10-04 00:00:00,122151.0,122730.1,121636.4,122225.3,71751.983
773,2025-10-04 08:00:00,122225.3,122494.4,121664.8,121750.0,94054.033
774,2025-10-04 16:00:00,121750.0,122366.0,121500.0,122297.5,70144.872
775,2025-10-05 00:00:00,122297.5,125738.4,122106.1,124700.1,266937.838
776,2025-10-05 08:00:00,124700.0,124797.0,122547.0,122753.0,231012.277
777,2025-10-05 16:00:00,122755.2,123453.6,122345.3,123426.7,171185.871
778,2025-10-06 00:00:00,123438.4,124273.9,123089.3,123352.6,250300.277
779,2025-10-06 08:00:00,123352.6,125355.7,123341.5,124950.0,250549.315
780,2025-10-06 16:00:00,124972.5,126136.5,124506.1,124657.6,222214.554
781,2025-10-07 00:00:00,124657.6,125019.0,123538.1,123627.1,139222.552
782,2025-10-07 08:00:00,123648.7,125055.1,121207.9,121809.9,319805.752
783,2025-10-07 16:00:00,121813.3,122236.7,120545.8,121305.0,284008.47
784,2025-10-08 00:00:00,121317.4,122186.7,121038.0,121550.3,216550.641
785,2025-10-08 08:00:00,121550.3,123232.7,121502.4,122140.2,321477.399
786,2025-10-08 16:00:00,122155.7,126000.0,122059.3,123237.4,278115.647
787,2025-10-09 00:00:00,123237.5,123273.0,121451.3,121847.8,194518.525
788,2025-10-09 08:00:00,121847.8,123693.2,120657.6,121093.4,354529.95
789,2025-10-09 16:00:00,121110.0,121699.6,119594.4,121592.4,225283.802
790,2025-10-10 00:00:00,121593.2,121827.6,120827.7,120849.9,176117.226
791,2025-10-10 08:00:00,120827.7,122430.5,118501.9,118936.7,333985.6
792,2025-10-10 16:00:00,118922.3,119320.6,100646.5,112755.3,980969.341
793,2025-10-11 00:00:00,112764.7,113261.3,110077.4,110314.9,758855.931
794,2025-10-11 08:00:00,110314.9,112435.6,110136.3,111750.0,348078.446
795,2025-10-11 16:00:00,111750.0,112138.8,109561.9,110579.1,427322.689
796,2025-10-12 00:00:00,110579.1,111990.1,109546.6,111466.5,407452.833
797,2025-10-12 08:00:00,111466.0,113596.5,111088.8,113119.9,425920.62
798,2025-10-12 16:00:00,113155.6,115664.9,113119.6,114894.4,540434.142
799,2025-10-13 00:00:00,114892.1,115796.5,114382.3,115306.6,365502.234
800,2025-10-13 08:00:00,115306.5,115414.7,113699.5,114265.1,488037.797
801,2025-10-13 16:00:00,114265.1,115799.9,114192.8,115099.8,282711.237
802,2025-10-14 00:00:00,115099.8,115339.4,111481.5,111659.4,419020.766
803,2025-10-14 08:00:00,111659.4,112816.2,109902.6,112806.9,565705.719
804,2025-10-14 16:00:00,112816.1,113506.1,111701.4,112981.4,439986.599
805,2025-10-15 00:00:00,112981.4,113560.5,111738.5,112524.1,336379.458
806,2025-10-15 08:00:00,112524.1,113426.8,110395.2,110733.7,483065.013
807,2025-10-15 16:00:00,110733.7,111473.3,110137.5,110689.9,404676.102
808,2025-10-16 00:00:00,110649.1,111756.5,110311.1,110516.6,311089.426
809,2025-10-16 08:00:00,110516.7,111929.4,108309.5,108482.9,495328.286
810,2025-10-16 16:00:00,108482.9,109157.4,107394.2,108140.0,550543.323
811,2025-10-17 00:00:00,108140.0,109157.9,105489.6,105561.6,354362.036
812,2025-10-17 08:00:00,105561.6,106795.7,103514.8,106761.4,764483.589
813,2025-10-17 16:00:00,106795.6,107405.3,106079.2,106378.5,403280.774
814,2025-10-18 00:00:00,106382.4,107403.1,106308.2,106585.6,225896.26
815,2025-10-18 08:00:00,106624.0,107244.0,106585.5,106893.2,184497.017
816,2025-10-18 16:00:00,106907.9,107224.1,106449.9,107139.2,120944.589
817,2025-10-19 00:00:00,107139.3,107287.4,106567.9,106677.2,98368.469
818,2025-10-19 08:00:00,106666.9,113500.5,106094.7,108390.6,46464.846
819,2025-10-19 16:00:00,108424.0,109315.5,108243.3,108557.5,52424.682
820,2025-10-20 00:00:00,108480.3,112000.0,107445.5,111145.1,169920.278
821,2025-10-20 08:00:00,111145.1,111597.1,110560.5,111091.6,258646.6
822,2025-10-20 16:00:00,111081.0,111236.0,109850.0,110470.0,316334.199
823,2025-10-21 00:00:00,110494.1,110494.2,107444.3,108043.5,348379.882
824,2025-10-21 08:00:00,108049.3,113391.3,107450.2,113287.8,388411.478
825,2025-10-21 16:00:00,113287.0,113917.8,108000.0,108304.0,193665.571
826,2025-10-22 00:00:00,108342.3,108605.4,107659.4,108239.5,151212.875
827,2025-10-22 08:00:00,108239.5,109052.0,107000.0,108353.9,543677.844
828,2025-10-22 16:00:00,108353.9,108730.9,106668.3,107549.9,509146.769
829,2025-10-23 00:00:00,107549.9,110221.9,107484.6,109208.6,280679.547
830,2025-10-23 08:00:00,109208.6,110028.6,108709.5,109832.1,359958.055
831,2025-10-23 16:00:00,109832.1,111219.2,109316.1,110020.0,337666.606
832,2025-10-24 00:00:00,110020.0,111441.6,109951.6,111013.8,217471.365
833,2025-10-24 08:00:00,111023.4,111997.7,109719.9,110009.8,418237.16
834,2025-10-24 16:00:00,110010.0,111088.0,109773.5,110965.3,230875.454
835,2025-10-25 00:00:00,110957.7,111644.3,110669.6,111440.1,93305.126
836,2025-10-25 08:00:00,111434.0,111868.1,111280.2,111340.8,122221.465
837,2025-10-25 16:00:00,111299.5,111677.1,111096.7,111559.5,99180.899
838,2025-10-26 00:00:00,111559.5,111818.9,111200.3,111672.8,113469.997
839,2025-10-26 08:00:00,111672.8,113906.3,100101.0,113648.1,230437.792
840,2025-10-26 16:00:00,113648.0,115480.0,112882.9,114482.2,183512.634
841,2025-10-27 00:00:00,114469.6,116314.6,114351.5,115514.7,244512.988
842,2025-10-27 08:00:00,115514.8,115570.5,114467.1,114914.5,267806.384
843,2025-10-27 16:00:00,114914.4,115711.9,113877.0,114123.4,147993.884
844,2025-10-28 00:00:00,114102.4,114254.8,113524.7,114160.9,159074.008
845,2025-10-28 08:00:00,114160.9,116039.9,114083.1,114597.1,266393.792
846,2025-10-28 16:00:00,114640.3,115525.6,112121.5,112841.6,377560.29
847,2025-10-29 00:00:00,112841.6,113500.0,112050.2,113489.1,175781.386
848,2025-10-29 08:00:00,113489.0,113567.4,111393.9,111462.7,241416.132
849,2025-10-29 16:00:00,111504.3,111921.7,109399.8,109985.7,390669.39
850,2025-10-30 00:00:00,110003.4,111517.6,107973.8,111289.2,309863.141
851,2025-10-30 08:00:00,111289.2,111330.9,107310.8,107700.0,360519.246
852,2025-10-30 16:00:00,107700.1,110044.0,105555.0,108258.6,177858.216
853,2025-10-31 00:00:00,108258.6,110245.7,108250.8,109400.0,207263.562
854,2025-10-31 08:00:00,109365.7,111073.7,109195.5,110183.9,424180.42
855,2025-10-31 16:00:00,110183.9,110258.8,108609.5,109557.3,316518.36
856,2025-11-01 00:00:00,109557.4,110484.7,109376.6,110028.3,161856.059
857,2025-11-01 08:00:00,110028.4,110285.5,109679.7,110232.5,102927.828
858,2025-11-01 16:00:00,110233.8,110479.1,109837.6,110047.3,84468.74
859,2025-11-02 00:00:00,110047.3,110985.1,109846.3,110887.3,112851.179
860,2025-11-02 08:00:00,110887.2,111189.4,110073.3,110073.3,195404.75
861,2025-11-02 16:00:00,110073.4,110660.5,109492.0,110511.0,141744.044
862,2025-11-03 00:00:00,110506.7,110689.3,107058.5,107500.1,403391.114
863,2025-11-03 08:00:00,107500.1,108238.8,105600.3,105713.6,454840.992
864,2025-11-03 16:00:00,105713.4,108000.0,105000.0,106596.7,227579.56
865,2025-11-04 00:00:00,106517.7,107238.5,103666.0,104449.9,450810.745
866,2025-11-04 08:00:00,104446.7,109300.5,102949.3,103155.7,564788.279
867,2025-11-04 16:00:00,103155.8,103397.7,98937.2,101450.8,917710.189
868,2025-11-05 00:00:00,101450.8,102228.4,98960.1,102036.0,612196.81
869,2025-11-05 08:00:00,101977.0,104000.0,101163.3,103651.9,536817.695
870,2025-11-05 16:00:00,103651.8,109999.9,102613.8,103837.0,452413.68
871,2025-11-06 00:00:00,103818.6,104530.0,102737.2,103211.5,467907.924
872,2025-11-06 08:00:00,103161.7,104400.0,101624.4,101995.3,550700.883
873,2025-11-06 16:00:00,101995.4,102310.2,100299.4,101339.9,766585.08
874,2025-11-07 00:00:00,101276.1,102460.9,100745.6,101970.8,496070.749
875,2025-11-07 08:00:00,101973.6,101981.9,99265.2,100779.2,671688.988
876,2025-11-07 16:00:00,100779.1,108500.0,100483.3,103291.7,592118.036
877,2025-11-08 00:00:00,103291.6,104000.0,101883.9,102308.5,334198.416
878,2025-11-08 08:00:00,102314.2,102626.7,101443.3,101623.3,279094.528
879,2025-11-08 16:00:00,101623.3,102435.0,101482.6,102269.2,181249.495
880,2025-11-09 00:00:00,102243.4,102281.2,101442.9,101845.0,222297.927
881,2025-11-09 08:00:00,101845.0,104000.0,101461.6,103710.0,336971.467
882,2025-11-09 16:00:00,103663.9,105396.6,102959.7,104670.6,393634.11
883,2025-11-10 00:00:00,104687.3,106615.6,104245.3,106400.9,375954.27
884,2025-11-10 08:00:00,106398.9,106524.6,104632.4,104963.3,336626.602
885,2025-11-10 16:00:00,104963.3,106223.5,104775.0,105966.2,257951.597
886,2025-11-11 00:00:00,105955.8,107450.0,104710.1,104750.1,516767.993
887,2025-11-11 08:00:00,104750.1,105448.1,103185.1,103459.8,394634.952
888,2025-11-11 16:00:00,103459.8,133199.0,102444.1,103010.1,456571.97
889,2025-11-12 00:00:00,103044.8,105111.9,102693.5,103071.3,271611.719
890,2025-11-12 08:00:00,103071.3,105500.0,101980.0,102169.4,478704.613
891,2025-11-12 16:00:00,102169.4,102193.6,100851.0,101615.4,444573.778
892,2025-11-13 00:00:00,101615.5,106509.3,100900.0,103398.0,456655.415
893,2025-11-13 08:00:00,103410.4,106937.1,101182.8,101346.8,528120.712
894,2025-11-13 16:00:00,101346.3,101429.6,98000.6,99695.5,777582.608
895,2025-11-14 00:00:00,99744.9,100999.0,95943.3,97101.3,754923.591
896,2025-11-14 08:00:00,97699.9,97900.1,94568.3,96746.4,896820.391
897,2025-11-14 16:00:00,96747.0,98250.0,94073.1,94532.4,761944.588
898,2025-11-15 00:00:00,94512.1,97000.0,94512.1,96307.5,468267.341
899,2025-11-15 08:00:00,96307.5,96700.0,95005.6,96193.1,360689.917
900,2025-11-15 16:00:00,96162.0,96669.0,95000.0,95553.6,330914.63
901,2025-11-16 00:00:00,95553.6,124000.0,89900.0,96057.7,299611.075
902,2025-11-16 08:00:00,96009.3,125341.6,94360.4,94500.0,315580.574
903,2025-11-16 16:00:00,94500.0,96000.0,89800.0,94222.0,681038.664
904,2025-11-17 00:00:00,94234.9,96074.2,93308.4,95617.6,464832.557
905,2025-11-17 08:00:00,95617.6,96500.0,93144.2,93948.1,635227.604
906,2025-11-17 16:00:00,93948.1,95850.0,89800.0,92166.4,814788.369
907,2025-11-18 00:00:00,92166.4,93250.0,89300.0,90456.6,696239.993
908,2025-11-18 08:00:00,90457.1,94000.0,90000.0,92885.0,725449.915
909,2025-11-18 16:00:00,92908.9,94321.0,92100.0,92917.1,512158.55
910,2025-11-19 00:00:00,92934.1,93300.0,90015.5,91851.5,577952.763
911,2025-11-19 08:00:00,91886.2,93000.0,89000.0,89899.1,546128.84
912,2025-11-19 16:00:00,89894.4,92700.0,88600.0,91513.7,813926.468
913,2025-11-20 00:00:00,91513.7,93800.0,90200.4,92278.5,486800.699
914,2025-11-20 08:00:00,92278.5,92466.0,88500.0,89853.4,724591.839
915,2025-11-20 16:00:00,89853.4,116489.7,85200.0,86573.2,936239.221
916,2025-11-21 00:00:00,86572.6,88500.0,83100.0,84051.3,749395.669
917,2025-11-21 08:00:00,84051.3,100000.0,80500.0,82892.8,878074.896
918,2025-11-21 16:00:00,82890.7,88000.0,81000.0,85119.5,723651.414
919,2025-11-22 00:00:00,85106.8,85516.0,80500.0,84537.3,635587.933
920,2025-11-22 08:00:00,84537.4,109297.8,83003.0,84247.5,627728.671
921,2025-11-22 16:00:00,84246.5,86200.0,80500.0,84683.5,461792.756
922,2025-11-23 00:00:00,84683.5,90000.0,81500.0,85721.3,586167.663
923,2025-11-23 08:00:00,85721.3,89000.0,84400.0,87048.1,574539.376
924,2025-11-23 16:00:00,87048.1,88470.5,85500.0,86796.2,690055.242
925,2025-11-24 00:00:00,86797.2,88549.0,85500.0,87001.1,597456.166
926,2025-11-24 08:00:00,86902.1,87482.5,85103.5,86558.0,622858.18
927,2025-11-24 16:00:00,86558.0,89160.0,85600.0,88263.6,568319.785
928,2025-11-25 00:00:00,88265.5,105000.0,85850.0,87361.2,356656.859
929,2025-11-25 08:00:00,87358.4,90000.0,80500.0,86944.1,555017.326
930,2025-11-25 16:00:00,86890.6,88077.8,80500.0,87311.1,454280.809
931,2025-11-26 00:00:00,87324.1,88123.7,85100.0,87888.1,340436.694
932,2025-11-26 08:00:00,87888.1,87896.4,82000.0,86877.0,336893.0
933,2025-11-26 16:00:00,86877.0,95000.0,86848.5,90473.8,376978.441
934,2025-11-27 00:00:00,90451.9,91809.7,82500.0,91361.4,321750.659
935,2025-11-27 08:00:00,91370.6,96890.0,85000.0,90913.0,302079.031
936,2025-11-27 16:00:00,90931.5,97000.0,90818.5,91290.4,249272.959
937,2025-11-28 00:00:00,91290.4,91657.8,90640.1,90877.6,290733.509
938,2025-11-28 08:00:00,90877.6,92891.6,86000.0,92293.2,381314.658
939,2025-11-28 16:00:00,92293.2,92299.8,90215.4,90848.0,328014.963
940,2025-11-29 00:00:00,90848.0,91048.8,90349.5,90516.9,162329.868
941,2025-11-29 08:00:00,90516.9,91020.9,90428.4,91020.9,156462.182
942,2025-11-29 16:00:00,91020.9,91103.4,90163.1,90764.9,269027.137
943,2025-11-30 00:00:00,90765.0,90998.9,90425.4,90920.9,150579.231
944,2025-11-30 08:00:00,90920.9,91905.4,90751.7,91428.4,274113.136
945,2025-11-30 16:00:00,91428.4,91815.1,90333.5,90333.9,271853.577
946,2025-12-01 00:00:00,90333.9,90392.9,85614.8,86498.1,669358.42
947,2025-12-01 08:00:00,86498.1,86945.0,83872.1,84578.8,505076.642
948,2025-12-01 16:00:00,84578.8,86792.2,84069.9,86274.4,516947.677
949,2025-12-02 00:00:00,86278.5,91308.0,82000.0,86971.7,292404.846
950,2025-12-02 08:00:00,86971.7,91120.9,86383.7,90852.7,402540.875
951,2025-12-02 16:00:00,90852.7,92207.7,90251.9,91273.0,388631.713
952,2025-12-03 00:00:00,91273.0,93877.5,90992.9,93257.0,343637.59
953,2025-12-03 08:00:00,93257.0,93570.5,91683.9,92326.7,337554.66
954,2025-12-03 16:00:00,92332.3,93961.7,91785.0,93389.7,363733.532
955,2025-12-04 00:00:00,93391.0,93989.0,92684.1,93340.1,299581.191
956,2025-12-04 08:00:00,93304.7,93572.7,91826.4,92985.5,338039.786
957,2025-12-04 16:00:00,92985.5,93066.3,90921.6,92079.9,356276.876
958,2025-12-05 00:00:00,92070.0,92630.1,91791.3,92186.0,212923.232
959,2025-12-05 08:00:00,92186.0,92186.0,86200.0,90370.3,406320.543
960,2025-12-05 16:00:00,90370.3,90416.6,88052.6,89290.6,441533.125
961,2025-12-06 00:00:00,89290.6,89727.5,89028.2,89545.2,181647.499
962,2025-12-06 08:00:00,89545.2,90230.0,89190.3,89701.6,194238.259
963,2025-12-06 16:00:00,89695.3,89922.2,88912.1,89179.3,178242.131
964,2025-12-07 00:00:00,89205.9,89742.3,89150.0,89346.6,201767.089
965,2025-12-07 08:00:00,89341.1,89530.6,87728.3,89513.2,356353.42
966,2025-12-07 16:00:00,89513.2,91651.9,88925.4,90345.4,571591.398
967,2025-12-08 00:00:00,90376.1,92000.0,89956.7,91476.0,449558.782
968,2025-12-08 08:00:00,91476.1,92500.0,89005.0,89927.9,505484.446
969,2025-12-08 16:00:00,89926.9,91753.3,89100.0,90595.7,546815.145
970,2025-12-09 00:00:00,90594.7,91600.0,89341.1,90437.6,363445.675
971,2025-12-09 08:00:00,90437.5,92798.6,89213.0,92625.3,460406.258
972,2025-12-09 16:00:00,92625.3,95500.0,89213.0,92638.4,479151.898
973,2025-12-10 00:00:00,92637.8,94200.0,90000.0,92682.0,273323.923
974,2025-12-10 08:00:00,92682.0,95500.0,91515.0,92009.0,349582.683
975,2025-12-10 16:00:00,92019.9,94850.0,90960.0,91960.4,667537.043
976,2025-12-11 00:00:00,91960.7,95000.6,89346.0,90212.3,412328.636
977,2025-12-11 08:00:00,90212.3,91611.0,89213.0,89896.1,500118.444
978,2025-12-11 16:00:00,89896.2,93600.0,89249.1,92436.9,1039835.713
979,2025-12-12 00:00:00,92294.2,93000.0,90250.0,92393.0,547303.994
980,2025-12-12 08:00:00,92393.0,93000.0,89797.8,89816.7,627713.03
981,2025-12-12 16:00:00,89816.6,92600.0,89482.8,90228.6,749049.049
982,2025-12-13 00:00:00,90228.7,90600.0,90000.0,90292.9,185305.341
983,2025-12-13 08:00:00,90332.0,91800.0,89841.9,90042.6,287256.968
984,2025-12-13 16:00:00,90042.6,92200.0,89761.6,90197.0,205086.011
985,2025-12-14 00:00:00,90197.0,90501.0,89800.0,90201.4,232381.126
986,2025-12-14 08:00:00,90223.1,91200.0,88100.0,89021.5,551771.711
987,2025-12-14 16:00:00,89021.5,89300.1,86000.0,88100.2,744244.098
988,2025-12-15 00:00:00,88101.1,90999.0,86000.0,89711.1,725946.981
989,2025-12-15 08:00:00,89711.1,90500.0,80600.0,87005.9,753853.98
990,2025-12-15 16:00:00,87005.9,88028.4,81111.0,86391.0,1082998.887
991,2025-12-16 00:00:00,86391.1,88187.5,85206.5,85991.8,706516.988
992,2025-12-16 08:00:00,85992.6,88200.0,85682.2,87946.7,1464280.558
993,2025-12-16 16:00:00,87945.3,89000.0,87034.5,87824.3,1340064.55
994,2025-12-17 00:00:00,87810.4,87886.0,86111.7,87011.3,1334978.219
995,2025-12-17 08:00:00,87011.3,90233.9,86105.6,87221.5,1421980.039
996,2025-12-17 16:00:00,87221.5,87719.5,85274.2,86139.7,1406573.499
997,2025-12-18 00:00:00,86137.8,86890.0,85860.1,86771.5,1087074.612
998,2025-12-18 08:00:00,86771.5,89378.2,86652.8,88488.3,1412763.062
999,2025-12-18 16:00:00,88488.3,88498.0,81234.0,85800.0,120041.197
1000,2025-12-19 00:00:00,86461.2,88336.1,85000.0,87910.6,650678.904
1001,2025-12-19 08:00:00,87909.3,89317.0,87575.1,87946.3,1636641.117
1002,2025-12-19 16:00:00,87925.7,88797.0,86767.3,88100.1,1704218.843
1003,2025-12-20 00:00:00,88100.0,88539.0,87875.0,88221.1,796539.109
1004,2025-12-20 08:00:00,88221.2,88382.3,87820.2,88140.5,899993.461
1005,2025-12-20 16:00:00,88140.5,88500.0,87820.2,88338.0,830427.967
1006,2025-12-21 00:00:00,88338.0,88539.0,87800.0,88107.1,695303.398
1007,2025-12-21 08:00:00,88107.1,89000.0,87522.6,88024.8,1230626.94
1008,2025-12-21 16:00:00,88024.8,88750.0,87919.4,88595.9,1190641.447
1009,2025-12-22 00:00:00,88595.9,89578.1,87934.1,89127.7,1483765.491
1010,2025-12-22 08:00:00,89131.5,90480.0,88100.0,89688.5,1348313.112
1011,2025-12-22 16:00:00,89680.6,90067.2,87888.8,88502.4,1618889.706
1012,2025-12-23 00:00:00,88497.3,88894.5,87066.7,87531.3,1339139.893
1013,2025-12-23 08:00:00,87531.3,88000.0,86526.9,87433.1,1254159.852
1014,2025-12-23 16:00:00,87433.2,88476.3,87000.0,87440.0,1512805.722
1015,2025-12-24 00:00:00,87438.1,88138.0,86700.0,86908.9,1383869.376
1016,2025-12-24 08:00:00,86908.9,87600.0,86200.0,87011.7,1310673.646
1017,2025-12-24 16:00:00,87011.7,90329.9,86913.0,87627.1,877666.692
1018,2025-12-25 00:00:00,87627.1,87887.0,87400.0,87795.9,845355.219
1019,2025-12-25 08:00:00,87795.9,88503.6,87000.7,88288.1,997024.786
1020,2025-12-25 16:00:00,88283.6,88420.1,86930.6,87214.5,939601.786
1021,2025-12-26 00:00:00,87214.5,90000.0,86868.7,88411.8,1405677.983
1022,2025-12-26 08:00:00,88411.8,89100.0,86653.2,87100.0,1308253.699
1023,2025-12-26 16:00:00,87092.6,88700.0,86700.0,87327.0,1272811.76
1024,2025-12-27 00:00:00,87326.9,87703.7,87165.2,87491.0,453667.021
1025,2025-12-27 08:00:00,87491.0,87700.0,87200.0,87512.5,620977.923
1026,2025-12-27 16:00:00,87512.5,87898.5,86573.7,87823.1,682561.767
1027,2025-12-28 00:00:00,87823.1,87899.6,87589.0,87697.6,861432.8
1028,2025-12-28 08:00:00,87697.5,88058.0,87589.0,87797.7,612394.99
1029,2025-12-28 16:00:00,87805.6,88025.1,87000.0,87879.9,806312.919
1030,2025-12-29 00:00:00,87879.9,90329.9,85555.0,89583.0,1398717.835
1031,2025-12-29 08:00:00,89609.2,89806.4,86777.8,87668.2,1463297.542
1032,2025-12-29 16:00:00,87703.5,87978.0,86972.9,87214.0,1118664.263
1033,2025-12-30 00:00:00,87214.0,87607.0,86666.0,87457.6,1066578.648
1034,2025-12-30 08:00:00,87457.5,89098.1,87400.0,88919.7,1176548.35
1035,2025-12-30 16:00:00,88919.6,89296.2,87750.0,88472.1,1154998.269
1036,2025-12-31 00:00:00,88472.1,90338.1,87250.0,88567.4,693349.53
1037,2025-12-31 08:00:00,88567.4,89255.0,87500.0,87905.9,948650.024
1038,2025-12-31 16:00:00,87907.2,88200.0,87263.0,87608.4,1051519.711
1039,2026-01-01 00:00:00,87608.4,88100.0,87539.0,87635.2,597411.802
1040,2026-01-01 08:00:00,87635.2,88036.7,87000.0,87986.8,521860.107
1041,2026-01-01 16:00:00,87986.9,88878.1,87848.3,88804.7,934430.494
1042,2026-01-02 00:00:00,88804.7,89100.0,88370.5,88838.1,1083729.687
1043,2026-01-02 08:00:00,88845.0,90048.8,88476.5,89373.0,1639484.918
1044,2026-01-02 16:00:00,89373.0,90893.1,87000.0,89951.4,1679742.509
1045,2026-01-03 00:00:00,89951.4,90678.0,89153.7,89535.9,1084631.94
1046,2026-01-03 08:00:00,89535.9,92345.0,89330.0,89927.1,835671.924
1047,2026-01-03 16:00:00,89927.1,91000.0,89800.0,90595.8,766855.237
1048,2026-01-04 00:00:00,90655.3,91750.0,87400.0,91482.6,1141932.78
1049,2026-01-04 08:00:00,91482.6,91722.5,90850.0,91292.7,967170.02
1050,2026-01-04 16:00:00,91292.7,91490.9,90840.0,91490.9,908062.238
1051,2026-01-05 00:00:00,91490.9,93274.8,88025.0,92492.2,1402973.446
1052,2026-01-05 08:00:00,92451.8,93925.0,92273.1,93906.3,1390936.077
1053,2026-01-05 16:00:00,93906.3,94850.0,93229.4,93822.4,1297521.61
1054,2026-01-06 00:00:00,93822.4,94155.3,93000.0,93207.4,1044811.616
1055,2026-01-06 08:00:00,93214.3,94500.0,93030.0,93568.6,1409921.526
1056,2026-01-06 16:00:00,93568.6,94150.0,91100.0,93708.1,1858418.254
1057,2026-01-07 00:00:00,93725.0,93725.0,92207.0,92744.7,778684.563
1058,2026-01-07 08:00:00,92381.1,92990.3,85122.4,85122.4,26424.022
1059,2026-01-07 16:00:00,89235.4,118244.8,85222.0,91000.0,27212.287
1060,2026-01-08 00:00:00,91328.1,105000.0,88000.0,90500.0,28689.15
1061,2026-01-08 08:00:00,90476.8,98500.0,89158.5,90835.8,690564.974
1062,2026-01-08 16:00:00,90775.5,91515.5,89800.0,91060.3,973759.013
1063,2026-01-09 00:00:00,91061.5,91500.0,90569.0,90797.3,878534.384
1064,2026-01-09 08:00:00,90741.1,91949.4,89686.2,91085.5,1512199.445
1065,2026-01-09 16:00:00,91085.5,91805.2,90000.0,90583.6,1350558.197
1066,2026-01-10 00:00:00,90583.6,90902.0,89832.6,90627.1,779789.675
1067,2026-01-10 08:00:00,90627.1,90790.2,90499.9,90622.7,564619.58
1068,2026-01-10 16:00:00,90622.0,90722.9,90300.0,90469.7,747795.87
1069,2026-01-11 00:00:00,90470.1,91050.0,90337.7,90663.9,539249.745
1070,2026-01-11 08:00:00,90663.9,91093.5,90600.0,90834.1,721805.378
1071,2026-01-11 16:00:00,90834.2,91300.0,90200.0,90930.7,407613.743
1072,2026-01-12 00:00:00,90913.5,92500.0,90517.6,91370.1,1213580.614
1073,2026-01-12 08:00:00,91370.1,91642.2,90117.3,91584.3,1558072.454
1074,2026-01-12 16:00:00,91584.3,92400.0,90822.2,91252.5,1529355.296
1075,2026-01-13 00:00:00,91252.6,92220.0,91036.9,91917.1,1225424.798
1076,2026-01-13 08:00:00,91917.1,93345.1,91781.5,93345.1,1478762.984
1077,2026-01-13 16:00:00,93343.2,96569.1,93000.0,95369.7,1584259.045
1078,2026-01-14 00:00:00,95363.1,95800.0,94580.0,95169.6,1367106.786
1079,2026-01-14 08:00:00,95169.6,97190.0,93076.4,96680.3,1409849.797
1080,2026-01-14 16:00:00,96681.1,97888.0,96262.2,96908.0,1741200.81
1081,2026-01-15 00:00:00,96891.3,97100.0,95361.1,96560.7,1381160.117
1082,2026-01-15 08:00:00,96560.7,97200.0,95345.7,96652.6,1504223.454
1083,2026-01-15 16:00:00,96683.8,97159.0,95080.1,95561.0,1479815.401
1084,2026-01-16 00:00:00,95543.6,95770.1,95000.0,95608.2,938646.981
1085,2026-01-16 08:00:00,95608.3,95799.9,94263.0,94571.7,1004855.804
1086,2026-01-16 16:00:00,94571.8,95799.9,94369.5,95503.7,1298769.862
1087,2026-01-17 00:00:00,95503.7,95801.8,95000.0,95061.1,591714.295
1088,2026-01-17 08:00:00,95046.9,95801.8,94925.3,95526.9,1094026.186
1089,2026-01-17 16:00:00,95526.9,95526.9,94642.0,95106.9,487479.257
1090,2026-01-18 00:00:00,95106.9,95359.5,94642.0,95001.7,694015.642
1091,2026-01-18 08:00:00,95014.7,95362.5,94871.1,95059.8,932127.058
1092,2026-01-18 16:00:00,95057.8,95800.0,93521.0,93600.1,883149.105
1093,2026-01-19 00:00:00,93600.0,93852.8,92000.0,92787.9,1397453.903
1094,2026-01-19 08:00:00,92787.9,93811.0,92500.0,93030.3,1127721.258
1095,2026-01-19 16:00:00,93030.3,93500.0,92103.5,92589.7,1018270.325
1096,2026-01-20 00:00:00,92589.7,92978.3,90748.6,90949.9,1402352.589
1097,2026-01-20 08:00:00,91132.3,91430.0,89800.0,90631.8,1487905.425
1098,2026-01-20 16:00:00,90629.6,90960.0,87927.5,88390.6,1627639.169
1099,2026-01-21 00:00:00,88400.6,90104.6,88287.9,89131.5,1360319.799
1100,2026-01-21 08:00:00,89127.7,90500.0,88180.6,90243.2,1442660.886
1101,2026-01-21 16:00:00,90243.2,90531.8,87000.0,89415.7,1752734.793
1102,2026-01-22 00:00:00,89415.7,90392.5,88000.0,89764.3,904889.434
1103,2026-01-22 08:00:00,89764.3,90379.1,88432.0,88982.3,991422.525
1104,2026-01-22 16:00:00,88982.3,90150.0,88548.9,89517.6,1638306.468
1105,2026-01-23 00:00:00,89511.1,90028.5,89124.0,89526.7,789307.581
1106,2026-01-23 08:00:00,89526.7,89790.7,88569.3,89703.1,993492.865
1107,2026-01-23 16:00:00,89703.1,91805.0,89220.0,89565.2,1033129.793
1108,2026-01-24 00:00:00,89565.2,89893.7,89384.7,89611.5,228503.882
1109,2026-01-24 08:00:00,89611.5,89659.1,81111.0,89235.0,159327.223
1110,2026-01-24 16:00:00,89238.1,89428.5,89136.7,89180.8,254067.652
1111,2026-01-25 00:00:00,89179.5,89280.4,85555.0,88630.3,354324.222
1112,2026-01-25 08:00:00,88630.3,88925.7,88167.1,88404.2,453444.658
1113,2026-01-25 16:00:00,88404.3,88409.9,86039.9,86627.6,1344152.057
1114,2026-01-26 00:00:00,86627.6,89472.0,86463.3,87964.1,1191269.447
1115,2026-01-26 08:00:00,87964.1,89474.6,87312.7,87609.5,1030368.899
1116,2026-01-26 16:00:00,87609.5,88619.3,86990.0,88346.5,1200219.673
1117,2026-01-27 00:00:00,88346.5,88883.4,82555.0,88284.6,696798.923
1118,2026-01-27 08:00:00,88284.6,88356.0,87582.4,88009.1,751148.832
1119,2026-01-27 16:00:00,88011.0,89479.3,84000.0,89200.0,1144237.31
1120,2026-01-28 00:00:00,89200.0,89481.1,88809.4,89122.2,698514.647
1121,2026-01-28 08:00:00,89122.2,92004.7,85000.0,89443.0,1014563.675
1122,2026-01-28 16:00:00,89443.0,91550.0,88855.2,89261.7,1154882.926
1123,2026-01-29 00:00:00,89190.1,89291.3,85000.0,88280.2,668015.11
1124,2026-01-29 08:00:00,88280.2,91000.0,84365.5,84885.3,1019999.319
1125,2026-01-29 16:00:00,84885.3,85573.4,83344.4,84654.0,1413878.001
1126,2026-01-30 00:00:00,84654.0,86000.0,80100.0,82802.5,1556543.953
1127,2026-01-30 08:00:00,82800.7,87500.0,81800.0,82854.4,1428638.662
1128,2026-01-30 16:00:00,82850.6,84519.1,81881.4,84212.0,1718264.049
1129,2026-01-31 00:00:00,84212.0,84237.1,81100.0,83500.1,425089.29
1130,2026-01-31 08:00:00,83501.0,87500.0,80904.7,81302.4,1226703.602
1131,2026-01-31 16:00:00,81302.4,81853.5,76785.7,78733.1,2462133.679
1132,2026-02-01 00:00:00,78733.1,79346.8,77983.9,78318.1,1286579.919
1133,2026-02-01 08:00:00,78318.1,79180.2,76850.1,77566.5,1456037.492
1134,2026-02-01 16:00:00,77545.5,78275.6,75700.1,76931.5,2173265.101
1135,2026-02-02 00:00:00,76931.5,78018.9,74592.6,76625.5,2658915.007
1136,2026-02-02 08:00:00,76655.3,86800.0,74585.0,78791.5,1966533.584
1137,2026-02-02 16:00:00,78791.6,79205.3,77700.0,78692.5,1479859.67
1138,2026-02-03 00:00:00,78692.4,84000.0,77681.8,78684.8,1417370.257
1139,2026-02-03 08:00:00,78680.8,78989.0,77064.5,78103.3,1636531.983
1140,2026-02-03 16:00:00,78099.8,79128.0,72956.9,75724.9,2553347.947
1141,2026-02-04 00:00:00,75724.9,76849.5,75458.7,76482.7,1348304.137
1142,2026-02-04 08:00:00,76470.9,76551.9,73819.0,74088.1,1811525.697
1143,2026-02-04 16:00:00,74088.1,74149.4,71945.5,73148.9,2811013.455
1144,2026-02-05 00:00:00,73148.4,73287.3,70134.0,70697.8,2061705.32
1145,2026-02-05 08:00:00,70696.1,71860.8,65510.2,67455.0,2786517.907
1146,2026-02-05 16:00:00,67455.0,73288.0,45119.9,62878.9,4784930.358
1147,2026-02-06 00:00:00,62880.2,66730.6,59000.0,64782.6,3598693.67
1148,2026-02-06 08:00:00,64784.1,69038.1,64474.9,68551.0,3009159.275
1149,2026-02-06 16:00:00,68551.0,71683.7,66000.0,70520.7,2783632.997
1150,2026-02-07 00:00:00,70524.0,71570.4,67358.7,68068.0,1847101.346
1151,2026-02-07 08:00:00,68070.1,71500.0,67000.0,69110.7,2319870.784
1152,2026-02-07 16:00:00,69108.0,73000.0,66700.0,69286.4,2859812.778
1153,2026-02-08 00:00:00,69286.4,69657.8,64309.1,69642.6,2661812.353
1154,2026-02-08 08:00:00,69642.7,74841.7,68000.0,71078.1,2451725.512
1155,2026-02-08 16:00:00,71090.4,72208.7,70007.7,70325.7,3226981.666
1156,2026-02-09 00:00:00,70327.0,71375.4,70000.0,70396.7,3123363.348
1157,2026-02-09 08:00:00,70396.7,70554.0,65000.0,69504.3,3402787.285
1158,2026-02-09 16:00:00,69506.0,71049.6,65100.0,70100.1,2427779.964
1159,2026-02-10 00:00:00,70081.9,72900.0,66000.0,68894.0,1544794.728
1160,2026-02-10 08:00:00,68894.0,72000.0,66000.0,69251.6,1251944.545
1161,2026-02-10 16:00:00,69251.5,69912.0,68347.4,68804.5,1039731.148
1162,2026-02-11 00:00:00,68804.5,69238.4,66568.5,67015.8,1020987.218
1163,2026-02-11 08:00:00,67015.7,71500.0,65000.0,66497.1,1362898.778
1164,2026-02-11 16:00:00,66496.7,68230.1,65200.0,67011.5,1437857.043
1165,2026-02-12 00:00:00,67011.5,67995.0,66653.1,67181.5,1009853.061
1166,2026-02-12 08:00:00,67184.3,68319.3,66892.4,67051.0,1214902.72
1167,2026-02-12 16:00:00,67051.0,67392.3,63000.0,66266.6,1454831.011
1168,2026-02-13 00:00:00,66263.9,66819.9,65862.0,66181.8,999512.605
1169,2026-02-13 08:00:00,66183.2,69213.0,66140.4,68620.0,1152847.168
1170,2026-02-13 16:00:00,68619.8,69315.0,63830.0,68869.4,1000857.71
1171,2026-02-14 00:00:00,68874.8,69287.1,68730.0,69182.1,362915.915
1172,2026-02-14 08:00:00,69188.2,70444.6,68730.0,69722.9,815756.744
1173,2026-02-14 16:00:00,69722.9,71500.0,66292.0,69771.0,667188.18
1174,2026-02-15 00:00:00,69777.3,70823.4,67500.0,70746.9,750814.144
1175,2026-02-15 08:00:00,70746.9,70889.4,66292.0,69042.3,787821.66
1176,2026-02-15 16:00:00,69042.3,70850.0,67000.0,68793.3,936539.846
1177,2026-02-16 00:00:00,68793.3,70402.1,68140.1,68545.5,808818.664
1178,2026-02-16 08:00:00,68517.6,70004.2,67295.5,67511.6,894371.621
1179,2026-02-16 16:00:00,67511.7,68947.2,67300.0,68860.3,905112.134
1180,2026-02-17 00:00:00,68860.2,74850.8,67909.2,68350.6,866163.001
1181,2026-02-17 08:00:00,68350.2,70000.0,66300.0,67335.6,1021957.371
1182,2026-02-17 16:00:00,67346.6,68156.7,66928.9,67475.9,1014506.279
1183,2026-02-18 00:00:00,67474.1,68157.8,66884.7,68101.6,780484.533
1184,2026-02-18 08:00:00,68129.8,68421.0,66310.0,67671.8,834426.968
1185,2026-02-18 16:00:00,67671.9,67675.5,65852.7,66412.5,979677.613
1186,2026-02-19 00:00:00,66436.0,67242.9,64500.0,67176.0,697838.849
1187,2026-02-19 08:00:00,67176.1,67176.1,59927.2,66373.8,1009518.941
1188,2026-02-19 16:00:00,66372.0,67127.3,65904.3,66956.8,963450.835
1189,2026-02-20 00:00:00,66956.8,68000.0,64230.0,67785.4,655161.923
1190,2026-02-20 08:00:00,67785.4,71500.0,63000.0,67509.9,961351.499
1191,2026-02-20 16:00:00,67509.9,68180.2,66968.3,67990.2,1007703.987
1192,2026-02-21 00:00:00,67996.0,68052.4,67523.1,67808.9,325987.561
1193,2026-02-21 08:00:00,67806.5,68640.5,65000.0,68588.2,418144.968
1194,2026-02-21 16:00:00,68574.1,70662.0,63435.4,67946.9,468035.326
1195,2026-02-22 00:00:00,67946.9,68169.2,67700.0,67980.8,393299.646
1196,2026-02-22 08:00:00,67980.8,68200.0,66000.0,67673.2,1691687.113
1197,2026-02-22 16:00:00,67673.2,67794.0,63800.0,67642.4,6265680.732
1198,2026-02-23 00:00:00,67642.4,67649.8,56452.3,65915.8,1990822.994
1199,2026-02-23 08:00:00,65922.9,66469.7,65529.4,65656.3,777597.147
1200,2026-02-23 16:00:00,65656.3,66000.0,63902.9,64631.6,1243556.141
1201,2026-02-24 00:00:00,64636.7,64958.6,62696.1,63137.3,1179835.665
1202,2026-02-24 08:00:00,63135.2,64092.2,62632.5,63937.5,1051197.411
1203,2026-02-24 16:00:00,63937.5,64668.2,63600.0,64020.2,953595.252
1204,2026-02-25 00:00:00,64020.2,66262.0,63907.6,65001.2,1362229.51
1205,2026-02-25 08:00:00,65001.2,67512.4,64936.2,67286.4,1637725.112
1206,2026-02-25 16:00:00,67286.4,69907.2,67278.5,67951.9,2191762.015
1207,2026-02-26 00:00:00,67951.9,72000.0,67705.8,67805.6,1526637.781
1208,2026-02-26 08:00:00,67805.7,69999.0,65200.0,67338.3,1710777.046
1209,2026-02-26 16:00:00,67337.4,67777.5,66500.0,67448.2,1461879.969
1210,2026-02-27 00:00:00,67448.2,68127.4,66870.1,67661.4,1454494.508
1211,2026-02-27 08:00:00,67661.4,68079.9,65648.5,66073.7,2099976.928
1212,2026-02-27 16:00:00,66082.9,66085.4,65000.0,65825.1,1472205.954
1213,2026-02-28 00:00:00,65825.1,65969.4,63048.4,63818.1,1256875.758
1214,2026-02-28 08:00:00,63818.1,68000.0,62600.0,64815.6,1898273.359
1215,2026-02-28 16:00:00,64815.6,67578.0,63800.0,66955.0,1735044.032
1216,2026-03-01 00:00:00,66955.0,68115.4,66059.3,67088.0,1736492.749
1217,2026-03-01 08:00:00,67080.7,67999.0,65250.0,66796.7,1608208.241
1218,2026-03-01 16:00:00,66796.7,67042.7,65061.0,65726.8,1770581.684
1219,2026-03-02 00:00:00,65726.8,66995.3,65529.3,65947.2,1654752.317
1220,2026-03-02 08:00:00,65942.6,69500.0,65290.4,69089.1,1287174.506
1221,2026-03-02 16:00:00,69090.9,69931.7,65189.6,68756.7,1109464.219
1222,2026-03-03 00:00:00,68768.0,69300.0,67802.7,68150.0,874003.782
1223,2026-03-03 08:00:00,68197.3,69700.0,66000.0,67704.7,1292194.537
1224,2026-03-03 16:00:00,67704.7,68913.3,67463.1,68264.0,1152727.269
1225,2026-03-04 00:00:00,68230.9,71000.0,66000.0,69506.2,1042431.232
1226,2026-03-04 08:00:00,69480.4,73377.7,66130.0,73377.5,1072825.42
1227,2026-03-04 16:00:00,73377.5,73957.5,68000.0,72701.3,1072556.18
1228,2026-03-05 00:00:00,72704.7,73176.8,71052.3,72020.1,930878.004
1229,2026-03-05 08:00:00,72015.2,75300.0,71173.8,71576.6,1153044.585
1230,2026-03-05 16:00:00,71576.6,71576.6,70635.0,70850.1,888707.389
1231,2026-03-06 00:00:00,70850.2,76055.2,66500.0,71043.9,951705.5
1232,2026-03-06 08:00:00,71043.9,74000.0,68240.8,68493.0,782322.781
1233,2026-03-06 16:00:00,68493.0,68693.6,67734.7,68090.8,751111.759
1234,2026-03-07 00:00:00,68094.5,68431.3,67449.7,67808.1,408105.897
1235,2026-03-07 08:00:00,67808.3,68169.6,67572.5,67860.3,393163.61
1236,2026-03-07 16:00:00,67860.3,67879.8,66977.0,67223.1,446909.076
1237,2026-03-08 00:00:00,67228.6,67418.5,66582.1,67240.8,531744.178
1238,2026-03-08 08:00:00,67244.1,68153.9,66842.5,67174.8,617094.215
1239,2026-03-08 16:00:00,67174.7,67488.3,65500.0,65934.4,690067.501
1240,2026-03-09 00:00:00,65933.9,68036.4,65222.0,67452.3,900760.837
1241,2026-03-09 08:00:00,67475.6,70621.0,65555.0,68854.6,956945.366
1242,2026-03-09 16:00:00,68854.6,69404.0,68238.9,68350.9,704482.39
1243,2026-03-10 00:00:00,68364.9,70502.6,68350.9,70310.0,782526.582
1244,2026-03-10 08:00:00,70318.6,72002.0,68948.0,71200.0,81022.519
1245,2026-03-10 16:00:00,71170.3,71800.0,68100.0,69415.8,36768.117
1246,2026-03-11 00:00:00,69647.4,73000.0,66000.0,69500.4,238699.153
1247,2026-03-11 08:00:00,69611.6,71400.0,68765.6,70186.9,198913.601
1248,2026-03-11 16:00:00,70297.3,71400.0,70140.7,70160.6,500650.113
1249,2026-03-12 00:00:00,70160.6,70331.9,69236.2,69783.4,428135.69
1250,2026-03-12 08:00:00,69783.4,70709.4,69397.1,70292.6,685194.342
1251,2026-03-12 16:00:00,70306.8,70514.8,69748.0,70464.9,603198.048
1252,2026-03-13 00:00:00,70461.3,72000.0,70379.9,71244.9,506438.993
1253,2026-03-13 08:00:00,71234.1,74000.0,71223.0,71835.3,668502.245
1254,2026-03-13 16:00:00,71835.3,72072.5,70612.5,70897.5,580836.798
1255,2026-03-14 00:00:00,70897.5,71236.2,70481.9,70571.0,448631.119
1256,2026-03-14 08:00:00,70571.2,70913.6,70393.9,70569.2,385719.721
1257,2026-03-14 16:00:00,70565.0,71183.0,70476.8,71181.0,320291.844
1258,2026-03-15 00:00:00,71181.0,71638.8,70867.7,71400.0,407097.918
1259,2026-03-15 08:00:00,71399.3,71866.0,71329.6,71476.3,445899.357
1260,2026-03-15 16:00:00,71476.3,73000.0,71331.1,72780.3,583763.443
1261,2026-03-16 00:00:00,72782.0,74152.9,72280.2,73443.9,656212.59
1262,2026-03-16 08:00:00,73469.3,74326.5,72952.5,73305.3,648797.649
1263,2026-03-16 16:00:00,73305.3,75000.0,73170.5,74831.9,595894.027
1264,2026-03-17 00:00:00,74831.9,76000.0,73868.3,74243.0,645566.891
1265,2026-03-17 08:00:00,74243.5,74432.3,73500.1,73896.0,668870.38
1266,2026-03-17 16:00:00,73896.0,74745.8,73871.9,73888.8,551690.543
1267,2026-03-18 00:00:00,73888.8,74519.7,73564.0,73850.3,458359.41
1268,2026-03-18 08:00:00,73855.4,74212.3,71109.1,71469.4,688524.725
1269,2026-03-18 16:00:00,71469.4,71869.1,70671.3,71212.3,618859.79
1270,2026-03-19 00:00:00,71245.1,71479.2,69760.7,70200.1,639786.88
1271,2026-03-19 08:00:00,70200.1,70477.3,68400.0,69411.3,713581.806
1272,2026-03-19 16:00:00,69411.7,70646.8,69173.0,69880.9,637682.538
1273,2026-03-20 00:00:00,69880.9,70909.4,69826.0,70812.0,577140.294
1274,2026-03-20 08:00:00,70812.0,71200.0,69586.1,69933.5,613038.579
1275,2026-03-20 16:00:00,69933.6,70818.2,69545.3,70472.7,630086.591
1276,2026-03-21 00:00:00,70472.7,70861.7,70445.2,70680.1,356478.662
1277,2026-03-21 08:00:00,70713.5,70976.0,70491.0,70619.9,318038.462
1278,2026-03-21 16:00:00,70619.9,70625.8,69492.4,69879.6,347621.304
1279,2026-03-22 00:00:00,69984.6,70120.0,68395.5,68948.4,508719.76
1280,2026-03-22 08:00:00,68948.4,69170.0,68186.5,68792.6,573577.222
1281,2026-03-22 16:00:00,68792.6,68793.5,67334.9,67847.1,551860.138
1282,2026-03-23 00:00:00,67840.3,68804.3,67571.6,68330.0,705410.482
1283,2026-03-23 08:00:00,68335.2,71631.7,67925.2,70182.1,768841.424
1284,2026-03-23 16:00:00,70182.1,71093.3,70180.0,70879.4,570302.767
1285,2026-03-24 00:00:00,70879.4,71076.1,70138.6,71076.1,578835.05
1286,2026-03-24 08:00:00,71076.1,71300.2,69518.3,69846.5,673164.108
1287,2026-03-24 16:00:00,69846.6,70772.2,68962.4,70523.9,630695.892
1288,2026-03-25 00:00:00,70550.1,71250.0,70415.7,70888.0,551206.922
1289,2026-03-25 08:00:00,70888.0,71903.8,70620.5,70811.8,698499.737
1290,2026-03-25 16:00:00,70816.6,71830.6,70668.7,71294.6,598572.201
1291,2026-03-26 00:00:00,71299.9,71382.6,69922.0,70101.3,639208.145
1292,2026-03-26 08:00:00,70110.0,70110.0,68842.5,69060.7,688937.127
1293,2026-03-26 16:00:00,69060.7,69237.1,68210.1,68787.4,645505.027
1294,2026-03-27 00:00:00,68787.4,69076.6,68350.1,68526.8,632922.332
1295,2026-03-27 08:00:00,68526.8,68583.7,65708.7,66099.8,773894.955
1296,2026-03-27 16:00:00,66102.2,66347.2,65596.3,66310.2,626788.197
1297,2026-03-28 00:00:00,66310.2,66524.8,65943.5,66523.4,445671.641
1298,2026-03-28 08:00:00,66523.4,67315.8,66142.5,66937.9,501843.993
1299,2026-03-28 16:00:00,66949.7,67047.8,66326.6,66334.7,431078.855
1300,2026-03-29 00:00:00,66326.6,66974.6,66311.7,66636.6,499149.585
1301,2026-03-29 08:00:00,66636.6,66871.0,66404.0,66506.3,495585.731
1302,2026-03-29 16:00:00,66506.3,66669.0,65709.0,65967.0,627191.169
1303,2026-03-30 00:00:00,65966.0,67704.9,65837.0,67516.1,666122.0661
1304,2026-03-30 08:00:00,67515.6,67919.9,67186.7,67595.4,600905.3395
1305,2026-03-30 16:00:00,67579.7,67597.4,66278.3,66723.0,644158.7448
1306,2026-03-31 00:00:00,66723.0,68208.0,66557.8,67343.3,651336.6637
1307,2026-03-31 08:00:00,67342.6,67674.4,66074.9,66777.8,759635.6965
1308,2026-03-31 16:00:00,66777.8,68351.3,66777.8,68237.6,718339.9169
1309,2026-04-01 00:00:00,68237.6,69181.5,67580.6,68659.4,687271.884
1310,2026-04-01 08:00:00,68658.7,68866.6,67983.4,68851.8,608726.514
1311,2026-04-01 16:00:00,68851.8,68967.7,68001.1,68086.5,567250.5486
1312,2026-04-02 00:00:00,68077.5,68564.5,66228.0,66884.7,692718.6744
1313,2026-04-02 08:00:00,66884.6,66889.9,65806.4,66777.1,630291.2598
1314,2026-04-02 16:00:00,66773.8,67336.5,66644.1,66864.5,549015.3498
1315,2026-04-03 00:00:00,66864.4,67046.3,66305.3,66994.9,556762.6621
1316,2026-04-03 08:00:00,66994.9,67220.5,66533.7,66830.6,519992.571
1317,2026-04-03 16:00:00,66830.6,67016.4,66752.0,66915.6,308637.6668
1318,2026-04-04 00:00:00,66914.3,67004.0,66800.0,66982.0,159934.6887
1319,2026-04-04 08:00:00,66965.1,67410.7,66894.6,67305.7,287625.4381
1320,2026-04-04 16:00:00,67297.8,67458.2,67193.4,67249.4,248381.1867
1321,2026-04-05 00:00:00,67249.5,67252.1,66705.6,66787.5,304195.6175
1322,2026-04-05 08:00:00,66787.5,67406.3,66699.9,67288.6,322794.204
1323,2026-04-05 16:00:00,67288.8,69054.8,67167.7,68971.0,473375.2443
1324,2026-04-06 00:00:00,68971.0,69364.7,68777.1,69068.9,556758.8368
1325,2026-04-06 08:00:00,69068.9,70058.0,69053.8,69789.2,543684.0682
1326,2026-04-06 16:00:00,69808.9,70125.0,68495.2,68818.3,650986.2652
1327,2026-04-07 00:00:00,68809.1,68972.8,68350.7,68594.3,528284.0919
1328,2026-04-07 08:00:00,68594.5,69176.9,67761.0,68138.6,670882.6329
1329,2026-04-07 16:00:00,68138.2,72340.4,68103.6,71913.1,721858.7059
1330,2026-04-08 00:00:00,71916.1,72061.8,71249.8,71590.7,492937.2268
1331,2026-04-08 08:00:00,71595.0,72759.9,70828.2,71268.1,655262.4576
1332,2026-04-08 16:00:00,71268.2,71856.2,70954.5,71113.5,561601.8608
1333,2026-04-09 00:00:00,71113.6,71113.9,70516.5,70946.7,511134.054
1334,2026-04-09 08:00:00,70946.7,72182.0,70558.9,72106.6,636841.0832
1335,2026-04-09 16:00:00,72107.9,72755.3,71675.2,71736.4,652348.5497
1336,2026-04-10 00:00:00,71736.4,72317.8,71418.0,71461.1,522474.2768
1337,2026-04-10 08:00:00,71435.0,73070.5,71418.0,72478.6,582081.0824
1338,2026-04-10 16:00:00,72478.6,73372.3,72407.2,72906.5,511709.1959
1339,2026-04-11 00:00:00,72906.5,73033.1,72602.2,72672.9,383109.5569
1340,2026-04-11 08:00:00,72672.9,72914.3,72572.4,72790.6,357754.1212
1341,2026-04-11 16:00:00,72789.3,73649.8,72787.3,73013.5,508638.2663
1342,2026-04-12 00:00:00,73006.8,73073.0,71421.3,71663.3,571469.558
1343,2026-04-12 08:00:00,71663.4,71717.3,70666.0,70856.3,490072.7345
1344,2026-04-12 16:00:00,70884.8,71309.2,70558.9,70709.3,529980.1897
1345,2026-04-13 00:00:00,70709.3,71306.9,70600.2,70780.0,522552.8542
1346,2026-04-13 08:00:00,70746.4,72300.0,70570.0,71818.5,627194.9921
1347,2026-04-13 16:00:00,71818.5,74734.4,71731.7,74443.3,641589.436
1348,2026-04-14 00:00:00,74485.8,74737.0,74103.3,74506.7,468569.7743
1349,2026-04-14 08:00:00,74499.3,75853.0,74270.4,75288.5,597085.2775
1350,2026-04-14 16:00:00,75288.5,75601.2,73875.9,74132.4,635792.1126
1351,2026-04-15 00:00:00,74132.4,74656.4,73573.8,73705.1,509042.7793
1352,2026-04-15 08:00:00,73700.5,74378.4,73685.2,73776.4,596942.0824
1353,2026-04-15 16:00:00,73791.5,75203.9,73776.3,74726.5,559646.1405
1354,2026-04-16 00:00:00,74726.5,75087.2,74517.1,74658.3,491715.3031
1355,2026-04-16 08:00:00,74638.9,74943.4,73570.7,74628.4,579021.1895
1356,2026-04-16 16:00:00,74628.4,75370.2,74010.2,75097.1,573397.9672
1357,2026-04-17 00:00:00,75097.1,75105.0,74564.7,74995.7,470181.3322
1358,2026-04-17 08:00:00,74987.3,84000.0,74951.2,77726.4,653635.7587
1359,2026-04-17 16:00:00,77736.4,83000.0,77003.4,77087.6,569836.6218
1360,2026-04-18 00:00:00,77087.6,77339.2,76865.9,76946.2,374922.7517
1361,2026-04-18 08:00:00,76942.2,76955.9,75741.9,76139.3,546593.4534
1362,2026-04-18 16:00:00,76124.9,76200.7,75486.9,75725.3,417673.0719
1363,2026-04-19 00:00:00,75725.3,75736.2,74965.7,75205.6,507894.3336
1364,2026-04-19 08:00:00,75198.5,76050.0,74933.4,75757.0,516309.3168
1365,2026-04-19 16:00:00,75756.9,75777.3,73793.0,73802.2,675878.1568
1366,2026-04-20 00:00:00,73802.2,75164.7,73796.7,74730.1,538143.7724
1367,2026-04-20 08:00:00,74762.7,75643.9,74658.7,75640.5,605995.376
1368,2026-04-20 16:00:00,75623.9,76440.0,75288.2,75805.0,515233.167
1369,2026-04-21 00:00:00,75805.0,76162.8,75468.8,76050.1,294927.4004
1370,2026-04-21 08:00:00,75940.6,76569.3,75579.5,75784.7,373877.9664
1371,2026-04-21 16:00:00,75786.2,76456.0,74938.2,76283.9,602612.4585
1372,2026-04-22 00:00:00,76283.8,80000.0,76123.3,77959.5,479101.297
1373,2026-04-22 08:00:00,77959.5,79900.0,77920.1,79275.0,459190.6192
1374,2026-04-22 16:00:00,79275.0,79349.0,78156.8,78156.8,503243.2587
1375,2026-04-23 00:00:00,78156.8,78422.6,77512.3,77974.3,514721.577
1376,2026-04-23 08:00:00,77979.1,78486.9,77220.0,78345.6,607868.105
1377,2026-04-23 16:00:00,78345.6,78442.5,77445.0,78219.6,605872.6393
1378,2026-04-24 00:00:00,78220.8,78484.1,77522.2,77664.8,611230.0234
1379,2026-04-24 08:00:00,77664.8,78363.4,77439.9,77860.5,685051.1456
1380,2026-04-24 16:00:00,77775.4,78021.4,77273.3,77367.4,492242.5842
1381,2026-04-25 00:00:00,77363.6,77642.7,77287.6,77496.2,247492.6485
1382,2026-04-25 08:00:00,77496.2,77777.0,77448.1,77448.1,357118.194
1383,2026-04-25 16:00:00,77448.1,77669.9,77199.8,77544.9,283797.8556
1384,2026-04-26 00:00:00,77544.9,78104.5,77315.9,77928.8,453700.8337
1385,2026-04-26 08:00:00,77960.7,78084.2,77776.0,78002.6,371723.5471
1386,2026-04-26 16:00:00,77992.2,78778.5,77874.9,78300.1,620326.1174
1387,2026-04-27 00:00:00,78778.5,79350.0,77549.5,77669.1,792018.7255
1388,2026-04-27 08:00:00,77644.6,78140.9,76713.8,76766.3,559438.0205
1389,2026-04-27 16:00:00,76791.1,77378.1,76546.5,77331.1,468457.9243
1390,2026-04-28 00:00:00,77330.2,77429.3,76533.8,76829.5,508118.8627
1391,2026-04-28 08:00:00,76829.5,76930.5,75726.3,76022.5,517978.2666
1392,2026-04-28 16:00:00,76022.5,76440.0,75886.9,76278.7,347528.2143
1393,2026-04-29 00:00:00,76278.7,77301.2,76152.0,76999.2,479182.9975
1394,2026-04-29 08:00:00,76999.2,77750.0,76920.9,77360.0,194303.0621
1395,2026-04-29 16:00:00,77223.8,77638.8,74972.7,75755.3,576854.5447
1396,2026-04-30 00:00:00,75755.3,76387.0,75388.3,76092.5,555959.4796
1397,2026-04-30 08:00:00,76100.0,76525.5,75904.7,76459.7,492891.8291
1398,2026-04-30 16:00:00,76481.1,76499.9,76103.0,76286.5,453619.279
1399,2026-05-01 00:00:00,76286.5,77750.7,76286.3,77099.9,451799.8638
1400,2026-05-01 08:00:00,77100.7,78702.7,77026.8,78373.1,496222.7292
1401,2026-05-01 16:00:00,78348.8,78617.7,77841.8,78187.6,463140.2175
1402,2026-05-02 00:00:00,78187.5,78430.0,78009.2,78170.1,310893.2091
1403,2026-05-02 08:00:00,78170.1,78437.0,78079.8,78418.9,219779.6689
1404,2026-05-02 16:00:00,78418.9,78820.2,78277.1,78643.2,289149.5095
1405,2026-05-03 00:00:00,78623.5,78690.0,78041.0,78315.5,317984.0426
1406,2026-05-03 08:00:00,78315.4,78826.1,78315.4,78625.2,264544.3632
1407,2026-05-03 16:00:00,78623.7,79295.0,78536.9,78575.0,369374.284
1408,2026-05-04 00:00:00,78575.0,80500.0,78312.9,79712.8,532880.7296
1409,2026-05-04 08:00:00,79716.8,80347.2,78312.9,79929.8,604335.5153
1410,2026-05-04 16:00:00,79929.8,80476.2,79608.6,79808.2,510877.3779
1411,2026-05-05 00:00:00,79801.8,82000.0,79774.2,80833.2,485207.9155
1412,2026-05-05 08:00:00,80833.2,82000.0,80513.5,81516.9,434154.792
1413,2026-05-05 16:00:00,81502.5,81815.0,80784.8,80874.5,496157.3357
1414,2026-05-06 00:00:00,80874.5,81619.9,80800.0,81314.2,425871.3203
1415,2026-05-06 08:00:00,81314.2,82800.0,81198.6,81682.7,569531.1078
1416,2026-05-06 16:00:00,81687.9,81773.6,81100.0,81390.0,461409.6305
1417,2026-05-07 00:00:00,81385.4,81629.0,80774.9,81435.4,445297.3492
1418,2026-05-07 08:00:00,81434.8,81522.0,79775.9,79900.0,527699.8739
1419,2026-05-07 16:00:00,79900.0,80197.1,79579.1,79989.0,487968.7965
1420,2026-05-08 00:00:00,79989.0,80079.0,79252.6,79622.8,446475.7353
1421,2026-05-08 08:00:00,79622.8,80359.3,79564.0,80102.1,472416.346
1422,2026-05-08 16:00:00,80102.1,80359.3,79745.8,80109.7,365528.2051
1423,2026-05-09 00:00:00,80109.7,80542.0,80088.7,80182.6,285062.5863
1424,2026-05-09 08:00:00,80182.6,80476.9,80124.8,80476.9,283432.911
1425,2026-05-09 16:00:00,80476.9,81011.1,80466.3,80659.3,261861.2251
1426,2026-05-10 00:00:00,80659.3,80799.7,80526.6,80714.0,180241.8421
1427,2026-05-10 08:00:00,80720.1,81389.9,80667.5,81383.5,291539.3986
1428,2026-05-10 16:00:00,81383.5,82379.9,80528.3,82175.7,540166.1949
1429,2026-05-11 00:00:00,82175.7,82260.3,80520.3,80701.4,446100.2696
1430,2026-05-11 08:00:00,80695.7,81344.4,80622.0,81344.4,496770.5475
1431,2026-05-11 16:00:00,81344.4,82081.4,81315.8,81699.0,472375.8197
1432,2026-05-12 00:00:00,81699.0,81722.8,80720.1,80890.2,362356.4363
1433,2026-05-12 08:00:00,80890.2,80939.0,80193.9,80332.6,480533.7672
1434,2026-05-12 16:00:00,80346.5,80796.2,79983.9,80461.0,396890.9339
1435,2026-05-13 00:00:00,80482.9,81234.4,80394.2,80981.9,353726.6901
1436,2026-05-13 08:00:00,80981.9,81244.0,78925.9,78925.9,555003.4035
1437,2026-05-13 16:00:00,79014.9,79799.9,78807.6,79288.2,436622.0457
1438,2026-05-14 00:00:00,79288.6,79884.0,78935.5,79759.2,478291.0344
1439,2026-05-14 08:00:00,79759.2,81146.4,79211.5,81139.1,520238.5569
1440,2026-05-14 16:00:00,81113.0,81915.1,81022.7,81025.8,539760.0073
1441,2026-05-15 00:00:00,81025.8,81568.9,80291.1,80782.9,519121.4295
1442,2026-05-15 08:00:00,80780.8,80782.9,78738.9,79144.8,536854.8371
1443,2026-05-15 16:00:00,79152.4,79516.1,78963.7,79084.6,374812.8356
1444,2026-05-16 00:00:00,79084.7,79161.0,78111.0,78349.8,311490.0401
1445,2026-05-16 08:00:00,78355.1,78471.4,77718.2,78204.1,429691.4939
1446,2026-05-16 16:00:00,78204.2,78286.6,78112.3,78150.4,209702.5274
1447,2026-05-17 00:00:00,78150.4,78251.7,77702.9,78130.0,335049.8021
1448,2026-05-17 08:00:00,78121.3,78492.4,77917.8,78006.9,333968.2421
1449,2026-05-17 16:00:00,78006.9,78431.9,77207.1,77468.6,451430.043
1450,2026-05-18 00:00:00,77468.6,77494.2,76737.9,77026.6,569448.3618
1451,2026-05-18 08:00:00,77024.3,77836.5,76060.6,76393.5,585761.6546
1452,2026-05-18 16:00:00,76393.5,77151.9,76227.8,76963.2,534827.1739
1453,2026-05-19 00:00:00,76963.2,77300.0,76580.4,77181.4,519179.5228
1454,2026-05-19 08:00:00,77181.4,77208.7,76228.7,76471.2,549318.1164
1455,2026-05-19 16:00:00,76471.1,77003.1,76393.3,76799.9,451192.9072
1456,2026-05-20 00:00:00,76785.3,77427.2,76519.8,77248.8,471664.7051
1457,2026-05-20 08:00:00,77248.8,77837.9,77026.7,77400.0,482904.4114
1458,2026-05-20 16:00:00,77400.0,77725.3,77084.6,77503.7,477980.5538
1459,2026-05-21 00:00:00,77503.7,78126.1,77486.6,77843.0,421890.3909
1460,2026-05-21 08:00:00,77837.1,78094.1,76798.8,77221.0,500230.445
1461,2026-05-21 16:00:00,77221.0,77966.1,77021.8,77578.9,437460.1409
1462,2026-05-22 00:00:00,77575.5,77843.9,77276.0,77400.0,383628.0852
1463,2026-05-22 08:00:00,77400.0,77502.2,76659.2,76768.1,429827.0108
1464,2026-05-22 16:00:00,76768.1,76973.6,75528.2,75528.2,512607.3569
1465,2026-05-23 00:00:00,75528.2,75621.4,74554.4,74555.0,314756.7496
1466,2026-05-23 08:00:00,74555.0,75606.7,74345.2,75487.0,415521.5154
1467,2026-05-23 16:00:00,75487.0,77296.2,75384.3,76715.3,501195.5281
1468,2026-05-24 00:00:00,76715.4,76965.6,76608.0,76771.4,322906.3936
1469,2026-05-24 08:00:00,76770.0,77300.3,76299.2,76360.6,412502.7463
1470,2026-05-24 16:00:00,76360.6,77135.4,76106.0,77033.5,517057.967
1471,2026-05-25 00:00:00,77033.5,77495.2,76989.0,77364.4,465799.9085
1472,2026-05-25 08:00:00,77363.6,77760.2,77253.1,77578.7,356113.6776
1473,2026-05-25 16:00:00,77578.7,77728.0,77230.1,77300.3,179238.7735
1474,2026-05-26 00:00:00,77307.4,77307.4,76487.2,76685.0,341513.2039
1475,2026-05-26 08:00:00,76685.3,77871.5,76271.6,76499.3,495327.5495
1476,2026-05-26 16:00:00,76499.3,76893.6,75691.2,75931.2,271699.8815
1477,2026-05-27 00:00:00,75931.5,76015.4,75298.4,75915.0,289630.6263
1478,2026-05-27 08:00:00,75915.0,76019.4,74846.4,75300.0,506748.3842
1479,2026-05-27 16:00:00,75300.0,75367.2,74243.5,74405.9,516700.1321
1480,2026-05-28 00:00:00,74395.0,74546.7,72800.1,73471.1,634299.9337
1481,2026-05-28 08:00:00,73469.7,73576.5,72616.5,72894.6,526853.0411
1482,2026-05-28 16:00:00,72894.8,73916.9,72780.7,73577.7,484775.394
1483,2026-05-29 00:00:00,73577.7,73834.8,73190.7,73455.5,499068.252
1484,2026-05-29 08:00:00,73455.5,74167.1,72603.5,73775.3,550780.987
1485,2026-05-29 16:00:00,73775.3,74270.5,73285.7,73404.0,477964.5306
1486,2026-05-30 00:00:00,73403.9,73743.3,73225.0,73510.0,313359.5362
1487,2026-05-30 08:00:00,73510.0,74033.7,73473.2,73881.5,225543.4355
1488,2026-05-30 16:00:00,73881.3,74067.2,73787.5,73791.7,264808.14
1489,2026-05-31 00:00:00,73791.7,74238.2,73787.5,73833.2,334930.4328
1490,2026-05-31 08:00:00,73833.3,73959.4,73533.6,73613.4,378414.5242
1491,2026-05-31 16:00:00,73620.9,74075.5,73393.2,73662.4,391461.8133
1492,2026-06-01 00:00:00,73662.4,73971.0,72724.4,72792.4,507756.2006
1493,2026-06-01 08:00:00,72792.4,73050.0,71073.8,71133.3,575589.6301
1494,2026-06-01 16:00:00,71099.4,71714.8,70812.6,71375.8,564577.9973
1495,2026-06-02 00:00:00,71375.8,71375.8,69842.2,70087.5,636884.7712
1496,2026-06-02 08:00:00,70087.5,70138.3,67152.0,67249.3,748477.0785
1497,2026-06-02 16:00:00,67326.7,68124.0,66282.1,66739.2,777373.3211
1498,2026-06-03 00:00:00,66739.2,67439.9,65679.0,67178.0,776475.5059
1499,2026-06-03 08:00:00,67178.2,67338.8,66068.7,66068.7,352271.3616
1500,2026-06-03 16:00:00,66065.9,66338.2,59000.0,64110.0,788782.2248
1501,2026-06-04 00:00:00,64117.6,64371.4,60223.0,64305.3,398559.891
1502,2026-06-04 08:00:00,64305.4,64374.7,62840.9,64262.2,27267.0862
1503,2026-06-04 16:00:00,64262.2,64590.0,63160.0,63651.2,12018.7248
1504,2026-06-05 00:00:00,63703.1,63947.2,61343.5,63088.1,605783.4529
1505,2026-06-05 08:00:00,63088.1,63189.4,60026.5,60441.6,836949.3075
1506,2026-06-05 16:00:00,60441.6,61849.4,56000.0,60981.6,873521.6781
1507,2026-06-06 00:00:00,60981.6,61456.2,59582.4,60965.9,833526.7055
1508,2026-06-06 08:00:00,60966.0,61389.6,60229.9,60754.1,771751.2618
1509,2026-06-06 16:00:00,60754.1,60911.5,60429.6,60849.8,670525.5532
1510,2026-06-07 00:00:00,60855.9,62323.4,60718.7,62323.4,760700.7603
1511,2026-06-07 08:00:00,62323.4,62839.2,61633.6,62047.3,715650.5412
1512,2026-06-07 16:00:00,62047.3,63274.8,61199.9,63216.6,793383.6667
1513,2026-06-08 00:00:00,63216.6,64000.0,62430.0,63257.0,758211.5102
1514,2026-06-08 08:00:00,63259.9,64590.0,62802.8,63958.5,773806.6083
1515,2026-06-08 16:00:00,63777.7,63958.5,62994.1,63046.0,698085.8116
1516,2026-06-09 00:00:00,63046.0,63483.1,62424.8,63170.8,721139.4159
1517,2026-06-09 08:00:00,63170.8,63171.4,61142.3,61147.8,727405.8163
1518,2026-06-09 16:00:00,61204.9,62189.8,60946.2,61679.5,706367.4108
1519,2026-06-10 00:00:00,61683.0,61854.7,61087.1,61659.5,694303.4237
1520,2026-06-10 08:00:00,61659.5,62670.7,60913.9,62625.0,829741.0357
1521,2026-06-10 16:00:00,62670.6,62687.3,61154.3,61526.0,736976.2059
1522,2026-06-11 00:00:00,61533.4,62941.9,61502.7,62702.9,725112.1784
1523,2026-06-11 08:00:00,62693.3,63220.2,62602.3,62674.3,709564.0884
1524,2026-06-11 16:00:00,62670.3,63795.5,62343.5,63578.9,716696.1525
1525,2026-06-12 00:00:00,63578.9,63783.7,62831.2,63062.3,619837.9407
1526,2026-06-12 08:00:00,63062.1,64288.0,63062.1,63587.4,690998.4098
1527,2026-06-12 16:00:00,63587.4,64019.0,63397.9,63548.4,578291.405
1528,2026-06-13 00:00:00,63547.0,63823.1,63458.6,63823.1,394082.5784
1529,2026-06-13 08:00:00,63804.6,64308.9,63708.5,64279.9,410394.3533
1530,2026-06-13 16:00:00,64276.8,64586.0,63898.7,64414.5,463894.2372
1531,2026-06-14 00:00:00,64401.6,64624.6,64200.5,64408.5,362079.5142
1532,2026-06-14 08:00:00,64411.6,64627.4,63872.6,64009.1,474418.2216
1533,2026-06-14 16:00:00,64009.1,65627.4,63671.0,65626.9,470352.4764
1534,2026-06-15 00:00:00,65626.9,65986.5,64844.3,65642.4,50723.9395
1535,2026-06-15 08:00:00,65645.4,67338.8,65503.1,67218.3,541197.0039
1536,2026-06-15 16:00:00,67218.3,67233.5,66127.0,66291.8,630864.7371
1537,2026-06-16 00:00:00,66291.8,66496.9,65684.2,66341.8,549245.5942
1538,2026-06-16 08:00:00,66350.0,66920.3,65369.1,65860.0,663403.8946
1539,2026-06-16 16:00:00,65860.0,66113.2,65564.6,65607.1,558390.1198
1540,2026-06-17 00:00:00,65607.1,66037.8,65257.3,65400.0,536262.649
1541,2026-06-17 08:00:00,65436.5,65516.3,64577.8,65330.0,433640.4905
1542,2026-06-17 16:00:00,65333.0,65379.3,64877.9,65156.8,11570.0118
1543,2026-06-18 00:00:00,65127.5,65379.5,64820.8,65113.9,4502.1216
1544,2026-06-18 08:00:00,65091.8,65399.0,62343.5,62389.0,696276.3386
1545,2026-06-18 16:00:00,62389.0,63333.0,62316.4,62908.8,627436.6472
1546,2026-06-19 00:00:00,62908.8,63079.0,62384.6,62596.0,616713.5124
1547,2026-06-19 08:00:00,62596.0,63376.2,62348.6,63177.6,530588.4734
1548,2026-06-19 16:00:00,63177.6,63391.4,62821.5,63261.2,181029.2517
1549,2026-06-20 00:00:00,63236.0,63756.3,62820.2,63685.4,99940.3538
1550,2026-06-20 08:00:00,63624.9,64337.5,62819.4,64080.0,119981.7998
1551,2026-06-20 16:00:00,64200.0,64337.5,62818.1,64280.2,51752.9106
1552,2026-06-21 00:00:00,64270.3,64432.7,64054.5,64142.1,24859.7664
1553,2026-06-21 08:00:00,64142.0,64432.7,62817.9,64222.0,55580.9574
1554,2026-06-21 16:00:00,64222.0,64432.8,62812.6,63126.6,38553.9982
1555,2026-06-22 00:00:00,63119.7,65518.8,63000.0,64022.9,77819.3639
1556,2026-06-22 08:00:00,64199.0,65523.2,64000.0,64834.1,435500.1831
1557,2026-06-22 16:00:00,64834.1,64841.7,63844.2,63990.2,584552.4943
1558,2026-06-23 00:00:00,63990.2,64216.4,62589.7,62900.0,615480.4466
1559,2026-06-23 08:00:00,62900.0,62943.6,61994.6,62424.9,725099.0934
1560,2026-06-23 16:00:00,62411.1,62748.1,62175.1,62702.7,599628.9631
1561,2026-06-24 00:00:00,62702.7,62977.7,62527.4,62621.6,620217.5971
1562,2026-06-24 08:00:00,62615.2,62918.5,60337.8,60338.0,831368.8978
1563,2026-06-24 16:00:00,60338.3,61099.9,59065.8,61051.1,808083.9696
1564,2026-06-25 00:00:00,61054.0,61900.0,60698.9,61876.1,645980.382
1565,2026-06-25 08:00:00,61876.1,61886.3,58655.9,59663.4,782219.8965
1566,2026-06-25 16:00:00,59700.0,60358.9,59163.5,59782.2,782227.2667
1567,2026-06-26 00:00:00,59778.9,61285.2,58360.1,60534.6,806508.3162
1568,2026-06-26 08:00:00,60534.6,60548.0,58786.1,60283.3,884612.3976
1569,2026-06-26 16:00:00,60283.3,60502.4,59570.0,60034.0,684891.3831
1570,2026-06-27 00:00:00,60034.0,60493.2,59887.2,60493.2,530744.8783
1571,2026-06-27 08:00:00,60493.2,61285.2,60169.7,60803.3,494284.2356
1572,2026-06-27 16:00:00,60803.3,60805.1,59950.0,60000.3,545798.3301
1573,2026-06-28 00:00:00,60000.4,60269.6,59780.2,60188.0,448136.971
1574,2026-06-28 08:00:00,60188.0,60435.6,59804.7,59848.5,615423.0816
1575,2026-06-28 16:00:00,59846.6,59919.4,58980.4,59570.2,701224.633
1576,2026-06-29 00:00:00,59648.4,60284.8,59020.0,60027.7,806438.2941
1577,2026-06-29 08:00:00,60027.7,60576.9,59083.3,59807.5,854566.6022
1578,2026-06-29 16:00:00,59807.5,60591.1,59589.4,60299.0,362713.0946
1579,2026-06-30 00:00:00,60390.9,60495.0,59347.3,59497.7,541978.2031
1580,2026-06-30 08:00:00,59500.0,59516.2,58216.4,58395.6,768752.3183
1581,2026-06-30 16:00:00,58414.0,58837.8,58270.7,58625.7,631483.6979
1582,2026-07-01 00:00:00,58625.7,59341.7,57895.2,58729.7,787649.0539
1583,2026-07-01 08:00:00,58744.6,60398.2,58322.0,60140.0,835684.4503
1584,2026-07-01 16:00:00,60141.2,61196.9,59837.0,60005.0,709133.2994
1585,2026-07-02 00:00:00,60005.0,61000.0,59570.9,60128.0,694569.3216
1586,2026-07-02 08:00:00,60128.0,62139.5,60110.8,61555.4,741917.9818
1587,2026-07-02 16:00:00,61559.5,62073.9,61173.4,61370.0,147431.0947
1588,2026-07-03 00:00:00,61435.0,62073.9,61269.7,61785.0,545354.1829
1589,2026-07-03 08:00:00,61785.0,62306.8,61562.0,61896.4,690391.6935
1590,2026-07-03 16:00:00,61896.4,62826.7,61896.4,62577.0,521480.4938
1591,2026-07-04 00:00:00,62577.0,62853.5,62392.0,62529.9,465381.4771
1592,2026-07-04 08:00:00,62533.0,62859.0,62450.2,62839.9,55165.238
1593,2026-07-04 16:00:00,62840.5,62882.1,62450.1,62744.4,12208.8502
1594,2026-07-05 00:00:00,62782.5,62929.1,62500.0,62876.9,18385.0625
1595,2026-07-05 08:00:00,62876.9,62938.3,62450.0,62713.4,83455.2829
1596,2026-07-05 16:00:00,62728.9,63888.9,62586.5,63623.1,519186.9399
1597,2026-07-06 00:00:00,63628.2,63889.2,62892.5,63071.5,628122.8551
1598,2026-07-06 08:00:00,63079.4,63322.3,61339.6,63108.5,799614.8145
1599,2026-07-06 16:00:00,63222.0,64437.5,62865.0,64014.4,657823.6347
1600,2026-07-07 00:00:00,64014.4,64232.6,62846.6,63096.5,620093.8613
1601,2026-07-07 08:00:00,63096.5,64048.5,62871.5,63901.9,689864.7616
1602,2026-07-07 16:00:00,63901.9,64177.7,63318.7,63321.4,663777.481
1603,2026-07-08 00:00:00,63318.7,63676.0,62479.5,62858.5,576641.4828
1604,2026-07-08 08:00:00,62858.9,62888.2,61542.5,61670.0,752639.2143
1605,2026-07-08 16:00:00,61670.0,62353.4,61647.7,62262.4,578505.3253
1606,2026-07-09 00:00:00,62262.4,63155.0,61730.1,62964.4,716515.6765
1607,2026-07-09 08:00:00,62961.5,63131.5,62599.9,62916.2,629623.099
1608,2026-07-09 16:00:00,62916.2,63401.0,62654.4,63251.7,535159.0588
1609,2026-07-10 00:00:00,63251.7,64127.0,62938.0,63947.1,573301.5482
1610,2026-07-10 08:00:00,63947.1,64481.4,63903.9,64000.0,624340.2885
1611,2026-07-10 16:00:00,63985.0,64173.8,63692.4,64109.2,508937.8331
1612,2026-07-11 00:00:00,64109.2,64226.1,63969.6,64134.8,374329.0531
1613,2026-07-11 08:00:00,64132.6,64452.2,64084.1,64139.0,304277.1347
1614,2026-07-11 16:00:00,64139.0,64403.8,63817.5,63878.3,391837.2916
1615,2026-07-12 00:00:00,63892.1,64200.0,63681.5,63870.0,450456.4974
1616,2026-07-12 08:00:00,63870.0,64220.0,63740.2,64129.2,347024.2848
1617,2026-07-12 16:00:00,64126.6,64220.0,63674.4,63750.0,448524.8998
1618,2026-07-13 00:00:00,63775.1,64261.1,62638.3,62984.2,720931.397
1619,2026-07-13 08:00:00,62984.2,63168.3,62262.1,62589.1,569838.4671
1620,2026-07-13 16:00:00,62589.1,62594.0,61865.3,62255.1,640728.9811
1621,2026-07-14 00:00:00,62252.4,62841.1,62190.5,62530.0,526764.3901
1622,2026-07-14 08:00:00,62535.8,64754.6,62496.0,64646.4,687719.0402
1623,2026-07-14 16:00:00,64646.4,65016.4,64411.4,65001.3,564845.5848
1624,2026-07-15 00:00:00,65001.3,65165.0,64468.2,64557.0,544592.5902
1625,2026-07-15 08:00:00,64557.0,65524.4,64556.4,65392.3,577580.2862
1626,2026-07-15 16:00:00,65392.3,65406.1,64737.1,64737.2,515328.8825
1627,2026-07-16 00:00:00,64737.2,64909.3,64169.7,64203.5,572262.2827
1628,2026-07-16 08:00:00,64207.2,64771.2,63904.2,64689.7,601719.327
1629,2026-07-16 16:00:00,64694.3,64694.3,63726.8,63802.7,555773.2316
1630,2026-07-17 00:00:00,63802.7,63984.9,62756.7,62793.1,596489.9238
1631,2026-07-17 08:00:00,62792.9,63411.3,62535.6,63395.8,656344.2725
1632,2026-07-17 16:00:00,63395.8,64258.7,63311.7,63925.8,525734.3428
1633,2026-07-18 00:00:00,63925.8,63990.4,63862.1,63980.1,158170.4624
1634,2026-07-18 08:00:00,63980.1,64172.0,63925.5,64082.5,248470.9477
1635,2026-07-18 16:00:00,64084.9,64800.8,64077.5,64795.7,380731.6749
1636,2026-07-19 00:00:00,64795.7,64882.6,64619.2,64667.5,248836.0158
1637,2026-07-19 08:00:00,64667.5,64700.7,64278.6,64525.5,380036.0435
1638,2026-07-19 16:00:00,64525.5,64750.7,64333.3,64660.5,459558.8517
1639,2026-07-20 00:00:00,64659.9,64931.9,64502.4,64788.0,370385.1264
1640,2026-07-20 08:00:00,64696.6,65509.5,63944.4,65500.0,699200.7872
1641,2026-07-20 16:00:00,65492.6,65737.8,65037.6,65219.2,534979.2217
1642,2026-07-21 00:00:00,65206.9,66186.6,65134.2,66182.3,538614.9931
1643,2026-07-21 08:00:00,66182.3,66897.8,66119.0,66669.1,519393.6713
1644,2026-07-21 16:00:00,66666.2,66719.9,66122.7,66517.4,487397.164
1645,2026-07-22 00:00:00,66517.4,66690.9,65729.1,65813.3,532113.0044
1646,2026-07-22 08:00:00,65813.3,66092.5,65551.0,65975.9,539191.8301
1647,2026-07-22 16:00:00,65975.9,66257.0,65722.7,66089.7,474133.3688
1648,2026-07-23 00:00:00,66089.7,66260.6,65352.6,65421.3,521930.4429
1649,2026-07-23 08:00:00,65421.3,65759.7,64784.7,64938.2,542269.342
1650,2026-07-23 16:00:00,64938.2,65174.2,64699.2,65061.9,446636.6683
1651,2026-07-24 00:00:00,65040.5,65716.9,64764.4,65474.7,523234.4546
1652,2026-07-24 08:00:00,65470.0,65475.0,63760.0,64119.7,597551.3101
1653,2026-07-24 16:00:00,64140.1,64256.9,63870.8,64125.8,272322.388
1654,2026-07-25 00:00:00,64125.8,64171.4,63933.4,63997.7,196058.1479
1655,2026-07-25 08:00:00,63998.0,64235.7,63782.2,64150.0,198621.5771
1656,2026-07-25 16:00:00,64150.0,64395.2,64095.9,64360.2,173679.0612
1657,2026-07-26 00:00:00,64360.2,64708.0,64260.1,64341.2,224539.9819
1658,2026-07-26 08:00:00,64341.2,64788.4,64340.0,64743.0,247247.2461
1659,2026-07-26 16:00:00,64743.0,65449.2,64649.4,65332.6,400149.0545
1660,2026-07-27 00:00:00,65332.6,65585.7,64918.3,65222.1,496648.3835
1661,2026-07-27 08:00:00,65226.5,65595.0,64491.8,64521.6,594556.1858
1662,2026-07-27 16:00:00,64523.2,65043.3,63652.4,63728.0,571311.1859
1663,2026-07-28 00:00:00,63728.0,63753.0,63119.3,63476.8,532707.4412
1664,2026-07-28 08:00:00,63476.8,63960.2,62936.9,63898.6,658699.5252
1665,2026-07-28 16:00:00,63899.4,64029.1,63509.9,63909.7,540455.6692
1666,2026-07-29 00:00:00,63910.9,64527.5,63598.0,64527.5,503054.4541
1667,2026-07-29 08:00:00,64527.5,64642.2,63930.6,63954.6,540300.5473
1668,2026-07-29 16:00:00,63967.8,64529.2,63349.5,63993.9,712091.8308
1669,2026-07-30 00:00:00,64001.1,64353.7,63591.9,63979.4,518756.339
1670,2026-07-30 08:00:00,63979.4,65032.1,63961.1,64694.2,502905.4448
1671,2026-07-30 16:00:00,64694.2,64971.1,64672.8,64758.2,424467.4835
1672,2026-07-31 00:00:00,64764.4,65273.7,63890.0,63946.7,545007.5904
1673,2026-07-31 08:00:00,63924.6,63947.2,62539.7,62730.0,392007.297
1674,2026-07-31 16:00:00,62727.8,63250.0,62708.0,62943.5,147956.3109
1675,2026-08-01 00:00:00,62950.7,63088.4,62941.3,63050.7,204646.4961
1676,2026-08-01 08:00:00,63050.7,63117.7,62969.0,62989.3,138543.0547
1677,2026-08-01 16:00:00,62989.3,62990.0,62333.9,62792.2,426921.772
1678,2026-08-02 00:00:00,62766.7,63642.4,62766.7,63476.2,292007.7616
1679,2026-08-02 08:00:00,63476.2,63487.5,63025.1,63087.9,244960.9761
1680,2026-08-02 16:00:00,63087.9,63134.5,63071.7,63134.5,20557.3449
1681,2026-08-03 00:00:00,63122.6,63246.4,62573.8,62591.0,328327.4517
1682,2026-08-03 08:00:00,62579.8,63930.0,62324.9,63628.5,633566.1064
1683,2026-08-03 16:00:00,63628.5,63978.4,63444.8,63493.8,527451.6265
1684,2026-08-04 00:00:00,63493.2,64154.5,63330.1,63694.1,521644.4255
1685,2026-08-04 08:00:00,63694.1,64198.2,63441.6,64128.4,520978.7939
1686,2026-08-04 16:00:00,64128.4,64393.2,63920.0,64090.0,540269.8622
1687,2026-08-05 00:00:00,64090.0,64425.0,63936.1,64120.1,459840.2825
1688,2026-08-05 08:00:00,64120.1,64653.2,63932.0,64382.1,537238.7754
1689,2026-08-05 16:00:00,64382.1,64952.3,64379.3,64693.8,385836.6592
1690,2026-08-06 00:00:00,64691.1,64949.4,64472.5,64763.1,303849.2596
1691,2026-08-06 08:00:00,64789.3,64952.6,64176.3,64664.2,479412.9853
1692,2026-08-06 16:00:00,64663.3,64789.9,64176.8,64295.1,365807.3961
1693,2026-08-07 00:00:00,64294.7,64437.1,64170.0,64302.7,454320.091
1694,2026-08-07 08:00:00,64302.1,65331.4,64295.1,64915.9,534687.2685
1695,2026-08-07 16:00:00,64914.3,65037.0,64550.0,64885.4,370825.346
1696,2026-08-08 00:00:00,64885.4,65041.3,64790.0,64936.2,137257.7615
1697,2026-08-08 08:00:00,64936.3,65149.9,64925.3,65070.5,154193.1677
1698,2026-08-08 16:00:00,65070.5,65109.5,64907.9,64936.7,129298.6282
1699,2026-08-09 00:00:00,64936.7,64957.0,64702.0,64794.9,117013.5209
1700,2026-08-09 08:00:00,64794.9,65256.4,64780.9,65209.0,228879.9175
1701,2026-08-09 16:00:00,65209.0,65345.3,64833.0,64852.1,252311.4449
1702,2026-08-10 00:00:00,64852.1,65315.5,64820.1,65201.7,469082.7932
1703,2026-08-10 08:00:00,65199.4,65312.4,64233.0,64329.9,492142.6202
1704,2026-08-10 16:00:00,64313.2,64329.9,63828.8,63924.3,449616.5501
1705,2026-08-11 00:00:00,63924.3,64141.9,63875.5,64043.2,263730.267
1706,2026-08-11 08:00:00,64065.4,64453.8,63471.0,63591.8,481506.6517
1707,2026-08-11 16:00:00,63591.8,63820.3,63280.3,63577.2,354371.6715
1708,2026-08-12 00:00:00,63577.2,63840.1,63552.9,63767.7,340622.7318
1709,2026-08-12 08:00:00,63767.7,64315.7,63328.9,63418.1,503809.7339
1710,2026-08-12 16:00:00,63418.1,63576.3,63313.7,63442.1,393114.5401
1711,2026-08-13 00:00:00,63422.3,63940.5,63366.5,63829.0,342446.8189
1712,2026-08-13 08:00:00,63829.0,63923.1,63366.5,63532.2,376195.4308
1713,2026-08-13 16:00:00,63532.2,63598.5,63048.1,63455.3,390577.9511
1714,2026-08-14 00:00:00,63455.3,63584.5,62891.1,62891.1,416146.8013
1715,2026-08-14 08:00:00,62904.0,63013.1,62584.0,63013.1,511997.982
1716,2026-08-14 16:00:00,63012.5,63180.2,62810.1,62990.8,320817.3982
1717,2026-08-15 00:00:00,62973.7,63159.0,62966.7,63062.6,132406.738
1718,2026-08-15 08:00:00,63049.9,63091.4,62894.6,63068.1,159019.5217
1719,2026-08-15 16:00:00,63068.0,63127.2,63013.5,63054.4,87801.1052
1720,2026-08-16 00:00:00,63054.4,63122.7,63007.2,63034.4,74026.1741
1721,2026-08-16 08:00:00,63034.3,63111.6,62956.8,63111.6,72310.8243
1722,2026-08-16 16:00:00,63111.6,63345.3,62707.3,62886.6,342410.8899
1723,2026-08-17 00:00:00,62887.2,63677.0,62744.9,63499.4,436674.9995
1724,2026-08-17 08:00:00,63500.0,64146.1,63261.8,64144.9,523779.0292
1725,2026-08-17 16:00:00,64144.3,64452.9,64014.4,64321.2,343562.157
1726,2026-08-18 00:00:00,64337.9,64408.9,64065.9,64166.0,223826.8367
1727,2026-08-18 08:00:00,64166.0,64959.8,64060.0,64815.5,440424.4436
1728,2026-08-18 16:00:00,64817.9,64839.9,64533.9,64696.0,285946.7725
1729,2026-08-19 00:00:00,64696.0,64703.2,64149.0,64272.3,349290.9903
1730,2026-08-19 08:00:00,64272.3,68519.0,64244.1,68512.8,593076.9465
1731,2026-08-19 16:00:00,68512.8,69784.1,67804.9,69264.9,665232.7092
1732,2026-08-20 00:00:00,69264.8,69924.2,68925.2,69689.0,608899.5539
1733,2026-08-20 08:00:00,69689.0,72489.7,69640.0,72423.6,767992.9757
1734,2026-08-20 16:00:00,72422.1,73187.4,72263.6,73006.7,574503.5386
1735,2026-08-21 00:00:00,73020.9,76525.0,72999.1,76319.0,682354.1639
1736,2026-08-21 08:00:00,76314.4,78502.8,76295.5,77291.2,716060.4272
1737,2026-08-21 16:00:00,77289.1,78698.4,76710.0,78305.1,590130.3538
1738,2026-08-22 00:00:00,78305.9,78747.3,76934.9,77310.5,610645.9809
1739,2026-08-22 08:00:00,77310.5,77408.7,76621.0,76995.5,482497.7426
1740,2026-08-22 16:00:00,76995.6,77482.2,76895.4,77110.0,391777.6962
1741,2026-08-23 00:00:00,77109.1,77381.5,75777.2,76057.1,488134.1384
1742,2026-08-23 08:00:00,76037.9,77605.1,75991.0,77136.4,517465.6986
1743,2026-08-23 16:00:00,77136.5,78545.5,77136.3,77685.3,429201.2053
1744,2026-08-24 00:00:00,77685.2,77709.1,76790.0,77300.7,547403.4178
1745,2026-08-24 08:00:00,77300.6,79931.6,76866.9,79037.9,634536.5976
1746,2026-08-24 16:00:00,79037.9,79753.3,78518.2,78935.6,538893.1316
1747,2026-08-25 00:00:00,78935.5,80979.0,78729.1,79724.9,562520.2668
1748,2026-08-25 08:00:00,79708.2,80221.0,78222.5,79444.1,596143.9254
1749,2026-08-25 16:00:00,79444.1,79449.2,78089.5,78508.2,514816.7183
1750,2026-08-26 00:00:00,78528.5,79184.9,78325.5,78889.8,485792.3243
1751,2026-08-26 08:00:00,78889.8,79011.0,77697.0,78020.0,534826.156
1752,2026-08-26 16:00:00,78001.8,79069.0,77935.6,78974.8,480203.1492
1753,2026-08-27 00:00:00,78967.8,78974.8,78624.7,78931.4,365439.4117
1754,2026-08-27 08:00:00,78938.7,80637.3,78928.7,80310.1,579983.9878
1755,2026-08-27 16:00:00,80310.1,80751.6,79794.9,80210.2,471722.1291
1756,2026-08-28 00:00:00,80217.5,81085.5,79559.7,79641.8,518517.9717
1757,2026-08-28 08:00:00,79641.8,79796.9,78392.1,78392.1,543873.7994
1758,2026-08-28 16:00:00,78392.2,78695.0,77295.5,77722.8,505190.6628
1759,2026-08-29 00:00:00,77733.0,77863.7,77377.7,77587.0,252601.9599
1760,2026-08-29 08:00:00,77587.0,77992.3,77469.4,77820.7,275972.8437
1761,2026-08-29 16:00:00,77820.7,78302.5,77817.6,78208.6,316355.3038
1762,2026-08-30 00:00:00,78208.6,78268.8,77982.5,78100.0,295719.9346
1763,2026-08-30 08:00:00,78100.1,78893.7,77935.9,78777.9,362031.5635
1764,2026-08-30 16:00:00,78777.9,79313.8,77286.5,77634.6,546562.4727
1765,2026-08-31 00:00:00,77634.5,78341.9,77422.9,78172.3,529784.2507
1766,2026-08-31 08:00:00,78172.3,78738.5,77803.6,78543.0,555287.8779
1767,2026-08-31 16:00:00,78543.0,79195.2,78410.4,78546.3,469838.6042
1768,2026-09-01 00:00:00,78544.7,79127.2,78212.3,78681.1,451052.5617
1769,2026-09-01 08:00:00,78518.5,78733.2,77755.0,77982.4,261704.8629
1770,2026-09-01 16:00:00,78130.9,78758.4,76546.4,77413.0,265990.1415
1771,2026-09-02 00:00:00,77413.0,78010.0,76736.3,77478.5,385949.9642
1772,2026-09-02 08:00:00,77478.5,77485.0,76333.3,77246.1,563502.942
1773,2026-09-02 16:00:00,77246.1,77494.1,76972.3,77279.1,461604.6507
1774,2026-09-03 00:00:00,77279.1,78068.8,77006.3,77657.4,517702.8818
1775,2026-09-03 08:00:00,77648.1,81233.8,77455.0,81231.2,575794.1708
1776,2026-09-03 16:00:00,81231.2,81981.8,80713.5,81236.9,531912.4321
1777,2026-09-04 00:00:00,81236.9,81281.5,80660.0,80673.8,504302.5273
1778,2026-09-04 08:00:00,80673.8,81287.9,78711.1,79378.3,597968.3688
1779,2026-09-04 16:00:00,79378.3,79780.2,79371.0,79616.1,304865.9302
1780,2026-09-05 00:00:00,79574.2,79721.7,79414.8,79686.0,186196.2946
1781,2026-09-05 08:00:00,79686.1,79722.7,79529.5,79695.1,175481.9763
1782,2026-09-05 16:00:00,79722.6,80078.7,79690.0,79800.0,309921.0959
1783,2026-09-06 00:00:00,79797.7,79982.8,79685.4,79740.8,238223.6573
1784,2026-09-06 08:00:00,79740.8,79980.5,79472.0,79680.0,300320.3972
1785,2026-09-06 16:00:00,79680.1,81279.7,79571.1,80301.0,353404.0984
1786,2026-09-07 00:00:00,80304.3,80383.6,79109.6,79357.2,437921.7317
1787,2026-09-07 08:00:00,79358.5,79601.3,78709.0,78734.0,332816.6482
1788,2026-09-07 16:00:00,78775.8,79334.8,78734.0,79086.1,274758.1903
1789,2026-09-08 00:00:00,79086.1,79411.5,78239.3,78426.3,463501.0922
1790,2026-09-08 08:00:00,78426.3,78912.1,77676.7,78824.9,485233.5112
1791,2026-09-08 16:00:00,78824.9,78825.1,78315.5,78437.0,412542.2999
1792,2026-09-09 00:00:00,78437.0,79259.9,78437.0,79219.5,401898.844
1793,2026-09-09 08:00:00,79219.5,79663.5,78380.5,78580.1,595242.5907
1794,2026-09-09 16:00:00,78580.1,79036.0,77812.8,78261.7,481817.2069
1795,2026-09-10 00:00:00,78261.7,78478.5,77936.0,78094.5,432095.3838
1796,2026-09-10 08:00:00,78094.5,78174.2,76760.0,77196.1,530876.9503
1797,2026-09-10 16:00:00,77196.1,77393.9,76624.3,76624.3,422542.5651
1798,2026-09-11 00:00:00,76624.3,77354.2,76607.0,77188.1,391126.9469
1799,2026-09-11 08:00:00,77188.1,79148.2,76755.0,77690.6,576622.2922
1800,2026-09-11 16:00:00,77690.6,78120.0,76976.2,77179.9,471098.2361
1801,2026-09-12 00:00:00,77179.9,77290.7,77152.9,77272.1,115421.8446
1802,2026-09-12 08:00:00,77272.1,77440.9,77264.6,77381.6,110938.0813
1803,2026-09-12 16:00:00,77381.6,77381.7,77042.3,77251.1,163929.2618
1804,2026-09-13 00:00:00,77251.1,77287.9,77078.7,77123.3,115359.363
1805,2026-09-13 08:00:00,77123.3,77200.0,76579.2,77100.8,399064.8367
1806,2026-09-13 16:00:00,77100.8,77385.6,76608.4,76827.4,308696.3386
1807,2026-09-14 00:00:00,76827.4,77844.0,76538.0,77844.0,538400.8075
1808,2026-09-14 08:00:00,77839.3,78616.8,77606.6,78535.6,557793.822
1809,2026-09-14 16:00:00,78535.6,79542.0,78130.3,78137.1,519673.187
1810,2026-09-15 00:00:00,78135.0,78192.1,76860.2,76884.4,443093.3621
1811,2026-09-15 08:00:00,76884.4,77145.8,75691.7,76538.0,534401.3451
1812,2026-09-15 16:00:00,76538.1,77039.4,75187.6,75610.2,589996.3594
1813,2026-09-16 00:00:00,75610.3,76026.6,75440.0,75772.5,533657.3113
1814,2026-09-16 08:00:00,75772.5,76256.0,75345.6,75779.7,509860.7632
1815,2026-09-16 16:00:00,75779.8,76323.0,75332.0,76174.5,586553.1063
1816,2026-09-17 00:00:00,76170.7,76625.2,76080.1,76410.0,461435.142
1817,2026-09-17 08:00:00,76393.8,77040.0,76095.1,76720.7,548782.5486
1818,2026-09-17 16:00:00,76720.7,76899.9,76249.9,76394.0,368649.855
