,date,open,high,low,close,volume
0,2025-01-19 16:00:00,102795.2,104685.0,101000.0,102729.3,194.06
1,2025-01-19 17:00:00,102950.9,109908.4,101200.0,105258.1,193.768
2,2025-01-19 18:00:00,105258.1,108332.8,100532.2,105218.1,163.933
3,2025-01-19 19:00:00,105218.1,108085.3,100200.0,105804.7,118.424
4,2025-01-19 20:00:00,105804.7,108332.9,101000.0,105239.6,170.934
5,2025-01-19 21:00:00,105500.0,108332.9,101022.4,102799.2,131.503
6,2025-01-19 22:00:00,102799.2,105010.0,97506.3,97999.9,291.61
7,2025-01-19 23:00:00,97999.9,104998.9,96163.3,96889.4,331.796
8,2025-01-20 00:00:00,96889.4,103000.0,96666.0,96875.9,75.096
9,2025-01-20 01:00:00,96876.0,100500.0,96875.9,98600.0,64.86
10,2025-01-20 02:00:00,98600.0,100500.0,96876.0,99500.0,66.164
11,2025-01-20 03:00:00,99500.0,102045.0,96876.0,99822.5,65.878
12,2025-01-20 04:00:00,100374.8,103544.0,97569.8,102626.6,80.066
13,2025-01-20 05:00:00,102626.6,103544.0,97500.0,101854.5,77.534
14,2025-01-20 06:00:00,101898.9,108332.8,96764.0,106000.0,424.752
15,2025-01-20 07:00:00,105510.9,108339.9,100532.2,105500.0,181.055
16,2025-01-20 08:00:00,104880.1,108339.8,104611.1,107102.0,169.148
17,2025-01-20 09:00:00,107101.9,108340.0,104611.1,104611.2,809.938
18,2025-01-20 10:00:00,105129.6,107499.9,104611.1,105997.3,266.993
19,2025-01-20 11:00:00,105999.9,107499.9,103136.7,107107.5,171.371
20,2025-01-20 12:00:00,107107.5,107499.5,100532.2,104736.5,901.01
21,2025-01-20 13:00:00,104736.5,109688.0,104500.0,107300.1,272.343
22,2025-01-20 14:00:00,107300.1,107800.0,101736.1,105500.0,209.978
23,2025-01-20 15:00:00,105480.0,107604.5,104769.9,106002.7,193.768
24,2025-01-20 16:00:00,106160.0,107343.0,100721.0,105212.5,227.602
25,2025-01-20 17:00:00,105725.0,106000.0,100532.2,101200.6,220.419
26,2025-01-20 18:00:00,101438.5,104000.0,100000.0,100944.1,145.14
27,2025-01-20 19:00:00,101444.2,103500.0,100944.1,103342.4,217.8
28,2025-01-20 20:00:00,102760.0,103342.5,102080.1,102659.3,154.105
29,2025-01-20 21:00:00,102983.5,103342.5,102080.0,102920.1,136.323
30,2025-01-20 22:00:00,102920.2,103342.5,101101.0,103000.0,68.837
31,2025-01-20 23:00:00,102400.4,103342.5,101101.0,102695.2,64.227
32,2025-01-21 00:00:00,102715.4,103342.5,100350.0,101000.0,110.853
33,2025-01-21 01:00:00,101000.0,103342.0,99750.0,102762.3,84.636
34,2025-01-21 02:00:00,102762.3,103342.0,99600.0,101312.6,47.886
35,2025-01-21 03:00:00,101312.6,103341.9,98200.0,102126.5,83.266
36,2025-01-21 04:00:00,102484.8,103300.0,97250.0,99000.0,94.565
37,2025-01-21 05:00:00,99020.0,101931.6,99000.0,100912.2,44.554
38,2025-01-21 06:00:00,101000.0,101931.6,100200.0,101554.3,73.645
39,2025-01-21 07:00:00,101758.2,103000.0,99500.0,101500.0,115.717
40,2025-01-21 08:00:00,101500.0,103299.9,98200.0,100000.1,138.701
41,2025-01-21 09:00:00,100000.1,103299.9,97250.0,100241.0,124.199
42,2025-01-21 10:00:00,100665.1,103000.0,97200.0,101680.2,249.979
43,2025-01-21 11:00:00,101680.2,102400.0,98000.0,101500.0,178.605
44,2025-01-21 12:00:00,101500.0,103999.9,100656.8,101600.3,171.967
45,2025-01-21 13:00:00,102170.4,104000.0,100040.0,101000.0,169.142
46,2025-01-21 14:00:00,101309.8,103999.9,100000.0,102810.2,183.065
47,2025-01-21 15:00:00,102810.2,103000.0,100000.0,102999.8,166.303
48,2025-01-21 16:00:00,102999.8,102999.9,100000.0,102448.7,183.328
49,2025-01-21 17:00:00,102438.7,103999.9,102333.0,102802.7,119.734
50,2025-01-21 18:00:00,102814.1,104000.0,101500.0,102500.0,178.029
51,2025-01-21 19:00:00,102409.4,104000.0,100227.0,102557.8,111.248
52,2025-01-21 20:00:00,102547.9,103107.9,102351.0,102899.9,53.492
53,2025-01-21 21:00:00,102821.7,103999.9,101999.9,102775.9,124.589
54,2025-01-21 22:00:00,102773.0,103721.0,100353.7,102785.8,86.008
55,2025-01-21 23:00:00,102785.8,103150.0,102650.0,103037.7,37.045
56,2025-01-22 00:00:00,103040.9,103899.9,103011.0,103091.2,50.248
57,2025-01-22 01:00:00,103091.2,103178.8,102650.0,103022.5,55.736
58,2025-01-22 02:00:00,103022.5,103900.0,102650.0,103196.5,79.449
59,2025-01-22 03:00:00,103196.5,103900.0,102650.0,103242.5,72.746
60,2025-01-22 04:00:00,103242.5,103507.5,102949.3,103357.3,53.096
61,2025-01-22 05:00:00,103357.3,103900.0,102650.0,103669.4,81.177
62,2025-01-22 06:00:00,103669.5,103900.0,103270.9,103899.9,84.524
63,2025-01-22 07:00:00,103899.8,103999.8,102760.0,103858.7,280.517
64,2025-01-22 08:00:00,103858.7,103999.8,103331.6,103628.9,80.14
65,2025-01-22 09:00:00,103628.9,103850.0,103316.7,103777.0,77.117
66,2025-01-22 10:00:00,103777.0,103850.0,103474.4,103781.2,113.976
67,2025-01-22 11:00:00,103781.2,103859.8,103310.0,103668.9,128.836
68,2025-01-22 12:00:00,103679.0,103900.0,103200.0,103759.0,110.62
69,2025-01-22 13:00:00,103759.0,103999.8,103100.0,103668.2,155.684
70,2025-01-22 14:00:00,103668.2,103999.8,96885.9,102963.9,502.592
71,2025-01-22 15:00:00,102750.0,103252.8,97000.3,103086.5,152.144
72,2025-01-22 16:00:00,103199.9,103200.0,98200.0,101097.6,172.15
73,2025-01-22 17:00:00,101067.2,102766.0,99000.0,101812.7,117.267
74,2025-01-22 18:00:00,101812.7,102766.0,97000.0,101020.0,499.8
75,2025-01-22 19:00:00,101580.0,103200.0,99028.8,102409.9,139.214
76,2025-01-22 20:00:00,102297.7,103170.8,99348.0,100466.0,117.038
77,2025-01-22 21:00:00,100568.8,103200.0,99348.0,102080.0,57.852
78,2025-01-22 22:00:00,101358.4,103200.0,99529.9,100050.4,76.135
79,2025-01-22 23:00:00,100664.2,103190.0,99365.1,100499.9,125.771
80,2025-01-23 00:00:00,100050.4,103190.0,99365.0,102000.0,93.418
81,2025-01-23 01:00:00,102119.8,103190.0,99365.0,102124.0,59.221
82,2025-01-23 02:00:00,101987.4,103190.0,99365.0,103000.0,54.024
83,2025-01-23 03:00:00,102334.3,103190.0,99028.8,101009.9,121.838
84,2025-01-23 04:00:00,101009.9,103008.0,99532.0,102189.2,121.919
85,2025-01-23 05:00:00,102420.0,103007.9,99666.0,101985.0,98.824
86,2025-01-23 06:00:00,102000.0,103007.9,99720.0,102000.1,95.506
87,2025-01-23 07:00:00,102000.1,103000.0,99720.0,101000.0,142.308
88,2025-01-23 08:00:00,101000.0,102900.0,99720.0,102000.0,102.47
89,2025-01-23 09:00:00,102000.0,102500.0,99720.1,100720.0,147.433
90,2025-01-23 10:00:00,100800.0,104000.0,99028.8,101087.2,2034.184
91,2025-01-23 11:00:00,101206.9,103989.9,99100.0,100863.8,159.331
92,2025-01-23 12:00:00,100863.8,103980.0,99100.0,100641.1,130.278
93,2025-01-23 13:00:00,100287.7,102800.0,98400.0,99524.1,305.336
94,2025-01-23 14:00:00,99452.7,103000.0,99249.6,102776.0,351.693
95,2025-01-23 15:00:00,102776.0,103000.0,101900.0,102330.0,188.973
96,2025-01-23 16:00:00,102330.1,107839.1,100999.9,102750.1,441.873
97,2025-01-23 17:00:00,102750.2,104988.0,102400.0,104500.0,223.26
98,2025-01-23 18:00:00,103794.2,104990.0,102400.0,102921.8,237.515
99,2025-01-23 19:00:00,102921.8,104990.0,102400.0,103071.2,158.307
100,2025-01-23 20:00:00,103071.2,104990.0,102401.0,102962.4,153.059
101,2025-01-23 21:00:00,102962.4,104899.9,102450.0,103576.5,173.391
102,2025-01-23 22:00:00,103211.4,104899.9,102519.4,103163.3,95.329
103,2025-01-23 23:00:00,103000.0,104899.9,102519.5,103433.4,87.1
104,2025-01-24 00:00:00,103000.1,104899.6,103000.0,103000.1,66.624
105,2025-01-24 01:00:00,103200.0,104899.6,102742.5,102999.9,142.657
106,2025-01-24 02:00:00,102999.9,103000.0,102427.1,102452.5,100.506
107,2025-01-24 03:00:00,102427.2,104899.6,102390.0,102390.0,206.968
108,2025-01-24 04:00:00,102900.0,104990.0,101900.0,103576.5,117.807
109,2025-01-24 05:00:00,103386.6,104990.0,101900.0,102813.5,120.729
110,2025-01-24 06:00:00,103100.0,104989.9,101900.0,104120.0,81.122
111,2025-01-24 07:00:00,104989.8,104989.9,101900.0,103440.0,138.26
112,2025-01-24 08:00:00,103326.0,104990.0,101900.0,104081.8,149.291
113,2025-01-24 09:00:00,104081.8,105010.0,101900.0,103780.1,140.544
114,2025-01-24 10:00:00,104587.1,107859.9,101900.0,104077.3,196.641
115,2025-01-24 11:00:00,104000.0,107488.0,102940.0,105214.9,201.929
116,2025-01-24 12:00:00,105000.0,106537.4,103100.0,105820.0,153.412
117,2025-01-24 13:00:00,105820.0,106200.0,103081.2,103440.0,111.265
118,2025-01-24 14:00:00,103440.0,105700.0,103081.0,103100.0,236.906
119,2025-01-24 15:00:00,103171.1,105700.0,103100.0,105200.8,215.685
120,2025-01-24 16:00:00,105200.8,107000.0,103100.0,104849.5,183.976
121,2025-01-24 17:00:00,104849.5,106900.0,103200.0,106700.0,173.296
122,2025-01-24 18:00:00,106465.5,107721.7,103500.0,105000.0,173.75
123,2025-01-24 19:00:00,105500.0,107721.6,103700.0,106192.8,194.43
124,2025-01-24 20:00:00,106192.8,107721.6,103200.0,104017.5,123.597
125,2025-01-24 21:00:00,103935.1,107700.0,103000.1,107690.0,107.943
126,2025-01-24 22:00:00,107689.9,107721.6,103000.5,106500.0,86.191
127,2025-01-24 23:00:00,106500.0,107721.6,103000.5,104500.0,79.097
128,2025-01-25 00:00:00,104376.1,107721.7,103200.0,105679.4,50.466
129,2025-01-25 01:00:00,105679.4,107500.0,105076.3,105743.7,77.046
130,2025-01-25 02:00:00,105480.0,107500.0,105076.3,105076.4,102.196
131,2025-01-25 03:00:00,105805.8,107500.0,103200.0,105000.0,77.827
132,2025-01-25 04:00:00,105000.0,107499.6,103000.5,105128.4,126.137
133,2025-01-25 05:00:00,105273.1,107499.6,104000.2,106012.6,140.776
134,2025-01-25 06:00:00,106428.1,107499.0,104200.0,105944.4,69.781
135,2025-01-25 07:00:00,106338.8,107490.0,104000.0,106012.6,106.038
136,2025-01-25 08:00:00,106248.8,107490.0,105200.0,107399.9,151.377
137,2025-01-25 09:00:00,106800.0,107489.9,103200.0,106500.0,203.324
138,2025-01-25 10:00:00,106235.8,106998.9,103200.1,106007.2,99.215
139,2025-01-25 11:00:00,105558.6,106999.0,103761.1,104500.0,101.723
140,2025-01-25 12:00:00,104120.0,106998.9,103700.0,106950.0,91.124
141,2025-01-25 13:00:00,106425.5,106950.0,104200.0,105040.2,104.013
142,2025-01-25 14:00:00,105100.1,106950.0,101310.3,104890.2,438.511
143,2025-01-25 15:00:00,103533.5,106612.1,101400.0,104072.6,145.337
144,2025-01-25 16:00:00,104500.0,105710.8,102500.0,104460.0,149.811
145,2025-01-25 17:00:00,104460.0,105637.4,103458.9,104999.9,100.393
146,2025-01-25 18:00:00,104302.7,105637.4,103000.0,105492.5,154.2
147,2025-01-25 19:00:00,105134.6,105637.4,102500.0,104119.9,123.191
148,2025-01-25 20:00:00,104119.9,105790.0,102220.0,104280.6,121.665
149,2025-01-25 21:00:00,104000.2,105790.0,101980.0,105518.2,64.241
150,2025-01-25 22:00:00,104894.9,105932.0,101980.0,103000.1,123.402
151,2025-01-25 23:00:00,103135.3,105500.0,101500.0,102830.8,90.492
152,2025-01-26 00:00:00,102830.8,106000.0,102100.0,104134.6,65.126
153,2025-01-26 01:00:00,104120.0,105838.9,102000.0,105838.9,91.24
154,2025-01-26 02:00:00,105838.8,106400.0,101500.0,104016.2,70.763
155,2025-01-26 03:00:00,104016.2,106458.9,101382.4,102970.8,120.934
156,2025-01-26 04:00:00,103493.5,106107.0,102420.0,104016.2,73.071
157,2025-01-26 05:00:00,104016.2,106373.2,101382.4,103483.0,92.95
158,2025-01-26 06:00:00,103483.0,105500.0,101500.0,103000.0,101.271
159,2025-01-26 07:00:00,103000.0,106370.0,102500.0,103551.3,103.14
160,2025-01-26 08:00:00,103334.2,106370.0,102500.0,103241.2,73.727
161,2025-01-26 09:00:00,103700.0,104999.9,101882.5,102600.1,155.587
162,2025-01-26 10:00:00,102600.1,106370.0,101882.5,104504.4,462.293
163,2025-01-26 11:00:00,104304.2,106290.0,102810.0,105497.6,95.531
164,2025-01-26 12:00:00,105522.1,106250.0,102700.0,104997.4,130.819
165,2025-01-26 13:00:00,104734.9,106000.0,102950.0,104643.2,85.801
166,2025-01-26 14:00:00,104999.9,106200.0,102700.0,105626.2,162.814
167,2025-01-26 15:00:00,105364.1,106199.0,103000.0,104600.1,121.13
168,2025-01-26 16:00:00,104600.1,106200.0,104061.7,105612.9,174.664
169,2025-01-26 17:00:00,105612.9,106200.0,104061.7,105841.4,157.303
170,2025-01-26 18:00:00,105841.4,106199.8,104500.0,105790.1,111.431
171,2025-01-26 19:00:00,105859.1,106199.9,104500.0,105800.0,111.335
172,2025-01-26 20:00:00,105799.9,106190.0,104950.0,105790.0,106.878
173,2025-01-26 21:00:00,105790.0,105980.0,105090.0,105790.0,76.581
174,2025-01-26 22:00:00,105500.4,106000.0,104890.0,105500.0,73.283
175,2025-01-26 23:00:00,105287.0,106000.0,102540.0,105469.1,155.261
176,2025-01-27 00:00:00,105571.6,106000.0,103850.0,105050.9,58.988
177,2025-01-27 01:00:00,105300.0,105878.2,103850.0,103850.1,59.415
178,2025-01-27 02:00:00,103947.4,105878.2,102600.0,105779.5,93.454
179,2025-01-27 03:00:00,105518.8,105790.0,102540.0,104698.9,51.13
180,2025-01-27 04:00:00,104600.1,104699.0,101100.0,103499.9,185.603
181,2025-01-27 05:00:00,103499.9,104698.8,101100.0,103000.0,124.172
182,2025-01-27 06:00:00,102908.7,104697.9,101500.0,102500.5,83.537
183,2025-01-27 07:00:00,102500.5,103500.0,98500.0,98899.6,908.012
184,2025-01-27 08:00:00,98849.3,100500.0,98700.0,99971.1,121.657
185,2025-01-27 09:00:00,100499.7,100500.0,99971.0,100497.4,128.443
186,2025-01-27 10:00:00,100054.6,100498.0,99500.0,100489.9,72.386
187,2025-01-27 11:00:00,100489.9,100490.0,99000.0,99760.0,138.202
188,2025-01-27 12:00:00,99938.2,100490.0,99000.0,99820.0,108.942
189,2025-01-27 13:00:00,99820.0,100490.0,99100.1,100080.4,112.469
190,2025-01-27 14:00:00,100080.4,100500.0,99010.0,100500.0,273.457
191,2025-01-27 15:00:00,100499.9,100500.0,99070.0,100000.0,426.933
192,2025-01-27 16:00:00,100499.9,100500.0,99500.0,100489.0,105.372
193,2025-01-27 17:00:00,100351.1,100500.0,99601.0,99752.0,200.814
194,2025-01-27 18:00:00,99752.1,100500.0,99000.1,99563.9,169.206
195,2025-01-27 19:00:00,99897.4,100500.0,99000.1,99200.1,130.718
196,2025-01-27 20:00:00,100064.2,100490.0,99273.0,100000.0,183.367
197,2025-01-27 21:00:00,99999.9,103500.0,99311.0,100404.8,233.306
198,2025-01-27 22:00:00,100605.3,104300.0,99500.5,104300.0,180.264
199,2025-01-27 23:00:00,104299.9,104500.0,99500.5,101499.9,123.314
200,2025-01-28 00:00:00,101242.2,103902.9,99500.5,103000.0,64.082
201,2025-01-28 01:00:00,103066.5,103902.9,99500.5,101874.8,442.057
202,2025-01-28 02:00:00,101874.9,103903.0,100888.4,103440.0,74.929
203,2025-01-28 03:00:00,103540.0,103903.0,99563.8,102200.0,54.762
204,2025-01-28 04:00:00,102080.1,103903.0,100564.5,102372.4,69.415
205,2025-01-28 05:00:00,102372.5,103903.0,102372.4,102372.4,118.997
206,2025-01-28 06:00:00,103066.5,103902.9,99564.0,101000.0,301.336
207,2025-01-28 07:00:00,101047.1,103903.0,99564.0,101922.1,174.596
208,2025-01-28 08:00:00,101738.5,103903.0,100541.8,102278.0,73.241
209,2025-01-28 09:00:00,103000.0,103903.0,99600.0,101483.0,75.26
210,2025-01-28 10:00:00,101748.2,103566.9,100040.0,100632.2,66.749
211,2025-01-28 11:00:00,100350.1,104399.9,100064.3,101526.9,168.535
212,2025-01-28 12:00:00,101844.0,104389.8,100500.0,101952.5,194.809
213,2025-01-28 13:00:00,101932.1,104380.0,101100.0,102691.3,129.749
214,2025-01-28 14:00:00,102732.5,104078.0,101500.0,102547.1,173.189
215,2025-01-28 15:00:00,102547.1,104378.0,102500.0,103369.6,224.739
216,2025-01-28 16:00:00,103369.6,104380.0,100600.0,104127.9,188.594
217,2025-01-28 17:00:00,104335.3,104379.0,102800.0,103780.0,257.907
218,2025-01-28 18:00:00,103884.8,104075.0,102566.1,103000.0,150.668
219,2025-01-28 19:00:00,103000.0,103950.0,101016.7,103943.1,168.954
220,2025-01-28 20:00:00,103943.1,104040.7,101100.0,101239.7,119.044
221,2025-01-28 21:00:00,101222.0,102210.0,100399.0,100399.0,138.266
222,2025-01-28 22:00:00,100399.0,104040.7,100064.3,101210.5,119.223
223,2025-01-28 23:00:00,101220.4,103500.0,100993.1,101324.3,77.535
224,2025-01-29 00:00:00,101324.3,104370.0,100910.0,101674.0,71.743
225,2025-01-29 01:00:00,101674.0,104300.0,101626.5,101693.0,55.715
226,2025-01-29 02:00:00,101798.8,104300.0,101416.9,101764.3,52.367
227,2025-01-29 03:00:00,101764.3,104200.0,101708.0,103000.0,38.63
228,2025-01-29 04:00:00,102967.6,104200.0,101941.8,103057.6,59.045
229,2025-01-29 05:00:00,104078.0,104100.0,100980.0,102733.3,132.181
230,2025-01-29 06:00:00,102733.3,104000.0,101500.0,102665.7,68.66
231,2025-01-29 07:00:00,102665.7,103559.9,102355.8,102698.8,70.362
232,2025-01-29 08:00:00,102676.7,103559.8,101716.6,102512.0,100.529
233,2025-01-29 09:00:00,102500.0,103567.8,99500.0,103299.9,310.004
234,2025-01-29 10:00:00,102855.5,103450.0,99501.0,101819.8,158.975
235,2025-01-29 11:00:00,101819.8,103400.0,99000.1,102547.7,116.889
236,2025-01-29 12:00:00,102554.0,102621.3,100040.1,101220.4,73.748
237,2025-01-29 13:00:00,101237.9,103700.0,100040.1,102862.2,132.215
238,2025-01-29 14:00:00,102862.2,103950.0,100551.0,102800.0,151.554
239,2025-01-29 15:00:00,103100.0,103950.0,100551.0,103010.0,122.924
240,2025-01-29 16:00:00,102588.1,103950.0,101750.0,101956.8,131.708
241,2025-01-29 17:00:00,101956.8,104400.0,100040.0,103105.9,226.396
242,2025-01-29 18:00:00,102443.6,104400.0,100000.3,103089.9,247.837
243,2025-01-29 19:00:00,103089.9,103900.0,100083.7,102574.0,148.15
244,2025-01-29 20:00:00,102600.0,103900.0,100200.0,102816.1,132.425
245,2025-01-29 21:00:00,101931.6,104400.0,100145.5,101500.0,134.784
246,2025-01-29 22:00:00,101334.6,103542.8,100145.5,103100.0,72.533
247,2025-01-29 23:00:00,103128.9,104400.0,101000.0,103657.4,66.575
248,2025-01-30 00:00:00,103668.8,104399.7,100737.0,104044.7,63.168
249,2025-01-30 01:00:00,103984.0,104400.0,100083.9,102500.0,363.576
250,2025-01-30 02:00:00,102499.9,104400.0,100083.9,102518.2,62.137
251,2025-01-30 03:00:00,102443.7,107000.0,100633.6,104318.8,468.76
252,2025-01-30 04:00:00,103845.1,105126.1,101760.0,105126.0,120.849
253,2025-01-30 05:00:00,105126.0,106840.0,100719.2,105093.7,254.811
254,2025-01-30 06:00:00,105093.7,105500.0,102124.6,104000.0,107.328
255,2025-01-30 07:00:00,105005.1,105498.9,102205.0,105005.1,130.515
256,2025-01-30 08:00:00,104400.0,105498.9,102350.0,105498.8,75.439
257,2025-01-30 09:00:00,105113.5,105499.9,102600.0,105499.9,83.361
258,2025-01-30 10:00:00,105499.8,105499.9,103213.6,104630.5,122.924
259,2025-01-30 11:00:00,104630.5,105450.0,102600.0,104790.1,108.328
260,2025-01-30 12:00:00,104790.1,105255.6,104120.0,104580.1,67.854
261,2025-01-30 13:00:00,104538.1,105450.0,103500.0,104968.1,144.842
262,2025-01-30 14:00:00,104968.1,105499.9,103500.0,105000.0,167.246
263,2025-01-30 15:00:00,105010.2,106820.6,103732.0,106472.8,416.822
264,2025-01-30 16:00:00,106472.8,106799.9,105000.0,105638.4,136.703
265,2025-01-30 17:00:00,105999.7,106424.9,104400.2,106099.0,530.096
266,2025-01-30 18:00:00,105500.0,106099.0,104400.2,104700.1,123.602
267,2025-01-30 19:00:00,105220.8,106399.9,104400.2,105638.2,205.691
268,2025-01-30 20:00:00,105321.8,106099.6,104400.2,104800.0,139.419
269,2025-01-30 21:00:00,104774.4,105795.0,104400.2,105500.1,72.14
270,2025-01-30 22:00:00,105500.2,105699.9,104020.0,105400.0,89.635
271,2025-01-30 23:00:00,105249.1,105699.8,101000.1,103800.0,138.931
272,2025-01-31 00:00:00,103750.1,105490.0,103513.8,104802.4,48.559
273,2025-01-31 01:00:00,104802.4,104900.0,104411.4,104657.4,48.189
274,2025-01-31 02:00:00,104604.0,104900.0,104000.0,104900.0,57.131
275,2025-01-31 03:00:00,104282.0,105699.8,102222.4,104907.3,73.819
276,2025-01-31 04:00:00,104460.0,105699.8,103098.1,103257.2,95.359
277,2025-01-31 05:00:00,103257.2,105699.8,103250.1,103602.0,98.188
278,2025-01-31 06:00:00,103780.0,105326.9,103250.1,104500.0,121.888
279,2025-01-31 07:00:00,104294.4,106099.5,103250.1,105509.0,136.779
280,2025-01-31 08:00:00,105530.2,105963.4,104000.0,105147.7,47.945
281,2025-01-31 09:00:00,105140.0,105516.4,103286.4,104624.6,109.771
282,2025-01-31 10:00:00,104624.6,105516.4,104320.0,104691.7,63.87
283,2025-01-31 11:00:00,104913.1,105516.3,104216.5,104913.3,86.363
284,2025-01-31 12:00:00,104912.8,105500.0,104000.0,104690.0,86.281
285,2025-01-31 13:00:00,104928.4,105499.9,104500.0,104566.4,105.339
286,2025-01-31 14:00:00,104556.0,105240.0,104500.0,104500.3,91.905
287,2025-01-31 15:00:00,104577.0,106350.0,104258.2,105141.3,194.218
288,2025-01-31 16:00:00,105499.8,106000.0,104500.0,105240.8,192.068
289,2025-01-31 17:00:00,105125.7,106000.0,104500.0,105000.0,124.873
290,2025-01-31 18:00:00,105000.0,105816.0,103992.7,104500.0,195.954
291,2025-01-31 19:00:00,104429.2,104500.0,102222.0,103275.3,214.48
292,2025-01-31 20:00:00,103275.3,104111.0,102300.0,103062.8,74.34
293,2025-01-31 21:00:00,103057.6,103950.9,102500.0,103700.0,80.851
294,2025-01-31 22:00:00,103000.0,104100.0,102400.0,103000.0,90.345
295,2025-01-31 23:00:00,103999.9,104000.0,102317.4,103991.9,93.454
296,2025-02-01 00:00:00,103991.9,103992.0,102319.1,103489.9,61.955
297,2025-02-01 01:00:00,103200.0,103948.0,102319.1,103100.0,58.839
298,2025-02-01 02:00:00,103086.0,103948.4,102395.9,103830.8,39.54
299,2025-02-01 03:00:00,103830.8,103950.0,102375.9,103082.3,65.585
300,2025-02-01 04:00:00,102980.6,103993.0,102365.9,103643.5,103.396
301,2025-02-01 05:00:00,103643.5,103993.0,102435.1,103726.7,33.344
302,2025-02-01 06:00:00,103747.5,103993.9,102900.0,103789.1,59.578
303,2025-02-01 07:00:00,103726.7,103995.1,102900.0,103995.0,57.336
304,2025-02-01 08:00:00,103976.4,103997.7,102680.0,103789.1,74.28
305,2025-02-01 09:00:00,103830.7,103990.0,102680.0,103705.9,88.444
306,2025-02-01 10:00:00,103706.3,103997.7,102365.9,103560.2,117.81
307,2025-02-01 11:00:00,103560.3,103950.0,102335.5,103126.0,149.056
308,2025-02-01 12:00:00,103063.3,103949.8,102465.7,102760.0,74.359
309,2025-02-01 13:00:00,102877.6,103949.8,102750.0,103560.3,140.368
310,2025-02-01 14:00:00,103614.1,103949.8,102500.0,103166.9,165.89
311,2025-02-01 15:00:00,103187.4,103949.8,102400.0,103400.0,115.857
312,2025-02-01 16:00:00,103898.9,103930.0,102335.5,103429.9,169.106
313,2025-02-01 17:00:00,103104.7,103890.0,102335.5,102960.0,94.375
314,2025-02-01 18:00:00,102960.0,103930.0,102363.2,103373.9,69.364
315,2025-02-01 19:00:00,103394.5,103997.7,102400.0,102774.6,155.702
316,2025-02-01 20:00:00,103000.0,103900.0,102400.0,103477.3,111.928
317,2025-02-01 21:00:00,103477.3,103493.9,100500.2,101362.4,1410.889
318,2025-02-01 22:00:00,101362.4,103200.0,100600.1,101655.4,170.56
319,2025-02-01 23:00:00,101667.8,102900.0,101129.9,101933.0,50.77
320,2025-02-02 00:00:00,102000.0,102900.0,101179.8,102465.7,60.951
321,2025-02-02 01:00:00,102219.7,102900.0,101500.0,102898.2,37.172
322,2025-02-02 02:00:00,102899.9,102900.0,101898.2,101912.6,42.248
323,2025-02-02 03:00:00,101912.6,102900.0,101180.0,101749.4,62.259
324,2025-02-02 04:00:00,101749.4,102900.0,99520.1,100029.7,364.473
325,2025-02-02 05:00:00,100009.6,102889.9,99600.1,101484.2,134.139
326,2025-02-02 06:00:00,101504.6,102900.0,100000.1,101022.5,104.289
327,2025-02-02 07:00:00,101037.6,102800.0,100000.1,101606.6,91.068
328,2025-02-02 08:00:00,101683.4,102800.0,100050.0,101063.2,123.904
329,2025-02-02 09:00:00,100552.6,103200.0,100000.1,102137.7,127.924
330,2025-02-02 10:00:00,102096.7,103200.0,100000.1,101170.0,107.417
331,2025-02-02 11:00:00,100754.6,103100.0,100000.2,100391.5,125.922
332,2025-02-02 12:00:00,100090.0,103000.0,98710.2,99898.8,1011.965
333,2025-02-02 13:00:00,99889.5,100270.4,98800.1,100170.5,108.444
334,2025-02-02 14:00:00,100009.6,101098.5,98901.0,100855.5,113.275
335,2025-02-02 15:00:00,100855.6,101115.0,99511.1,100916.2,152.613
336,2025-02-02 16:00:00,100936.4,101115.0,100400.0,100694.0,81.349
337,2025-02-02 17:00:00,100593.0,102947.0,99511.1,100688.9,186.242
338,2025-02-02 18:00:00,100110.1,102200.0,99511.1,100500.0,239.27
339,2025-02-02 19:00:00,100492.0,102600.0,99900.0,101217.9,163.318
340,2025-02-02 20:00:00,100874.5,102600.0,98809.0,100380.0,344.873
341,2025-02-02 21:00:00,100085.0,101999.8,98040.1,101060.0,706.522
342,2025-02-02 22:00:00,100842.2,102500.0,98215.2,99630.0,78.286
343,2025-02-02 23:00:00,99430.0,101900.0,99000.0,99139.8,95.023
344,2025-02-03 00:00:00,99139.8,101800.0,99000.0,99571.9,55.256
345,2025-02-03 01:00:00,99571.9,101800.0,92100.1,94653.1,2648.058
346,2025-02-03 02:00:00,94653.0,97600.0,93600.1,96084.4,104.576
347,2025-02-03 03:00:00,96084.4,101800.0,94500.0,97200.0,122.916
348,2025-02-03 04:00:00,97199.9,98999.8,92040.5,96500.0,129.517
349,2025-02-03 05:00:00,96500.0,98999.8,95000.1,98355.4,100.963
350,2025-02-03 06:00:00,98000.0,98999.8,95500.0,98374.1,58.272
351,2025-02-03 07:00:00,97690.9,98999.8,95600.1,98850.0,161.198
352,2025-02-03 08:00:00,98849.9,98999.8,97500.0,98079.5,94.291
353,2025-02-03 09:00:00,97881.0,98900.0,97382.8,98403.2,129.383
354,2025-02-03 10:00:00,98852.1,98999.8,98403.1,98500.0,114.65
355,2025-02-03 11:00:00,98989.8,98990.0,98500.0,98821.8,112.345
356,2025-02-03 12:00:00,98989.8,98999.8,95500.1,97500.1,327.979
357,2025-02-03 13:00:00,97500.1,98926.7,97500.0,98899.8,124.685
358,2025-02-03 14:00:00,98000.0,98999.8,97500.0,98500.0,159.691
359,2025-02-03 15:00:00,98000.0,107721.6,97500.0,102389.8,396.659
360,2025-02-03 16:00:00,102389.8,107721.0,92500.1,97690.8,338.944
361,2025-02-03 17:00:00,97010.0,102100.0,96411.2,98510.0,445.711
362,2025-02-03 18:00:00,98510.1,102900.0,98510.0,101083.9,283.42
363,2025-02-03 19:00:00,101083.9,102700.0,100000.1,102398.8,125.365
364,2025-02-03 20:00:00,102224.7,102399.0,100090.2,101660.4,107.958
365,2025-02-03 21:00:00,102006.6,102587.0,100384.7,101871.0,152.816
366,2025-02-03 22:00:00,101871.0,102900.0,100300.1,101060.0,232.905
367,2025-02-03 23:00:00,101959.9,102620.5,100300.1,101379.0,85.874
368,2025-02-04 00:00:00,101595.4,101701.0,100400.0,101567.8,70.303
369,2025-02-04 01:00:00,101558.0,102211.1,99500.1,101357.7,156.659
370,2025-02-04 02:00:00,101360.4,102090.0,100960.2,100960.2,108.874
371,2025-02-04 03:00:00,101374.7,102090.0,100500.0,100615.3,92.055
372,2025-02-04 04:00:00,100615.3,102090.0,99500.3,99979.3,114.647
373,2025-02-04 05:00:00,99979.3,100131.2,98170.1,99730.2,637.058
374,2025-02-04 06:00:00,99730.2,100727.1,98955.1,100129.9,154.491
375,2025-02-04 07:00:00,100129.9,101915.0,99150.7,100970.0,73.692
376,2025-02-04 08:00:00,100940.4,101915.0,98210.1,99000.0,190.868
377,2025-02-04 09:00:00,98990.0,101915.0,98250.1,100756.8,137.366
378,2025-02-04 10:00:00,100917.7,101914.0,98280.0,100700.0,79.845
379,2025-02-04 11:00:00,100700.1,102211.1,98253.0,101295.8,235.072
380,2025-02-04 12:00:00,101159.5,102211.1,98253.1,101500.0,229.806
381,2025-02-04 13:00:00,101500.0,102210.0,99600.1,101000.0,128.657
382,2025-02-04 14:00:00,101000.0,101900.0,99600.1,101899.0,154.397
383,2025-02-04 15:00:00,101899.9,102222.0,99700.1,99820.1,279.516
384,2025-02-04 16:00:00,100663.6,106999.9,99820.1,103481.5,377.8
385,2025-02-04 17:00:00,103804.9,106700.0,99556.0,101000.0,408.615
386,2025-02-04 18:00:00,100167.7,104600.0,99556.2,101000.0,114.97
387,2025-02-04 19:00:00,101000.0,104600.0,99790.5,100476.6,93.463
388,2025-02-04 20:00:00,100400.1,102583.0,100000.0,101655.4,111.323
389,2025-02-04 21:00:00,101655.4,102583.0,99559.9,101553.0,181.097
390,2025-02-04 22:00:00,101740.0,102500.0,99559.9,101159.5,44.162
391,2025-02-04 23:00:00,100800.0,102500.0,99666.0,100978.7,43.548
392,2025-02-05 00:00:00,101059.9,102500.0,99600.1,101740.0,40.887
393,2025-02-05 01:00:00,101655.4,102300.0,99600.1,100504.7,58.022
394,2025-02-05 02:00:00,100504.7,102651.3,99556.0,102000.0,78.608
395,2025-02-05 03:00:00,101634.0,102000.0,99000.2,100510.9,180.599
396,2025-02-05 04:00:00,100380.0,100965.0,99000.2,100550.0,62.81
397,2025-02-05 05:00:00,100172.9,101789.6,99000.2,100663.6,94.064
398,2025-02-05 06:00:00,100167.7,101800.0,99000.2,100004.8,117.135
399,2025-02-05 07:00:00,100204.4,101800.0,99000.9,101331.5,84.501
400,2025-02-05 08:00:00,101159.5,102000.0,99205.6,100800.0,124.405
401,2025-02-05 09:00:00,101000.0,102000.0,99350.2,102000.0,54.633
402,2025-02-05 10:00:00,101821.5,104600.0,99205.7,101894.2,103.158
403,2025-02-05 11:00:00,101996.2,102377.4,99400.0,100000.0,78.094
404,2025-02-05 12:00:00,100256.4,102377.4,99205.7,100482.2,124.479
405,2025-02-05 13:00:00,100340.9,102377.4,99205.5,99700.0,158.533
406,2025-02-05 14:00:00,99700.0,100648.8,99000.9,100648.7,305.672
407,2025-02-05 15:00:00,100624.3,104301.9,99100.0,101660.6,154.456
408,2025-02-05 16:00:00,101500.0,104301.9,99100.0,100059.7,354.858
409,2025-02-05 17:00:00,100143.1,103878.0,99100.3,101400.4,161.172
410,2025-02-05 18:00:00,101653.0,102600.0,98000.1,98802.0,584.235
411,2025-02-05 19:00:00,98634.0,102399.9,98001.1,99200.1,97.887
412,2025-02-05 20:00:00,99668.8,100000.0,99000.2,99360.0,95.389
413,2025-02-05 21:00:00,99658.3,100000.0,98860.9,99806.7,77.44
414,2025-02-05 22:00:00,99360.0,100000.0,98100.1,98212.1,108.532
415,2025-02-05 23:00:00,98212.2,100500.0,98212.1,100499.8,106.87
416,2025-02-06 00:00:00,100499.8,102000.0,98127.1,100399.9,215.35
417,2025-02-06 01:00:00,100380.0,102000.0,98247.1,100720.0,77.307
418,2025-02-06 02:00:00,100272.9,102010.0,98500.0,100181.0,67.9
419,2025-02-06 03:00:00,100181.0,102199.9,99200.0,99700.0,24.876
420,2025-02-06 04:00:00,99700.0,102000.0,99700.0,101999.9,34.657
421,2025-02-06 05:00:00,101999.9,102000.0,99200.0,101660.6,68.178
422,2025-02-06 06:00:00,101660.6,102000.0,100780.0,101899.9,61.465
423,2025-02-06 07:00:00,101899.9,102290.0,100500.0,102166.4,68.985
424,2025-02-06 08:00:00,102166.4,102290.0,98800.1,100000.0,80.335
425,2025-02-06 09:00:00,99837.3,102290.0,98800.1,101660.6,98.237
426,2025-02-06 10:00:00,101400.0,102600.0,99720.0,101999.9,116.121
427,2025-02-06 11:00:00,101999.0,102800.0,99720.3,102397.4,90.147
428,2025-02-06 12:00:00,102397.5,104200.0,101560.0,103399.0,163.458
429,2025-02-06 13:00:00,102700.1,104500.0,99172.1,103500.0,338.946
430,2025-02-06 14:00:00,103704.7,103704.8,99172.6,102000.0,124.73
431,2025-02-06 15:00:00,102000.0,103490.0,96705.3,99106.7,460.827
432,2025-02-06 16:00:00,99106.7,102571.2,98600.0,100000.0,174.315
433,2025-02-06 17:00:00,100639.4,102000.0,97300.2,99500.0,318.581
434,2025-02-06 18:00:00,99499.9,101900.0,97500.0,99617.6,223.775
435,2025-02-06 19:00:00,99700.0,101661.2,95500.2,99193.6,404.145
436,2025-02-06 20:00:00,99193.6,99998.0,98000.2,98175.0,149.73
437,2025-02-06 21:00:00,98680.0,99997.9,97063.1,99679.4,161.731
438,2025-02-06 22:00:00,99970.1,99986.1,97769.2,99517.6,60.11
439,2025-02-06 23:00:00,99417.6,99986.0,97769.1,98200.0,63.729
440,2025-02-07 00:00:00,98231.5,99986.1,97769.1,99427.9,36.822
441,2025-02-07 01:00:00,99106.7,99986.1,97800.1,98900.0,43.103
442,2025-02-07 02:00:00,98900.1,99986.0,98000.1,99500.0,36.24
443,2025-02-07 03:00:00,99500.0,99997.8,98000.2,99997.8,77.841
444,2025-02-07 04:00:00,99997.7,100000.0,97643.6,98700.0,304.379
445,2025-02-07 05:00:00,98999.9,99998.9,97551.7,98534.6,73.677
446,2025-02-07 06:00:00,98534.6,99890.0,97551.7,98680.0,111.698
447,2025-02-07 07:00:00,98982.1,99480.0,97560.1,99399.8,97.025
448,2025-02-07 08:00:00,99399.9,99890.0,98350.1,99154.8,68.418
449,2025-02-07 09:00:00,99154.8,99998.9,98001.1,98330.4,174.04
450,2025-02-07 10:00:00,98310.8,99998.9,97600.0,98166.2,169.339
451,2025-02-07 11:00:00,98516.2,99800.0,97600.1,98680.0,143.398
452,2025-02-07 12:00:00,99000.0,100500.0,98500.3,100000.0,155.621
453,2025-02-07 13:00:00,100000.0,100500.0,98554.0,99485.5,125.709
454,2025-02-07 14:00:00,99485.5,100495.0,98554.4,100040.0,163.359
455,2025-02-07 15:00:00,100040.0,100637.8,98810.1,100100.0,153.919
456,2025-02-07 16:00:00,100238.7,101579.0,99555.0,100180.6,257.409
457,2025-02-07 17:00:00,100616.6,101500.0,99991.3,100828.4,127.643
458,2025-02-07 18:00:00,101000.0,101579.0,99300.0,100040.1,152.184
459,2025-02-07 19:00:00,100040.1,100952.3,99500.0,100386.1,107.299
460,2025-02-07 20:00:00,100386.1,101545.9,99400.1,99912.4,155.354
461,2025-02-07 21:00:00,99912.4,101545.8,98900.1,99392.0,182.36
462,2025-02-07 22:00:00,99392.0,101490.0,97629.0,97629.0,358.334
463,2025-02-07 23:00:00,97629.1,101000.0,95500.0,97515.1,250.912
464,2025-02-08 00:00:00,97022.5,99900.0,96180.0,97841.0,111.104
465,2025-02-08 01:00:00,98228.0,99900.0,95000.0,97423.1,213.643
466,2025-02-08 02:00:00,96923.7,99700.0,96700.1,98258.5,79.543
467,2025-02-08 03:00:00,98500.3,99304.6,96700.1,98091.9,89.418
468,2025-02-08 04:00:00,98340.0,99700.0,97700.6,98000.6,96.141
469,2025-02-08 05:00:00,97700.7,99700.0,97700.6,99555.0,76.137
470,2025-02-08 06:00:00,99289.6,99800.0,97700.6,99000.0,92.541
471,2025-02-08 07:00:00,99289.6,99800.0,97700.1,99214.1,97.463
472,2025-02-08 08:00:00,99289.6,99980.0,97800.0,98949.9,122.369
473,2025-02-08 09:00:00,98949.9,99980.0,97800.1,99569.2,71.561
474,2025-02-08 10:00:00,99569.2,99980.0,97800.1,98645.3,131.778
475,2025-02-08 11:00:00,98645.3,99555.0,97800.0,99246.4,96.935
476,2025-02-08 12:00:00,98522.5,99998.9,97700.1,98736.0,160.658
477,2025-02-08 13:00:00,98736.0,99998.9,97907.3,98813.8,257.887
478,2025-02-08 14:00:00,98813.9,99556.7,97907.3,99000.0,92.392
479,2025-02-08 15:00:00,98952.7,99699.0,98000.0,99076.4,241.263
480,2025-02-08 16:00:00,99076.4,99507.1,98170.5,98600.0,182.423
481,2025-02-08 17:00:00,98635.9,99400.0,98170.5,99390.0,133.22
482,2025-02-08 18:00:00,99173.1,99390.0,98550.2,98978.0,109.444
483,2025-02-08 19:00:00,98920.0,99389.9,97907.3,98899.9,301.071
484,2025-02-08 20:00:00,98899.9,99390.0,98000.2,98774.6,120.769
485,2025-02-08 21:00:00,98774.6,99389.0,97300.0,97843.9,180.696
486,2025-02-08 22:00:00,97764.7,99388.9,97258.1,98002.7,137.039
487,2025-02-08 23:00:00,98160.0,99390.0,98002.7,99389.9,93.519
488,2025-02-09 00:00:00,99389.9,99390.0,98002.6,99000.0,63.039
489,2025-02-09 01:00:00,99000.0,99390.0,98002.5,99098.7,141.281
490,2025-02-09 02:00:00,98952.7,99390.0,98002.3,99020.0,144.276
491,2025-02-09 03:00:00,98952.7,99490.0,98002.4,99333.3,56.563
492,2025-02-09 04:00:00,99333.4,99490.0,98002.4,99015.4,46.447
493,2025-02-09 05:00:00,99015.4,99499.0,98002.4,99498.8,58.449
494,2025-02-09 06:00:00,99498.2,99499.0,98062.9,99498.9,69.03
495,2025-02-09 07:00:00,99499.0,99499.0,98465.0,99412.7,98.577
496,2025-02-09 08:00:00,99498.9,99499.9,99000.0,99000.1,96.506
497,2025-02-09 09:00:00,99085.1,99499.9,99000.1,99243.6,135.05
498,2025-02-09 10:00:00,99243.7,99499.9,97258.0,98412.3,428.281
499,2025-02-09 11:00:00,98325.2,99390.0,97710.0,99379.9,108.496
500,2025-02-09 12:00:00,99352.9,99450.0,97800.0,98414.2,147.687
501,2025-02-09 13:00:00,98414.2,99372.2,98158.5,99062.9,145.125
502,2025-02-09 14:00:00,99020.0,99372.2,98158.5,98158.6,85.514
503,2025-02-09 15:00:00,98158.6,99299.9,98158.5,98328.5,117.465
504,2025-02-09 16:00:00,98414.2,99299.9,98200.1,98794.3,176.523
505,2025-02-09 17:00:00,98700.0,99299.8,98158.7,98400.0,128.304
506,2025-02-09 18:00:00,98414.2,99372.2,98158.9,98477.5,431.792
507,2025-02-09 19:00:00,98932.8,99372.2,98160.0,98880.7,297.533
508,2025-02-09 20:00:00,98794.3,99372.1,98170.0,98668.6,133.59
509,2025-02-09 21:00:00,98668.6,99372.1,98170.0,98270.0,175.495
510,2025-02-09 22:00:00,98269.9,99372.1,98160.0,99318.2,114.122
511,2025-02-09 23:00:00,99369.9,99390.0,98900.0,99158.2,49.58
512,2025-02-10 00:00:00,99158.2,99390.0,98900.1,99085.1,20.591
513,2025-02-10 01:00:00,99085.1,99390.0,98900.1,99158.1,28.444
514,2025-02-10 02:00:00,99190.3,99400.0,98900.0,99394.6,56.353
515,2025-02-10 03:00:00,99338.9,99400.0,98164.5,99399.8,53.453
516,2025-02-10 04:00:00,99399.8,99450.0,98164.5,99449.9,65.149
517,2025-02-10 05:00:00,99386.0,99499.9,98164.5,99052.7,98.814
518,2025-02-10 06:00:00,98988.7,99490.0,98630.0,99290.7,83.232
519,2025-02-10 07:00:00,99290.7,99490.0,99211.5,99450.4,150.583
520,2025-02-10 08:00:00,99387.7,99499.9,98630.1,99466.2,127.004
521,2025-02-10 09:00:00,99499.8,99699.0,99364.1,99698.8,138.776
522,2025-02-10 10:00:00,99698.9,100000.0,99200.0,99681.5,277.012
523,2025-02-10 11:00:00,99681.5,107384.2,94500.0,100387.4,2741.302
524,2025-02-10 12:00:00,100387.4,103300.0,98000.0,102085.4,127.417
525,2025-02-10 13:00:00,102014.0,103300.0,98000.0,101092.1,218.118
526,2025-02-10 14:00:00,101092.1,119252.0,92030.0,97890.0,2987.67
527,2025-02-10 15:00:00,97890.0,118864.3,97278.3,102325.7,346.134
528,2025-02-10 16:00:00,102110.4,105000.0,99883.6,101293.1,195.109
529,2025-02-10 17:00:00,101300.0,104999.9,98900.0,101700.0,185.489
530,2025-02-10 18:00:00,101700.0,104000.0,97900.1,102095.4,184.964
531,2025-02-10 19:00:00,102110.4,104800.0,98100.1,102095.4,213.903
532,2025-02-10 20:00:00,102300.0,104500.0,100300.0,102420.0,132.416
533,2025-02-10 21:00:00,102313.0,102887.0,100400.0,102057.2,65.486
534,2025-02-10 22:00:00,101400.0,102885.0,100300.1,102079.9,47.133
535,2025-02-10 23:00:00,101557.9,102885.0,100300.1,102312.0,73.769
536,2025-02-11 00:00:00,102080.0,102884.8,100300.1,102000.5,32.839
537,2025-02-11 01:00:00,102000.5,102884.9,100300.1,102663.6,44.15
538,2025-02-11 02:00:00,102663.6,102993.0,101015.6,102408.0,83.801
539,2025-02-11 03:00:00,102408.0,102718.0,100300.1,100684.0,62.768
540,2025-02-11 04:00:00,100684.0,102993.0,99900.0,101717.6,196.195
541,2025-02-11 05:00:00,101505.0,102995.0,100067.6,102475.6,43.408
542,2025-02-11 06:00:00,102638.6,102995.0,99900.1,102605.1,95.088
543,2025-02-11 07:00:00,102800.1,102995.0,97900.0,101796.0,348.525
544,2025-02-11 08:00:00,101796.0,102465.0,97900.0,100164.0,111.735
545,2025-02-11 09:00:00,100164.0,101800.0,99700.0,100614.9,44.415
546,2025-02-11 10:00:00,100329.1,101800.0,98811.7,100299.1,84.252
547,2025-02-11 11:00:00,100200.0,101800.0,98812.0,101800.0,191.319
548,2025-02-11 12:00:00,101799.9,101800.0,98812.2,100253.8,84.889
549,2025-02-11 13:00:00,100737.4,101900.0,98888.1,99890.0,145.857
550,2025-02-11 14:00:00,100031.1,101900.0,98900.0,101000.0,104.337
551,2025-02-11 15:00:00,100858.6,101499.9,97905.1,99420.6,363.059
552,2025-02-11 16:00:00,99222.2,101300.0,97900.0,100097.0,190.096
553,2025-02-11 17:00:00,100097.0,100199.8,97920.0,99222.2,167.981
554,2025-02-11 18:00:00,99600.7,100001.7,98100.1,99708.3,78.941
555,2025-02-11 19:00:00,99708.3,100000.0,98100.0,98600.0,81.08
556,2025-02-11 20:00:00,98802.0,100001.5,97901.2,99000.0,157.543
557,2025-02-11 21:00:00,98980.0,100000.0,97900.0,99753.2,111.661
558,2025-02-11 22:00:00,99753.2,100001.6,97900.0,99222.2,91.707
559,2025-02-11 23:00:00,99023.8,100001.6,98100.0,99000.0,51.195
560,2025-02-12 00:00:00,99000.0,100199.6,96400.1,99961.7,471.545
561,2025-02-12 01:00:00,99962.0,100199.8,96400.1,99736.2,143.751
562,2025-02-12 02:00:00,99736.2,99800.0,97000.0,99000.0,43.505
563,2025-02-12 03:00:00,99000.0,99420.6,96598.0,98000.0,61.754
564,2025-02-12 04:00:00,98067.0,99400.0,97299.9,98442.1,41.657
565,2025-02-12 05:00:00,98448.2,100000.0,97939.8,98494.2,67.214
566,2025-02-12 06:00:00,98488.1,99700.0,97799.9,98400.0,77.215
567,2025-02-12 07:00:00,98438.7,99689.9,97751.0,99000.0,88.079
568,2025-02-12 08:00:00,99009.7,99689.9,98499.9,98638.0,133.457
569,2025-02-12 09:00:00,98856.6,99690.0,98600.0,99650.0,64.674
570,2025-02-12 10:00:00,99559.9,99690.0,98500.0,98792.0,93.553
571,2025-02-12 11:00:00,98792.0,99850.0,97751.0,98737.5,123.941
572,2025-02-12 12:00:00,98737.5,99850.0,97751.1,98502.0,110.462
573,2025-02-12 13:00:00,98502.0,101000.0,96666.6,98626.4,326.912
574,2025-02-12 14:00:00,98685.6,100000.0,96727.1,99990.0,208.961
575,2025-02-12 15:00:00,99764.0,100400.0,96850.0,98992.5,169.299
576,2025-02-12 16:00:00,98913.3,100394.0,97000.0,99000.0,166.606
577,2025-02-12 17:00:00,98900.3,99800.0,97100.1,98738.2,160.513
578,2025-02-12 18:00:00,99000.0,100199.9,97400.1,99499.0,103.498
579,2025-02-12 19:00:00,99500.0,100100.0,97500.0,98737.5,198.789
580,2025-02-12 20:00:00,98769.9,99999.9,97598.9,99999.8,185.899
581,2025-02-12 21:00:00,99999.8,99999.8,97899.9,98398.3,96.656
582,2025-02-12 22:00:00,98398.3,100000.0,97900.0,99632.6,207.745
583,2025-02-12 23:00:00,99619.0,99999.9,97900.0,99829.6,59.32
584,2025-02-13 00:00:00,99619.0,100900.0,97900.0,98000.0,108.036
585,2025-02-13 01:00:00,97999.9,100900.0,97900.0,98601.0,69.655
586,2025-02-13 02:00:00,98734.6,100900.0,97900.2,100079.0,106.811
587,2025-02-13 03:00:00,99969.5,100900.0,98099.9,99428.4,97.152
588,2025-02-13 04:00:00,99229.2,100900.0,98099.9,100102.6,62.555
589,2025-02-13 05:00:00,100092.6,100900.0,98199.9,99972.2,99.205
590,2025-02-13 06:00:00,99972.2,101000.0,97200.2,97300.0,334.933
591,2025-02-13 07:00:00,97515.0,100799.9,97300.0,100113.5,86.769
592,2025-02-13 08:00:00,100113.5,100600.0,96443.8,98101.6,362.078
593,2025-02-13 09:00:00,98082.0,98160.8,96800.0,97046.6,171.704
594,2025-02-13 10:00:00,97123.0,100999.9,96900.0,97630.7,408.826
595,2025-02-13 11:00:00,97833.4,100088.3,97100.0,98743.0,111.123
596,2025-02-13 12:00:00,98251.8,99900.0,97300.0,99530.0,76.701
597,2025-02-13 13:00:00,99090.1,99800.0,97100.0,98492.2,148.816
598,2025-02-13 14:00:00,98493.7,99400.0,97100.0,97898.5,82.474
599,2025-02-13 15:00:00,97700.0,99800.0,97106.2,97500.0,167.85
600,2025-02-13 16:00:00,97700.0,99862.0,97109.1,99486.5,135.555
601,2025-02-13 17:00:00,99486.5,100900.0,97106.2,97700.0,445.493
602,2025-02-13 18:00:00,97497.6,100650.0,97061.9,98292.9,234.324
603,2025-02-13 19:00:00,98292.9,98800.0,97100.0,97579.5,164.151
604,2025-02-13 20:00:00,97579.5,99900.0,97000.4,97501.5,287.73
605,2025-02-13 21:00:00,97700.0,100699.9,97399.9,99488.7,86.082
606,2025-02-13 22:00:00,99488.7,100400.1,97493.8,98000.0,85.329
607,2025-02-13 23:00:00,98000.0,100383.2,97710.1,98493.7,48.644
608,2025-02-14 00:00:00,98493.7,100383.2,97756.8,99890.7,29.099
609,2025-02-14 01:00:00,100076.0,100400.1,97710.0,99912.0,64.596
610,2025-02-14 02:00:00,99957.0,100400.1,97493.8,97503.2,68.52
611,2025-02-14 03:00:00,97503.7,100400.1,97494.0,98065.9,57.363
612,2025-02-14 04:00:00,98065.9,99690.0,97494.1,99090.1,61.009
613,2025-02-14 05:00:00,99156.6,100400.1,97499.9,99861.0,116.255
614,2025-02-14 06:00:00,99880.4,99980.2,97500.0,98691.8,80.606
615,2025-02-14 07:00:00,98891.0,99400.1,97599.9,99288.9,105.39
616,2025-02-14 08:00:00,99288.9,99400.1,97599.9,98500.0,116.262
617,2025-02-14 09:00:00,98292.9,99400.1,97599.9,98000.0,62.399
618,2025-02-14 10:00:00,98323.0,99400.1,97599.9,99288.9,113.598
619,2025-02-14 11:00:00,99089.5,99488.7,97599.9,98877.1,96.64
620,2025-02-14 12:00:00,98877.1,99488.7,97599.9,98118.0,181.697
621,2025-02-14 13:00:00,98118.0,99289.3,97867.8,98493.7,123.093
622,2025-02-14 14:00:00,98295.6,99289.3,97867.8,99289.3,180.656
623,2025-02-14 15:00:00,98801.1,99488.7,97867.8,99104.1,125.83
624,2025-02-14 16:00:00,99104.1,99488.7,97000.4,97590.0,321.746
625,2025-02-14 17:00:00,97590.0,99033.0,97000.5,98770.9,167.584
626,2025-02-14 18:00:00,98561.6,99036.0,96800.0,98176.6,165.891
627,2025-02-14 19:00:00,98176.6,98407.3,96780.2,97844.2,106.767
628,2025-02-14 20:00:00,97855.3,98393.0,96705.0,96951.2,140.022
629,2025-02-14 21:00:00,96951.2,97800.0,96443.8,96944.1,198.46
630,2025-02-14 22:00:00,97010.5,97800.0,96555.0,97038.5,52.95
631,2025-02-14 23:00:00,97038.5,98250.0,96786.0,97441.6,73.982
632,2025-02-15 00:00:00,97441.6,98150.0,96899.9,98150.0,55.5
633,2025-02-15 01:00:00,97960.6,98054.2,97109.6,97605.2,23.411
634,2025-02-15 02:00:00,97811.6,98150.0,96999.9,97587.1,35.166
635,2025-02-15 03:00:00,97587.1,97899.5,96786.0,97449.6,59.38
636,2025-02-15 04:00:00,97504.1,97698.0,96786.0,97461.5,91.412
637,2025-02-15 05:00:00,97461.5,98336.0,96555.0,97565.7,94.561
638,2025-02-15 06:00:00,97535.7,98300.1,96499.9,97448.6,110.039
639,2025-02-15 07:00:00,97447.6,98195.0,97000.1,97174.4,84.403
640,2025-02-15 08:00:00,97174.4,98195.5,97000.1,97602.7,106.255
641,2025-02-15 09:00:00,97602.7,98336.0,97000.1,98118.0,139.222
642,2025-02-15 10:00:00,98195.5,98336.0,97000.1,97112.0,69.86
643,2025-02-15 11:00:00,97112.0,98336.0,97099.9,97603.0,73.543
644,2025-02-15 12:00:00,97564.5,98480.0,97000.1,98243.3,169.322
645,2025-02-15 13:00:00,98054.2,98680.0,97143.0,98400.0,165.727
646,2025-02-15 14:00:00,98400.0,99000.0,98078.0,98078.0,123.917
647,2025-02-15 15:00:00,98078.0,99037.0,97900.3,98666.0,142.519
648,2025-02-15 16:00:00,98756.0,99066.0,97433.6,98833.8,130.004
649,2025-02-15 17:00:00,98833.8,99100.0,96443.9,97541.6,206.459
650,2025-02-15 18:00:00,98074.1,99069.8,96443.9,97514.6,128.79
651,2025-02-15 19:00:00,97511.7,99069.8,96443.9,99000.0,148.288
652,2025-02-15 20:00:00,98756.0,99069.8,97493.2,97901.0,115.216
653,2025-02-15 21:00:00,97901.0,99069.8,97585.1,98853.2,137.844
654,2025-02-15 22:00:00,98756.0,99069.8,97720.0,97739.0,55.649
655,2025-02-15 23:00:00,97936.4,99069.8,97720.0,98163.5,68.103
656,2025-02-16 00:00:00,98361.0,99000.0,97720.0,98686.0,54.636
657,2025-02-16 01:00:00,98488.7,99000.0,97600.0,98291.4,48.587
658,2025-02-16 02:00:00,98074.1,99000.0,97585.1,97966.0,69.5
659,2025-02-16 03:00:00,97739.0,99000.0,97579.4,98134.1,45.95
660,2025-02-16 04:00:00,98163.5,99000.0,97557.6,99000.0,50.749
661,2025-02-16 05:00:00,98900.1,99000.0,96900.0,98166.6,88.668
662,2025-02-16 06:00:00,98166.6,99000.0,96600.0,98576.1,128.873
663,2025-02-16 07:00:00,98576.1,99000.0,96500.0,99000.0,239.34
664,2025-02-16 08:00:00,98442.0,99000.0,96599.9,98510.1,170.838
665,2025-02-16 09:00:00,98412.0,98611.5,96853.9,97833.5,117.557
666,2025-02-16 10:00:00,97833.5,98415.0,97265.7,97644.9,104.951
667,2025-02-16 11:00:00,97883.3,98999.9,97099.9,98050.0,242.391
668,2025-02-16 12:00:00,98050.0,98900.1,97000.0,98323.5,193.7
669,2025-02-16 13:00:00,98323.5,98659.9,97255.1,97826.4,164.224
670,2025-02-16 14:00:00,97826.4,98500.1,97299.9,98400.1,213.999
671,2025-02-16 15:00:00,98128.8,98499.9,97399.9,98200.0,203.271
672,2025-02-16 16:00:00,98222.5,98408.7,97270.0,98050.0,189.168
673,2025-02-16 17:00:00,97953.7,98400.0,97399.9,98097.2,118.767
674,2025-02-16 18:00:00,97927.2,98420.0,97400.0,97695.3,222.303
675,2025-02-16 19:00:00,97695.3,98420.0,97499.9,98195.0,126.102
676,2025-02-16 20:00:00,98121.5,98424.5,97800.0,98222.5,174.939
677,2025-02-16 21:00:00,98395.7,98499.9,97499.9,97795.1,116.21
678,2025-02-16 22:00:00,97795.1,98492.6,97700.0,97899.5,34.832
679,2025-02-16 23:00:00,97899.5,98499.9,97840.0,98230.3,35.953
680,2025-02-17 00:00:00,98230.3,98659.9,97760.0,98295.3,70.586
681,2025-02-17 01:00:00,98295.3,98600.1,97799.9,98415.0,72.947
682,2025-02-17 02:00:00,98295.3,98659.9,97799.9,98285.4,99.583
683,2025-02-17 03:00:00,98008.8,98659.9,96443.8,96960.6,719.087
684,2025-02-17 04:00:00,96960.6,97739.4,96677.3,97566.0,63.089
685,2025-02-17 05:00:00,97695.3,98323.0,96579.6,97571.8,103.546
686,2025-02-17 06:00:00,97571.8,97639.0,96443.9,96677.3,151.326
687,2025-02-17 07:00:00,96677.3,97639.0,96499.9,97344.3,130.339
688,2025-02-17 08:00:00,97344.3,97639.0,97110.3,97414.4,64.562
689,2025-02-17 09:00:00,97297.4,98600.1,96443.8,97496.1,305.846
690,2025-02-17 10:00:00,97595.7,98300.1,97153.2,97306.4,98.384
691,2025-02-17 11:00:00,97306.4,98222.8,96499.9,96748.2,119.846
692,2025-02-17 12:00:00,96750.0,98222.8,96499.9,96894.2,145.139
693,2025-02-17 13:00:00,96894.2,98100.1,96510.0,96510.0,127.231
694,2025-02-17 14:00:00,96510.0,98100.1,96510.0,97795.1,112.925
695,2025-02-17 15:00:00,97795.1,97924.8,96837.9,97250.0,115.303
696,2025-02-17 16:00:00,97396.7,98026.4,96699.9,97297.4,186.33
697,2025-02-17 17:00:00,97297.4,98100.1,96699.9,96761.4,151.52
698,2025-02-17 18:00:00,96960.6,97300.1,96684.8,96955.7,113.93
699,2025-02-17 19:00:00,96955.7,97300.1,96443.8,97191.6,216.695
700,2025-02-17 20:00:00,97191.6,97300.1,96443.8,97150.0,76.583
701,2025-02-17 21:00:00,97150.0,97300.1,96499.9,96575.0,67.876
702,2025-02-17 22:00:00,96575.0,97300.1,96443.8,97000.0,45.916
703,2025-02-17 23:00:00,96873.4,97306.4,96443.9,96873.4,71.629
704,2025-02-18 00:00:00,97000.0,97000.0,95000.0,96200.0,386.694
705,2025-02-18 01:00:00,96220.9,96628.8,95885.4,96130.6,58.461
706,2025-02-18 02:00:00,96130.6,97250.0,92035.0,93893.6,1903.135
707,2025-02-18 03:00:00,93880.0,97200.0,93658.6,96459.2,133.518
708,2025-02-18 04:00:00,96459.2,96459.2,93894.0,96403.5,47.524
709,2025-02-18 05:00:00,96321.0,96480.3,95761.0,95882.0,48.458
710,2025-02-18 06:00:00,95882.0,96455.0,95397.6,95808.0,87.834
711,2025-02-18 07:00:00,95691.0,96999.8,95376.5,96123.1,160.011
712,2025-02-18 08:00:00,96418.7,96999.8,95018.8,95136.0,197.613
713,2025-02-18 09:00:00,95136.0,96455.0,92088.0,94500.0,424.949
714,2025-02-18 10:00:00,94500.0,95622.3,92100.0,95520.0,118.239
715,2025-02-18 11:00:00,95622.3,95700.1,92197.4,95604.1,161.981
716,2025-02-18 12:00:00,95604.1,96017.5,93000.0,96000.0,176.959
717,2025-02-18 13:00:00,96000.0,96201.1,95571.2,96017.4,86.815
718,2025-02-18 14:00:00,96017.4,96017.4,94509.3,94640.5,267.769
719,2025-02-18 15:00:00,94509.3,97306.4,94509.3,95808.0,862.702
720,2025-02-18 16:00:00,95708.6,96210.5,95078.4,95500.0,163.395
721,2025-02-18 17:00:00,95600.0,96000.0,93600.0,95904.0,271.178
722,2025-02-18 18:00:00,95786.5,96200.0,93543.8,94500.0,304.015
723,2025-02-18 19:00:00,94500.0,95712.0,93574.2,95213.5,338.312
724,2025-02-18 20:00:00,95040.0,95786.5,94265.0,94930.0,130.814
725,2025-02-18 21:00:00,94998.3,95400.0,94235.6,95000.2,52.786
726,2025-02-18 22:00:00,94996.3,95691.0,94126.3,95328.0,202.047
727,2025-02-18 23:00:00,95328.0,96400.0,95328.0,96288.0,125.202
728,2025-02-19 00:00:00,96224.0,96396.0,95670.4,95676.9,59.599
729,2025-02-19 01:00:00,95676.9,96398.9,95676.9,96224.0,84.61
730,2025-02-19 02:00:00,96224.0,96400.0,95822.1,96264.0,102.681
731,2025-02-19 03:00:00,96269.7,96359.5,95435.9,95977.5,77.49
732,2025-02-19 04:00:00,95977.5,96299.9,95663.1,95663.1,46.822
733,2025-02-19 05:00:00,95673.1,96254.6,95621.3,95952.8,68.883
734,2025-02-19 06:00:00,95952.8,96200.0,95728.0,96156.3,81.258
735,2025-02-19 07:00:00,96150.0,96480.0,95574.3,96377.1,229.587
736,2025-02-19 08:00:00,96377.1,96499.9,96000.1,96357.7,69.403
737,2025-02-19 09:00:00,96396.4,96499.8,96000.1,96254.6,83.421
738,2025-02-19 10:00:00,96254.6,96499.8,96000.1,96359.5,97.298
739,2025-02-19 11:00:00,96261.3,96499.8,96000.0,96263.0,306.6
740,2025-02-19 12:00:00,96264.0,96338.5,96094.3,96213.7,303.935
741,2025-02-19 13:00:00,96279.6,96499.9,96000.0,96303.6,143.458
742,2025-02-19 14:00:00,96222.7,97000.0,95933.6,96817.5,501.542
743,2025-02-19 15:00:00,96754.7,98300.0,95900.0,96960.0,311.189
744,2025-02-19 16:00:00,96842.0,97800.0,96384.0,96609.2,287.369
745,2025-02-19 17:00:00,96609.2,97368.5,95977.5,96789.5,308.807
746,2025-02-19 18:00:00,96789.5,96959.9,96000.0,96210.5,185.81
747,2025-02-19 19:00:00,96210.5,96959.9,96000.0,96780.9,121.582
748,2025-02-19 20:00:00,96803.2,96959.9,95000.1,96073.0,294.313
749,2025-02-19 21:00:00,96073.0,96928.7,94938.4,95676.8,151.767
750,2025-02-19 22:00:00,95588.0,97110.0,94938.4,94955.9,246.338
751,2025-02-19 23:00:00,94957.4,98196.4,94955.8,96447.2,398.087
752,2025-02-20 00:00:00,96447.2,97170.3,96114.1,96310.3,61.075
753,2025-02-20 01:00:00,96288.0,96680.0,96114.1,96447.7,93.928
754,2025-02-20 02:00:00,96446.0,96448.1,95434.1,96123.6,121.886
755,2025-02-20 03:00:00,96120.2,96695.7,95631.5,95903.8,130.179
756,2025-02-20 04:00:00,95890.1,98289.1,95631.5,97325.0,336.396
757,2025-02-20 05:00:00,97325.0,98289.1,95583.8,96661.6,353.758
758,2025-02-20 06:00:00,96661.6,98269.5,95584.0,97197.9,181.769
759,2025-02-20 07:00:00,97198.8,97400.0,95584.0,97080.0,199.549
760,2025-02-20 08:00:00,97099.5,97190.0,96500.0,96820.7,100.6
761,2025-02-20 09:00:00,96749.8,97190.0,96500.1,97080.0,118.314
762,2025-02-20 10:00:00,97119.0,97165.4,96567.7,96691.6,89.85
763,2025-02-20 11:00:00,96778.9,98185.0,96500.2,97950.0,285.748
764,2025-02-20 12:00:00,97959.8,98098.0,97018.9,97511.4,139.322
765,2025-02-20 13:00:00,97509.0,98200.1,97115.4,97752.2,364.83
766,2025-02-20 14:00:00,97739.4,99100.0,96500.0,97664.6,668.144
767,2025-02-20 15:00:00,97665.8,98143.4,95583.9,96003.3,428.174
768,2025-02-20 16:00:00,96003.3,99299.6,95583.8,98093.4,469.121
769,2025-02-20 17:00:00,98097.4,99200.1,96772.5,97803.0,327.677
770,2025-02-20 18:00:00,97803.0,98300.3,96861.0,98001.9,218.65
771,2025-02-20 19:00:00,98001.9,98370.0,97656.3,98100.0,175.039
772,2025-02-20 20:00:00,98295.3,98381.0,97604.4,98291.6,162.063
773,2025-02-20 21:00:00,98291.6,98436.6,97332.5,98037.7,251.515
774,2025-02-20 22:00:00,98100.0,98507.0,97752.2,97995.6,202.992
775,2025-02-20 23:00:00,98095.8,98341.6,97458.8,98339.0,83.902
776,2025-02-21 00:00:00,98339.0,98507.2,97904.2,98396.0,81.075
777,2025-02-21 01:00:00,98406.8,98457.2,98294.0,98320.4,32.564
778,2025-02-21 02:00:00,98329.3,98534.4,98000.0,98093.4,157.869
779,2025-02-21 03:00:00,98170.9,98430.0,97904.0,98025.6,81.956
780,2025-02-21 04:00:00,98027.6,98189.0,97217.2,98094.6,109.371
781,2025-02-21 05:00:00,98100.0,98500.0,97680.0,98332.8,86.243
782,2025-02-21 06:00:00,98334.6,98357.6,97730.0,98045.0,115.508
783,2025-02-21 07:00:00,98048.6,98300.0,97680.0,98119.3,94.82
784,2025-02-21 08:00:00,98120.1,98300.0,97680.0,97967.7,328.806
785,2025-02-21 09:00:00,97920.9,98300.0,97799.9,98091.1,106.903
786,2025-02-21 10:00:00,98091.9,98300.0,97799.9,98180.7,163.657
787,2025-02-21 11:00:00,98163.7,98500.0,98093.4,98294.0,244.636
788,2025-02-21 12:00:00,98288.5,99615.1,98000.0,99171.6,190.501
789,2025-02-21 13:00:00,99121.7,99999.0,97166.8,98097.0,536.184
790,2025-02-21 14:00:00,98093.7,99500.0,98000.1,98361.5,400.762
791,2025-02-21 15:00:00,98371.4,102000.0,98000.1,99175.2,487.472
792,2025-02-21 16:00:00,99176.1,101900.0,98823.5,99078.0,218.38
793,2025-02-21 17:00:00,99035.0,99700.0,98500.0,99368.0,238.757
794,2025-02-21 18:00:00,99262.0,102222.0,98000.0,99864.8,800.894
795,2025-02-21 19:00:00,100033.6,101800.0,95800.1,97862.8,1236.069
796,2025-02-21 20:00:00,97867.0,98599.9,95600.0,97164.0,267.807
797,2025-02-21 21:00:00,97128.6,98328.7,95700.0,97836.6,247.853
798,2025-02-21 22:00:00,97831.4,98094.9,96500.0,97091.4,68.016
799,2025-02-21 23:00:00,97122.3,98100.0,96500.0,97887.5,92.954
800,2025-02-22 00:00:00,97769.9,98100.0,96969.1,97987.1,76.781
801,2025-02-22 01:00:00,97986.4,98150.0,96600.0,97515.1,78.498
802,2025-02-22 02:00:00,97684.6,98150.0,96600.1,97593.9,101.149
803,2025-02-22 03:00:00,97593.9,98149.9,96670.0,97515.1,194.836
804,2025-02-22 04:00:00,97521.4,98149.9,96500.0,97040.0,235.314
805,2025-02-22 05:00:00,96909.1,97300.0,96706.6,97180.5,44.663
806,2025-02-22 06:00:00,97012.6,97700.0,96888.0,97653.5,127.085
807,2025-02-22 07:00:00,97691.4,97691.4,96500.0,96585.9,187.616
808,2025-02-22 08:00:00,96585.9,98070.0,96500.0,97833.1,250.697
809,2025-02-22 09:00:00,97832.1,97999.0,97000.0,97370.2,112.829
810,2025-02-22 10:00:00,97375.1,98300.0,96721.6,98088.0,280.872
811,2025-02-22 11:00:00,98086.7,98100.1,96833.0,97652.3,109.349
812,2025-02-22 12:00:00,97750.3,98075.4,97099.9,97396.7,155.477
813,2025-02-22 13:00:00,97491.1,98000.1,97099.9,97388.5,136.979
814,2025-02-22 14:00:00,97389.4,98000.0,96500.0,97600.2,183.926
815,2025-02-22 15:00:00,97789.5,98000.0,96599.9,96800.0,183.542
816,2025-02-22 16:00:00,96804.5,98000.0,96599.9,97502.4,257.323
817,2025-02-22 17:00:00,97407.9,98000.0,97394.4,97910.8,96.858
818,2025-02-22 18:00:00,97914.9,98000.0,97000.0,97208.7,172.992
819,2025-02-22 19:00:00,97205.1,97957.0,97000.0,97300.1,161.703
820,2025-02-22 20:00:00,97297.2,98000.0,96599.9,97113.3,250.939
821,2025-02-22 21:00:00,97123.8,97209.6,96500.0,96718.2,103.449
822,2025-02-22 22:00:00,96719.0,97143.8,96659.3,96857.4,46.622
823,2025-02-22 23:00:00,96856.6,98000.0,96811.2,97890.0,97.356
824,2025-02-23 00:00:00,97888.3,97892.8,96908.4,97563.5,76.111
825,2025-02-23 01:00:00,97588.3,97846.7,97307.2,97652.3,54.132
826,2025-02-23 02:00:00,97638.8,97725.2,97020.0,97334.7,98.969
827,2025-02-23 03:00:00,97301.9,97846.7,96680.0,97800.0,131.724
828,2025-02-23 04:00:00,97798.3,97800.0,97502.4,97712.7,47.484
829,2025-02-23 05:00:00,97673.7,97815.2,97209.6,97611.2,77.562
830,2025-02-23 06:00:00,97670.8,97814.3,97337.6,97804.0,51.036
831,2025-02-23 07:00:00,97793.1,97890.9,96909.9,97205.2,150.857
832,2025-02-23 08:00:00,97105.5,97502.4,96700.0,97210.7,126.49
833,2025-02-23 09:00:00,97210.7,97795.2,97118.0,97404.8,94.654
834,2025-02-23 10:00:00,97404.8,98000.0,96680.0,97999.8,181.813
835,2025-02-23 11:00:00,97926.7,97999.8,97531.4,97789.6,81.177
836,2025-02-23 12:00:00,97691.5,97900.1,97020.0,97339.5,137.713
837,2025-02-23 13:00:00,97339.6,97887.0,97305.0,97632.7,91.953
838,2025-02-23 14:00:00,97766.0,97800.1,97300.0,97595.7,120.368
839,2025-02-23 15:00:00,97597.5,97800.1,97200.0,97573.9,239.805
840,2025-02-23 16:00:00,97515.1,97620.0,96950.0,97404.8,159.431
841,2025-02-23 17:00:00,97414.9,97887.0,96500.0,97632.7,286.957
842,2025-02-23 18:00:00,97725.2,97780.0,95583.9,96811.2,352.576
843,2025-02-23 19:00:00,96756.3,97500.0,96750.0,96969.1,89.274
844,2025-02-23 20:00:00,97014.4,97500.0,96721.6,97394.0,80.008
845,2025-02-23 21:00:00,97394.0,97400.0,96600.1,96819.2,72.841
846,2025-02-23 22:00:00,96881.1,97509.9,95593.7,96562.4,210.575
847,2025-02-23 23:00:00,96562.4,97405.3,96562.4,97209.6,54.075
848,2025-02-24 00:00:00,97144.5,97405.3,96426.1,96659.3,59.57
849,2025-02-24 01:00:00,96603.5,96976.0,96077.9,96720.0,48.543
850,2025-02-24 02:00:00,96720.0,96900.0,96100.0,96811.2,64.817
851,2025-02-24 03:00:00,96811.2,97200.0,96077.9,97012.5,80.096
852,2025-02-24 04:00:00,97110.0,97509.8,95900.2,97099.0,176.149
853,2025-02-24 05:00:00,97099.0,97509.9,96950.0,97404.8,85.486
854,2025-02-24 06:00:00,97404.8,97509.9,95900.1,96624.0,105.204
855,2025-02-24 07:00:00,96624.0,97308.0,96624.0,97102.8,58.958
856,2025-02-24 08:00:00,97102.8,97509.9,96680.0,96940.4,99.555
857,2025-02-24 09:00:00,96940.0,97500.0,96680.1,97368.1,138.656
858,2025-02-24 10:00:00,97404.8,97500.0,96680.0,96932.3,241.516
859,2025-02-24 11:00:00,96932.3,97500.0,95601.2,95601.3,470.345
860,2025-02-24 12:00:00,95601.3,97524.0,95601.2,96555.9,203.876
861,2025-02-24 13:00:00,96556.0,97000.0,96555.9,96600.2,1021.559
862,2025-02-24 14:00:00,96600.1,96920.0,95900.0,96594.8,724.283
863,2025-02-24 15:00:00,96759.4,96999.8,96200.0,96513.8,167.133
864,2025-02-24 16:00:00,96514.5,96819.2,94956.0,96573.4,1360.598
865,2025-02-24 17:00:00,96573.4,96778.3,95200.0,96491.7,179.941
866,2025-02-24 18:00:00,96480.5,96600.0,94000.0,94482.9,644.297
867,2025-02-24 19:00:00,94482.9,96100.0,94100.1,95806.0,152.946
868,2025-02-24 20:00:00,95806.0,95809.2,94700.0,95078.8,68.473
869,2025-02-24 21:00:00,94985.1,95809.2,94648.1,95275.2,66.459
870,2025-02-24 22:00:00,95275.2,95749.9,94592.5,95417.5,73.316
871,2025-02-24 23:00:00,95417.5,95700.0,91608.0,94717.0,1316.623
872,2025-02-25 00:00:00,94638.5,95261.4,91524.0,93119.8,1068.132
873,2025-02-25 01:00:00,93306.0,93990.0,92706.0,93026.4,119.251
874,2025-02-25 02:00:00,93026.4,93990.0,92700.0,92923.3,185.446
875,2025-02-25 03:00:00,92923.3,95000.0,92200.1,93471.4,333.669
876,2025-02-25 04:00:00,93473.2,93900.0,92210.0,92839.6,165.972
877,2025-02-25 05:00:00,92933.0,93900.0,92550.6,93119.8,193.889
878,2025-02-25 06:00:00,93349.2,93900.0,92200.1,93593.4,147.963
879,2025-02-25 07:00:00,93773.6,93900.0,90652.9,93400.0,838.928
880,2025-02-25 08:00:00,93400.0,93900.0,90004.5,91500.0,1019.65
881,2025-02-25 09:00:00,91535.8,95000.0,91237.2,92788.9,254.519
882,2025-02-25 10:00:00,92817.8,93300.1,89520.0,91507.5,2961.397
883,2025-02-25 11:00:00,91224.9,91999.0,89900.0,90192.7,622.875
884,2025-02-25 12:00:00,90192.7,91900.1,90000.0,91483.9,1268.594
885,2025-02-25 13:00:00,91474.7,91499.9,90199.9,90598.5,313.235
886,2025-02-25 14:00:00,90598.5,91999.0,86300.0,88706.9,1653.155
887,2025-02-25 15:00:00,88560.1,91364.0,87500.2,89918.0,673.062
888,2025-02-25 16:00:00,89900.0,90000.0,89210.4,90000.0,222.032
889,2025-02-25 17:00:00,89666.0,90000.0,89200.0,89714.5,246.804
890,2025-02-25 18:00:00,89624.4,90000.0,89164.0,89686.0,133.762
891,2025-02-25 19:00:00,89686.0,90000.0,89164.0,89817.6,270.697
892,2025-02-25 20:00:00,89718.3,91364.0,89164.0,90500.0,180.767
893,2025-02-25 21:00:00,90500.0,91985.0,89164.0,90634.5,137.754
894,2025-02-25 22:00:00,90727.0,91900.1,89199.9,91513.7,62.302
895,2025-02-25 23:00:00,91483.9,91800.0,89000.1,89864.2,442.892
896,2025-02-26 00:00:00,89640.9,91600.0,89200.0,90325.1,273.426
897,2025-02-26 01:00:00,90325.1,91400.0,89201.2,90400.0,146.117
898,2025-02-26 02:00:00,90429.9,91700.0,89000.0,91011.0,267.672
899,2025-02-26 03:00:00,90978.8,91600.0,89600.0,91600.0,69.035
900,2025-02-26 04:00:00,91273.0,91600.0,89600.0,90867.7,127.282
901,2025-02-26 05:00:00,90794.9,91400.0,89526.9,90390.2,121.528
902,2025-02-26 06:00:00,90444.5,91499.9,89700.0,90727.0,234.116
903,2025-02-26 07:00:00,90727.0,91499.9,89955.0,91118.1,162.03
904,2025-02-26 08:00:00,91182.0,91400.0,90000.0,90636.0,172.469
905,2025-02-26 09:00:00,90636.0,91400.0,89800.0,90814.5,289.65
906,2025-02-26 10:00:00,91091.0,91400.0,89800.0,91273.0,138.851
907,2025-02-26 11:00:00,91273.0,91400.0,90100.0,91091.0,204.019
908,2025-02-26 12:00:00,90727.0,91200.0,89548.8,90636.2,331.084
909,2025-02-26 13:00:00,90636.2,90727.0,89554.0,90071.2,160.785
910,2025-02-26 14:00:00,90071.2,90999.9,89500.1,89724.5,582.389
911,2025-02-26 15:00:00,89600.5,91067.0,89600.0,89603.2,385.103
912,2025-02-26 16:00:00,89603.2,89900.0,89544.1,89900.0,368.238
913,2025-02-26 17:00:00,89550.1,91000.0,89544.1,89999.9,223.852
914,2025-02-26 18:00:00,89545.8,90093.2,89544.1,90003.4,318.238
915,2025-02-26 19:00:00,89651.0,90092.0,86300.0,88928.6,2136.761
916,2025-02-26 20:00:00,88750.7,89700.0,87000.0,87954.6,179.761
917,2025-02-26 21:00:00,87954.6,88928.4,87199.9,87428.0,91.836
918,2025-02-26 22:00:00,87428.0,88900.0,87000.3,87969.0,92.585
919,2025-02-26 23:00:00,87969.0,88899.9,87000.3,87000.4,126.985
920,2025-02-27 00:00:00,87100.0,88399.9,87000.0,87100.6,119.828
921,2025-02-27 01:00:00,87162.0,88900.0,86900.0,88152.2,234.175
922,2025-02-27 02:00:00,88152.2,89630.0,88000.0,89004.2,123.048
923,2025-02-27 03:00:00,89004.2,89620.0,88000.0,88000.1,103.32
924,2025-02-27 04:00:00,88029.4,89610.0,88000.1,88826.4,113.071
925,2025-02-27 05:00:00,88915.1,89610.0,88000.0,88915.1,84.484
926,2025-02-27 06:00:00,88559.7,89600.0,88500.0,89450.7,87.328
927,2025-02-27 07:00:00,89450.7,89630.0,88000.0,89630.0,807.797
928,2025-02-27 08:00:00,89181.7,89630.0,88000.0,88714.0,311.921
929,2025-02-27 09:00:00,88536.6,89630.0,88000.0,88803.0,247.454
930,2025-02-27 10:00:00,88803.0,89630.0,88000.0,88803.0,135.491
931,2025-02-27 11:00:00,88803.0,89630.0,88099.9,88676.7,176.483
932,2025-02-27 12:00:00,88676.7,89630.0,88099.9,88605.3,254.441
933,2025-02-27 13:00:00,88562.0,89664.5,88000.1,88536.0,249.626
934,2025-02-27 14:00:00,88536.0,89400.0,88139.3,88269.0,198.148
935,2025-02-27 15:00:00,88150.9,89299.9,88000.3,88714.0,197.538
936,2025-02-27 16:00:00,88714.0,89499.9,88200.0,89337.0,178.573
937,2025-02-27 17:00:00,89412.5,89500.0,88200.0,89342.2,105.626
938,2025-02-27 18:00:00,89342.2,89664.5,88000.9,89289.1,105.9
939,2025-02-27 19:00:00,89249.1,89999.8,88000.2,88600.5,203.008
940,2025-02-27 20:00:00,88572.8,89977.5,88000.2,88988.0,124.952
941,2025-02-27 21:00:00,88988.0,89999.7,88000.2,89135.6,119.08
942,2025-02-27 22:00:00,89095.6,89999.7,88000.3,88625.0,104.672
943,2025-02-27 23:00:00,88590.5,89700.1,88099.9,88536.0,64.814
944,2025-02-28 00:00:00,88491.2,89699.9,86300.0,88358.0,867.865
945,2025-02-28 01:00:00,88358.0,88600.0,86300.0,87160.1,991.48
946,2025-02-28 02:00:00,87160.1,87208.0,85000.0,86491.2,4640.311
947,2025-02-28 03:00:00,86491.2,86600.0,85000.1,86067.5,166.194
948,2025-02-28 04:00:00,86067.5,86577.4,83666.1,84000.0,3823.699
949,2025-02-28 05:00:00,83800.0,85900.0,82000.9,83036.7,1257.221
950,2025-02-28 06:00:00,83000.0,84700.0,82000.0,83611.3,1270.801
951,2025-02-28 07:00:00,83704.8,84142.9,82006.0,82010.0,242.596
952,2025-02-28 08:00:00,82006.0,83700.0,82006.0,83221.2,356.515
953,2025-02-28 09:00:00,83150.6,83700.0,80000.0,80000.0,5304.556
954,2025-02-28 10:00:00,80131.4,80440.3,79561.8,79763.3,16426.465
955,2025-02-28 11:00:00,79816.5,80268.7,79754.6,80268.5,33500.121
956,2025-02-28 12:00:00,80152.4,80303.9,80104.7,80303.9,18959.365
957,2025-02-28 13:00:00,80303.9,80649.7,80097.5,80623.2,53470.163
958,2025-02-28 14:00:00,80619.7,81900.9,80042.0,81411.4,136358.513
959,2025-02-28 15:00:00,81411.4,83993.6,81367.6,83952.4,1222643.052
960,2025-02-28 16:00:00,83849.0,83976.7,83550.1,83952.9,1539511.459
961,2025-02-28 17:00:00,83976.7,84001.8,83739.1,83739.1,1075669.752
962,2025-02-28 18:00:00,83739.1,84009.8,83640.1,84009.8,1901220.301
963,2025-02-28 19:00:00,84009.8,84192.2,83639.2,84071.0,1696575.737
964,2025-02-28 20:00:00,84077.8,84193.5,84057.9,84190.0,19408.751
965,2025-02-28 21:00:00,84190.0,84193.4,84057.9,84145.0,99.627
966,2025-02-28 22:00:00,84190.0,84193.4,84057.1,84099.9,913.806
967,2025-02-28 23:00:00,84100.0,84100.0,84057.2,84057.2,85.985
968,2025-03-01 00:00:00,84057.2,84100.0,84057.2,84057.4,41.904
969,2025-03-01 01:00:00,84099.9,84193.4,84057.1,84057.3,416.753
970,2025-03-01 02:00:00,84057.3,84194.5,84057.1,84057.2,6126.836
971,2025-03-01 03:00:00,84145.0,84194.6,84057.1,84194.5,304.513
972,2025-03-01 04:00:00,84194.6,84194.6,84057.2,84095.2,428.51
973,2025-03-01 05:00:00,84057.2,84194.6,84057.1,84057.1,114.224
974,2025-03-01 06:00:00,84098.4,84194.6,84057.1,84194.5,130.309
975,2025-03-01 07:00:00,84194.5,84194.5,84057.1,84092.6,138.893
976,2025-03-01 08:00:00,84092.6,84194.6,84057.1,84119.8,126.489
977,2025-03-01 09:00:00,84119.8,84194.7,84057.1,84184.6,107.007
978,2025-03-01 10:00:00,84184.8,84194.7,84057.1,84161.5,183.949
979,2025-03-01 11:00:00,84161.7,84194.7,84057.1,84085.2,199.371
980,2025-03-01 12:00:00,84085.4,84194.7,84057.1,84075.1,100.508
981,2025-03-01 13:00:00,84075.1,84194.7,84057.1,84100.0,474.54
982,2025-03-01 14:00:00,84099.8,84194.0,84055.9,84125.8,182.983
983,2025-03-01 15:00:00,84163.7,84195.1,84055.9,84195.1,3039.967
984,2025-03-01 16:00:00,84194.3,84195.1,84055.9,84071.2,167.869
985,2025-03-01 17:00:00,84071.2,84195.1,84055.9,84157.0,126.982
986,2025-03-01 18:00:00,84157.0,84195.1,84055.9,84120.6,84.732
987,2025-03-01 19:00:00,84120.7,84195.1,84055.9,84175.4,76.734
988,2025-03-01 20:00:00,84175.5,84195.1,84055.9,84059.9,64.927
989,2025-03-01 21:00:00,84059.9,84195.1,84055.9,84195.1,103.235
990,2025-03-01 22:00:00,84195.1,84195.2,84055.9,84080.3,1073.174
991,2025-03-01 23:00:00,84080.3,84195.2,84055.9,84184.1,58.185
992,2025-03-02 00:00:00,84191.8,84195.2,84055.9,84055.9,127.02
993,2025-03-02 01:00:00,84145.7,84195.2,84055.9,84090.6,102.948
994,2025-03-02 02:00:00,84090.5,84195.2,84055.9,84060.0,170.914
995,2025-03-02 03:00:00,84060.0,84195.2,84055.9,84126.1,113.194
996,2025-03-02 04:00:00,84147.1,84195.2,84061.6,84195.2,75.744
997,2025-03-02 05:00:00,84195.2,84195.2,84066.5,84191.6,163.167
998,2025-03-02 06:00:00,84191.6,84195.2,84092.0,84092.1,100.827
999,2025-03-02 07:00:00,84092.1,84195.4,84092.0,84101.1,1283.139
1000,2025-03-02 08:00:00,84101.3,84195.5,84092.0,84154.4,479.091
1001,2025-03-02 09:00:00,84154.4,84195.5,84092.0,84154.4,221.055
1002,2025-03-02 10:00:00,84195.4,84195.4,84092.1,84164.3,151.234
1003,2025-03-02 11:00:00,84181.5,84195.4,84092.0,84149.6,101.497
1004,2025-03-02 12:00:00,84155.5,84195.4,84092.1,84120.6,223.018
1005,2025-03-02 13:00:00,84180.4,84195.4,84092.1,84092.1,107.599
1006,2025-03-02 14:00:00,84146.4,84195.4,84092.0,84150.3,137.024
1007,2025-03-02 15:00:00,84156.1,84195.4,84092.0,84195.4,1459.487
1008,2025-03-02 16:00:00,84195.4,84195.4,84092.0,84195.3,426.574
1009,2025-03-02 17:00:00,84195.3,84195.4,84092.1,84110.0,246.215
1010,2025-03-02 18:00:00,84110.0,84195.6,84092.2,84195.6,1541.938
1011,2025-03-02 19:00:00,84167.7,84195.7,84092.2,84115.8,272.963
1012,2025-03-02 20:00:00,84166.5,84195.7,84092.2,84153.3,175.679
1013,2025-03-02 21:00:00,84156.3,84195.5,84092.4,84126.6,124.665
1014,2025-03-02 22:00:00,84101.7,84195.7,84092.4,84195.6,259.575
1015,2025-03-02 23:00:00,84153.3,84195.7,84092.4,84156.3,310.427
1016,2025-03-03 00:00:00,84168.5,84195.9,84055.9,84131.6,1838.898
1017,2025-03-03 01:00:00,84166.8,84195.9,84055.9,84195.9,132.165
1018,2025-03-03 02:00:00,84195.9,84196.6,84055.9,84060.0,4695.975
1019,2025-03-03 03:00:00,84060.0,84196.6,84055.9,84095.2,538.352
1020,2025-03-03 04:00:00,84134.0,84196.6,84055.9,84184.1,52.556
1021,2025-03-03 05:00:00,84184.4,84196.6,84090.0,84196.6,52.611
1022,2025-03-03 06:00:00,84196.6,84196.6,84055.9,84091.3,192.238
1023,2025-03-03 07:00:00,84091.3,84196.6,84055.9,84181.4,191.797
1024,2025-03-03 08:00:00,84178.5,84246.9,84022.5,84189.9,381680.786
1025,2025-03-03 09:00:00,84195.3,84587.8,83955.3,84587.8,2627746.756
1026,2025-03-03 10:00:00,84587.8,84951.1,83929.5,84951.1,2676729.376
1027,2025-03-03 11:00:00,84951.1,92722.2,81050.0,92657.5,958989.676
1028,2025-03-03 12:00:00,92632.1,92763.2,92280.0,92639.5,1091297.505
1029,2025-03-03 13:00:00,92701.2,122080.3,79801.0,93501.0,828228.005
1030,2025-03-03 14:00:00,93308.1,119900.0,82676.7,90556.6,262683.014
1031,2025-03-03 15:00:00,90547.8,116572.6,79413.6,90070.0,291899.369
1032,2025-03-03 16:00:00,90000.0,90771.0,89360.8,90239.8,302306.862
1033,2025-03-03 17:00:00,90239.8,91024.1,89563.4,90371.2,301560.795
1034,2025-03-03 18:00:00,89930.6,90497.0,86591.3,87281.2,309647.833
1035,2025-03-03 19:00:00,87255.7,87705.8,85397.2,85397.2,295424.621
1036,2025-03-03 20:00:00,85397.2,86316.2,84875.9,86036.5,300582.825
1037,2025-03-03 21:00:00,85621.4,86579.1,84940.8,85306.5,293945.186
1038,2025-03-03 22:00:00,85306.5,86985.8,84936.5,86760.0,297892.22
1039,2025-03-03 23:00:00,86379.1,86863.9,85661.1,85800.0,303186.032
1040,2025-03-04 00:00:00,85800.0,86732.3,85561.1,85724.4,296496.221
1041,2025-03-04 01:00:00,85724.4,86208.1,82573.1,82985.7,314675.431
1042,2025-03-04 02:00:00,83379.1,84295.5,82520.7,84029.2,304951.579
1043,2025-03-04 03:00:00,84029.2,84467.3,83261.0,83867.8,307485.178
1044,2025-03-04 04:00:00,84079.2,84096.1,83169.6,83449.8,300828.251
1045,2025-03-04 05:00:00,83169.6,84460.7,83038.4,84356.2,300846.106
1046,2025-03-04 06:00:00,84356.2,84388.7,83237.5,83462.6,295593.053
1047,2025-03-04 07:00:00,83462.6,84062.7,82759.4,82759.4,301483.21
1048,2025-03-04 08:00:00,82759.4,84011.0,82731.2,83494.0,305669.066
1049,2025-03-04 09:00:00,83980.6,84199.2,83298.7,83400.3,299827.878
1050,2025-03-04 10:00:00,83819.8,84124.8,83149.8,83561.6,292720.553
1051,2025-03-04 11:00:00,83950.0,84342.8,83377.7,83660.3,292942.881
1052,2025-03-04 12:00:00,83660.3,84036.8,82972.8,83887.2,289902.69
1053,2025-03-04 13:00:00,83713.9,83875.7,82220.1,82400.1,295556.455
1054,2025-03-04 14:00:00,82560.1,84772.6,81937.6,83298.5,316231.405
1055,2025-03-04 15:00:00,83300.3,83385.9,81457.3,82850.0,298159.933
1056,2025-03-04 16:00:00,82580.7,83831.9,81905.2,83651.0,303810.366
1057,2025-03-04 17:00:00,83638.4,85563.7,83097.6,85434.6,299481.235
1058,2025-03-04 18:00:00,85434.6,86987.0,84880.5,86896.6,305939.5
1059,2025-03-04 19:00:00,86877.4,88497.5,86220.0,88319.7,301985.82
1060,2025-03-04 20:00:00,88319.7,88852.3,86447.0,86924.7,305222.307
1061,2025-03-04 21:00:00,86924.6,88890.9,86272.6,87090.1,305489.016
1062,2025-03-04 22:00:00,87090.1,88009.7,87078.6,87566.7,299542.539
1063,2025-03-04 23:00:00,87509.1,87820.0,86737.4,86843.9,294501.469
1064,2025-03-05 00:00:00,87348.0,87352.1,86069.5,86381.1,302983.774
1065,2025-03-05 01:00:00,86381.1,87829.1,86215.0,87754.1,297672.314
1066,2025-03-05 02:00:00,87242.1,87898.3,86679.7,87388.5,300821.237
1067,2025-03-05 03:00:00,87137.9,87931.8,86691.2,86691.2,295035.373
1068,2025-03-05 04:00:00,86908.4,87455.1,86406.1,86513.0,299830.537
1069,2025-03-05 05:00:00,86744.5,87294.0,86449.8,86760.0,309211.927
1070,2025-03-05 06:00:00,87071.4,87634.0,86588.4,87100.0,297055.282
1071,2025-03-05 07:00:00,87100.0,87779.2,86975.9,87228.7,302959.369
1072,2025-03-05 08:00:00,87252.3,87975.1,87199.9,87525.0,301781.266
1073,2025-03-05 09:00:00,87525.0,88880.4,87309.2,88233.3,298570.759
1074,2025-03-05 10:00:00,88233.3,90603.2,88000.3,90018.9,298121.086
1075,2025-03-05 11:00:00,89746.8,90142.1,89177.0,89800.0,287363.617
1076,2025-03-05 12:00:00,89477.8,90868.7,89400.0,89916.7,297996.395
1077,2025-03-05 13:00:00,90388.0,90606.2,88804.8,89044.4,295992.583
1078,2025-03-05 14:00:00,89044.4,89869.0,87894.2,88418.5,299248.277
1079,2025-03-05 15:00:00,88290.0,89330.0,87989.1,88440.2,318758.37
1080,2025-03-05 16:00:00,88408.7,88444.5,87878.7,88218.5,472744.55
1081,2025-03-05 17:00:00,88181.6,109900.0,79377.3,89232.8,1027750.942
1082,2025-03-05 18:00:00,89232.8,116931.2,59973.2,89265.2,1545380.241
1083,2025-03-05 19:00:00,89265.2,120000.0,59180.2,89863.2,1600336.043
1084,2025-03-05 20:00:00,89310.0,120000.0,61105.0,90015.0,1332075.653
1085,2025-03-05 21:00:00,90083.2,115020.0,63000.0,112999.6,1451614.062
1086,2025-03-05 22:00:00,89927.1,114902.1,66800.0,90540.8,1355791.54
1087,2025-03-05 23:00:00,90006.4,115000.0,64800.0,90719.8,1372065.558
1088,2025-03-06 00:00:00,90719.8,114701.0,64911.0,89689.0,1140521.821
1089,2025-03-06 01:00:00,89689.0,90293.1,89689.0,90293.0,224843.233
1090,2025-03-06 02:00:00,90293.0,90297.3,89947.5,89949.0,19926.439
1091,2025-03-06 03:00:00,89949.0,90474.1,89746.0,89749.6,34447.139
1092,2025-03-06 04:00:00,90228.6,105000.0,74600.0,100429.2,31326.822
1093,2025-03-06 05:00:00,100847.3,114300.0,76000.0,100000.0,41741.459
1094,2025-03-06 06:00:00,100034.4,109599.8,79100.0,93177.6,22566.237
1095,2025-03-06 07:00:00,94999.9,114400.0,81111.0,89641.0,44320.819
1096,2025-03-06 08:00:00,89732.1,108888.0,86999.0,92199.9,37329.711
1097,2025-03-06 09:00:00,92199.9,111110.0,81111.0,89700.0,33081.274
1098,2025-03-06 10:00:00,87512.4,100000.0,78000.0,94519.9,50671.626
1099,2025-03-06 11:00:00,95948.3,99998.9,80000.0,97500.0,22688.13
1100,2025-03-06 12:00:00,91795.5,98000.0,84000.0,91268.8,29163.506
1101,2025-03-06 13:00:00,91268.8,100000.0,82400.0,87288.9,43061.595
1102,2025-03-06 14:00:00,87290.8,91510.2,83200.0,87532.3,30023.938
1103,2025-03-06 15:00:00,87728.2,110000.0,83200.0,97479.5,69596.933
1104,2025-03-06 16:00:00,97059.5,105000.0,85000.0,97593.7,59259.443
1105,2025-03-06 17:00:00,98081.7,103323.1,85000.0,98377.3,22390.187
1106,2025-03-06 18:00:00,98473.7,99400.0,83000.7,87526.5,38337.284
1107,2025-03-06 19:00:00,87807.9,91000.0,84200.1,85050.0,25100.437
1108,2025-03-06 20:00:00,85050.0,88490.0,85020.0,88490.0,32914.905
1109,2025-03-06 21:00:00,87953.0,88599.0,85100.0,85760.5,19510.829
1110,2025-03-06 22:00:00,85710.3,88597.3,85417.0,87500.8,30078.54
1111,2025-03-06 23:00:00,87471.1,88999.0,85506.0,87056.7,19308.068
1112,2025-03-07 00:00:00,86939.6,104459.9,85506.0,90240.0,27438.241
1113,2025-03-07 01:00:00,90154.2,101111.0,88000.0,95000.0,19625.128
1114,2025-03-07 02:00:00,96200.0,99448.8,90000.0,91240.0,28254.108
1115,2025-03-07 03:00:00,90936.9,98850.0,89448.5,96740.0,21448.314
1116,2025-03-07 04:00:00,96549.1,98850.0,89448.5,93077.6,28367.793
1117,2025-03-07 05:00:00,92977.6,98849.9,89500.1,90300.1,20827.242
1118,2025-03-07 06:00:00,93411.0,97299.9,90400.1,93327.2,28095.525
1119,2025-03-07 07:00:00,93233.5,98850.0,89371.5,95959.8,25922.68
1120,2025-03-07 08:00:00,96151.9,98849.9,85505.0,87337.6,39893.443
1121,2025-03-07 09:00:00,87399.9,92083.9,85505.0,89999.0,26507.116
1122,2025-03-07 10:00:00,89999.0,91463.1,85505.0,88843.6,34068.318
1123,2025-03-07 11:00:00,87846.8,90499.0,86210.3,88577.2,26631.357
1124,2025-03-07 12:00:00,88577.2,91821.4,85999.0,89025.6,21767.887
1125,2025-03-07 13:00:00,89024.0,92646.5,86319.7,89997.8,29731.693
1126,2025-03-07 14:00:00,89762.7,90858.7,88741.1,90480.3,354611.552
1127,2025-03-07 15:00:00,90480.3,90687.3,88203.5,88425.8,601617.868
1128,2025-03-07 16:00:00,88425.8,88557.6,86921.6,86921.6,621075.563
1129,2025-03-07 17:00:00,86921.6,87840.6,86713.0,87646.9,555645.704
1130,2025-03-07 18:00:00,87646.9,88297.1,87405.0,88173.0,397210.117
1131,2025-03-07 19:00:00,88297.1,88433.4,87751.5,87751.5,471414.577
1132,2025-03-07 20:00:00,87858.4,87936.0,87284.5,87284.5,441644.98
1133,2025-03-07 21:00:00,87284.5,87779.0,86144.0,86144.0,572889.813
1134,2025-03-07 22:00:00,86324.8,86446.6,85770.2,86401.2,502982.951
1135,2025-03-07 23:00:00,86446.6,86596.3,86114.9,86478.1,331894.473
1136,2025-03-08 00:00:00,86361.2,86675.1,86327.2,86675.1,315343.345
1137,2025-03-08 01:00:00,86675.1,86691.1,85656.1,85871.2,527761.996
1138,2025-03-08 02:00:00,85871.2,86204.9,85663.1,85783.2,349403.512
1139,2025-03-08 03:00:00,86141.9,86178.8,85580.5,85602.4,348355.159
1140,2025-03-08 04:00:00,85602.4,86129.1,85578.3,86038.1,325739.055
1141,2025-03-08 05:00:00,86129.1,86277.3,85899.7,85899.7,326291.437
1142,2025-03-08 06:00:00,85899.7,86451.1,85887.6,86300.9,338841.57
1143,2025-03-08 07:00:00,86300.9,86529.2,86040.5,86283.8,337273.341
1144,2025-03-08 08:00:00,86283.8,86313.1,85794.5,85900.0,325734.854
1145,2025-03-08 09:00:00,85958.3,86303.3,85781.6,85932.6,342274.122
1146,2025-03-08 10:00:00,86001.8,86190.3,85768.7,85899.7,329163.817
1147,2025-03-08 11:00:00,85971.6,86192.5,85694.5,85945.1,332022.423
1148,2025-03-08 12:00:00,85695.4,86086.8,85616.9,86000.0,309109.722
1149,2025-03-08 13:00:00,85958.2,86340.6,85845.7,85930.9,391120.313
1150,2025-03-08 14:00:00,85930.9,86452.7,85919.1,86325.2,376134.625
1151,2025-03-08 15:00:00,86324.1,86479.5,86020.7,86300.9,335879.739
1152,2025-03-08 16:00:00,86300.9,86485.3,85949.7,86157.4,364718.942
1153,2025-03-08 17:00:00,86100.3,86165.6,85587.4,85587.4,345669.645
1154,2025-03-08 18:00:00,85587.4,86052.3,85578.8,85645.0,320568.465
1155,2025-03-08 19:00:00,85650.8,86140.0,85628.1,85975.9,337315.105
1156,2025-03-08 20:00:00,85975.9,86373.3,85892.5,85897.4,337322.006
1157,2025-03-08 21:00:00,85897.4,86432.0,85887.5,86314.9,344473.908
1158,2025-03-08 22:00:00,85996.9,86330.7,85809.7,86116.6,324272.029
1159,2025-03-08 23:00:00,86116.6,86254.7,85885.6,85885.6,331409.321
1160,2025-03-09 00:00:00,86000.0,86379.4,85873.0,86379.4,338324.2
1161,2025-03-09 01:00:00,86379.2,86443.5,85984.8,86228.2,337561.703
1162,2025-03-09 02:00:00,86098.6,86302.1,85806.2,86000.0,342046.354
1163,2025-03-09 03:00:00,86000.0,86181.0,85723.5,85995.1,335628.42
1164,2025-03-09 04:00:00,86005.3,86186.9,85688.3,85688.3,309878.626
1165,2025-03-09 05:00:00,85869.8,86136.9,85643.8,85672.1,329667.295
1166,2025-03-09 06:00:00,85745.1,86124.7,85587.5,85587.5,337566.586
1167,2025-03-09 07:00:00,85994.5,86062.0,85569.4,86049.0,330839.582
1168,2025-03-09 08:00:00,85963.8,86064.7,85551.5,85615.0,319308.389
1169,2025-03-09 09:00:00,85615.0,85907.4,85416.9,85621.1,325080.356
1170,2025-03-09 10:00:00,85416.9,85633.7,84949.7,84978.2,440100.894
1171,2025-03-09 11:00:00,84978.2,85030.9,84498.7,84939.6,347613.58
1172,2025-03-09 12:00:00,84939.6,84941.8,84276.5,84626.0,402743.821
1173,2025-03-09 13:00:00,84626.0,84672.3,83920.7,83920.7,400991.717
1174,2025-03-09 14:00:00,83920.7,84356.7,83002.5,83223.7,521099.96
1175,2025-03-09 15:00:00,83223.7,83595.8,83094.5,83148.5,368797.253
1176,2025-03-09 16:00:00,83148.5,83250.1,82484.5,82603.2,478123.146
1177,2025-03-09 17:00:00,82484.5,82662.5,82170.4,82170.4,354307.751
1178,2025-03-09 18:00:00,82390.9,82866.4,82159.2,82745.5,427791.071
1179,2025-03-09 19:00:00,82502.3,82776.3,82313.8,82399.2,357868.762
1180,2025-03-09 20:00:00,82399.2,83134.6,82378.6,82873.4,407879.084
1181,2025-03-09 21:00:00,83093.1,83105.6,81818.2,81818.2,522767.577
1182,2025-03-09 22:00:00,81908.5,81921.8,80762.7,80762.7,634954.812
1183,2025-03-09 23:00:00,81183.6,81332.9,80283.6,80376.3,441671.15
1184,2025-03-10 00:00:00,80608.1,80977.0,80273.8,80913.5,517907.304
1185,2025-03-10 01:00:00,80977.0,81491.7,80913.5,81386.3,450896.917
1186,2025-03-10 02:00:00,81400.6,82335.2,81383.5,82270.1,526988.825
1187,2025-03-10 03:00:00,82270.1,82300.0,81805.7,81847.1,345263.893
1188,2025-03-10 04:00:00,81847.1,82456.4,81833.1,82456.4,346587.323
1189,2025-03-10 05:00:00,82456.4,82585.6,82038.7,82038.7,357475.42
1190,2025-03-10 06:00:00,82208.8,82363.5,81880.6,82242.0,336986.951
1191,2025-03-10 07:00:00,82242.0,82328.1,81927.4,81927.4,327265.967
1192,2025-03-10 08:00:00,82202.3,82321.5,81434.4,81434.4,462234.45
1193,2025-03-10 09:00:00,81434.4,83069.8,81362.5,82443.7,484697.866
1194,2025-03-10 10:00:00,82443.7,82565.7,81793.7,82042.1,376676.394
1195,2025-03-10 11:00:00,82042.1,83249.7,81743.6,82253.7,50621.669
1196,2025-03-10 12:00:00,82342.6,84228.8,80450.0,84000.0,41943.084
1197,2025-03-10 13:00:00,84162.3,85000.0,81388.4,82152.7,401471.96
1198,2025-03-10 14:00:00,82540.0,82753.3,79442.0,79442.0,668403.701
1199,2025-03-10 15:00:00,79559.7,80455.2,79434.7,80099.6,435979.968
1200,2025-03-10 16:00:00,80099.6,80144.4,79167.8,79173.9,498169.406
1201,2025-03-10 17:00:00,79173.9,79327.0,78333.7,78333.7,568555.021
1202,2025-03-10 18:00:00,78499.9,78577.9,78035.1,78407.2,428577.797
1203,2025-03-10 19:00:00,78273.8,78978.0,77506.4,78727.3,539950.995
1204,2025-03-10 20:00:00,78881.4,79000.1,78550.5,78955.9,422413.751
1205,2025-03-10 21:00:00,79000.1,79556.3,78841.2,79556.3,381809.771
1206,2025-03-10 22:00:00,79393.1,79575.4,79063.2,79427.1,342926.083
1207,2025-03-10 23:00:00,79427.1,79480.0,78878.8,78878.8,389874.728
1208,2025-03-11 00:00:00,78878.8,79032.1,76771.6,77129.6,658251.497
1209,2025-03-11 01:00:00,77129.6,78684.6,76883.6,78684.6,546463.257
1210,2025-03-11 02:00:00,78684.6,79267.1,78636.0,79043.0,447242.596
1211,2025-03-11 03:00:00,79267.1,79549.7,79026.8,79255.3,365358.663
1212,2025-03-11 04:00:00,79255.3,79919.1,79248.7,79863.5,379955.648
1213,2025-03-11 05:00:00,79839.4,80207.3,79525.1,80207.3,354036.573
1214,2025-03-11 06:00:00,80106.9,80358.9,79886.2,79987.4,325289.432
1215,2025-03-11 07:00:00,80112.2,80409.2,79974.7,80409.2,334706.084
1216,2025-03-11 08:00:00,80191.5,81038.1,80059.9,80824.3,495101.944
1217,2025-03-11 09:00:00,81038.1,81460.6,80820.7,81460.6,360877.965
1218,2025-03-11 10:00:00,81460.6,81585.6,81168.5,81500.0,324260.786
1219,2025-03-11 11:00:00,81500.0,81666.6,81394.6,81550.0,317441.419
1220,2025-03-11 12:00:00,81550.0,81673.0,81239.8,81306.3,394773.49
1221,2025-03-11 13:00:00,81239.8,81355.0,80876.5,81000.7,477092.2
1222,2025-03-11 14:00:00,80994.9,81073.5,79450.2,79595.1,659176.924
1223,2025-03-11 15:00:00,79809.6,81162.2,79551.8,81081.6,455015.872
1224,2025-03-11 16:00:00,81162.2,81444.9,80765.1,81416.5,440908.615
1225,2025-03-11 17:00:00,81416.5,81447.6,80954.0,81230.8,412170.124
1226,2025-03-11 18:00:00,81230.8,82848.0,81077.9,82848.0,652222.873
1227,2025-03-11 19:00:00,82848.0,83192.0,82793.0,83111.3,342246.366
1228,2025-03-11 20:00:00,82907.8,83152.5,82587.8,82886.6,375572.101
1229,2025-03-11 21:00:00,82747.5,83142.1,82579.9,82781.4,354603.55
1230,2025-03-11 22:00:00,82781.4,83203.1,82752.0,83161.9,348166.396
1231,2025-03-11 23:00:00,83161.9,83166.8,82481.3,82508.6,359898.541
1232,2025-03-12 00:00:00,82816.4,82896.5,82442.2,82790.6,333246.893
1233,2025-03-12 01:00:00,82491.6,83235.2,82473.0,83235.2,410845.933
1234,2025-03-12 02:00:00,83235.2,83248.3,82347.2,82456.1,418483.607
1235,2025-03-12 03:00:00,82400.1,82530.5,81997.3,82224.3,341155.223
1236,2025-03-12 04:00:00,82224.3,82225.9,81595.4,81797.6,363939.419
1237,2025-03-12 05:00:00,81789.7,81905.9,81416.3,81905.9,338864.603
1238,2025-03-12 06:00:00,81905.9,81916.6,81310.7,81522.6,345640.761
1239,2025-03-12 07:00:00,81310.7,81969.4,81241.4,81969.4,452748.959
1240,2025-03-12 08:00:00,81969.4,82583.4,81441.1,82583.4,381190.462
1241,2025-03-12 09:00:00,82313.6,82634.9,82101.1,82262.4,344049.025
1242,2025-03-12 10:00:00,82509.4,82568.2,82073.0,82326.9,342329.233
1243,2025-03-12 11:00:00,82326.9,82771.4,82080.3,82614.0,349070.257
1244,2025-03-12 12:00:00,82614.0,83704.8,82613.6,83704.8,510976.927
1245,2025-03-12 13:00:00,83645.0,83842.7,83006.6,83333.3,448509.277
1246,2025-03-12 14:00:00,83206.3,83371.4,81479.9,81629.0,519567.147
1247,2025-03-12 15:00:00,81479.9,81709.5,80772.7,81611.1,507823.592
1248,2025-03-12 16:00:00,81460.0,81936.7,81455.6,81936.7,396145.935
1249,2025-03-12 17:00:00,81790.8,82555.6,81635.5,82176.2,473630.299
1250,2025-03-12 18:00:00,82178.4,82617.0,82163.6,82617.0,159502.346
1251,2025-03-12 19:00:00,82617.0,82757.0,82277.4,82757.0,333726.783
1252,2025-03-12 20:00:00,82693.8,82992.5,82445.0,82992.5,359257.881
1253,2025-03-12 21:00:00,82992.5,83238.5,82733.4,83049.5,359948.711
1254,2025-03-12 22:00:00,82823.0,83532.2,82817.3,83532.2,349168.923
1255,2025-03-12 23:00:00,83260.8,83615.0,83218.5,83425.1,332268.837
1256,2025-03-13 00:00:00,83615.0,83715.2,83341.0,83447.9,338230.923
1257,2025-03-13 01:00:00,83534.4,83772.3,83281.6,83647.4,348165.121
1258,2025-03-13 02:00:00,83647.4,83996.8,83591.1,83767.6,358838.383
1259,2025-03-13 03:00:00,83767.6,83984.6,83414.0,83414.0,345162.222
1260,2025-03-13 04:00:00,83556.0,83715.8,83092.8,83320.0,358878.178
1261,2025-03-13 05:00:00,83092.8,83458.6,82984.5,83202.8,333785.535
1262,2025-03-13 06:00:00,83202.8,83240.8,82755.9,83138.2,333466.293
1263,2025-03-13 07:00:00,82907.5,83356.7,82883.0,83234.8,328925.699
1264,2025-03-13 08:00:00,83042.6,83294.0,82422.4,82604.9,432063.493
1265,2025-03-13 09:00:00,82820.8,83335.2,82603.1,83334.8,342022.664
1266,2025-03-13 10:00:00,83152.1,83386.5,82852.2,83211.3,348672.659
1267,2025-03-13 11:00:00,83121.1,83221.2,82590.8,82930.7,341836.558
1268,2025-03-13 12:00:00,82708.8,82961.7,82539.3,82840.8,205110.357
1269,2025-03-13 13:00:00,82838.9,82855.4,82834.5,82834.5,265.915
1270,2025-03-13 14:00:00,82834.5,82860.5,82834.5,82858.0,323.364
1271,2025-03-13 15:00:00,82858.0,82858.0,82828.7,82828.7,1435.335
1272,2025-03-13 16:00:00,82831.3,82855.2,82780.0,82780.0,6419.807
1273,2025-03-13 17:00:00,82780.0,82855.0,82774.4,82799.0,4527.507
1274,2025-03-13 18:00:00,82799.0,82854.9,82773.9,82840.4,417.291
1275,2025-03-13 19:00:00,82835.0,82853.0,82773.9,82839.2,229.343
1276,2025-03-13 20:00:00,82852.7,82852.7,82774.0,82794.4,104.19
1277,2025-03-13 21:00:00,82774.4,82852.7,82774.0,82839.2,75.893
1278,2025-03-13 22:00:00,82852.6,82853.0,82775.3,82775.4,68.542
1279,2025-03-13 23:00:00,82775.5,82853.0,82774.1,82852.6,145.151
1280,2025-03-14 00:00:00,82825.9,82853.0,82755.9,82755.9,8990.485
1281,2025-03-14 01:00:00,82772.7,82853.0,82755.9,82852.9,98.264
1282,2025-03-14 02:00:00,82852.9,82852.9,82756.0,82812.6,16.217
1283,2025-03-14 03:00:00,82839.2,82852.9,82756.0,82812.6,32.968
1284,2025-03-14 04:00:00,82825.9,82955.2,82454.7,82454.7,405805.287
1285,2025-03-14 05:00:00,82454.7,82840.2,82368.5,82664.2,331604.756
1286,2025-03-14 06:00:00,82664.2,82781.4,81451.5,82007.0,412895.18
1287,2025-03-14 07:00:00,81971.3,82332.0,81901.9,82210.3,474166.062
1288,2025-03-14 08:00:00,82210.3,82611.0,82189.0,82534.3,493423.048
1289,2025-03-14 09:00:00,82534.3,82901.4,82532.1,82772.8,486872.376
1290,2025-03-14 10:00:00,82772.8,83290.2,82691.8,83055.7,574187.257
1291,2025-03-14 11:00:00,83004.7,83314.6,82992.1,83235.5,469542.741
1292,2025-03-14 12:00:00,83238.0,83488.1,83124.0,83408.2,516818.787
1293,2025-03-14 13:00:00,83381.3,99108.8,80668.0,83637.0,576768.206
1294,2025-03-14 14:00:00,83590.0,83727.2,82754.8,83380.1,611128.424
1295,2025-03-14 15:00:00,83380.1,85185.8,83169.6,84749.6,655659.411
1296,2025-03-14 16:00:00,84752.7,84885.7,84151.5,84742.2,613721.898
1297,2025-03-14 17:00:00,84747.9,84813.8,84220.7,84332.5,513494.952
1298,2025-03-14 18:00:00,84354.6,84634.7,84263.2,84536.8,523608.998
1299,2025-03-14 19:00:00,84536.8,84877.1,84502.5,84574.2,522064.987
1300,2025-03-14 20:00:00,84574.2,84612.2,83793.7,84140.8,555084.92
1301,2025-03-14 21:00:00,84140.8,84261.5,84012.5,84171.5,451527.833
1302,2025-03-14 22:00:00,84171.5,84476.8,84111.6,84387.5,507321.679
1303,2025-03-14 23:00:00,84423.7,84459.0,83963.4,84010.0,489172.975
1304,2025-03-15 00:00:00,83985.2,84346.8,83962.3,84277.5,452667.026
1305,2025-03-15 01:00:00,84277.5,84481.0,84132.6,84338.5,501384.532
1306,2025-03-15 02:00:00,84338.5,84588.5,84204.5,84521.9,472121.029
1307,2025-03-15 03:00:00,84532.4,84686.8,84425.6,84517.4,447716.661
1308,2025-03-15 04:00:00,84517.4,84557.1,84288.6,84422.8,453190.316
1309,2025-03-15 05:00:00,84472.2,84525.9,84268.6,84268.6,420384.634
1310,2025-03-15 06:00:00,84268.6,84341.8,84134.6,84164.3,427645.513
1311,2025-03-15 07:00:00,84169.1,84235.4,83856.4,83873.4,471399.067
1312,2025-03-15 08:00:00,83873.4,83993.0,83706.9,83906.6,461208.552
1313,2025-03-15 09:00:00,83904.1,83981.0,83713.7,83942.5,450525.333
1314,2025-03-15 10:00:00,83952.8,83997.1,83722.6,83851.2,446016.379
1315,2025-03-15 11:00:00,83885.1,84162.1,83826.4,84151.7,431785.815
1316,2025-03-15 12:00:00,84084.4,84281.9,84026.7,84126.3,421344.82
1317,2025-03-15 13:00:00,84126.3,84482.4,84118.9,84413.8,429000.075
1318,2025-03-15 14:00:00,84429.1,84483.3,84123.6,84176.5,449812.346
1319,2025-03-15 15:00:00,84176.5,84402.1,84123.3,84388.6,440356.557
1320,2025-03-15 16:00:00,84388.6,84447.6,84198.9,84334.8,441456.426
1321,2025-03-15 17:00:00,84334.8,84493.8,84293.6,84358.8,426645.557
1322,2025-03-15 18:00:00,84381.4,84500.1,84158.0,84158.0,442700.305
1323,2025-03-15 19:00:00,84235.0,84320.6,84123.3,84267.3,410612.154
1324,2025-03-15 20:00:00,84267.3,84465.0,84242.5,84403.6,438519.648
1325,2025-03-15 21:00:00,84396.8,84469.1,84247.7,84446.3,431755.797
1326,2025-03-15 22:00:00,84399.2,84462.1,84306.5,84407.3,419757.53
1327,2025-03-15 23:00:00,84364.3,84435.6,84262.0,84406.2,426022.322
1328,2025-03-16 00:00:00,84319.7,84413.1,84209.3,84263.6,418661.749
1329,2025-03-16 01:00:00,84263.6,84315.8,83900.7,83900.7,476390.561
1330,2025-03-16 02:00:00,83932.7,84104.5,83774.7,83952.0,482611.566
1331,2025-03-16 03:00:00,84022.6,84316.5,83925.4,84316.5,433806.788
1332,2025-03-16 04:00:00,84316.5,84426.1,84250.7,84418.8,427946.615
1333,2025-03-16 05:00:00,84418.8,84451.3,84282.5,84355.4,411364.357
1334,2025-03-16 06:00:00,84362.7,84431.9,84208.1,84260.3,422296.998
1335,2025-03-16 07:00:00,84259.8,84352.8,84050.9,84225.6,473642.98
1336,2025-03-16 08:00:00,84225.6,84351.0,84161.1,84300.0,418681.538
1337,2025-03-16 09:00:00,84300.0,84329.9,83840.2,83840.2,476197.947
1338,2025-03-16 10:00:00,83897.1,84010.5,83670.6,83703.9,469779.241
1339,2025-03-16 11:00:00,83703.9,83778.6,82420.0,82420.0,610069.834
1340,2025-03-16 12:00:00,82420.0,82810.7,82413.1,82736.2,485446.368
1341,2025-03-16 13:00:00,82736.2,83027.9,82561.9,82578.7,560280.227
1342,2025-03-16 14:00:00,82614.4,83179.6,82558.1,83179.6,521553.388
1343,2025-03-16 15:00:00,83179.6,83373.7,82936.0,83350.5,485193.044
1344,2025-03-16 16:00:00,83350.5,84419.6,83247.9,83721.0,629112.983
1345,2025-03-16 17:00:00,83746.2,84033.6,83603.0,83882.0,521698.989
1346,2025-03-16 18:00:00,83920.4,84026.6,83655.9,83669.7,479060.301
1347,2025-03-16 19:00:00,83743.0,83746.7,82966.5,83058.4,550893.102
1348,2025-03-16 20:00:00,83061.8,83340.9,82994.9,83079.1,489473.977
1349,2025-03-16 21:00:00,83079.1,83142.3,82727.5,82777.7,467115.681
1350,2025-03-16 22:00:00,82777.7,82806.0,82172.5,82172.5,585274.271
1351,2025-03-16 23:00:00,82172.5,82626.0,82067.7,82567.5,507194.07
1352,2025-03-17 00:00:00,82605.6,83101.1,82522.0,83073.6,497154.701
1353,2025-03-17 01:00:00,83063.6,83327.4,82862.4,83205.5,511697.595
1354,2025-03-17 02:00:00,83205.5,83317.8,83055.3,83274.7,460797.25
1355,2025-03-17 03:00:00,83221.3,83663.3,83203.7,83663.3,497818.918
1356,2025-03-17 04:00:00,83646.5,83823.2,83540.5,83634.2,461738.141
1357,2025-03-17 05:00:00,83598.9,83642.5,83151.9,83167.0,480046.895
1358,2025-03-17 06:00:00,83163.3,83296.6,82788.1,83229.6,530868.158
1359,2025-03-17 07:00:00,83216.0,83575.2,83151.1,83504.8,485680.237
1360,2025-03-17 08:00:00,83574.7,83611.0,83285.6,83533.7,473382.896
1361,2025-03-17 09:00:00,83556.7,83765.7,83442.5,83678.1,459176.597
1362,2025-03-17 10:00:00,83623.8,83703.7,83292.9,83292.9,478096.976
1363,2025-03-17 11:00:00,83372.0,83654.9,83248.4,83593.7,454776.744
1364,2025-03-17 12:00:00,83516.3,83641.5,83085.3,83100.3,560189.673
1365,2025-03-17 13:00:00,83100.3,83613.0,82920.8,83057.4,565190.528
1366,2025-03-17 14:00:00,83033.6,83216.7,82630.8,82925.1,603558.347
1367,2025-03-17 15:00:00,82929.3,83613.5,82843.3,83573.5,567257.065
1368,2025-03-17 16:00:00,83546.1,83793.3,83189.0,83412.8,554328.08
1369,2025-03-17 17:00:00,83436.6,84304.0,83372.5,84177.0,561879.838
1370,2025-03-17 18:00:00,84204.1,84556.5,84082.0,84536.8,485187.323
1371,2025-03-17 19:00:00,84487.5,84629.2,84378.3,84455.0,452735.171
1372,2025-03-17 20:00:00,84461.8,84562.5,83920.4,83984.7,533490.965
1373,2025-03-17 21:00:00,83952.0,84187.1,83912.1,84134.7,463183.063
1374,2025-03-17 22:00:00,84134.7,84226.6,84026.0,84140.0,422937.628
1375,2025-03-17 23:00:00,84078.2,84142.5,83860.0,84029.5,482176.471
1376,2025-03-18 00:00:00,84078.2,84093.1,83720.1,83803.8,463690.217
1377,2025-03-18 01:00:00,83777.5,83870.4,83045.0,83120.9,566513.668
1378,2025-03-18 02:00:00,83120.9,83483.3,83078.1,83354.1,498993.064
1379,2025-03-18 03:00:00,83354.1,83443.2,83011.8,83174.8,494425.429
1380,2025-03-18 04:00:00,83134.7,83228.7,82920.0,82936.2,441115.784
1381,2025-03-18 05:00:00,82959.0,83097.5,82910.1,83029.3,256922.71
1382,2025-03-18 06:00:00,83029.3,83049.8,82364.8,82509.6,307607.094
1383,2025-03-18 07:00:00,82470.5,83178.8,82384.9,83178.8,312467.776
1384,2025-03-18 08:00:00,83158.7,83357.5,83060.0,83223.2,271318.116
1385,2025-03-18 09:00:00,83246.9,83357.9,82905.2,82948.3,291720.397
1386,2025-03-18 10:00:00,82905.2,82991.5,82643.0,82786.6,285354.688
1387,2025-03-18 11:00:00,82833.8,82861.3,82514.7,82633.6,265390.378
1388,2025-03-18 12:00:00,82607.9,82715.3,82400.6,82400.6,267229.651
1389,2025-03-18 13:00:00,82400.6,82472.6,81271.2,81396.5,341148.739
1390,2025-03-18 14:00:00,81366.5,81909.4,81241.7,81808.9,331569.507
1391,2025-03-18 15:00:00,81803.7,82081.1,81555.0,81582.6,339704.448
1392,2025-03-18 16:00:00,81582.6,82103.6,81550.5,81841.5,346930.978
1393,2025-03-18 17:00:00,81838.2,81921.7,81470.3,81530.4,304704.159
1394,2025-03-18 18:00:00,81470.3,81910.5,81351.9,81840.0,339028.904
1395,2025-03-18 19:00:00,81889.0,82254.5,81826.3,82254.5,320643.533
1396,2025-03-18 20:00:00,82254.5,82301.6,81922.3,82030.4,301189.452
1397,2025-03-18 21:00:00,82032.9,82176.5,81966.3,82041.1,281176.958
1398,2025-03-18 22:00:00,82055.9,82478.6,81973.5,82412.0,312926.689
1399,2025-03-18 23:00:00,82412.0,82780.1,82400.8,82682.0,290515.208
1400,2025-03-19 00:00:00,82733.8,83174.7,82625.2,83143.3,324667.393
1401,2025-03-19 01:00:00,83137.6,83155.7,82806.6,82806.6,303908.58
1402,2025-03-19 02:00:00,82928.6,82942.9,82625.7,82887.9,296221.66
1403,2025-03-19 03:00:00,82836.1,83026.5,82765.0,83026.5,284920.75
1404,2025-03-19 04:00:00,83023.5,83047.3,82805.4,82977.6,263847.696
1405,2025-03-19 05:00:00,82939.9,83287.5,82902.5,83256.8,276584.311
1406,2025-03-19 06:00:00,83209.5,83321.7,83129.7,83146.4,245082.108
1407,2025-03-19 07:00:00,83164.1,83327.9,83104.8,83201.8,259821.209
1408,2025-03-19 08:00:00,83197.1,83492.6,83131.5,83439.3,326696.496
1409,2025-03-19 09:00:00,83439.3,83600.0,83350.9,83496.7,317239.308
1410,2025-03-19 10:00:00,83522.0,83694.8,83462.2,83522.3,348478.817
1411,2025-03-19 11:00:00,83487.1,84023.7,83401.3,83833.2,367382.044
1412,2025-03-19 12:00:00,83861.0,83947.2,83572.2,83705.8,344729.036
1413,2025-03-19 13:00:00,83699.4,84276.5,83649.9,84124.8,430076.463
1414,2025-03-19 14:00:00,84142.1,84338.8,83969.5,84282.6,359932.464
1415,2025-03-19 15:00:00,84281.9,84804.5,84179.1,84803.2,381437.079
1416,2025-03-19 16:00:00,84803.2,84811.4,84445.5,84631.1,358472.36
1417,2025-03-19 17:00:00,84631.1,84684.2,83943.3,84194.3,382769.831
1418,2025-03-19 18:00:00,84194.3,85730.9,83941.2,85677.9,480718.861
1419,2025-03-19 19:00:00,85648.2,85828.6,85046.7,85386.8,427451.95
1420,2025-03-19 20:00:00,85381.3,85792.1,85263.2,85327.3,410337.251
1421,2025-03-19 21:00:00,85332.1,85802.0,85281.2,85550.9,394514.925
1422,2025-03-19 22:00:00,85608.0,86450.1,85505.2,86174.6,395816.801
1423,2025-03-19 23:00:00,86193.8,86904.1,86157.0,86857.0,391816.331
1424,2025-03-20 00:00:00,86802.4,87319.9,86080.0,86108.8,494425.056
1425,2025-03-20 01:00:00,86108.8,86346.3,85820.0,85890.0,389856.622
1426,2025-03-20 02:00:00,85890.0,86083.5,85692.7,86083.5,358640.084
1427,2025-03-20 03:00:00,86083.5,86122.4,85828.8,85828.8,315023.738
1428,2025-03-20 04:00:00,85874.3,85907.9,85522.4,85711.9,261520.391
1429,2025-03-20 05:00:00,85599.3,85789.6,85474.4,85789.6,347749.735
1430,2025-03-20 06:00:00,85789.6,85991.8,85675.1,85788.1,341482.284
1431,2025-03-20 07:00:00,85780.3,85946.1,85702.4,85894.9,335748.219
1432,2025-03-20 08:00:00,85826.1,86286.0,85709.4,86249.9,363178.85
1433,2025-03-20 09:00:00,86227.5,86290.8,85849.1,85849.1,333105.268
1434,2025-03-20 10:00:00,85905.2,86006.9,85007.8,85170.4,388701.559
1435,2025-03-20 11:00:00,85170.7,85536.9,85169.0,85406.1,335693.604
1436,2025-03-20 12:00:00,85427.1,85540.1,85237.3,85285.2,330857.947
1437,2025-03-20 13:00:00,85368.1,85755.1,85144.2,85544.4,380504.188
1438,2025-03-20 14:00:00,85490.5,86407.9,85398.3,86103.7,420075.375
1439,2025-03-20 15:00:00,86103.7,86270.1,84681.7,84681.7,457674.461
1440,2025-03-20 16:00:00,84696.7,84824.3,83742.8,83838.5,420293.475
1441,2025-03-20 17:00:00,83762.6,84305.9,83734.1,84059.1,407180.481
1442,2025-03-20 18:00:00,84059.1,84295.7,83964.6,84075.7,364373.327
1443,2025-03-20 19:00:00,84070.1,84372.8,83976.6,84212.1,352959.029
1444,2025-03-20 20:00:00,84214.5,84607.5,84164.0,84499.3,349873.301
1445,2025-03-20 21:00:00,84499.3,84621.3,84269.0,84324.4,364430.48
1446,2025-03-20 22:00:00,84372.5,84458.9,84033.9,84100.0,366610.233
1447,2025-03-20 23:00:00,84100.0,84314.0,83935.2,84194.0,342866.781
1448,2025-03-21 00:00:00,84194.0,84541.0,84172.7,84520.9,337202.509
1449,2025-03-21 01:00:00,84491.5,84764.4,84380.7,84764.4,348772.742
1450,2025-03-21 02:00:00,84702.5,84808.0,84520.9,84635.1,327952.248
1451,2025-03-21 03:00:00,84689.2,84729.9,84320.1,84482.0,348110.981
1452,2025-03-21 04:00:00,84482.0,84811.8,84398.4,84722.6,328115.759
1453,2025-03-21 05:00:00,84713.9,84731.1,84334.4,84457.5,339863.923
1454,2025-03-21 06:00:00,84398.8,84486.6,84102.8,84126.3,339790.647
1455,2025-03-21 07:00:00,84225.7,84253.5,83819.7,83977.8,365753.217
1456,2025-03-21 08:00:00,83899.0,84108.2,83768.2,83988.3,347798.927
1457,2025-03-21 09:00:00,83988.3,84276.5,83835.5,84081.8,349971.358
1458,2025-03-21 10:00:00,84161.1,84271.5,83919.9,84178.3,346999.002
1459,2025-03-21 11:00:00,84122.8,84213.0,83934.8,84074.6,409706.422
1460,2025-03-21 12:00:00,84039.6,84305.7,83662.2,83662.2,531474.255
1461,2025-03-21 13:00:00,83662.2,83989.9,83294.3,83918.5,550362.47
1462,2025-03-21 14:00:00,83934.4,84211.2,83609.3,84156.6,532850.328
1463,2025-03-21 15:00:00,84159.1,84198.3,83609.2,83609.2,501593.374
1464,2025-03-21 16:00:00,83609.2,84052.8,83496.5,84052.8,515655.646
1465,2025-03-21 17:00:00,84052.8,84134.4,83779.8,84066.0,475668.333
1466,2025-03-21 18:00:00,84006.0,84322.4,83922.3,84104.6,478345.973
1467,2025-03-21 19:00:00,84152.9,84179.0,83856.5,83934.1,458941.857
1468,2025-03-21 20:00:00,83980.1,84200.1,83840.2,84154.4,434361.715
1469,2025-03-21 21:00:00,84154.4,84483.2,84133.4,84369.5,451714.805
1470,2025-03-21 22:00:00,84326.1,84388.7,84106.5,84159.3,423073.588
1471,2025-03-21 23:00:00,84189.9,84238.7,84014.4,84031.6,417430.959
1472,2025-03-22 00:00:00,84102.6,84254.0,84010.6,84161.4,422500.615
1473,2025-03-22 01:00:00,84214.8,84326.5,83989.9,84083.5,458663.132
1474,2025-03-22 02:00:00,84056.7,84263.6,84003.7,84237.7,423722.914
1475,2025-03-22 03:00:00,84237.7,84308.2,84098.2,84230.7,418043.561
1476,2025-03-22 04:00:00,84230.7,84378.6,84183.8,84378.6,421438.849
1477,2025-03-22 05:00:00,84353.4,84442.9,84264.5,84286.3,415691.294
1478,2025-03-22 06:00:00,84297.5,84434.3,84194.6,84379.5,437695.552
1479,2025-03-22 07:00:00,84310.6,84416.0,84207.4,84256.1,418609.827
1480,2025-03-22 08:00:00,84256.1,84324.5,84131.1,84261.8,422644.587
1481,2025-03-22 09:00:00,84246.8,84506.5,84174.7,84366.7,425857.953
1482,2025-03-22 10:00:00,84366.7,84473.2,84324.7,84384.2,412898.754
1483,2025-03-22 11:00:00,84424.2,84474.8,84193.7,84208.8,420269.006
1484,2025-03-22 12:00:00,84218.6,84323.4,84152.4,84285.4,409776.361
1485,2025-03-22 13:00:00,84219.3,84290.1,84056.1,84104.3,433732.389
1486,2025-03-22 14:00:00,84174.4,84222.9,83992.7,83992.7,410089.009
1487,2025-03-22 15:00:00,84021.7,84138.9,83957.2,84056.3,420703.743
1488,2025-03-22 16:00:00,84105.9,84184.8,84018.8,84110.9,418918.055
1489,2025-03-22 17:00:00,84110.9,84285.7,84071.0,84274.6,407776.446
1490,2025-03-22 18:00:00,84258.1,84322.0,84159.1,84231.6,423138.608
1491,2025-03-22 19:00:00,84258.9,84317.8,84128.7,84190.8,411813.102
1492,2025-03-22 20:00:00,84190.8,84247.4,84024.2,84024.2,429269.793
1493,2025-03-22 21:00:00,84024.3,84101.4,83900.0,83973.7,453383.091
1494,2025-03-22 22:00:00,83997.9,84107.1,83918.8,83933.1,417411.756
1495,2025-03-22 23:00:00,83969.9,84013.9,83727.4,83790.1,445161.64
1496,2025-03-23 00:00:00,83806.8,84074.4,83759.4,83965.5,429816.07
1497,2025-03-23 01:00:00,83997.9,84149.6,83940.5,84024.9,413216.709
1498,2025-03-23 02:00:00,84080.8,84286.3,83973.9,84200.0,425770.281
1499,2025-03-23 03:00:00,84204.1,84290.5,84114.2,84250.6,420113.427
1500,2025-03-23 04:00:00,84250.6,84268.7,84028.0,84055.6,421204.322
1501,2025-03-23 05:00:00,84055.6,84265.2,84027.3,84265.2,422196.307
1502,2025-03-23 06:00:00,84244.0,84317.9,84146.1,84272.9,418679.636
1503,2025-03-23 07:00:00,84243.1,84359.6,84165.4,84311.5,417299.212
1504,2025-03-23 08:00:00,84271.2,84392.0,84225.3,84328.5,412329.005
1505,2025-03-23 09:00:00,84374.4,84409.4,84267.6,84274.0,413738.573
1506,2025-03-23 10:00:00,84274.0,84506.1,84260.0,84498.0,426949.02
1507,2025-03-23 11:00:00,84498.0,84911.5,84409.0,84719.1,502915.606
1508,2025-03-23 12:00:00,84719.1,84820.5,84599.9,84684.0,425267.321
1509,2025-03-23 13:00:00,84737.3,85023.0,84643.5,84975.7,458432.174
1510,2025-03-23 14:00:00,85023.0,85082.2,84874.0,84940.2,459154.678
1511,2025-03-23 15:00:00,84903.6,85224.0,84889.3,85104.6,445684.199
1512,2025-03-23 16:00:00,85165.3,85344.1,84994.9,85331.4,491425.903
1513,2025-03-23 17:00:00,85236.1,85408.3,84966.5,84966.5,475793.295
1514,2025-03-23 18:00:00,84979.5,85061.6,84827.8,84960.5,424725.246
1515,2025-03-23 19:00:00,84960.5,85086.2,84909.6,84964.2,420500.256
1516,2025-03-23 20:00:00,84984.5,85336.7,84963.2,85126.9,356677.061
1517,2025-03-23 21:00:00,85124.9,85178.0,84949.0,85134.4,446078.349
1518,2025-03-23 22:00:00,85156.7,85561.4,85105.8,85370.5,515023.102
1519,2025-03-23 23:00:00,85340.1,85890.3,85321.0,85694.1,503081.085
1520,2025-03-24 00:00:00,85694.1,86519.1,85693.3,86072.6,553633.913
1521,2025-03-24 01:00:00,86072.6,86131.0,85579.1,85579.1,494484.734
1522,2025-03-24 02:00:00,85579.1,85917.8,85568.3,85902.4,447355.394
1523,2025-03-24 03:00:00,85881.6,86364.5,85830.9,86364.5,272926.212
1524,2025-03-24 04:00:00,86267.4,86901.2,86200.8,86832.8,302704.029
1525,2025-03-24 05:00:00,86876.5,87018.6,86773.7,86907.4,402790.447
1526,2025-03-24 06:00:00,86913.5,87196.4,86855.8,87123.5,481790.55
1527,2025-03-24 07:00:00,87043.1,87174.6,86765.0,86946.4,460762.294
1528,2025-03-24 08:00:00,86864.0,87492.7,86861.2,87390.2,482823.815
1529,2025-03-24 09:00:00,87442.4,87498.9,87158.0,87158.0,443106.839
1530,2025-03-24 10:00:00,87181.0,87819.3,87135.8,87819.3,493209.93
1531,2025-03-24 11:00:00,87819.3,87833.6,87533.6,87732.1,437759.272
1532,2025-03-24 12:00:00,87677.4,87778.7,87259.5,87333.6,485537.152
1533,2025-03-24 13:00:00,87296.7,87614.8,87175.8,87614.8,487832.979
1534,2025-03-24 14:00:00,87614.8,88681.5,87451.0,87971.6,633600.606
1535,2025-03-24 15:00:00,87948.7,88278.5,87843.9,88278.5,525317.274
1536,2025-03-24 16:00:00,88278.5,88453.6,87769.5,87977.8,539391.713
1537,2025-03-24 17:00:00,87977.8,88453.5,87939.4,88453.5,501344.108
1538,2025-03-24 18:00:00,88448.4,88527.7,88181.3,88452.6,477706.306
1539,2025-03-24 19:00:00,88479.8,88527.9,88036.6,88239.9,506303.003
1540,2025-03-24 20:00:00,88239.9,88471.3,87848.5,87848.5,561905.422
1541,2025-03-24 21:00:00,87848.5,88187.0,87823.4,88093.0,481315.257
1542,2025-03-24 22:00:00,88093.0,88177.1,87362.2,87414.6,549065.936
1543,2025-03-24 23:00:00,87414.6,87491.0,87137.6,87323.9,483248.407
1544,2025-03-25 00:00:00,87369.4,87669.5,87286.6,87652.7,460883.34
1545,2025-03-25 01:00:00,87652.7,87661.8,86892.3,87010.4,539825.996
1546,2025-03-25 02:00:00,87099.4,87119.0,86835.3,86835.3,430526.81
1547,2025-03-25 03:00:00,86837.6,86961.6,86431.1,86551.4,491961.593
1548,2025-03-25 04:00:00,86551.4,86619.5,86385.3,86512.7,443025.148
1549,2025-03-25 05:00:00,86463.7,86756.2,86388.0,86737.7,459090.7
1550,2025-03-25 06:00:00,86647.2,86850.9,86522.2,86562.6,450718.891
1551,2025-03-25 07:00:00,86522.3,86772.1,86367.7,86429.5,458244.613
1552,2025-03-25 08:00:00,86461.6,86761.0,86392.3,86746.8,431154.252
1553,2025-03-25 09:00:00,86693.5,87319.7,86641.6,87213.5,516139.264
1554,2025-03-25 10:00:00,87213.5,87308.4,86973.7,87169.1,446852.744
1555,2025-03-25 11:00:00,87153.2,87474.5,87077.0,87354.6,452168.221
1556,2025-03-25 12:00:00,87391.1,87458.0,87032.8,87047.9,478176.343
1557,2025-03-25 13:00:00,87047.9,87768.2,87031.6,87625.5,593912.444
1558,2025-03-25 14:00:00,87625.5,88130.7,87411.5,87979.1,525851.782
1559,2025-03-25 15:00:00,88015.6,88140.6,87755.1,87818.8,488633.739
1560,2025-03-25 16:00:00,87818.3,87921.0,87661.3,87753.7,465704.618
1561,2025-03-25 17:00:00,87808.5,88236.7,87750.1,87948.8,527475.69
1562,2025-03-25 18:00:00,87948.8,88030.4,87627.2,87800.9,460895.07
1563,2025-03-25 19:00:00,87800.9,88248.1,87759.5,88126.8,499111.271
1564,2025-03-25 20:00:00,88162.5,88462.7,87867.2,87874.7,515093.869
1565,2025-03-25 21:00:00,87874.7,88201.8,87769.8,87769.8,495532.472
1566,2025-03-25 22:00:00,87769.8,87840.0,87381.7,87491.4,517399.887
1567,2025-03-25 23:00:00,87496.0,87567.3,87196.5,87386.9,475705.921
1568,2025-03-26 00:00:00,87390.6,87775.6,87276.1,87675.6,497785.222
1569,2025-03-26 01:00:00,87675.6,87856.0,87573.5,87805.6,443504.974
1570,2025-03-26 02:00:00,87847.6,87859.3,87337.3,87337.3,472599.176
1571,2025-03-26 03:00:00,87337.3,87421.3,87056.1,87123.0,449209.867
1572,2025-03-26 04:00:00,87169.7,87416.4,87068.9,87355.2,449993.379
1573,2025-03-26 05:00:00,87289.3,87548.4,87196.1,87501.2,455975.243
1574,2025-03-26 06:00:00,87548.4,87858.9,87414.6,87829.1,465382.848
1575,2025-03-26 07:00:00,87858.9,88266.3,87755.4,88166.9,480981.617
1576,2025-03-26 08:00:00,88137.5,88239.5,87894.5,87996.1,429503.955
1577,2025-03-26 09:00:00,87986.1,88027.4,87831.3,87908.7,418951.716
1578,2025-03-26 10:00:00,87908.7,88260.8,87867.6,88180.6,433064.527
1579,2025-03-26 11:00:00,88180.6,88266.0,87953.9,87953.9,422752.756
1580,2025-03-26 12:00:00,87953.9,88042.0,87622.8,87824.6,441098.013
1581,2025-03-26 13:00:00,87816.3,87834.4,86872.3,86872.3,555869.133
1582,2025-03-26 14:00:00,86872.8,87193.3,86512.7,86790.7,534586.871
1583,2025-03-26 15:00:00,86756.0,86960.2,86636.8,86759.2,505346.329
1584,2025-03-26 16:00:00,86759.2,86934.5,86570.6,86573.4,521953.278
1585,2025-03-26 17:00:00,86570.6,86734.3,86511.6,86513.3,469548.846
1586,2025-03-26 18:00:00,86567.3,86717.5,86320.7,86326.8,484446.392
1587,2025-03-26 19:00:00,86326.8,86673.0,85940.9,86622.2,575580.143
1588,2025-03-26 20:00:00,86595.5,87353.8,86551.3,87260.1,546376.087
1589,2025-03-26 21:00:00,87260.1,87294.9,86928.5,87139.9,458457.861
1590,2025-03-26 22:00:00,87109.9,87200.7,86789.5,86854.1,468076.14
1591,2025-03-26 23:00:00,86846.1,86942.3,86606.9,86941.6,477673.08
1592,2025-03-27 00:00:00,86941.6,87252.1,86797.7,87252.1,461895.038
1593,2025-03-27 01:00:00,87252.1,87446.6,87187.3,87366.9,486469.971
1594,2025-03-27 02:00:00,87366.9,87717.2,87332.5,87568.3,452002.499
1595,2025-03-27 03:00:00,87605.1,87698.3,87448.1,87609.3,434219.023
1596,2025-03-27 04:00:00,87629.2,87701.3,87419.9,87556.4,446905.108
1597,2025-03-27 05:00:00,87476.4,87557.1,87269.3,87332.0,424672.442
1598,2025-03-27 06:00:00,87332.0,87550.6,87262.3,87303.7,442051.694
1599,2025-03-27 07:00:00,87360.4,87424.2,87261.6,87424.2,431348.412
1600,2025-03-27 08:00:00,87424.2,87561.4,87282.6,87396.2,450317.157
1601,2025-03-27 09:00:00,87468.7,87551.1,87367.4,87419.4,415466.314
1602,2025-03-27 10:00:00,87419.4,87605.3,87404.5,87453.4,636791.829
1603,2025-03-27 11:00:00,87453.4,114990.0,87389.7,87389.7,959348.919
1604,2025-03-27 12:00:00,87389.7,99499.9,86805.5,86805.5,745192.13
1605,2025-03-27 13:00:00,86805.5,110876.0,85994.1,86373.5,660800.883
1606,2025-03-27 14:00:00,86373.5,87255.0,86302.0,87255.0,636633.615
1607,2025-03-27 15:00:00,87255.0,87488.0,86877.9,86982.8,582001.007
1608,2025-03-27 16:00:00,86982.8,87228.8,86871.4,86890.3,495788.892
1609,2025-03-27 17:00:00,86890.3,87089.9,86851.1,86973.6,461328.144
1610,2025-03-27 18:00:00,86943.3,87405.6,86911.9,87261.8,464225.027
1611,2025-03-27 19:00:00,87261.8,87423.5,87155.2,87155.2,465880.256
1612,2025-03-27 20:00:00,87155.3,87355.4,86969.3,87320.8,463033.54
1613,2025-03-27 21:00:00,87331.9,87684.7,87241.7,87622.7,469043.019
1614,2025-03-27 22:00:00,87602.6,87645.6,87314.8,87436.4,435292.464
1615,2025-03-27 23:00:00,87348.1,87455.1,87155.2,87213.1,455446.76
1616,2025-03-28 00:00:00,87287.8,87382.1,86977.7,87379.8,489787.309
1617,2025-03-28 01:00:00,87344.5,87502.9,87128.6,87269.2,492952.322
1618,2025-03-28 02:00:00,87259.3,87350.4,87021.0,87021.0,479107.713
1619,2025-03-28 03:00:00,87021.1,87096.6,86765.3,86825.0,457467.588
1620,2025-03-28 04:00:00,86786.8,86886.9,86112.1,86272.2,624197.918
1621,2025-03-28 05:00:00,86272.1,86290.3,85921.2,86061.0,507802.758
1622,2025-03-28 06:00:00,86094.4,86225.5,85809.3,85809.3,517742.125
1623,2025-03-28 07:00:00,85822.2,85899.8,85195.8,85195.8,576124.402
1624,2025-03-28 08:00:00,85219.9,85419.7,85063.1,85272.3,518362.262
1625,2025-03-28 09:00:00,85267.6,85346.9,85076.2,85113.7,478115.285
1626,2025-03-28 10:00:00,85159.8,85262.5,84997.9,85049.5,447260.812
1627,2025-03-28 11:00:00,84998.0,85215.0,84867.4,85215.0,448921.616
1628,2025-03-28 12:00:00,85215.0,85260.8,85105.6,85174.1,100644.718
1629,2025-03-28 13:00:00,85124.7,85628.9,85048.1,85256.9,316043.719
1630,2025-03-28 14:00:00,85262.3,97010.0,58995.3,84217.1,402219.985
1631,2025-03-28 15:00:00,84217.1,84455.2,84043.5,84145.3,554344.185
1632,2025-03-28 16:00:00,84145.3,84205.9,83819.8,83819.8,509090.409
1633,2025-03-28 17:00:00,83819.8,83955.3,83679.9,83943.7,493627.819
1634,2025-03-28 18:00:00,83955.3,84146.1,83773.1,83900.2,478766.707
1635,2025-03-28 19:00:00,83840.0,83909.6,83679.0,83768.2,423428.945
1636,2025-03-28 20:00:00,83768.2,84055.0,83760.6,83821.3,471480.952
1637,2025-03-28 21:00:00,83821.3,84104.6,83739.5,84034.0,461379.035
1638,2025-03-28 22:00:00,84034.0,84437.3,83991.3,84437.3,451535.472
1639,2025-03-28 23:00:00,84410.7,84497.3,84210.7,84397.7,467685.643
1640,2025-03-29 00:00:00,84429.1,84619.3,84335.3,84408.4,447317.113
1641,2025-03-29 01:00:00,84400.9,84529.7,84235.9,84341.3,462662.348
1642,2025-03-29 02:00:00,84341.3,84439.9,84009.5,84009.5,514096.053
1643,2025-03-29 03:00:00,84009.5,84255.6,83799.1,84222.7,477603.61
1644,2025-03-29 04:00:00,84145.3,84261.3,83974.7,84096.1,440365.408
1645,2025-03-29 05:00:00,84096.1,84126.5,83874.2,83968.4,436411.837
1646,2025-03-29 06:00:00,83968.4,84050.0,83705.5,83771.2,455406.096
1647,2025-03-29 07:00:00,83771.2,83878.3,83683.4,83710.4,435151.752
1648,2025-03-29 08:00:00,83746.0,83967.2,83682.7,83894.9,419690.292
1649,2025-03-29 09:00:00,83918.6,83978.7,83494.7,83578.2,487632.258
1650,2025-03-29 10:00:00,83531.0,83586.8,82955.3,82955.3,556498.196
1651,2025-03-29 11:00:00,83040.2,83181.3,82068.9,82242.8,570377.275
1652,2025-03-29 12:00:00,82244.7,82481.2,82198.7,82433.9,462233.573
1653,2025-03-29 13:00:00,82439.9,82837.7,82400.8,82837.7,456765.087
1654,2025-03-29 14:00:00,82814.3,82870.6,82516.8,82533.6,491170.249
1655,2025-03-29 15:00:00,82537.3,82640.4,82394.8,82398.6,437645.652
1656,2025-03-29 16:00:00,82398.6,82668.0,82222.8,82224.4,518212.71
1657,2025-03-29 17:00:00,82222.8,82569.8,81768.2,82311.7,591641.272
1658,2025-03-29 18:00:00,82346.4,82637.5,82270.7,82430.0,476348.955
1659,2025-03-29 19:00:00,82430.0,82538.1,82237.9,82490.6,475203.45
1660,2025-03-29 20:00:00,82355.5,82741.8,82333.7,82492.0,471904.133
1661,2025-03-29 21:00:00,82532.0,82671.9,82415.8,82528.9,470207.495
1662,2025-03-29 22:00:00,82533.5,82587.4,82296.2,82419.2,442052.945
1663,2025-03-29 23:00:00,82419.2,82646.2,82343.3,82646.2,440088.115
1664,2025-03-30 00:00:00,82646.2,82862.0,82533.7,82781.6,479384.188
1665,2025-03-30 01:00:00,82820.9,83076.7,82747.9,82973.9,463246.946
1666,2025-03-30 02:00:00,82973.9,83356.4,82901.8,83343.2,460764.575
1667,2025-03-30 03:00:00,83343.2,83482.5,83160.4,83160.4,478401.813
1668,2025-03-30 04:00:00,83160.5,83308.5,83087.9,83173.6,452213.295
1669,2025-03-30 05:00:00,83173.6,83242.6,83000.7,83000.7,450415.701
1670,2025-03-30 06:00:00,83020.2,83236.8,82884.8,83117.4,478254.466
1671,2025-03-30 07:00:00,83201.0,83332.8,83064.1,83064.1,419280.231
1672,2025-03-30 08:00:00,83064.1,83411.7,83062.7,83344.1,422183.669
1673,2025-03-30 09:00:00,83344.1,83541.4,83284.1,83541.4,422710.021
1674,2025-03-30 10:00:00,83513.2,83587.6,83074.2,83095.7,493104.821
1675,2025-03-30 11:00:00,83096.1,83329.6,83000.7,83156.4,478150.322
1676,2025-03-30 12:00:00,83149.4,83259.9,82989.2,83016.0,441130.813
1677,2025-03-30 13:00:00,83112.5,83143.8,82733.0,82733.0,500170.033
1678,2025-03-30 14:00:00,82733.0,82965.8,82646.3,82847.7,459142.099
1679,2025-03-30 15:00:00,82865.7,83002.2,82764.5,82764.5,454259.977
1680,2025-03-30 16:00:00,82786.7,82881.2,82273.7,82273.7,539524.773
1681,2025-03-30 17:00:00,82280.8,82558.9,82160.6,82380.3,490311.566
1682,2025-03-30 18:00:00,82421.9,82754.9,82374.4,82678.8,452696.024
1683,2025-03-30 19:00:00,82738.9,82822.2,82538.1,82596.9,429022.95
1684,2025-03-30 20:00:00,82581.0,82667.4,82472.0,82557.4,434923.738
1685,2025-03-30 21:00:00,82536.8,82677.1,82132.2,82225.8,513633.611
1686,2025-03-30 22:00:00,82237.9,89999.9,81743.1,82408.7,595689.703
1687,2025-03-30 23:00:00,82449.1,82492.2,82031.6,82369.8,531154.304
1688,2025-03-31 00:00:00,82307.2,91993.2,81361.5,81626.7,610611.298
1689,2025-03-31 01:00:00,81606.3,82108.9,81551.1,81926.8,555557.4
1690,2025-03-31 02:00:00,81980.3,82096.6,81682.5,81932.2,511927.022
1691,2025-03-31 03:00:00,81932.2,82059.4,81531.3,81577.4,540932.978
1692,2025-03-31 04:00:00,81531.3,81808.7,81460.6,81808.7,482676.851
1693,2025-03-31 05:00:00,81780.9,82267.7,81746.7,82211.1,499702.884
1694,2025-03-31 06:00:00,82176.0,82230.6,81960.7,82004.4,447986.765
1695,2025-03-31 07:00:00,82004.4,82243.3,81780.9,81866.4,501987.924
1696,2025-03-31 08:00:00,81899.7,82274.6,81849.4,81970.5,429158.11
1697,2025-03-31 09:00:00,81989.9,90000.0,81421.1,81458.1,323070.811
1698,2025-03-31 10:00:00,81421.1,107999.0,81385.9,82214.0,114997.286
1699,2025-03-31 11:00:00,82187.3,82242.9,81961.5,82163.2,463937.41
1700,2025-03-31 12:00:00,82174.6,105000.0,57452.9,82604.6,292125.623
1701,2025-03-31 13:00:00,82494.1,105000.0,82375.0,95500.0,285125.11
1702,2025-03-31 14:00:00,82863.8,99500.0,82351.7,83481.9,481675.515
1703,2025-03-31 15:00:00,83482.4,83783.8,83454.0,83522.1,517585.784
1704,2025-03-31 16:00:00,83522.1,83674.5,83319.8,83326.5,536780.628
1705,2025-03-31 17:00:00,83323.2,94990.0,82658.7,82697.1,593032.767
1706,2025-03-31 18:00:00,82710.9,83515.4,82693.2,83374.6,555514.669
1707,2025-03-31 19:00:00,83374.6,83442.3,82523.1,82536.0,608708.506
1708,2025-03-31 20:00:00,82523.1,82818.5,82411.5,82411.5,511124.217
1709,2025-03-31 21:00:00,82412.1,82705.9,82408.1,82576.8,462833.249
1710,2025-03-31 22:00:00,82576.8,82648.8,82278.7,82421.9,506769.685
1711,2025-03-31 23:00:00,82372.4,82623.1,82349.5,82569.3,523115.162
1712,2025-04-01 00:00:00,82532.4,82755.5,82485.4,82638.3,479010.418
1713,2025-04-01 01:00:00,82638.3,82741.9,82519.8,82738.3,490937.71
1714,2025-04-01 02:00:00,82677.9,83003.8,82648.4,82883.7,371522.764
1715,2025-04-01 03:00:00,82883.7,82926.3,82883.3,82925.2,1510.464
1716,2025-04-01 04:00:00,82925.2,83118.9,82869.2,83044.0,448872.571
1717,2025-04-01 05:00:00,83047.0,83202.1,83030.2,83118.2,478995.459
1718,2025-04-01 06:00:00,83079.1,83226.1,83012.7,83226.1,626008.295
1719,2025-04-01 07:00:00,83226.1,83452.9,82999.1,83423.6,776875.554
1720,2025-04-01 08:00:00,83427.8,84135.1,82022.0,84074.6,91670.337
1721,2025-04-01 09:00:00,84075.4,84361.6,81000.0,84319.7,4410.012
1722,2025-04-01 10:00:00,84319.7,84438.1,81000.5,84133.6,12427.609
1723,2025-04-01 11:00:00,84133.2,84152.1,81000.0,83880.9,14739.282
1724,2025-04-01 12:00:00,83880.2,84102.1,83569.6,83576.9,3749.342
1725,2025-04-01 13:00:00,83575.5,83805.7,81059.0,83683.9,11876.342
1726,2025-04-01 14:00:00,83683.9,84265.9,81000.0,84100.0,14678.197
1727,2025-04-01 15:00:00,84100.0,94990.0,82000.0,85317.0,22577.899
1728,2025-04-01 16:00:00,85317.0,100000.0,84792.8,85084.8,14265.796
1729,2025-04-01 17:00:00,85084.8,85700.0,84884.3,85083.5,4850.024
1730,2025-04-01 18:00:00,85083.5,85156.4,84683.6,85061.1,5841.261
1731,2025-04-01 19:00:00,85061.0,85140.4,84792.6,84906.8,3072.212
1732,2025-04-01 20:00:00,84906.8,86462.8,84739.3,85205.2,3500.353
1733,2025-04-01 21:00:00,85204.9,85422.4,85094.5,85207.4,1230.434
1734,2025-04-01 22:00:00,85204.5,85386.1,85053.9,85062.8,1520.087
1735,2025-04-01 23:00:00,85062.8,85946.6,84940.7,85124.8,2478.92
1736,2025-04-02 00:00:00,85124.2,85208.6,84796.2,84910.7,2547.317
1737,2025-04-02 01:00:00,84910.7,85159.9,84816.4,85046.7,2720.867
1738,2025-04-02 02:00:00,85046.7,85108.5,84600.9,84688.6,3015.855
1739,2025-04-02 03:00:00,84684.9,84858.9,84314.2,84540.5,2721.14
1740,2025-04-02 04:00:00,84539.1,84698.6,84474.4,84633.6,20615.305
1741,2025-04-02 05:00:00,84633.4,84718.8,84113.4,84150.2,209833.496
1742,2025-04-02 06:00:00,84150.2,84226.6,84020.3,84128.1,249589.242
1743,2025-04-02 07:00:00,84128.1,85256.0,84048.0,84389.7,6895.252
1744,2025-04-02 08:00:00,84389.7,84762.0,83136.8,84621.3,5929.115
1745,2025-04-02 09:00:00,84621.4,85289.0,84596.9,84981.9,3204.655
1746,2025-04-02 10:00:00,84981.9,85247.0,84708.1,84834.7,2526.786
1747,2025-04-02 11:00:00,84834.8,84920.5,83686.7,84531.5,3165.087
1748,2025-04-02 12:00:00,84531.3,85300.0,83586.7,84998.4,5883.682
1749,2025-04-02 13:00:00,84998.4,85746.4,84162.7,85202.2,13882.217
1750,2025-04-02 14:00:00,85202.2,85784.2,83895.1,85556.6,7296.793
1751,2025-04-02 15:00:00,85556.6,86800.0,84226.2,86660.1,10370.669
1752,2025-04-02 16:00:00,86660.1,92000.0,85052.4,87011.8,6569.038
1753,2025-04-02 17:00:00,87011.8,88195.2,86216.2,86567.5,3760.559
1754,2025-04-02 18:00:00,86567.5,86587.5,86083.1,86265.6,2131.987
1755,2025-04-02 19:00:00,86265.7,86902.9,84642.5,86866.5,4457.296
1756,2025-04-02 20:00:00,86866.5,88368.0,85000.0,85612.9,11213.751
1757,2025-04-02 21:00:00,85612.9,86247.9,84238.3,84810.1,2481.046
1758,2025-04-02 22:00:00,84809.6,84809.6,82694.8,82790.2,3201.702
1759,2025-04-02 23:00:00,82790.2,82793.4,81284.8,82492.1,4627.381
1760,2025-04-03 00:00:00,82492.0,83330.3,81612.1,83190.9,3735.139
1761,2025-04-03 01:00:00,83191.3,83846.4,81839.8,83735.0,2892.471
1762,2025-04-03 02:00:00,83735.0,83833.5,83400.0,83722.0,2162.638
1763,2025-04-03 03:00:00,83724.1,83725.6,83400.0,83435.2,924.626
1764,2025-04-03 04:00:00,83435.2,83759.8,83400.0,83572.0,1427.778
1765,2025-04-03 05:00:00,83572.0,83668.2,83400.0,83400.0,1389.249
1766,2025-04-03 06:00:00,83400.0,84094.0,82976.0,83008.1,5122.426
1767,2025-04-03 07:00:00,83008.1,84000.0,82948.7,83500.0,2044.8
1768,2025-04-03 08:00:00,83504.0,84500.1,83500.0,83643.0,4047.803
1769,2025-04-03 09:00:00,83643.0,83744.2,83419.2,83440.4,1239.454
1770,2025-04-03 10:00:00,83440.4,84685.6,83194.0,83194.0,4290.485
1771,2025-04-03 11:00:00,83194.0,83931.0,83036.7,83085.3,3037.848
1772,2025-04-03 12:00:00,83085.7,84149.9,81897.4,81968.7,6188.462
1773,2025-04-03 13:00:00,81967.8,82650.1,81788.0,82348.1,14031.064
1774,2025-04-03 14:00:00,82348.1,83100.0,81312.4,81499.2,5983.777
1775,2025-04-03 15:00:00,81499.2,82144.7,81290.6,82039.9,4056.593
1776,2025-04-03 16:00:00,82039.9,82359.4,81711.5,81805.5,3304.454
1777,2025-04-03 17:00:00,81805.6,82794.7,81618.4,81796.5,2329.769
1778,2025-04-03 18:00:00,81796.3,82348.6,81534.5,82240.1,2918.319
1779,2025-04-03 19:00:00,82240.1,82353.9,81843.5,81967.3,4449.181
1780,2025-04-03 20:00:00,81967.3,83703.8,81789.9,82286.1,5350.781
1781,2025-04-03 21:00:00,82286.1,83555.6,82286.1,82688.0,2573.066
1782,2025-04-03 22:00:00,82685.6,82926.1,82554.1,82695.1,1408.035
1783,2025-04-03 23:00:00,82695.1,90861.4,81790.0,83137.0,4865.838
1784,2025-04-04 00:00:00,83134.1,83356.1,82972.0,83007.2,1253.083
1785,2025-04-04 01:00:00,83007.2,83324.8,81666.0,82637.3,7837.462
1786,2025-04-04 02:00:00,82637.3,83121.8,82636.4,82870.0,1023.15
1787,2025-04-04 03:00:00,82870.0,84234.9,80000.0,82776.3,13433.509
1788,2025-04-04 04:00:00,82776.3,82800.0,82581.1,82682.8,960.591
1789,2025-04-04 05:00:00,82682.8,83539.6,82628.1,83161.6,7563.473
1790,2025-04-04 06:00:00,83160.3,83225.4,83140.9,83140.9,766.013
1791,2025-04-04 07:00:00,83140.9,84195.8,83140.9,83960.1,4157.554
1792,2025-04-04 08:00:00,83960.5,85157.9,83959.6,84373.3,3213.434
1793,2025-04-04 09:00:00,84373.6,85983.1,84047.0,84562.4,10297.565
1794,2025-04-04 10:00:00,84566.5,84814.0,82250.1,82517.7,17721.093
1795,2025-04-04 11:00:00,82517.7,83709.2,81510.0,81906.9,10486.246
1796,2025-04-04 12:00:00,81906.8,90861.4,81106.9,82806.7,5729.642
1797,2025-04-04 13:00:00,82806.7,85800.0,82173.0,83370.2,21345.091
1798,2025-04-04 14:00:00,83370.2,85800.0,81845.6,82587.9,6838.125
1799,2025-04-04 15:00:00,82587.9,90861.4,82536.3,82866.9,13315.218
1800,2025-04-04 16:00:00,82866.9,90861.4,82730.0,83360.0,8025.057
1801,2025-04-04 17:00:00,83360.0,84814.9,82993.1,84387.5,6449.646
1802,2025-04-04 18:00:00,84387.5,84509.7,83720.6,83907.7,3052.03
1803,2025-04-04 19:00:00,83907.7,85590.1,83765.5,83961.0,3111.978
1804,2025-04-04 20:00:00,83959.8,84901.2,83500.0,84125.9,2596.726
1805,2025-04-04 21:00:00,84126.0,84556.4,84000.0,84156.1,435.561
1806,2025-04-04 22:00:00,84157.9,84235.4,83382.6,84024.9,764.327
1807,2025-04-04 23:00:00,84024.9,84026.7,83522.1,83846.3,258.409
1808,2025-04-05 00:00:00,83846.3,83846.3,83453.4,83760.1,450.573
1809,2025-04-05 01:00:00,83765.0,90910.0,83743.2,83946.3,7145.637
1810,2025-04-05 02:00:00,83946.3,84133.9,83780.0,83951.6,499.152
1811,2025-04-05 03:00:00,83951.6,83952.3,83600.0,83600.1,468.954
1812,2025-04-05 04:00:00,83600.1,84941.5,83600.0,83636.1,762.193
1813,2025-04-05 05:00:00,83636.1,83942.3,83603.1,83650.0,619.125
1814,2025-04-05 06:00:00,83650.1,83920.2,83294.4,83440.9,627.735
1815,2025-04-05 07:00:00,83440.9,83582.0,83335.7,83487.2,770.633
1816,2025-04-05 08:00:00,83487.2,83665.7,83260.8,83477.0,1337.021
1817,2025-04-05 09:00:00,83479.6,85114.1,83043.1,83809.9,6428.402
1818,2025-04-05 10:00:00,83809.9,85120.8,83566.4,83608.6,5012.579
1819,2025-04-05 11:00:00,83608.6,83641.2,83292.8,83464.4,612.993
1820,2025-04-05 12:00:00,83455.2,83600.0,81981.6,83210.0,1134.014
1821,2025-04-05 13:00:00,83210.0,84000.0,82526.0,82715.7,15769.167
1822,2025-04-05 14:00:00,82714.1,83591.6,82682.0,82892.9,5200.022
1823,2025-04-05 15:00:00,82892.9,84600.0,80952.0,82582.1,7369.226
1824,2025-04-05 16:00:00,82582.2,83417.9,82570.3,82690.0,1690.618
1825,2025-04-05 17:00:00,82690.0,83899.5,82650.0,82831.7,1398.23
1826,2025-04-05 18:00:00,82832.5,83123.5,82826.0,83006.3,946.535
1827,2025-04-05 19:00:00,82993.3,83160.4,82809.0,82822.8,1045.387
1828,2025-04-05 20:00:00,82820.1,83040.8,82818.2,83004.5,1073.967
1829,2025-04-05 21:00:00,83004.5,83261.0,82900.0,82901.7,781.995
1830,2025-04-05 22:00:00,82900.0,83200.0,82900.0,83153.2,660.882
1831,2025-04-05 23:00:00,83153.2,84369.9,83099.1,83519.5,2342.048
1832,2025-04-06 00:00:00,83519.5,83649.1,83326.0,83481.1,861.777
1833,2025-04-06 01:00:00,83481.1,83717.9,83389.1,83396.1,461.254
1834,2025-04-06 02:00:00,83396.0,83438.8,83322.1,83323.7,248.876
1835,2025-04-06 03:00:00,83322.1,83399.9,83135.0,83295.8,2922.074
1836,2025-04-06 04:00:00,83296.2,83546.5,83191.7,83462.0,346.076
1837,2025-04-06 05:00:00,83462.0,83496.2,83344.0,83429.5,558.463
1838,2025-04-06 06:00:00,83426.9,83555.5,82906.9,83061.8,882.713
1839,2025-04-06 07:00:00,83061.8,83360.0,83000.0,83000.1,1060.707
1840,2025-04-06 08:00:00,83000.1,84477.5,82802.9,83000.0,1439.254
1841,2025-04-06 09:00:00,83000.4,83236.1,82950.8,83032.8,1098.771
1842,2025-04-06 10:00:00,83032.8,83036.6,82450.0,82823.5,1393.175
1843,2025-04-06 11:00:00,82823.1,82934.2,82638.6,82810.1,1234.598
1844,2025-04-06 12:00:00,82810.0,83215.1,82640.4,82663.6,1713.748
1845,2025-04-06 13:00:00,82663.0,83710.1,82105.7,82257.1,9176.324
1846,2025-04-06 14:00:00,82257.1,83989.0,81051.9,82615.4,16007.649
1847,2025-04-06 15:00:00,82625.0,83825.9,82384.3,82512.6,3613.299
1848,2025-04-06 16:00:00,82513.2,83500.0,81810.9,81941.4,13448.974
1849,2025-04-06 17:00:00,81941.4,82843.8,79251.9,80706.2,37176.885
1850,2025-04-06 18:00:00,80706.2,81100.0,78077.7,79055.0,56041.265
1851,2025-04-06 19:00:00,79055.0,80843.4,78865.5,79594.5,8869.262
1852,2025-04-06 20:00:00,79594.5,86687.7,78581.8,78828.0,12471.009
1853,2025-04-06 21:00:00,78828.0,80076.5,78827.6,78930.8,4488.009
1854,2025-04-06 22:00:00,78930.8,79556.9,77711.0,78014.0,11663.231
1855,2025-04-06 23:00:00,78014.0,79190.2,76937.8,78369.4,13408.637
1856,2025-04-07 00:00:00,78369.4,78438.9,77076.6,78291.3,9711.584
1857,2025-04-07 01:00:00,78291.3,80051.4,78291.3,79124.4,5416.499
1858,2025-04-07 02:00:00,79124.4,79145.1,78369.4,78415.2,2228.412
1859,2025-04-07 03:00:00,78415.3,78430.1,77000.1,77641.1,7064.246
1860,2025-04-07 04:00:00,77641.1,78482.2,76286.4,76986.0,24404.083
1861,2025-04-07 05:00:00,76977.0,77511.8,75716.4,76885.0,16252.525
1862,2025-04-07 06:00:00,76885.0,78182.7,73473.5,74860.0,37325.615
1863,2025-04-07 07:00:00,74860.0,76350.0,74509.3,75095.6,9074.423
1864,2025-04-07 08:00:00,75095.6,78500.0,74072.7,76218.4,11234.725
1865,2025-04-07 09:00:00,76217.9,77163.8,75794.5,76245.0,9748.521
1866,2025-04-07 10:00:00,76245.1,77700.0,76148.3,76958.5,8428.575
1867,2025-04-07 11:00:00,76957.9,77453.5,76449.9,76629.6,4595.804
1868,2025-04-07 12:00:00,76630.1,78014.2,76501.0,77240.1,11978.546
1869,2025-04-07 13:00:00,77240.1,78405.8,75847.0,78353.4,13425.192
1870,2025-04-07 14:00:00,78353.4,81512.7,77800.0,79039.8,26347.324
1871,2025-04-07 15:00:00,79039.8,79668.3,77610.0,78496.0,13474.057
1872,2025-04-07 16:00:00,78496.2,79925.9,77321.7,77438.4,12602.25
1873,2025-04-07 17:00:00,77430.0,85929.5,77426.1,79059.9,18517.833
1874,2025-04-07 18:00:00,79060.2,79900.0,78308.1,78490.2,10837.842
1875,2025-04-07 19:00:00,78490.2,79997.1,78118.4,78122.8,7915.482
1876,2025-04-07 20:00:00,78122.8,79400.0,78122.7,78902.0,5518.055
1877,2025-04-07 21:00:00,78902.0,79700.0,78652.2,79190.0,2750.771
1878,2025-04-07 22:00:00,79190.0,80191.0,79176.8,79931.7,2375.909
1879,2025-04-07 23:00:00,79932.0,80040.1,79083.0,79147.9,1846.148
1880,2025-04-08 00:00:00,79149.5,79530.7,78968.7,78971.8,1769.075
1881,2025-04-08 01:00:00,78971.8,81333.1,78862.2,80569.6,7515.258
1882,2025-04-08 02:00:00,80569.5,81333.1,79881.8,79916.7,4075.914
1883,2025-04-08 03:00:00,79915.7,80144.4,79738.1,79865.1,1233.386
1884,2025-04-08 04:00:00,79865.1,80464.5,79838.2,80250.8,1732.222
1885,2025-04-08 05:00:00,80250.3,80251.7,79555.0,79833.4,1464.94
1886,2025-04-08 06:00:00,79833.4,79834.5,79300.0,79421.1,1408.934
1887,2025-04-08 07:00:00,79421.1,79665.6,79210.0,79455.8,2499.928
1888,2025-04-08 08:00:00,79455.8,79545.7,78907.9,79124.0,3184.332
1889,2025-04-08 09:00:00,79124.0,79255.7,78862.2,78873.9,3578.472
1890,2025-04-08 10:00:00,78873.9,79263.4,78862.2,78964.7,2880.878
1891,2025-04-08 11:00:00,78964.7,81333.1,78796.7,79960.7,38437.385
1892,2025-04-08 12:00:00,79961.2,80070.1,79580.0,79802.4,4369.117
1893,2025-04-08 13:00:00,79802.3,80838.8,78447.2,79901.2,18228.705
1894,2025-04-08 14:00:00,79900.0,81500.0,78482.7,78514.1,15979.324
1895,2025-04-08 15:00:00,78514.6,79783.2,78171.3,78452.6,10902.382
1896,2025-04-08 16:00:00,78452.6,79211.6,77361.1,77430.1,10444.361
1897,2025-04-08 17:00:00,77430.1,78700.0,76557.3,77316.8,14481.869
1898,2025-04-08 18:00:00,77316.7,79300.0,77082.3,77237.5,8080.636
1899,2025-04-08 19:00:00,77237.5,77700.0,76349.9,76804.1,13529.335
1900,2025-04-08 20:00:00,76804.1,77307.1,76619.0,77058.3,5670.617
1901,2025-04-08 21:00:00,77058.3,77226.5,76709.0,77056.7,1523.643
1902,2025-04-08 22:00:00,77056.7,77065.4,76246.0,76707.1,5036.533
1903,2025-04-08 23:00:00,76707.1,76886.6,76273.9,76295.1,3418.295
1904,2025-04-09 00:00:00,76296.0,77496.6,75945.8,76492.3,7498.994
1905,2025-04-09 01:00:00,76492.7,76892.2,74634.2,76026.7,14178.029
1906,2025-04-09 02:00:00,76026.7,77700.0,75570.0,75622.3,5346.581
1907,2025-04-09 03:00:00,75622.3,76195.6,75014.7,75024.9,6364.19
1908,2025-04-09 04:00:00,75024.9,76934.7,75014.1,76375.8,10666.881
1909,2025-04-09 05:00:00,76375.8,77672.0,76299.9,76670.0,4838.129
1910,2025-04-09 06:00:00,76677.3,78700.0,76676.0,76890.0,5822.179
1911,2025-04-09 07:00:00,76890.0,77891.0,76797.9,77666.0,6812.228
1912,2025-04-09 08:00:00,77666.0,78592.6,77074.0,77258.1,5275.64
1913,2025-04-09 09:00:00,77258.1,77582.3,77136.9,77451.0,3331.424
1914,2025-04-09 10:00:00,77451.4,78356.9,76944.0,77366.6,4610.493
1915,2025-04-09 11:00:00,77369.5,77438.6,75780.3,76204.1,11428.128
1916,2025-04-09 12:00:00,76204.0,77162.6,75999.4,76777.8,8694.593
1917,2025-04-09 13:00:00,76779.5,77884.4,76697.1,77683.9,11301.071
1918,2025-04-09 14:00:00,77684.0,79208.1,72000.0,76844.7,71261.278
1919,2025-04-09 15:00:00,76844.6,77900.0,76843.9,77273.8,8092.826
1920,2025-04-09 16:00:00,77273.8,79000.0,77147.4,78224.6,24470.979
1921,2025-04-09 17:00:00,78224.6,83289.7,77600.1,82210.7,37217.912
1922,2025-04-09 18:00:00,82210.8,83229.1,80988.6,81829.3,18948.465
1923,2025-04-09 19:00:00,81828.6,82570.6,81780.0,82276.5,6751.447
1924,2025-04-09 20:00:00,82276.5,83200.2,81087.4,83184.2,10537.879
1925,2025-04-09 21:00:00,83184.9,83500.0,82888.4,83239.5,7235.755
1926,2025-04-09 22:00:00,83239.4,83431.1,82945.8,83016.2,3226.151
1927,2025-04-09 23:00:00,83016.2,83100.1,82549.2,82580.1,3067.488
1928,2025-04-10 00:00:00,82580.1,82687.2,81650.2,82303.3,7861.512
1929,2025-04-10 01:00:00,82303.3,82599.6,82187.0,82199.5,8732.262
1930,2025-04-10 02:00:00,82199.5,82586.8,82159.9,82166.5,1924.342
1931,2025-04-10 03:00:00,82165.0,82165.3,81443.9,81716.8,2742.313
1932,2025-04-10 04:00:00,81716.8,82998.3,81619.5,81957.8,3027.196
1933,2025-04-10 05:00:00,81957.8,82320.4,81890.7,82121.8,1926.819
1934,2025-04-10 06:00:00,82121.8,82998.3,81811.0,82111.2,5364.013
1935,2025-04-10 07:00:00,82111.2,82183.4,81297.5,81550.2,2895.83
1936,2025-04-10 08:00:00,81549.6,81785.4,81408.4,81516.8,2002.331
1937,2025-04-10 09:00:00,81516.9,82125.4,81306.0,81996.1,4949.683
1938,2025-04-10 10:00:00,81995.8,82070.4,81537.8,81726.1,3754.574
1939,2025-04-10 11:00:00,81726.2,82125.4,81470.4,81850.0,4629.494
1940,2025-04-10 12:00:00,81850.0,82872.4,81519.2,81670.0,13987.966
1941,2025-04-10 13:00:00,81670.0,82421.4,80788.2,80856.4,20627.38
1942,2025-04-10 14:00:00,80856.4,82186.5,80250.0,81220.1,23902.113
1943,2025-04-10 15:00:00,81220.1,81793.1,77866.0,78713.4,31538.556
1944,2025-04-10 16:00:00,78712.0,80866.8,78495.0,79400.1,24639.094
1945,2025-04-10 17:00:00,79400.0,80800.0,78559.8,79330.7,17262.263
1946,2025-04-10 18:00:00,79330.7,79999.9,79204.0,79469.9,6576.207
1947,2025-04-10 19:00:00,79469.9,80667.5,79330.5,79618.1,9688.789
1948,2025-04-10 20:00:00,79618.1,79993.0,79529.7,79837.8,4303.498
1949,2025-04-10 21:00:00,79837.8,79837.8,79837.8,79837.8,0.0
1950,2025-04-10 22:00:00,79837.8,79837.8,79837.8,79837.8,0.0
1951,2025-04-10 23:00:00,79837.8,79837.8,79837.8,79837.8,0.0
1952,2025-04-11 00:00:00,79837.8,79837.8,79837.8,79837.8,0.0
1953,2025-04-11 01:00:00,79837.8,79837.8,79837.8,79837.8,0.0
1954,2025-04-11 02:00:00,79837.8,80700.0,79819.1,80389.0,52.457
1955,2025-04-11 03:00:00,80389.0,81600.0,79838.5,80775.7,15910.046
1956,2025-04-11 04:00:00,80776.3,82550.1,80579.1,80851.7,10161.417
1957,2025-04-11 05:00:00,80851.8,80925.1,80492.1,80776.2,2553.636
1958,2025-04-11 06:00:00,80776.2,82299.4,80776.0,81057.9,3860.308
1959,2025-04-11 07:00:00,81057.9,81482.2,80825.9,81225.3,6066.86
1960,2025-04-11 08:00:00,81225.2,82998.3,80698.0,81560.2,8986.873
1961,2025-04-11 09:00:00,81560.2,82394.6,81416.1,82347.5,4413.564
1962,2025-04-11 10:00:00,82347.5,82998.3,82266.9,82646.3,5794.823
1963,2025-04-11 11:00:00,82646.4,82847.0,81874.8,82110.2,6268.913
1964,2025-04-11 12:00:00,82110.7,82407.6,81678.3,82042.6,17920.731
1965,2025-04-11 13:00:00,82041.9,83226.0,81612.4,82879.3,20524.095
1966,2025-04-11 14:00:00,82878.5,82885.9,81385.5,81878.2,16884.607
1967,2025-04-11 15:00:00,81877.4,82633.1,81705.6,82482.1,10894.15
1968,2025-04-11 16:00:00,82481.0,83015.5,82011.4,82753.6,5647.964
1969,2025-04-11 17:00:00,82753.6,84000.0,82682.1,83876.1,12113.85
1970,2025-04-11 18:00:00,83876.4,84500.0,83501.5,83562.0,14837.601
1971,2025-04-11 19:00:00,83562.1,84025.9,83558.5,83812.0,5139.34
1972,2025-04-11 20:00:00,83811.1,84012.1,83677.0,83822.2,2265.049
1973,2025-04-11 21:00:00,83822.2,84330.1,83700.0,83700.0,5698.434
1974,2025-04-11 22:00:00,83700.0,83700.1,83293.9,83391.2,2946.411
1975,2025-04-11 23:00:00,83391.2,83391.2,83144.8,83255.5,906.129
1976,2025-04-12 00:00:00,83255.5,83255.5,83255.5,83255.5,0.0
1977,2025-04-12 01:00:00,83255.5,83255.5,83255.5,83255.5,0.0
1978,2025-04-12 02:00:00,83255.5,83255.5,83255.5,83255.5,0.0
1979,2025-04-12 03:00:00,83256.3,83700.1,82457.0,82937.7,1892.764
1980,2025-04-12 04:00:00,82937.7,83457.1,82800.8,83164.9,3233.539
1981,2025-04-12 05:00:00,83164.9,83556.5,83164.6,83299.2,1823.712
1982,2025-04-12 06:00:00,83299.2,83725.6,83299.2,83553.0,3598.449
1983,2025-04-12 07:00:00,83553.0,83725.6,83353.0,83680.1,2424.122
1984,2025-04-12 08:00:00,83680.1,84300.0,83435.3,83568.7,18305.022
1985,2025-04-12 09:00:00,83568.7,83709.8,83411.9,83507.0,2632.945
1986,2025-04-12 10:00:00,83509.0,83531.2,83279.9,83390.7,2139.539
1987,2025-04-12 11:00:00,83390.7,83712.3,83350.3,83484.0,4339.281
1988,2025-04-12 12:00:00,83484.0,83909.9,83443.1,83820.1,3169.924
1989,2025-04-12 13:00:00,83820.1,84763.8,83557.2,84461.1,11681.789
1990,2025-04-12 14:00:00,84461.1,85125.5,84310.3,84848.1,7855.883
1991,2025-04-12 15:00:00,84848.1,85363.8,84400.0,84948.1,26057.705
1992,2025-04-12 16:00:00,84942.9,85150.5,84600.1,84700.0,3248.333
1993,2025-04-12 17:00:00,84700.0,84777.6,84400.1,84673.5,5019.186
1994,2025-04-12 18:00:00,84673.5,84673.5,84673.5,84673.5,0.0
1995,2025-04-12 19:00:00,84673.5,84673.5,84673.5,84673.5,0.0
1996,2025-04-12 20:00:00,84673.5,84673.5,84673.5,84673.5,0.0
1997,2025-04-12 21:00:00,84673.5,84673.5,84673.5,84673.5,0.0
1998,2025-04-12 22:00:00,84673.5,84673.5,84673.5,84673.5,0.0
1999,2025-04-12 23:00:00,84675.0,85488.0,84500.1,85255.1,2497.731
2000,2025-04-13 00:00:00,85255.3,85525.3,84909.2,85469.1,1773.104
2001,2025-04-13 01:00:00,85470.0,85898.7,85153.0,85228.1,3622.549
2002,2025-04-13 02:00:00,85227.8,85457.5,84637.0,85281.3,10060.997
2003,2025-04-13 03:00:00,85281.2,85746.8,85216.3,85389.7,3247.054
2004,2025-04-13 04:00:00,85389.7,85898.7,84397.5,84560.0,25147.759
2005,2025-04-13 05:00:00,84560.0,84962.0,84189.9,84395.8,21576.383
2006,2025-04-13 06:00:00,84395.8,85898.7,84395.3,84682.9,7087.807
2007,2025-04-13 07:00:00,84677.0,84927.1,84368.9,84391.3,7877.196
2008,2025-04-13 08:00:00,84391.4,84828.7,84250.0,84647.5,1412.516
2009,2025-04-13 09:00:00,84645.6,85058.6,84491.8,84855.5,1792.758
2010,2025-04-13 10:00:00,84850.6,84869.7,84550.0,84651.6,493.627
2011,2025-04-13 11:00:00,84651.5,84857.1,84245.9,84481.0,1158.958
2012,2025-04-13 12:00:00,84485.1,84773.1,84234.9,84405.0,3829.742
2013,2025-04-13 13:00:00,84405.0,84685.7,83256.9,83576.1,9343.353
2014,2025-04-13 14:00:00,83574.5,84179.1,83288.7,84034.0,6189.396
2015,2025-04-13 15:00:00,84034.0,84034.0,83735.1,83815.0,783.716
2016,2025-04-13 16:00:00,83815.0,84365.5,83811.6,84194.0,2204.488
2017,2025-04-13 17:00:00,84193.8,84920.1,84180.5,84730.0,1954.301
2018,2025-04-13 18:00:00,84730.0,84900.0,84477.3,84691.5,1888.002
2019,2025-04-13 19:00:00,84689.0,84693.1,83083.6,83932.7,5337.789
2020,2025-04-13 20:00:00,83932.5,84299.9,83258.9,83470.7,1900.604
2021,2025-04-13 21:00:00,83470.7,83749.9,83050.0,83580.8,2493.572
2022,2025-04-13 22:00:00,83573.9,83745.9,83239.2,83300.4,1443.586
2023,2025-04-13 23:00:00,83299.6,83749.9,83201.3,83696.4,1352.785
2024,2025-04-14 00:00:00,83693.5,84965.3,83680.3,84352.3,8471.252
2025,2025-04-14 01:00:00,84352.8,84626.5,83804.1,84193.0,7645.158
2026,2025-04-14 02:00:00,84193.0,85447.0,83946.2,85076.8,2370.323
2027,2025-04-14 03:00:00,85076.8,85084.4,84356.8,84508.3,758.025
2028,2025-04-14 04:00:00,84508.3,85050.0,84272.0,84867.5,654.882
2029,2025-04-14 05:00:00,84846.5,84951.4,84267.9,84527.8,620.098
2030,2025-04-14 06:00:00,84527.8,84685.4,84235.0,84576.0,688.47
2031,2025-04-14 07:00:00,84575.4,84730.9,84221.9,84532.3,902.971
2032,2025-04-14 08:00:00,84534.2,84849.7,84432.4,84713.1,861.844
2033,2025-04-14 09:00:00,84716.2,84927.2,84202.3,84420.3,849.463
2034,2025-04-14 10:00:00,84420.3,84827.6,84191.1,84649.0,803.206
2035,2025-04-14 11:00:00,84649.0,84942.2,84490.4,84896.6,1125.661
2036,2025-04-14 12:00:00,84891.6,85176.5,84738.5,85087.7,2131.523
2037,2025-04-14 13:00:00,85086.0,85299.9,84142.9,84386.1,6409.126
2038,2025-04-14 14:00:00,84370.5,85921.4,84351.0,85423.2,5553.721
2039,2025-04-14 15:00:00,85420.9,85426.3,83754.5,84080.0,7187.481
2040,2025-04-14 16:00:00,84080.0,84699.9,83847.5,84325.5,6271.832
2041,2025-04-14 17:00:00,84327.4,84839.2,84250.0,84834.3,2023.068
2042,2025-04-14 18:00:00,84832.3,84999.9,84658.2,84941.7,1384.84
2043,2025-04-14 19:00:00,84941.6,85199.9,84762.5,84900.2,2625.755
2044,2025-04-14 20:00:00,84900.2,84900.2,84518.5,84832.6,2531.784
2045,2025-04-14 21:00:00,84832.6,84900.2,84550.0,84689.1,1398.949
2046,2025-04-14 22:00:00,84689.7,84883.0,84478.5,84483.6,1297.105
2047,2025-04-14 23:00:00,84478.5,84836.2,84430.2,84544.6,363.163
2048,2025-04-15 00:00:00,84544.5,84858.4,84350.1,84843.5,337.742
2049,2025-04-15 01:00:00,84843.5,85050.0,84535.0,84950.1,1136.248
2050,2025-04-15 02:00:00,84950.4,85153.5,84753.5,85153.5,466.752
2051,2025-04-15 03:00:00,85153.5,85153.5,85039.7,85153.5,557.762
2052,2025-04-15 04:00:00,85153.5,85499.0,84879.6,85480.0,1565.419
2053,2025-04-15 05:00:00,85480.0,85820.1,85329.8,85518.0,2537.174
2054,2025-04-15 06:00:00,85518.0,85868.7,85350.1,85358.4,6861.36
2055,2025-04-15 07:00:00,85356.9,85725.4,85356.9,85658.0,446.926
2056,2025-04-15 08:00:00,85658.0,85868.7,85572.1,85782.0,1100.6
2057,2025-04-15 09:00:00,85782.0,85956.2,85515.3,85954.3,1027.676
2058,2025-04-15 10:00:00,85954.9,86480.0,85508.5,85609.6,11237.689
2059,2025-04-15 11:00:00,85609.6,85639.0,85325.0,85500.0,498.313
2060,2025-04-15 12:00:00,85500.0,85778.2,85436.6,85778.2,3253.374
2061,2025-04-15 13:00:00,85778.2,86566.9,85540.0,85574.4,10062.112
2062,2025-04-15 14:00:00,85574.4,85999.9,84767.2,85121.5,11543.206
2063,2025-04-15 15:00:00,85121.9,85318.1,84537.8,84868.4,12553.043
2064,2025-04-15 16:00:00,84868.4,85189.0,84793.7,84814.1,1182.505
2065,2025-04-15 17:00:00,84814.1,84973.6,84442.0,84444.1,1556.437
2066,2025-04-15 18:00:00,84444.4,84692.7,84150.1,84150.3,3078.259
2067,2025-04-15 19:00:00,84150.9,84352.2,83898.0,83967.5,2039.826
2068,2025-04-15 20:00:00,83968.3,84100.0,83781.7,83958.1,781.749
2069,2025-04-15 21:00:00,83958.1,84217.0,83700.0,84147.0,2834.456
2070,2025-04-15 22:00:00,84145.8,84145.8,83700.0,83799.8,2347.458
2071,2025-04-15 23:00:00,83828.1,85120.0,80970.2,83617.4,150257.652
2072,2025-04-16 00:00:00,83617.7,83723.4,82598.5,83120.0,26155.967
2073,2025-04-16 01:00:00,83120.1,83724.6,83100.0,83579.0,1093.316
2074,2025-04-16 02:00:00,83579.0,84083.9,83576.2,83858.3,1203.918
2075,2025-04-16 03:00:00,83852.3,87190.1,78369.3,83225.7,63380.773
2076,2025-04-16 04:00:00,83225.7,95940.4,74747.9,83464.9,265889.652
2077,2025-04-16 05:00:00,83464.9,83464.9,83464.9,83464.9,0.0
2078,2025-04-16 06:00:00,83404.8,87100.0,83235.1,83446.4,38326.607
2079,2025-04-16 07:00:00,83446.4,83446.4,83446.4,83446.4,0.0
2080,2025-04-16 08:00:00,83140.8,93220.0,83125.9,83686.7,1975.185
2081,2025-04-16 09:00:00,83686.7,83882.8,83574.9,83589.0,531.918
2082,2025-04-16 10:00:00,83589.0,83979.0,83550.8,83895.0,526.849
2083,2025-04-16 11:00:00,83895.1,84355.2,74747.9,83984.7,19713.027
2084,2025-04-16 12:00:00,83984.7,84872.4,68000.0,83730.1,44388.737
2085,2025-04-16 13:00:00,83729.5,84222.0,83548.2,83770.0,5707.226
2086,2025-04-16 14:00:00,83770.0,84774.9,83726.8,84559.0,1813.012
2087,2025-04-16 15:00:00,84560.7,85192.5,84491.2,84780.7,1287.561
2088,2025-04-16 16:00:00,84780.7,85143.9,84657.8,85003.5,792.64
2089,2025-04-16 17:00:00,85003.5,85406.2,83286.3,83286.3,2852.725
2090,2025-04-16 18:00:00,83286.3,84392.8,83285.9,83975.0,3907.378
2091,2025-04-16 19:00:00,83975.3,84847.0,83774.9,84282.7,11183.603
2092,2025-04-16 20:00:00,84281.0,84689.2,84218.0,84308.7,842.504
2093,2025-04-16 21:00:00,84317.4,84621.6,84222.2,84499.3,933.512
2094,2025-04-16 22:00:00,84499.3,84544.8,84284.5,84422.5,564.788
2095,2025-04-16 23:00:00,84422.5,84426.2,83988.2,83988.2,388.612
2096,2025-04-17 00:00:00,83990.0,84380.1,83908.3,84176.7,824.091
2097,2025-04-17 01:00:00,84176.6,84586.6,84041.8,84294.1,876.587
2098,2025-04-17 02:00:00,84294.1,84304.5,83991.1,84247.4,587.571
2099,2025-04-17 03:00:00,84236.5,84258.8,83783.8,83953.3,1104.158
2100,2025-04-17 04:00:00,83953.3,84174.3,83845.1,84112.0,311.6
2101,2025-04-17 05:00:00,84111.5,84559.1,84058.8,84360.0,869.386
2102,2025-04-17 06:00:00,84352.2,84800.0,84289.4,84793.5,512.582
2103,2025-04-17 07:00:00,84793.5,84986.6,84627.1,84651.0,905.203
2104,2025-04-17 08:00:00,84651.5,84731.9,84361.2,84361.2,808.549
2105,2025-04-17 09:00:00,84407.7,84567.4,84155.4,84465.3,1827.231
2106,2025-04-17 10:00:00,84466.5,84507.8,84144.6,84327.5,646.807
2107,2025-04-17 11:00:00,84331.6,84870.3,84242.8,84549.8,3486.273
2108,2025-04-17 12:00:00,84552.5,85049.9,84549.8,84719.4,4684.569
2109,2025-04-17 13:00:00,84719.4,84775.0,84275.4,84438.3,3488.045
2110,2025-04-17 14:00:00,84438.3,84465.5,83726.6,84000.0,2880.55
2111,2025-04-17 15:00:00,83999.9,84601.6,83973.0,84462.3,4259.046
2112,2025-04-17 16:00:00,84462.4,85250.0,84374.6,84999.9,6608.886
2113,2025-04-17 17:00:00,84999.8,85308.5,84797.8,85087.9,5684.29
2114,2025-04-17 18:00:00,85089.8,85399.9,85000.0,85000.0,5636.321
2115,2025-04-17 19:00:00,85000.1,85081.4,84542.8,84846.9,6025.315
2116,2025-04-17 20:00:00,84846.5,85099.9,84838.4,85080.3,4635.944
2117,2025-04-17 21:00:00,85080.3,85080.3,84840.9,85028.9,1289.72
2118,2025-04-17 22:00:00,85021.8,85045.3,84772.8,84772.8,2371.914
2119,2025-04-17 23:00:00,84773.1,85036.8,84772.8,84905.7,1351.561
2120,2025-04-18 00:00:00,84905.7,84981.1,84751.4,84763.1,704.889
2121,2025-04-18 01:00:00,84763.1,85036.8,84751.4,84890.4,546.481
2122,2025-04-18 02:00:00,84890.3,84931.3,84740.1,84854.2,333.006
2123,2025-04-18 03:00:00,84854.2,85023.8,84493.0,84790.4,14015.476
2124,2025-04-18 04:00:00,84790.3,84801.3,84600.0,84643.2,1063.182
2125,2025-04-18 05:00:00,84643.2,84914.7,84550.0,84707.5,13235.142
2126,2025-04-18 06:00:00,84707.1,84910.9,84560.0,84702.8,256.756
2127,2025-04-18 07:00:00,84690.0,84709.1,84400.0,84613.8,1602.205
2128,2025-04-18 08:00:00,84609.8,84753.2,84568.9,84576.5,261.566
2129,2025-04-18 09:00:00,84576.5,84707.5,84400.0,84522.7,299.149
2130,2025-04-18 10:00:00,84522.7,84709.9,84400.0,84462.3,399.116
2131,2025-04-18 11:00:00,84471.5,84860.2,84415.6,84630.7,649.082
2132,2025-04-18 12:00:00,84630.3,84846.6,84548.3,84629.3,543.001
2133,2025-04-18 13:00:00,84629.3,84718.3,84400.0,84526.2,1160.797
2134,2025-04-18 14:00:00,84526.1,84626.2,84000.0,84539.9,7579.758
2135,2025-04-18 15:00:00,84541.4,84670.8,84142.6,84338.0,1260.845
2136,2025-04-18 16:00:00,84338.0,84548.1,84338.0,84450.0,272.397
2137,2025-04-18 17:00:00,84453.1,84745.9,84400.0,84532.0,1357.306
2138,2025-04-18 18:00:00,84531.0,84701.5,84471.1,84600.0,238.166
2139,2025-04-18 19:00:00,84605.5,84726.6,84500.0,84513.5,589.297
2140,2025-04-18 20:00:00,84516.9,84555.5,84500.0,84500.0,278.079
2141,2025-04-18 21:00:00,84500.0,84652.2,84500.0,84517.8,2930.383
2142,2025-04-18 22:00:00,84517.8,84587.9,84464.3,84489.3,869.048
2143,2025-04-18 23:00:00,84489.3,84500.0,84327.0,84427.5,2410.516
2144,2025-04-19 00:00:00,84442.6,84500.0,84327.1,84370.0,543.801
2145,2025-04-19 01:00:00,84370.0,84500.0,84369.6,84500.0,452.44
2146,2025-04-19 02:00:00,84500.0,84750.0,84361.4,84749.6,3280.945
2147,2025-04-19 03:00:00,84749.6,84949.9,84634.7,84845.4,2850.567
2148,2025-04-19 04:00:00,84845.0,85177.8,84680.4,85000.0,10275.694
2149,2025-04-19 05:00:00,85002.8,85358.4,84590.0,85050.0,16915.319
2150,2025-04-19 06:00:00,85046.6,85072.5,84756.2,84882.2,2023.04
2151,2025-04-19 07:00:00,84880.6,85500.1,84749.4,85179.0,13493.596
2152,2025-04-19 08:00:00,85174.6,85338.7,84974.9,85273.3,734.16
2153,2025-04-19 09:00:00,85273.8,85619.9,85126.1,85286.8,6842.171
2154,2025-04-19 10:00:00,85285.4,85306.8,85035.4,85200.0,878.142
2155,2025-04-19 11:00:00,85200.0,85200.0,84920.6,85163.8,1019.91
2156,2025-04-19 12:00:00,85162.5,85399.1,84937.3,85250.4,7553.595
2157,2025-04-19 13:00:00,85250.4,85442.3,85086.5,85434.8,1823.097
2158,2025-04-19 14:00:00,85434.8,85472.2,85224.3,85360.1,12635.78
2159,2025-04-19 15:00:00,85360.1,85619.9,85200.0,85209.0,868.461
2160,2025-04-19 16:00:00,85200.0,85327.6,84772.2,84793.3,1914.847
2161,2025-04-19 17:00:00,84793.3,85265.6,84787.2,85174.6,1744.38
2162,2025-04-19 18:00:00,85174.6,87828.0,85082.7,85096.7,11946.407
2163,2025-04-19 19:00:00,85096.8,85348.9,85033.7,85054.3,1022.59
2164,2025-04-19 20:00:00,85054.3,85448.8,84982.2,85187.9,927.935
2165,2025-04-19 21:00:00,85187.2,85434.6,85145.6,85300.0,231.066
2166,2025-04-19 22:00:00,85300.6,85325.0,85171.1,85217.1,261.464
2167,2025-04-19 23:00:00,85217.0,85262.8,85021.5,85031.7,349.03
2168,2025-04-20 00:00:00,85031.7,85324.7,85009.6,85116.3,290.327
2169,2025-04-20 01:00:00,85116.3,85358.7,85091.7,85250.2,146.515
2170,2025-04-20 02:00:00,85267.7,85280.1,85148.0,85189.9,174.829
2171,2025-04-20 03:00:00,85190.0,85204.8,85026.2,85125.0,196.893
2172,2025-04-20 04:00:00,85124.0,85252.7,85051.0,85143.7,147.341
2173,2025-04-20 05:00:00,85143.7,85252.7,85059.8,85139.4,344.376
2174,2025-04-20 06:00:00,85139.4,85313.2,84950.0,84950.0,1725.275
2175,2025-04-20 07:00:00,84950.0,85002.7,84644.5,84736.7,1984.473
2176,2025-04-20 08:00:00,84736.6,84922.8,84500.0,84604.8,1784.91
2177,2025-04-20 09:00:00,84604.8,84732.6,84500.0,84508.4,933.987
2178,2025-04-20 10:00:00,84507.6,84710.1,83999.9,84125.6,3371.72
2179,2025-04-20 11:00:00,84125.5,84217.6,83333.3,84089.8,13269.228
2180,2025-04-20 12:00:00,84089.8,84575.2,84085.4,84326.7,459.655
2181,2025-04-20 13:00:00,84326.7,84500.0,84128.4,84269.1,705.505
2182,2025-04-20 14:00:00,84269.1,84856.4,84225.2,84609.0,1954.751
2183,2025-04-20 15:00:00,84598.5,84663.9,84213.6,84313.6,1163.393
2184,2025-04-20 16:00:00,84304.5,84304.5,84294.6,84300.8,4.731
2185,2025-04-20 17:00:00,84300.9,85022.0,84300.9,84539.8,955.126
2186,2025-04-20 18:00:00,84540.0,84792.4,84427.8,84536.2,474.511
2187,2025-04-20 19:00:00,84536.3,84641.9,84480.0,84606.7,186.557
2188,2025-04-20 20:00:00,84609.8,85229.0,84554.6,85094.5,1623.625
2189,2025-04-20 21:00:00,85094.5,85125.9,84859.1,84972.4,232.033
2190,2025-04-20 22:00:00,84968.0,84973.9,84626.6,84774.1,1131.432
2191,2025-04-20 23:00:00,84774.1,85289.5,84770.5,85141.3,1210.53
2192,2025-04-21 00:00:00,85141.3,86958.5,84931.5,86556.7,5790.211
2193,2025-04-21 01:00:00,86556.7,87429.0,86555.5,87239.1,2477.059
2194,2025-04-21 02:00:00,87239.1,87645.5,87048.8,87318.8,7704.546
2195,2025-04-21 03:00:00,87320.0,87635.8,87079.4,87140.0,853.012
2196,2025-04-21 04:00:00,87140.0,87385.3,87039.3,87327.5,436.401
2197,2025-04-21 05:00:00,87326.5,87727.5,87271.4,87471.9,832.064
2198,2025-04-21 06:00:00,87483.0,87615.7,87335.1,87490.0,455.308
2199,2025-04-21 07:00:00,87490.0,87777.0,87306.2,87500.0,6759.871
2200,2025-04-21 08:00:00,87500.0,87688.2,87500.0,87561.7,352.993
2201,2025-04-21 09:00:00,87572.2,87777.0,86932.5,87455.1,8607.531
2202,2025-04-21 10:00:00,87455.1,87700.1,86888.0,87318.7,16671.349
2203,2025-04-21 11:00:00,87318.7,87324.1,86631.2,86962.9,1415.066
2204,2025-04-21 12:00:00,86953.6,87400.0,77705.3,87010.0,11865.899
2205,2025-04-21 13:00:00,87009.1,87777.0,86710.9,87015.9,6055.414
2206,2025-04-21 14:00:00,87015.9,89999.0,86943.9,88176.0,3429.766
2207,2025-04-21 15:00:00,88175.6,88444.1,87813.5,87982.6,9917.742
2208,2025-04-21 16:00:00,87982.6,88340.0,87020.0,87055.8,7849.298
2209,2025-04-21 17:00:00,87066.4,87727.0,86372.3,86828.4,4309.967
2210,2025-04-21 18:00:00,86819.6,87005.9,86695.7,86830.4,1391.722
2211,2025-04-21 19:00:00,86830.4,87426.5,86648.9,87386.4,1825.163
2212,2025-04-21 20:00:00,87386.8,87414.2,87118.1,87339.0,1450.276
2213,2025-04-21 21:00:00,87338.0,87468.2,86931.5,87246.7,1744.71
2214,2025-04-21 22:00:00,87246.5,87246.5,87000.0,87100.0,1187.223
2215,2025-04-21 23:00:00,87100.0,87580.8,86996.6,87472.9,1620.476
2216,2025-04-22 00:00:00,87472.9,87658.8,87059.0,87586.2,2771.4
2217,2025-04-22 01:00:00,87586.2,88795.7,87411.2,88409.5,4996.545
2218,2025-04-22 02:00:00,88410.2,88627.8,87900.0,88132.2,2375.054
2219,2025-04-22 03:00:00,88132.0,88300.0,87900.0,88109.8,735.737
2220,2025-04-22 04:00:00,88106.4,88300.0,88003.8,88009.9,612.289
2221,2025-04-22 05:00:00,88010.0,88300.0,87900.0,88296.3,437.593
2222,2025-04-22 06:00:00,88300.0,88566.0,87900.0,88195.9,2013.804
2223,2025-04-22 07:00:00,88196.0,88443.7,88123.6,88437.7,565.473
2224,2025-04-22 08:00:00,88437.1,88842.7,88313.7,88357.7,1156.149
2225,2025-04-22 09:00:00,88357.7,88557.9,88276.4,88487.7,430.646
2226,2025-04-22 10:00:00,88487.7,88554.4,88301.1,88471.6,391.053
2227,2025-04-22 11:00:00,88471.7,88653.2,88319.5,88572.8,1000.665
2228,2025-04-22 12:00:00,88572.8,89139.5,88450.9,88937.4,2242.779
2229,2025-04-22 13:00:00,88937.6,90449.9,88936.3,90128.9,6911.159
2230,2025-04-22 14:00:00,90128.9,91150.1,89961.1,90754.8,40797.315
2231,2025-04-22 15:00:00,90754.8,91498.1,90379.1,90821.0,6324.994
2232,2025-04-22 16:00:00,90821.0,91140.4,90580.2,90630.1,1577.935
2233,2025-04-22 17:00:00,90630.0,91478.6,90539.8,91350.0,4218.638
2234,2025-04-22 18:00:00,91347.5,91478.6,91101.4,91446.0,2361.176
2235,2025-04-22 19:00:00,91446.0,91795.6,90972.8,91399.7,7578.189
2236,2025-04-22 20:00:00,91400.8,91420.5,91000.1,91100.0,846.287
2237,2025-04-22 21:00:00,91100.1,94092.2,91092.3,92938.3,13431.166
2238,2025-04-22 22:00:00,92938.3,93221.1,92557.2,92728.7,4217.703
2239,2025-04-22 23:00:00,92728.7,93762.3,92728.7,93382.5,2388.542
2240,2025-04-23 00:00:00,93382.5,93764.7,92766.3,92809.7,2386.288
2241,2025-04-23 01:00:00,92809.7,93448.9,92605.8,92613.5,2859.632
2242,2025-04-23 02:00:00,92613.6,93229.5,92200.0,92829.7,13614.519
2243,2025-04-23 03:00:00,92829.9,93142.1,92471.1,93131.2,1481.606
2244,2025-04-23 04:00:00,93126.0,93566.8,92957.7,93566.8,1154.436
2245,2025-04-23 05:00:00,93566.8,93580.4,93245.8,93441.6,605.959
2246,2025-04-23 06:00:00,93441.6,93802.6,93390.0,93602.7,11582.959
2247,2025-04-23 07:00:00,93600.5,94097.1,93447.0,94089.4,2725.055
2248,2025-04-23 08:00:00,94091.9,94401.4,93850.0,94243.2,912.877
2249,2025-04-23 09:00:00,94241.4,94329.8,93758.6,93862.3,6444.907
2250,2025-04-23 10:00:00,93862.2,93862.2,93226.6,93656.4,3039.359
2251,2025-04-23 11:00:00,93656.4,93734.7,93090.6,93421.9,946.394
2252,2025-04-23 12:00:00,93425.2,93884.1,93425.2,93695.8,1492.606
2253,2025-04-23 13:00:00,93695.7,96000.0,92880.2,92908.1,4854.243
2254,2025-04-23 14:00:00,92908.1,93587.0,92696.2,92909.2,5484.864
2255,2025-04-23 15:00:00,92909.2,93173.0,91944.1,93173.0,7636.682
2256,2025-04-23 16:00:00,93170.0,93851.3,92879.6,93603.2,4864.452
2257,2025-04-23 17:00:00,93603.0,94069.5,93540.7,93859.1,1705.136
2258,2025-04-23 18:00:00,93854.5,94211.1,93500.0,93573.1,2690.401
2259,2025-04-23 19:00:00,93574.7,93574.7,93000.0,93473.1,4809.612
2260,2025-04-23 20:00:00,93473.1,93995.5,93434.6,93619.8,857.071
2261,2025-04-23 21:00:00,93619.8,93846.0,93288.3,93421.5,1610.215
2262,2025-04-23 22:00:00,93421.5,93699.9,93209.4,93699.9,2526.839
2263,2025-04-23 23:00:00,93699.5,93800.0,93344.1,93644.9,1722.6
2264,2025-04-24 00:00:00,93643.9,93726.7,93156.2,93326.2,406.505
2265,2025-04-24 01:00:00,93325.3,93562.5,93100.1,93483.4,895.648
2266,2025-04-24 02:00:00,93483.4,93582.5,93100.1,93116.4,1059.645
2267,2025-04-24 03:00:00,93100.1,93307.8,92626.6,92642.0,2090.791
2268,2025-04-24 04:00:00,92632.8,92893.7,92344.0,92706.2,867.623
2269,2025-04-24 05:00:00,92706.1,93000.0,92496.7,92537.0,735.657
2270,2025-04-24 06:00:00,92537.0,92618.3,92350.1,92369.6,882.378
2271,2025-04-24 07:00:00,92368.0,92724.2,92021.1,92167.6,1489.024
2272,2025-04-24 08:00:00,92166.7,92487.9,91623.7,91998.4,3065.096
2273,2025-04-24 09:00:00,91998.7,92616.5,91953.0,92438.5,4471.035
2274,2025-04-24 10:00:00,92438.5,92750.1,92314.9,92525.9,3772.822
2275,2025-04-24 11:00:00,92515.6,138000.0,47000.0,47000.0,139011.425
2276,2025-04-24 12:00:00,47000.0,138189.8,46499.4,92718.2,117089.205
2277,2025-04-24 13:00:00,92718.2,93006.3,92519.1,92769.2,2540.374
2278,2025-04-24 14:00:00,92768.2,93468.5,92615.6,93034.2,2490.179
2279,2025-04-24 15:00:00,93034.2,93519.8,92984.7,93152.4,1364.058
2280,2025-04-24 16:00:00,93152.4,93594.8,93152.3,93456.3,2518.839
2281,2025-04-24 17:00:00,93456.4,93512.4,92646.0,92957.8,3446.455
2282,2025-04-24 18:00:00,92957.8,94000.0,92954.6,93330.0,7045.974
2283,2025-04-24 19:00:00,93330.0,95000.0,93146.9,93504.6,4749.248
2284,2025-04-24 20:00:00,93504.6,93538.4,93271.2,93383.8,687.36
2285,2025-04-24 21:00:00,93383.8,93521.0,93006.1,93304.2,1114.714
2286,2025-04-24 22:00:00,93305.1,93548.9,93247.1,93381.4,748.231
2287,2025-04-24 23:00:00,93381.4,93951.9,93315.9,93930.0,1303.161
2288,2025-04-25 00:00:00,93930.0,93945.9,93462.8,93816.5,1027.384
2289,2025-04-25 01:00:00,93791.5,94366.2,93579.9,93623.8,1958.564
2290,2025-04-25 02:00:00,93620.0,93830.4,92957.6,93053.5,5114.912
2291,2025-04-25 03:00:00,93019.4,93493.8,92926.0,93256.5,11303.622
2292,2025-04-25 04:00:00,93256.5,93449.3,93050.0,93051.0,295.222
2293,2025-04-25 05:00:00,93051.0,93435.4,93050.0,93170.6,760.351
2294,2025-04-25 06:00:00,93171.1,93550.0,93169.6,93548.1,850.149
2295,2025-04-25 07:00:00,93550.0,93888.6,93427.8,93725.9,2170.905
2296,2025-04-25 08:00:00,93725.9,93921.0,93423.9,93637.9,798.322
2297,2025-04-25 09:00:00,93637.9,93842.2,93384.9,93780.0,3912.262
2298,2025-04-25 10:00:00,93779.9,93879.3,93400.0,93595.9,1482.321
2299,2025-04-25 11:00:00,93595.9,95220.0,93595.9,94549.7,3527.183
2300,2025-04-25 12:00:00,94549.7,94956.1,94276.5,94379.0,6723.932
2301,2025-04-25 13:00:00,94373.0,94663.8,93965.3,94380.0,2710.348
2302,2025-04-25 14:00:00,94385.4,95646.1,94380.0,95324.8,4920.517
2303,2025-04-25 15:00:00,95324.8,95599.5,94794.0,95011.6,3658.03
2304,2025-04-25 16:00:00,95010.4,95324.1,94686.8,95156.2,2189.201
2305,2025-04-25 17:00:00,95155.2,95600.0,94335.5,94482.0,2824.825
2306,2025-04-25 18:00:00,94484.5,95160.7,94484.2,94915.0,1274.262
2307,2025-04-25 19:00:00,94915.0,95327.5,94819.3,95255.4,1727.81
2308,2025-04-25 20:00:00,95255.4,95324.8,94800.1,94864.6,721.031
2309,2025-04-25 21:00:00,94859.9,95012.0,94428.4,94536.7,760.909
2310,2025-04-25 22:00:00,94550.1,95017.6,94538.7,94880.4,591.295
2311,2025-04-25 23:00:00,94882.3,94980.7,94374.8,94724.3,2746.402
2312,2025-04-26 00:00:00,94733.0,95042.9,94600.0,94837.9,4186.601
2313,2025-04-26 01:00:00,94837.9,95318.8,94712.4,94963.0,699.199
2314,2025-04-26 02:00:00,94962.4,95226.8,94651.6,95020.9,3032.741
2315,2025-04-26 03:00:00,95020.9,95095.9,94700.0,94703.6,263.102
2316,2025-04-26 04:00:00,94700.0,94805.4,94600.0,94600.6,254.362
2317,2025-04-26 05:00:00,94600.1,94674.1,94402.7,94600.0,1516.575
2318,2025-04-26 06:00:00,94600.0,94703.9,94588.7,94663.2,902.281
2319,2025-04-26 07:00:00,94666.5,94913.2,94560.6,94588.7,2810.585
2320,2025-04-26 08:00:00,94592.6,94711.6,94270.0,94296.9,1294.79
2321,2025-04-26 09:00:00,94292.3,94480.1,94001.5,94212.3,2839.565
2322,2025-04-26 10:00:00,94212.3,94448.8,94110.6,94257.8,683.088
2323,2025-04-26 11:00:00,94254.8,94345.6,93887.0,94111.1,2950.07
2324,2025-04-26 12:00:00,94111.6,94423.8,94016.5,94207.3,1038.174
2325,2025-04-26 13:00:00,94206.0,94267.2,93840.0,94091.8,2055.061
2326,2025-04-26 14:00:00,94086.1,94358.1,93895.5,94200.1,1417.219
2327,2025-04-26 15:00:00,94200.1,94462.3,94058.5,94338.0,1217.134
2328,2025-04-26 16:00:00,94339.6,94339.6,94040.5,94248.7,1448.56
2329,2025-04-26 17:00:00,94248.4,94461.6,94088.0,94307.4,473.8
2330,2025-04-26 18:00:00,94300.0,94410.1,94064.2,94107.5,772.977
2331,2025-04-26 19:00:00,94107.4,94493.5,94040.5,94255.3,8073.136
2332,2025-04-26 20:00:00,94255.3,94408.7,94083.6,94083.6,1937.269
2333,2025-04-26 21:00:00,94083.6,94450.0,94070.6,94310.9,519.287
2334,2025-04-26 22:00:00,94311.2,95600.0,94301.5,94726.4,1356.168
2335,2025-04-26 23:00:00,94726.4,94875.5,94598.0,94622.6,313.218
2336,2025-04-27 00:00:00,94622.6,95096.6,94619.0,94863.4,1470.26
2337,2025-04-27 01:00:00,94858.7,95283.1,94100.0,94100.0,2487.534
2338,2025-04-27 02:00:00,94100.0,94500.2,94100.0,94282.2,462.989
2339,2025-04-27 03:00:00,94282.2,94399.3,94100.0,94104.5,273.997
2340,2025-04-27 04:00:00,94107.4,94395.0,94001.5,94001.5,486.708
2341,2025-04-27 05:00:00,94001.5,94136.2,93637.8,93875.4,1193.619
2342,2025-04-27 06:00:00,93875.4,94249.1,93829.8,93979.9,582.941
2343,2025-04-27 07:00:00,93980.0,94300.0,93886.1,94027.7,498.02
2344,2025-04-27 08:00:00,94027.6,94358.6,93867.4,94165.2,977.914
2345,2025-04-27 09:00:00,94172.0,94232.1,94044.8,94113.4,319.721
2346,2025-04-27 10:00:00,94113.3,94200.0,93915.8,94009.5,372.137
2347,2025-04-27 11:00:00,94009.5,94155.3,93678.6,93941.3,595.786
2348,2025-04-27 12:00:00,93941.3,93987.1,93600.6,93700.2,613.543
2349,2025-04-27 13:00:00,93700.2,94117.6,93700.0,94020.2,653.013
2350,2025-04-27 14:00:00,94020.2,94216.6,93903.9,94000.7,1092.139
2351,2025-04-27 15:00:00,94019.8,94095.0,93800.0,93863.5,488.508
2352,2025-04-27 16:00:00,93863.5,93940.2,93800.1,93823.3,384.902
2353,2025-04-27 17:00:00,93823.3,94117.3,93800.2,94008.4,358.272
2354,2025-04-27 18:00:00,94000.0,94567.8,93941.5,94243.9,11154.434
2355,2025-04-27 19:00:00,94243.9,94630.1,93962.6,94388.9,4346.103
2356,2025-04-27 20:00:00,94388.8,94392.2,94076.1,94221.8,746.773
2357,2025-04-27 21:00:00,94221.8,94449.9,94048.8,94289.4,337.648
2358,2025-04-27 22:00:00,94289.7,94292.9,93625.3,93888.1,2910.952
2359,2025-04-27 23:00:00,93890.5,93890.5,93720.0,93742.8,1245.827
2360,2025-04-28 00:00:00,93742.8,93806.4,93259.9,93450.0,3655.453
2361,2025-04-28 01:00:00,93450.0,93473.5,93450.0,93450.0,17.169
2362,2025-04-28 02:00:00,93450.0,94259.0,93450.0,93595.6,727.158
2363,2025-04-28 03:00:00,93595.6,93961.2,93543.0,93800.0,929.25
2364,2025-04-28 04:00:00,93800.0,94152.1,93800.0,93981.9,1125.477
2365,2025-04-28 05:00:00,93982.0,94350.0,93701.6,94180.2,5850.668
2366,2025-04-28 06:00:00,94183.3,94607.7,94173.9,94577.4,830.286
2367,2025-04-28 07:00:00,94578.3,94770.9,94386.7,94643.6,668.608
2368,2025-04-28 08:00:00,94641.6,94789.5,94556.7,94674.1,432.952
2369,2025-04-28 09:00:00,94674.7,94855.4,94624.9,94671.1,510.689
2370,2025-04-28 10:00:00,94671.1,95218.5,94299.9,95007.0,2034.597
2371,2025-04-28 11:00:00,95007.0,95486.2,94985.9,95215.1,3118.289
2372,2025-04-28 12:00:00,95215.1,95500.0,95032.6,95301.8,733.61
2373,2025-04-28 13:00:00,95301.8,95500.0,93748.1,93915.7,3808.086
2374,2025-04-28 14:00:00,93919.0,94830.6,93818.8,94363.7,1940.69
2375,2025-04-28 15:00:00,94363.7,94466.4,93580.0,93754.8,13219.444
2376,2025-04-28 16:00:00,93754.8,93978.8,93424.8,93670.0,2297.015
2377,2025-04-28 17:00:00,93670.0,94160.6,93600.0,94040.0,1405.502
2378,2025-04-28 18:00:00,94039.9,94151.6,93740.0,94146.5,1244.502
2379,2025-04-28 19:00:00,94142.6,94860.9,94132.0,94745.4,836.862
2380,2025-04-28 20:00:00,94744.7,94744.7,94237.5,94443.7,461.492
2381,2025-04-28 21:00:00,94439.6,94500.0,94200.0,94462.0,208.939
2382,2025-04-28 22:00:00,94462.0,94880.6,93333.0,94769.5,5729.295
2383,2025-04-28 23:00:00,94769.5,95200.0,94750.6,94953.7,976.041
2384,2025-04-29 00:00:00,94953.7,95166.2,94772.9,95012.4,1486.769
2385,2025-04-29 01:00:00,95012.5,95395.3,94715.0,94849.6,2266.488
2386,2025-04-29 02:00:00,94852.3,94901.8,94438.5,94570.9,631.812
2387,2025-04-29 03:00:00,94569.1,94743.5,94195.3,94590.0,840.383
2388,2025-04-29 04:00:00,94597.2,94829.3,94209.6,94321.2,542.981
2389,2025-04-29 05:00:00,94321.3,94370.3,94137.8,94227.6,492.425
2390,2025-04-29 06:00:00,94227.1,94871.3,94216.1,94739.6,1308.591
2391,2025-04-29 07:00:00,94739.9,94904.9,94658.4,94877.9,245.476
2392,2025-04-29 08:00:00,94878.0,95068.0,94705.9,94976.6,1573.552
2393,2025-04-29 09:00:00,94983.2,95018.7,94712.2,94947.0,451.922
2394,2025-04-29 10:00:00,94943.8,95600.0,94550.1,94764.5,1552.281
2395,2025-04-29 11:00:00,94767.7,95289.6,94748.2,95087.0,6362.312
2396,2025-04-29 12:00:00,95087.0,95123.7,94800.0,94800.0,5759.871
2397,2025-04-29 13:00:00,94800.0,95200.0,94521.8,94751.2,11973.965
2398,2025-04-29 14:00:00,94751.2,95400.0,94559.0,94991.9,7655.793
2399,2025-04-29 15:00:00,94992.0,95242.8,94696.0,94789.9,1379.92
2400,2025-04-29 16:00:00,94790.7,95530.0,94778.4,94935.4,1666.933
2401,2025-04-29 17:00:00,94935.4,95311.7,94679.6,95183.5,814.261
2402,2025-04-29 18:00:00,95175.8,95427.5,95039.5,95342.8,501.96
2403,2025-04-29 19:00:00,95346.1,95389.5,95131.2,95244.6,429.11
2404,2025-04-29 20:00:00,95249.3,95320.0,94780.0,94782.7,918.388
2405,2025-04-29 21:00:00,94782.7,94980.2,94346.5,94702.0,647.8
2406,2025-04-29 22:00:00,94702.0,94702.0,94100.0,94150.1,847.411
2407,2025-04-29 23:00:00,94150.1,94401.0,93311.1,94209.1,8073.191
2408,2025-04-30 00:00:00,94209.2,94269.3,94150.8,94208.7,89.952
2409,2025-04-30 01:00:00,94208.7,94208.7,94208.7,94208.7,0.0
2410,2025-04-30 02:00:00,94208.7,94617.5,94200.3,94617.5,1041.962
2411,2025-04-30 03:00:00,94617.5,95074.7,94454.8,94962.1,941.216
2412,2025-04-30 04:00:00,94962.1,95101.6,94821.7,95000.0,827.85
2413,2025-04-30 05:00:00,95000.0,95000.0,94836.8,94853.5,277.099
2414,2025-04-30 06:00:00,94855.9,95000.0,94533.6,94712.5,2194.919
2415,2025-04-30 07:00:00,94712.6,94856.6,94379.1,94567.3,855.262
2416,2025-04-30 08:00:00,94567.3,94733.8,94481.0,94672.8,308.962
2417,2025-04-30 09:00:00,94672.8,95000.0,94417.6,94921.8,9743.452
2418,2025-04-30 10:00:00,94921.8,95000.0,94804.8,94904.3,493.716
2419,2025-04-30 11:00:00,94903.0,95400.0,93650.1,95132.7,9760.766
2420,2025-04-30 12:00:00,95133.0,95153.8,94336.5,94509.1,1610.825
2421,2025-04-30 13:00:00,94509.1,94866.6,93001.9,93002.0,10315.197
2422,2025-04-30 14:00:00,93002.0,95480.0,93000.0,93720.7,4818.385
2423,2025-04-30 15:00:00,93719.3,94183.1,93638.6,93968.0,6407.196
2424,2025-04-30 16:00:00,93970.0,94136.4,93519.0,93863.9,1070.848
2425,2025-04-30 17:00:00,93863.9,94257.1,93714.1,94127.0,13492.332
2426,2025-04-30 18:00:00,94127.0,94399.9,94014.6,94036.3,4099.465
2427,2025-04-30 19:00:00,94036.3,94270.9,93723.2,94127.6,1247.032
2428,2025-04-30 20:00:00,94127.5,94695.6,94123.8,94503.2,1775.195
2429,2025-04-30 21:00:00,94513.7,94720.4,94320.0,94383.1,3237.252
2430,2025-04-30 22:00:00,94383.0,94651.1,94024.3,94072.4,2153.212
2431,2025-04-30 23:00:00,94072.5,94404.9,94000.0,94150.0,759.579
2432,2025-05-01 00:00:00,94150.0,94358.6,94051.3,94358.6,481.965
2433,2025-05-01 01:00:00,94358.9,94700.1,94205.6,94588.0,556.307
2434,2025-05-01 02:00:00,94588.0,95000.0,94581.9,94774.3,709.494
2435,2025-05-01 03:00:00,94774.3,94970.1,94633.7,94734.4,521.127
2436,2025-05-01 04:00:00,94734.4,95000.0,94616.3,94839.6,263.908
2437,2025-05-01 05:00:00,94832.7,95317.6,94776.0,95109.4,7080.622
2438,2025-05-01 06:00:00,95112.0,95128.0,94780.2,94860.2,249.838
2439,2025-05-01 07:00:00,94859.1,95052.0,94769.5,94990.6,292.228
2440,2025-05-01 08:00:00,94993.1,95171.9,94750.0,95166.1,589.102
2441,2025-05-01 09:00:00,95163.0,95741.8,94946.0,95509.9,1268.082
2442,2025-05-01 10:00:00,95511.5,96345.1,95509.9,96122.4,4217.873
2443,2025-05-01 11:00:00,96121.8,96202.0,95804.5,96123.4,772.252
2444,2025-05-01 12:00:00,96129.0,96491.9,96003.7,96313.2,1234.401
2445,2025-05-01 13:00:00,96313.2,96809.6,95800.0,95800.0,6793.777
2446,2025-05-01 14:00:00,95800.1,96999.9,95800.1,96796.6,5034.334
2447,2025-05-01 15:00:00,96796.6,97517.3,96619.2,96796.0,23162.722
2448,2025-05-01 16:00:00,96794.0,97474.8,94444.1,96944.7,3898.718
2449,2025-05-01 17:00:00,96944.7,97158.3,96488.3,96735.3,1583.242
2450,2025-05-01 18:00:00,96735.3,97041.6,96390.2,96832.8,2106.814
2451,2025-05-01 19:00:00,96832.9,96844.0,96376.0,96477.1,770.057
2452,2025-05-01 20:00:00,96477.1,96918.1,96283.3,96359.0,1680.744
2453,2025-05-01 21:00:00,96359.0,96962.2,96161.7,96408.9,5923.837
2454,2025-05-01 22:00:00,96409.2,96711.3,96301.9,96322.8,431.613
2455,2025-05-01 23:00:00,96326.0,96436.4,96116.0,96432.0,410.754
2456,2025-05-02 00:00:00,96432.0,97094.7,96413.3,96973.7,5133.319
2457,2025-05-02 01:00:00,96973.6,97353.8,94444.1,96914.1,2179.22
2458,2025-05-02 02:00:00,96914.1,97059.4,96647.4,96912.0,1771.165
2459,2025-05-02 03:00:00,96912.3,97520.0,94000.0,97058.1,2380.232
2460,2025-05-02 04:00:00,97055.0,97366.9,96740.2,96885.0,1528.837
2461,2025-05-02 05:00:00,96885.0,96980.0,96373.6,96648.0,1681.305
2462,2025-05-02 06:00:00,96643.5,97061.2,94000.0,96731.1,12942.968
2463,2025-05-02 07:00:00,96729.3,96841.9,96168.6,96329.0,1361.448
2464,2025-05-02 08:00:00,96329.0,96820.3,96314.4,96589.9,1902.556
2465,2025-05-02 09:00:00,96589.9,96868.8,96402.4,96548.4,496.28
2466,2025-05-02 10:00:00,96550.0,96946.5,96550.0,96834.3,1366.918
2467,2025-05-02 11:00:00,96834.3,97200.6,96771.3,96934.0,2629.763
2468,2025-05-02 12:00:00,96943.8,97500.0,96624.5,97133.1,1958.229
2469,2025-05-02 13:00:00,97133.1,97151.1,96632.3,96708.5,2105.501
2470,2025-05-02 14:00:00,96709.7,97800.0,96706.1,97693.6,6686.58
2471,2025-05-02 15:00:00,97693.3,97800.0,97046.4,97286.2,1738.377
2472,2025-05-02 16:00:00,97286.2,97800.0,97278.9,97294.9,1045.938
2473,2025-05-02 17:00:00,97294.9,97380.2,97042.9,97343.2,683.024
2474,2025-05-02 18:00:00,97343.9,97550.0,97112.7,97125.0,582.318
2475,2025-05-02 19:00:00,97124.9,97139.1,96721.0,96874.4,909.139
2476,2025-05-02 20:00:00,96873.9,97175.4,96788.1,96979.1,521.26
2477,2025-05-02 21:00:00,96978.4,97181.9,96403.8,96690.6,336.797
2478,2025-05-02 22:00:00,96690.6,96859.6,96526.0,96590.3,756.049
2479,2025-05-02 23:00:00,96591.1,96927.4,96590.3,96831.2,923.284
2480,2025-05-03 00:00:00,96831.1,96929.2,96375.1,96656.6,2413.51
2481,2025-05-03 01:00:00,96657.0,96676.5,96388.0,96410.0,208.784
2482,2025-05-03 02:00:00,96410.0,96802.8,96408.4,96484.9,777.494
2483,2025-05-03 03:00:00,96482.4,96600.0,96130.4,96302.3,1326.513
2484,2025-05-03 04:00:00,96305.1,96711.5,96228.4,96470.2,1046.414
2485,2025-05-03 05:00:00,96470.3,96694.9,96301.6,96404.8,688.507
2486,2025-05-03 06:00:00,96404.8,96467.9,96083.1,96119.6,589.92
2487,2025-05-03 07:00:00,96119.6,96502.5,96115.3,96286.3,546.485
2488,2025-05-03 08:00:00,96286.3,96401.3,96068.8,96244.2,372.729
2489,2025-05-03 09:00:00,96244.2,96448.3,96181.9,96201.1,440.888
2490,2025-05-03 10:00:00,96201.1,96295.0,95822.7,95844.0,465.717
2491,2025-05-03 11:00:00,95844.0,96168.2,95820.0,96021.2,2087.939
2492,2025-05-03 12:00:00,96039.5,96236.2,95784.2,96117.3,2149.968
2493,2025-05-03 13:00:00,96104.0,96393.9,96027.9,96286.4,2075.254
2494,2025-05-03 14:00:00,96286.4,96498.8,96210.6,96326.8,951.832
2495,2025-05-03 15:00:00,96326.9,96569.8,96238.3,96358.7,888.152
2496,2025-05-03 16:00:00,96365.1,96411.5,96041.2,96165.3,438.118
2497,2025-05-03 17:00:00,96165.3,96165.3,96000.1,96144.7,475.913
2498,2025-05-03 18:00:00,96144.9,96199.8,96057.1,96110.5,342.613
2499,2025-05-03 19:00:00,96103.6,96478.7,96100.0,96313.8,2003.611
2500,2025-05-03 20:00:00,96313.8,96397.5,96261.5,96293.0,1404.696
2501,2025-05-03 21:00:00,96293.0,96384.3,96215.5,96300.0,789.97
2502,2025-05-03 22:00:00,96301.1,96355.4,96225.0,96250.0,301.236
2503,2025-05-03 23:00:00,96250.0,96301.4,95599.4,95840.3,13632.217
2504,2025-05-04 00:00:00,95840.3,96069.6,95730.1,95958.4,1140.586
2505,2025-05-04 01:00:00,95876.5,96228.6,95600.0,96037.1,3648.552
2506,2025-05-04 02:00:00,96037.1,96258.8,95784.8,95850.6,414.108
2507,2025-05-04 03:00:00,95850.0,95921.9,95700.0,95785.0,526.888
2508,2025-05-04 04:00:00,95770.6,95958.4,95700.0,95712.0,328.738
2509,2025-05-04 05:00:00,95717.5,96214.8,95700.0,96013.7,857.753
2510,2025-05-04 06:00:00,96013.8,96098.6,95729.7,95868.9,1614.437
2511,2025-05-04 07:00:00,95868.9,96088.3,95795.5,95827.6,296.014
2512,2025-05-04 08:00:00,95827.6,95856.0,95500.0,95675.1,1133.079
2513,2025-05-04 09:00:00,95674.8,95677.2,95500.0,95516.7,474.292
2514,2025-05-04 10:00:00,95500.0,95761.7,95281.2,95381.3,1126.262
2515,2025-05-04 11:00:00,95381.7,95735.1,95325.5,95379.3,1426.197
2516,2025-05-04 12:00:00,95376.0,95662.1,95366.4,95446.4,424.196
2517,2025-05-04 13:00:00,95441.1,95739.3,95112.5,95462.1,1050.355
2518,2025-05-04 14:00:00,95450.8,95622.7,95400.0,95580.0,655.612
2519,2025-05-04 15:00:00,95580.0,95669.8,95298.4,95418.4,364.512
2520,2025-05-04 16:00:00,95418.4,95674.8,95258.2,95300.8,1587.067
2521,2025-05-04 17:00:00,95300.7,95509.3,95119.9,95503.0,998.679
2522,2025-05-04 18:00:00,95500.0,95707.5,95201.2,95369.4,12749.506
2523,2025-05-04 19:00:00,95369.4,95804.4,95300.1,95529.8,2454.581
2524,2025-05-04 20:00:00,95534.6,95856.0,95405.9,95663.0,1135.687
2525,2025-05-04 21:00:00,95663.0,95820.0,95569.5,95622.4,427.682
2526,2025-05-04 22:00:00,95622.6,95631.6,94705.9,94963.6,14603.749
2527,2025-05-04 23:00:00,94963.7,96500.0,93612.1,94315.1,59447.854
2528,2025-05-05 00:00:00,94315.1,95004.2,94300.0,94664.2,4310.782
2529,2025-05-05 01:00:00,94671.3,98100.0,93753.8,93887.5,8003.834
2530,2025-05-05 02:00:00,93887.5,94492.0,93530.8,94199.7,10617.929
2531,2025-05-05 03:00:00,94199.7,94234.2,93898.0,94059.8,881.109
2532,2025-05-05 04:00:00,94062.0,94500.0,94000.0,94412.0,9746.618
2533,2025-05-05 05:00:00,94412.0,94819.2,94300.0,94640.1,8619.421
2534,2025-05-05 06:00:00,94640.1,94700.0,94344.7,94700.0,2029.405
2535,2025-05-05 07:00:00,94700.0,94700.0,94447.7,94694.2,350.548
2536,2025-05-05 08:00:00,94694.2,94700.0,94436.1,94509.9,429.033
2537,2025-05-05 09:00:00,94509.9,94620.0,94411.0,94504.3,216.934
2538,2025-05-05 10:00:00,94504.3,94515.8,93974.0,94068.4,991.905
2539,2025-05-05 11:00:00,94068.8,94387.8,93949.0,94001.2,2670.483
2540,2025-05-05 12:00:00,94001.2,94387.4,93949.0,94277.4,2222.213
2541,2025-05-05 13:00:00,94277.4,94700.0,93652.1,94163.0,2628.806
2542,2025-05-05 14:00:00,94163.0,94451.0,93699.5,93847.5,1683.426
2543,2025-05-05 15:00:00,93847.5,93985.8,93579.5,93710.4,2151.159
2544,2025-05-05 16:00:00,93726.0,94390.6,93719.7,94166.4,901.9
2545,2025-05-05 17:00:00,94163.8,94765.1,94031.0,94559.9,2714.408
2546,2025-05-05 18:00:00,94476.8,94957.8,94450.0,94683.1,2527.202
2547,2025-05-05 19:00:00,94683.1,94851.2,94260.0,94300.4,2258.887
2548,2025-05-05 20:00:00,94300.1,94381.2,93850.1,94192.4,1673.156
2549,2025-05-05 21:00:00,94192.4,94849.1,94192.3,94648.1,1283.421
2550,2025-05-05 22:00:00,94649.1,95174.6,94649.1,95003.6,1262.236
2551,2025-05-05 23:00:00,95003.5,95202.8,94524.9,94689.5,882.181
2552,2025-05-06 00:00:00,94689.4,94746.3,94419.8,94551.2,555.203
2553,2025-05-06 01:00:00,94551.2,94885.0,94273.5,94277.1,1416.337
2554,2025-05-06 02:00:00,94277.1,94423.2,93952.2,94276.7,1019.755
2555,2025-05-06 03:00:00,94276.8,94584.1,94174.4,94409.3,463.48
2556,2025-05-06 04:00:00,94409.3,94668.3,94290.7,94540.6,242.236
2557,2025-05-06 05:00:00,94540.6,94572.2,94234.9,94300.1,363.445
2558,2025-05-06 06:00:00,94300.1,94547.7,94299.5,94465.1,180.569
2559,2025-05-06 07:00:00,94465.1,94695.6,94223.1,94362.4,1042.785
2560,2025-05-06 08:00:00,94362.6,94386.9,94000.0,94339.2,953.094
2561,2025-05-06 09:00:00,94339.2,94341.7,94100.0,94179.5,308.59
2562,2025-05-06 10:00:00,94179.5,94327.9,93850.1,93893.4,1071.474
2563,2025-05-06 11:00:00,93894.4,94019.6,93700.1,93765.1,5713.405
2564,2025-05-06 12:00:00,93765.1,94172.6,93727.4,93898.1,2298.923
2565,2025-05-06 13:00:00,93898.1,93959.6,93292.4,93574.9,4428.152
2566,2025-05-06 14:00:00,93574.9,95100.0,93574.0,94120.4,3596.867
2567,2025-05-06 15:00:00,94120.4,94721.1,94036.3,94499.9,1830.418
2568,2025-05-06 16:00:00,94499.9,94810.6,94199.0,94199.0,2564.133
2569,2025-05-06 17:00:00,94199.6,94847.8,94198.4,94470.8,1861.976
2570,2025-05-06 18:00:00,94470.9,95049.0,94400.9,95024.9,1994.503
2571,2025-05-06 19:00:00,95027.7,95100.0,94715.7,94912.0,3266.32
2572,2025-05-06 20:00:00,94912.0,95036.0,94576.7,94621.5,789.059
2573,2025-05-06 21:00:00,94621.5,94750.1,94431.6,94635.5,258.489
2574,2025-05-06 22:00:00,94635.5,96235.7,94635.0,96224.8,8895.745
2575,2025-05-06 23:00:00,96220.7,96970.0,96085.5,96794.5,6382.411
2576,2025-05-07 00:00:00,96794.5,97500.0,96731.4,97386.6,8016.639
2577,2025-05-07 01:00:00,97386.6,97586.6,97166.3,97202.0,2889.66
2578,2025-05-07 02:00:00,97202.0,97393.4,96455.9,96574.9,1404.241
2579,2025-05-07 03:00:00,96575.4,96635.7,96220.0,96516.6,608.87
2580,2025-05-07 04:00:00,96516.6,96787.8,96360.9,96527.4,527.016
2581,2025-05-07 05:00:00,96527.6,96576.6,96286.8,96325.6,298.27
2582,2025-05-07 06:00:00,96325.6,96613.6,96319.2,96513.0,274.469
2583,2025-05-07 07:00:00,96512.9,96962.9,96488.1,96952.7,456.502
2584,2025-05-07 08:00:00,96952.5,97122.0,96807.9,96972.2,425.103
2585,2025-05-07 09:00:00,96972.2,97000.2,96747.8,96941.5,3278.792
2586,2025-05-07 10:00:00,96939.6,97400.0,96730.6,97057.2,6710.413
2587,2025-05-07 11:00:00,97057.3,97148.1,96931.8,96985.3,509.887
2588,2025-05-07 12:00:00,96985.2,97108.4,96800.0,96924.3,776.883
2589,2025-05-07 13:00:00,96920.9,97308.1,96700.0,96967.7,1885.428
2590,2025-05-07 14:00:00,96967.6,97461.4,96783.9,96885.6,1801.323
2591,2025-05-07 15:00:00,96885.6,97123.5,96622.0,96912.7,4206.496
2592,2025-05-07 16:00:00,96912.7,96951.9,96470.4,96876.0,872.33
2593,2025-05-07 17:00:00,96876.0,96878.0,96153.7,96230.3,1174.679
2594,2025-05-07 18:00:00,96229.2,96787.3,95919.9,96488.2,4139.263
2595,2025-05-07 19:00:00,96488.2,96564.7,95820.0,96126.7,2481.518
2596,2025-05-07 20:00:00,96125.8,96705.1,96029.7,96705.1,783.341
2597,2025-05-07 21:00:00,96705.1,97279.2,96614.4,97077.8,1112.508
2598,2025-05-07 22:00:00,97077.8,97255.8,96897.7,97208.7,587.723
2599,2025-05-07 23:00:00,97208.7,97346.6,96923.8,96983.5,392.088
2600,2025-05-08 00:00:00,96988.4,97747.7,96846.3,97736.4,2247.232
2601,2025-05-08 01:00:00,97736.4,98200.0,97592.8,97784.3,3616.952
2602,2025-05-08 02:00:00,97786.7,98800.0,97786.3,98700.0,8600.577
2603,2025-05-08 03:00:00,98702.6,99200.0,98366.1,99095.3,12542.295
2604,2025-05-08 04:00:00,99095.3,99309.9,98897.4,98914.1,3976.283
2605,2025-05-08 05:00:00,98914.1,99062.3,98499.6,98700.0,3012.571
2606,2025-05-08 06:00:00,98700.0,98977.6,98498.2,98956.7,3745.087
2607,2025-05-08 07:00:00,98956.7,99339.4,98946.3,99212.0,1068.115
2608,2025-05-08 08:00:00,99212.0,99700.0,99036.8,99614.9,10880.259
2609,2025-05-08 09:00:00,99615.0,99752.0,99332.6,99750.0,1861.684
2610,2025-05-08 10:00:00,99750.1,99800.0,99610.9,99747.0,534.125
2611,2025-05-08 11:00:00,99747.0,99800.0,99364.6,99370.0,1667.289
2612,2025-05-08 12:00:00,99370.0,99555.8,99180.4,99370.4,1761.336
2613,2025-05-08 13:00:00,99370.4,99708.5,99144.0,99251.6,9053.09
2614,2025-05-08 14:00:00,99251.4,99800.0,99170.0,99417.5,3337.285
2615,2025-05-08 15:00:00,99417.5,101429.1,99405.8,100731.8,26571.164
2616,2025-05-08 16:00:00,100738.4,101414.1,100552.0,101227.4,3797.402
2617,2025-05-08 17:00:00,101227.4,101660.9,100800.2,100981.9,5284.698
2618,2025-05-08 18:00:00,100982.0,101421.6,100946.7,101325.4,3069.252
2619,2025-05-08 19:00:00,101320.0,101322.2,100975.2,101199.9,2532.469
2620,2025-05-08 20:00:00,101199.9,102800.0,101198.0,102567.0,14543.795
2621,2025-05-08 21:00:00,102569.0,103790.0,102124.4,102772.7,11855.394
2622,2025-05-08 22:00:00,102772.7,103166.1,100923.0,102900.0,2326.805
2623,2025-05-08 23:00:00,102899.0,103220.7,102642.6,103168.2,2545.008
2624,2025-05-09 00:00:00,103168.2,103200.0,102506.8,102789.7,1708.962
2625,2025-05-09 01:00:00,102798.6,103113.2,102567.5,103073.0,590.396
2626,2025-05-09 02:00:00,103073.7,103093.1,102521.8,102550.6,562.758
2627,2025-05-09 03:00:00,102550.6,102900.0,102343.8,102450.0,1419.315
2628,2025-05-09 04:00:00,102450.7,102808.2,102440.2,102791.1,321.006
2629,2025-05-09 05:00:00,102791.1,102948.7,102583.2,102935.5,2491.596
2630,2025-05-09 06:00:00,102935.5,103300.0,102898.2,103189.9,1239.642
2631,2025-05-09 07:00:00,103190.3,104200.0,103116.4,103657.0,7097.809
2632,2025-05-09 08:00:00,103657.0,103963.1,102553.9,102920.8,4748.267
2633,2025-05-09 09:00:00,102920.8,103310.9,102439.6,102900.1,1650.647
2634,2025-05-09 10:00:00,102898.0,103480.4,102821.7,103337.6,3288.701
2635,2025-05-09 11:00:00,103337.6,103567.6,102431.2,102914.5,15844.225
2636,2025-05-09 12:00:00,102912.5,103149.3,102748.4,102851.3,822.572
2637,2025-05-09 13:00:00,102851.3,103792.9,102800.7,103630.4,2559.992
2638,2025-05-09 14:00:00,103630.0,104200.0,102423.1,103080.0,3558.094
2639,2025-05-09 15:00:00,103080.0,103239.1,102671.3,102842.8,1826.733
2640,2025-05-09 16:00:00,102839.7,103200.0,102350.0,102440.7,3220.355
2641,2025-05-09 17:00:00,102440.7,103188.1,102350.0,103179.3,1461.789
2642,2025-05-09 18:00:00,103173.1,103428.2,102939.1,103146.6,1166.488
2643,2025-05-09 19:00:00,103146.6,103267.8,102866.0,103137.7,545.083
2644,2025-05-09 20:00:00,103138.9,103454.2,103093.7,103142.8,515.437
2645,2025-05-09 21:00:00,103145.1,103152.5,102684.6,102932.2,314.341
2646,2025-05-09 22:00:00,102932.2,103073.9,102721.7,102739.5,228.197
2647,2025-05-09 23:00:00,102739.5,103099.7,102662.9,102941.8,463.532
2648,2025-05-10 00:00:00,102941.9,103155.6,102823.4,102823.4,881.792
2649,2025-05-10 01:00:00,102821.9,103219.4,102821.9,102983.3,309.127
2650,2025-05-10 02:00:00,102997.0,103250.6,102805.4,103104.2,219.785
2651,2025-05-10 03:00:00,103104.2,103288.0,102920.0,103154.5,767.009
2652,2025-05-10 04:00:00,103179.3,103335.5,103000.0,103122.3,643.433
2653,2025-05-10 05:00:00,103121.5,103318.2,103016.7,103318.2,1160.262
2654,2025-05-10 06:00:00,103313.7,103889.9,103300.0,103865.7,3837.2
2655,2025-05-10 07:00:00,103869.6,104149.1,103563.9,103711.0,1951.603
2656,2025-05-10 08:00:00,103710.9,104007.9,103458.1,103587.7,1028.142
2657,2025-05-10 09:00:00,103587.5,103854.1,103358.0,103744.0,598.267
2658,2025-05-10 10:00:00,103744.0,103841.9,103526.4,103549.0,527.56
2659,2025-05-10 11:00:00,103550.2,103664.7,103333.5,103355.2,453.669
2660,2025-05-10 12:00:00,103340.6,103740.0,103339.9,103625.6,512.596
2661,2025-05-10 13:00:00,103625.6,103740.2,103484.7,103586.5,255.054
2662,2025-05-10 14:00:00,103586.5,103689.4,103279.7,103502.0,2655.455
2663,2025-05-10 15:00:00,103500.0,103502.8,103000.0,103102.1,1288.702
2664,2025-05-10 16:00:00,103102.4,103500.0,103102.1,103406.5,473.753
2665,2025-05-10 17:00:00,103406.5,103502.8,103092.5,103146.0,774.517
2666,2025-05-10 18:00:00,103144.8,103386.4,103000.0,103212.5,485.242
2667,2025-05-10 19:00:00,103199.0,103288.4,103003.3,103148.6,214.462
2668,2025-05-10 20:00:00,103148.6,103278.7,103031.4,103209.7,167.845
2669,2025-05-10 21:00:00,103205.0,103740.2,103122.4,103726.9,687.437
2670,2025-05-10 22:00:00,103726.9,103800.3,103309.9,103554.6,1923.759
2671,2025-05-10 23:00:00,103554.6,104900.0,103548.5,104775.1,10134.57
2672,2025-05-11 00:00:00,104775.1,104900.0,103959.5,104381.5,845.773
2673,2025-05-11 01:00:00,104381.4,104480.0,103874.0,104078.4,723.169
2674,2025-05-11 02:00:00,104078.4,104248.1,103500.0,103714.5,2039.772
2675,2025-05-11 03:00:00,103712.5,104143.0,103626.3,103980.0,1187.395
2676,2025-05-11 04:00:00,103980.0,104347.7,103782.1,104118.1,2263.464
2677,2025-05-11 05:00:00,104118.0,104157.3,103783.1,103800.0,318.244
2678,2025-05-11 06:00:00,103800.0,104031.5,103589.2,103817.3,369.58
2679,2025-05-11 07:00:00,103817.3,103857.5,103201.9,103336.2,1416.877
2680,2025-05-11 08:00:00,103335.2,104002.1,103335.2,103819.9,616.684
2681,2025-05-11 09:00:00,103810.3,104562.1,103800.0,104366.5,8702.747
2682,2025-05-11 10:00:00,104366.5,104611.7,104170.0,104610.6,465.871
2683,2025-05-11 11:00:00,104610.6,104730.3,104212.8,104642.1,457.215
2684,2025-05-11 12:00:00,104645.1,104900.0,104494.5,104563.3,1538.322
2685,2025-05-11 13:00:00,104563.2,104707.5,103818.3,103935.4,3606.965
2686,2025-05-11 14:00:00,103935.4,104200.0,103629.9,104115.0,1030.1
2687,2025-05-11 15:00:00,104115.1,104634.4,103717.3,104065.7,4850.491
2688,2025-05-11 16:00:00,104083.0,104105.0,103723.1,103940.1,919.986
2689,2025-05-11 17:00:00,103940.0,104164.7,103799.1,103989.1,643.921
2690,2025-05-11 18:00:00,103986.4,104970.0,103922.6,104506.8,3471.859
2691,2025-05-11 19:00:00,104506.7,104731.8,104300.0,104382.3,6009.142
2692,2025-05-11 20:00:00,104382.3,104485.9,104157.2,104227.0,1566.635
2693,2025-05-11 21:00:00,104241.8,104550.8,103955.7,104328.9,1125.041
2694,2025-05-11 22:00:00,104331.8,104600.4,103527.5,103750.3,2132.404
2695,2025-05-11 23:00:00,103750.3,104149.9,103666.9,104093.3,722.99
2696,2025-05-12 00:00:00,104093.3,104654.0,104034.4,104544.8,1917.065
2697,2025-05-12 01:00:00,104546.2,105000.0,103770.1,103966.6,2024.174
2698,2025-05-12 02:00:00,103952.6,104159.5,103700.0,103843.9,862.371
2699,2025-05-12 03:00:00,103843.9,105000.0,98820.0,104055.0,24660.826
2700,2025-05-12 04:00:00,104055.0,104252.2,103781.1,104023.7,549.139
2701,2025-05-12 05:00:00,104025.0,104034.1,103712.9,103906.4,290.041
2702,2025-05-12 06:00:00,103906.4,104375.0,103800.0,104344.2,2009.545
2703,2025-05-12 07:00:00,104346.2,109000.0,98850.0,104424.3,8873.217
2704,2025-05-12 08:00:00,104424.3,104762.6,104060.5,104560.6,2941.99
2705,2025-05-12 09:00:00,104560.6,104615.8,104252.6,104401.3,403.142
2706,2025-05-12 10:00:00,104401.3,104540.7,104150.4,104450.0,752.227
2707,2025-05-12 11:00:00,104450.0,104588.6,103625.6,103707.6,999.261
2708,2025-05-12 12:00:00,103707.0,104095.6,103700.1,103834.2,1849.422
2709,2025-05-12 13:00:00,103834.2,104627.4,103684.8,104254.1,6753.032
2710,2025-05-12 14:00:00,104254.1,104288.0,102618.0,102810.5,6385.295
2711,2025-05-12 15:00:00,102810.5,108999.9,102384.3,102478.9,3876.159
2712,2025-05-12 16:00:00,102478.9,103126.0,102477.3,102832.6,4456.12
2713,2025-05-12 17:00:00,102832.6,103186.7,102435.4,102507.6,3570.484
2714,2025-05-12 18:00:00,102507.6,103200.0,100816.6,101634.6,6450.062
2715,2025-05-12 19:00:00,101627.1,103200.0,101447.1,101779.5,1704.037
2716,2025-05-12 20:00:00,101779.5,102835.8,101735.2,102670.3,1187.484
2717,2025-05-12 21:00:00,102666.7,102689.6,102273.6,102494.9,764.24
2718,2025-05-12 22:00:00,102482.4,103030.5,102343.9,102801.2,385.466
2719,2025-05-12 23:00:00,102801.2,103165.3,102730.2,102866.1,454.264
2720,2025-05-13 00:00:00,102884.4,102966.1,102158.1,102214.6,2608.538
2721,2025-05-13 01:00:00,102214.6,102669.6,102056.5,102387.4,2411.641
2722,2025-05-13 02:00:00,102381.5,102494.3,101724.3,102034.0,2094.671
2723,2025-05-13 03:00:00,102034.1,102100.0,101500.0,101686.2,6917.711
2724,2025-05-13 04:00:00,101686.2,102800.0,101647.4,102698.6,1980.069
2725,2025-05-13 05:00:00,102698.6,102698.6,102096.2,102426.7,400.333
2726,2025-05-13 06:00:00,102426.7,102600.0,102119.9,102505.9,363.013
2727,2025-05-13 07:00:00,102505.9,103043.1,102465.1,102607.9,1629.475
2728,2025-05-13 08:00:00,102607.9,103024.6,102408.3,102696.9,528.172
2729,2025-05-13 09:00:00,102697.5,103453.5,102696.9,103417.3,1011.992
2730,2025-05-13 10:00:00,103417.3,103689.7,103219.6,103516.8,536.89
2731,2025-05-13 11:00:00,103516.8,103824.8,103390.6,103645.1,1917.908
2732,2025-05-13 12:00:00,103645.1,105000.0,103433.4,103636.7,3297.568
2733,2025-05-13 13:00:00,103636.7,103880.9,103447.5,103682.1,2882.2
2734,2025-05-13 14:00:00,103683.6,103841.3,102799.6,103143.6,2139.095
2735,2025-05-13 15:00:00,103143.6,105450.0,103106.3,103650.0,1949.587
2736,2025-05-13 16:00:00,103650.0,104470.2,103487.2,103685.2,3342.431
2737,2025-05-13 17:00:00,103685.2,104199.9,103578.2,104199.9,3519.22
2738,2025-05-13 18:00:00,104199.9,104349.9,104059.5,104319.9,717.842
2739,2025-05-13 19:00:00,104320.0,104932.6,104061.7,104746.4,2221.672
2740,2025-05-13 20:00:00,104745.6,104868.4,104450.0,104521.7,730.59
2741,2025-05-13 21:00:00,104519.3,104606.8,104104.2,104302.5,2701.469
2742,2025-05-13 22:00:00,104302.5,104389.9,104056.1,104108.5,274.454
2743,2025-05-13 23:00:00,104108.6,104246.2,103875.9,104092.5,361.175
2744,2025-05-14 00:00:00,104092.5,104101.1,103708.8,103855.6,323.984
2745,2025-05-14 01:00:00,103861.7,104011.7,103652.0,103698.5,544.715
2746,2025-05-14 02:00:00,103687.0,103763.4,103415.6,103672.3,590.788
2747,2025-05-14 03:00:00,103672.4,103746.2,103423.9,103604.8,298.181
2748,2025-05-14 04:00:00,103613.8,103953.9,103506.0,103692.5,2204.61
2749,2025-05-14 05:00:00,103692.5,104143.5,103600.0,103856.2,703.029
2750,2025-05-14 06:00:00,103868.1,103902.1,103569.2,103738.1,325.583
2751,2025-05-14 07:00:00,103738.1,103738.1,103308.6,103658.5,3891.984
2752,2025-05-14 08:00:00,103656.6,103754.5,103280.0,103280.0,1026.197
2753,2025-05-14 09:00:00,103280.1,103875.4,102861.7,103475.3,7349.034
2754,2025-05-14 10:00:00,103441.6,103892.9,103425.0,103660.5,867.149
2755,2025-05-14 11:00:00,103663.5,104240.6,103663.5,103903.2,1037.178
2756,2025-05-14 12:00:00,103903.2,104252.7,103870.0,103950.0,1538.453
2757,2025-05-14 13:00:00,103950.0,104269.8,103473.5,103898.0,2126.483
2758,2025-05-14 14:00:00,103898.0,103911.6,102883.0,103206.5,1882.934
2759,2025-05-14 15:00:00,103206.5,103492.8,102824.7,103450.2,1797.753
2760,2025-05-14 16:00:00,103450.0,103628.2,103120.1,103318.8,1131.045
2761,2025-05-14 17:00:00,103318.8,103366.7,102593.0,103205.3,2980.553
2762,2025-05-14 18:00:00,103208.2,103500.0,102980.0,103500.0,949.378
2763,2025-05-14 19:00:00,103498.0,103713.1,103225.8,103247.6,1553.159
2764,2025-05-14 20:00:00,103247.6,103612.5,103247.4,103500.2,199.771
2765,2025-05-14 21:00:00,103500.3,103713.8,103283.4,103586.4,379.57
2766,2025-05-14 22:00:00,103586.4,103609.7,103365.6,103458.7,223.176
2767,2025-05-14 23:00:00,103458.7,103602.6,103359.9,103482.8,281.423
2768,2025-05-15 00:00:00,103458.1,103895.3,103404.1,103745.9,371.264
2769,2025-05-15 01:00:00,103746.0,103751.9,102931.0,103029.4,1001.938
2770,2025-05-15 02:00:00,103029.8,103203.3,102849.9,102991.5,481.29
2771,2025-05-15 03:00:00,102989.2,103116.1,102700.0,102713.6,525.809
2772,2025-05-15 04:00:00,102713.4,103077.8,102700.0,102920.1,1734.759
2773,2025-05-15 05:00:00,102920.1,102929.5,102278.4,102341.0,3193.182
2774,2025-05-15 06:00:00,102340.0,111111.0,102000.0,102299.2,5025.927
2775,2025-05-15 07:00:00,102299.2,102463.5,101577.3,101734.0,7671.091
2776,2025-05-15 08:00:00,101727.9,102274.7,101725.0,102268.3,792.743
2777,2025-05-15 09:00:00,102268.3,102370.5,101309.8,101777.9,5039.184
2778,2025-05-15 10:00:00,101777.9,101888.7,101450.8,101762.8,1054.77
2779,2025-05-15 11:00:00,101762.9,102449.8,101744.3,102344.8,2634.817
2780,2025-05-15 12:00:00,102335.3,102775.8,102191.9,102523.1,1311.944
2781,2025-05-15 13:00:00,102522.8,104520.0,101585.3,102066.4,2942.481
2782,2025-05-15 14:00:00,102066.4,102468.0,101395.3,101882.9,3113.39
2783,2025-05-15 15:00:00,101882.5,103234.8,101843.8,103210.8,4646.542
2784,2025-05-15 16:00:00,103210.8,103820.0,103055.7,103799.6,1430.574
2785,2025-05-15 17:00:00,103798.9,104228.4,103542.3,103937.8,963.716
2786,2025-05-15 18:00:00,103932.7,103971.3,102528.8,102642.9,1307.246
2787,2025-05-15 19:00:00,102638.3,103173.8,102549.8,103091.9,1056.078
2788,2025-05-15 20:00:00,103091.9,103605.0,102875.3,103396.0,889.475
2789,2025-05-15 21:00:00,103396.0,103417.0,102712.7,103239.3,304.691
2790,2025-05-15 22:00:00,103239.3,103942.4,103229.3,103453.4,580.831
2791,2025-05-15 23:00:00,103450.5,103972.7,103204.1,103706.1,2065.103
2792,2025-05-16 00:00:00,103725.9,103977.2,103638.3,103693.8,2096.447
2793,2025-05-16 01:00:00,103695.0,104049.9,103449.9,103989.1,1430.394
2794,2025-05-16 02:00:00,103989.1,104596.1,103861.5,104154.9,7080.73
2795,2025-05-16 03:00:00,104154.9,104287.4,103848.1,103987.7,306.864
2796,2025-05-16 04:00:00,103985.8,104200.0,103645.5,103876.8,912.252
2797,2025-05-16 05:00:00,103876.8,104249.9,2593.71,103852.6,11552.719
2798,2025-05-16 06:00:00,103852.6,104001.3,103844.7,103946.1,290.158
2799,2025-05-16 07:00:00,103946.1,104132.2,103476.1,103646.6,583.489
2800,2025-05-16 08:00:00,103646.6,103700.0,103093.9,103383.3,1085.442
2801,2025-05-16 09:00:00,103355.7,103844.5,103353.5,103755.3,479.341
2802,2025-05-16 10:00:00,103755.3,103945.5,103530.1,103764.5,440.419
2803,2025-05-16 11:00:00,103764.5,103861.0,103505.4,103632.2,366.752
2804,2025-05-16 12:00:00,103632.2,103780.6,103412.0,103466.8,1488.132
2805,2025-05-16 13:00:00,103466.8,104051.3,103384.0,103940.1,1499.215
2806,2025-05-16 14:00:00,103938.9,103943.3,103316.6,103529.3,861.918
2807,2025-05-16 15:00:00,103529.3,104279.9,103529.2,104100.0,1334.646
2808,2025-05-16 16:00:00,104100.0,104595.8,103791.5,104093.3,1359.132
2809,2025-05-16 17:00:00,104093.3,104339.2,103730.3,103820.1,582.702
2810,2025-05-16 18:00:00,103820.0,104044.8,103693.1,103693.1,524.062
2811,2025-05-16 19:00:00,103693.1,103992.2,103592.1,103992.2,477.669
2812,2025-05-16 20:00:00,103991.7,104035.0,103494.4,103652.0,1590.967
2813,2025-05-16 21:00:00,103646.6,103822.7,103371.0,103573.1,284.408
2814,2025-05-16 22:00:00,103560.6,103599.7,103271.8,103479.4,383.979
2815,2025-05-16 23:00:00,103479.4,103629.8,103370.3,103424.2,200.782
2816,2025-05-17 00:00:00,103424.2,103482.3,103078.6,103330.7,480.233
2817,2025-05-17 01:00:00,103325.7,103334.4,102500.0,102778.4,7679.418
2818,2025-05-17 02:00:00,102778.4,103446.7,102740.9,103239.3,578.255
2819,2025-05-17 03:00:00,103240.4,103581.7,103116.0,103458.6,611.195
2820,2025-05-17 04:00:00,103463.7,103600.0,103428.0,103599.9,211.874
2821,2025-05-17 05:00:00,103599.8,103716.7,103281.6,103300.0,1813.13
2822,2025-05-17 06:00:00,103300.0,103513.2,103097.4,103437.7,232.643
2823,2025-05-17 07:00:00,103431.0,103771.7,103386.4,103490.0,2164.659
2824,2025-05-17 08:00:00,103492.1,103647.8,103042.9,103371.3,1076.795
2825,2025-05-17 09:00:00,103371.2,103467.7,102820.0,102920.1,993.06
2826,2025-05-17 10:00:00,102948.2,103405.8,102752.0,102829.1,8936.407
2827,2025-05-17 11:00:00,102829.1,103163.1,102548.6,102940.1,1089.668
2828,2025-05-17 12:00:00,102945.1,103124.4,102856.0,102879.4,592.265
2829,2025-05-17 13:00:00,102879.4,103079.6,102600.0,102660.6,584.031
2830,2025-05-17 14:00:00,102660.6,103292.9,102660.5,103074.9,2977.21
2831,2025-05-17 15:00:00,103075.0,103200.2,102857.2,102900.1,816.632
2832,2025-05-17 16:00:00,102900.0,103097.5,102619.9,102884.2,1604.784
2833,2025-05-17 17:00:00,102884.5,103378.2,102868.6,103175.2,1523.696
2834,2025-05-17 18:00:00,103121.6,103319.2,102905.6,102926.8,555.12
2835,2025-05-17 19:00:00,102926.8,103210.4,102876.8,103107.3,376.524
2836,2025-05-17 20:00:00,103108.0,103450.1,103096.6,103326.2,266.039
2837,2025-05-17 21:00:00,103326.3,103643.4,103096.6,103202.1,476.202
2838,2025-05-17 22:00:00,103202.0,103349.5,102863.6,102998.3,681.022
2839,2025-05-17 23:00:00,102998.3,103266.3,102963.2,103055.5,275.64
2840,2025-05-18 00:00:00,103079.5,103468.7,103055.5,103333.8,324.863
2841,2025-05-18 01:00:00,103333.9,103377.0,103095.2,103194.3,281.467
2842,2025-05-18 02:00:00,103198.0,103366.8,103195.7,103304.7,119.332
2843,2025-05-18 03:00:00,103294.0,103360.0,103006.7,103244.2,201.253
2844,2025-05-18 04:00:00,103244.3,103430.3,103218.1,103314.7,128.09
2845,2025-05-18 05:00:00,103314.7,103730.4,103232.1,103592.9,438.612
2846,2025-05-18 06:00:00,103597.9,103648.9,103251.4,103386.8,259.734
2847,2025-05-18 07:00:00,103386.8,103934.6,103328.5,103883.9,495.99
2848,2025-05-18 08:00:00,103883.9,104000.0,103676.2,103926.4,500.462
2849,2025-05-18 09:00:00,103926.4,104000.0,103825.8,103875.5,1767.821
2850,2025-05-18 10:00:00,103853.1,103904.6,103749.2,103820.4,214.761
2851,2025-05-18 11:00:00,103820.4,104000.0,103753.2,103786.0,304.101
2852,2025-05-18 12:00:00,103788.1,103969.9,103544.6,103930.5,551.756
2853,2025-05-18 13:00:00,103906.4,104759.3,103218.1,104749.3,4777.452
2854,2025-05-18 14:00:00,104749.3,105449.9,104517.4,105191.0,3061.604
2855,2025-05-18 15:00:00,105191.0,105620.0,104973.6,105470.0,1736.212
2856,2025-05-18 16:00:00,105470.0,106162.1,105155.9,105789.2,7163.367
2857,2025-05-18 17:00:00,105791.2,105867.2,104906.1,104906.1,4457.694
2858,2025-05-18 18:00:00,104907.0,104943.1,103864.5,104460.0,4607.029
2859,2025-05-18 19:00:00,104460.1,104701.1,103865.4,103865.4,920.719
2860,2025-05-18 20:00:00,103870.0,104331.5,103384.8,104006.0,2319.869
2861,2025-05-18 21:00:00,104004.3,104530.4,104002.6,104156.4,540.395
2862,2025-05-18 22:00:00,104152.4,105868.6,103961.2,105868.6,2833.621
2863,2025-05-18 23:00:00,105867.0,106612.2,105449.8,106455.9,6358.992
2864,2025-05-19 00:00:00,106456.0,107115.9,105149.5,105260.7,3608.463
2865,2025-05-19 01:00:00,105260.7,105346.4,104754.9,105013.5,805.572
2866,2025-05-19 02:00:00,105022.6,105134.5,104496.6,104608.5,461.045
2867,2025-05-19 03:00:00,104608.5,104683.8,103539.9,103585.6,1684.463
2868,2025-05-19 04:00:00,103586.1,103690.3,102833.0,102938.8,3105.212
2869,2025-05-19 05:00:00,102938.8,103116.6,102700.0,102986.6,2369.679
2870,2025-05-19 06:00:00,102986.6,103249.0,102100.0,102193.2,6592.282
2871,2025-05-19 07:00:00,102182.0,103328.6,102166.6,103198.8,5113.719
2872,2025-05-19 08:00:00,103198.8,103309.1,102910.0,103188.4,1575.558
2873,2025-05-19 09:00:00,103189.4,109999.0,102980.2,103028.4,1833.19
2874,2025-05-19 10:00:00,103024.5,103132.9,102818.3,102978.9,907.117
2875,2025-05-19 11:00:00,102983.4,103028.3,102742.5,102933.3,434.398
2876,2025-05-19 12:00:00,102933.3,102933.3,102103.8,102400.7,1471.829
2877,2025-05-19 13:00:00,102400.7,103526.1,102369.4,103322.5,4374.523
2878,2025-05-19 14:00:00,103303.6,104300.0,103177.1,104195.4,2712.644
2879,2025-05-19 15:00:00,104195.9,105002.2,104195.9,104753.9,2269.863
2880,2025-05-19 16:00:00,104746.7,105368.0,104313.4,105313.4,1766.465
2881,2025-05-19 17:00:00,105312.4,105563.9,104843.0,105339.8,10841.8
2882,2025-05-19 18:00:00,105339.8,105473.5,104072.4,104718.7,949.158
2883,2025-05-19 19:00:00,104718.7,105512.4,104640.0,105480.8,1473.444
2884,2025-05-19 20:00:00,105483.3,105712.9,105299.1,105398.6,1261.549
2885,2025-05-19 21:00:00,105407.0,105446.4,104900.1,105416.4,742.801
2886,2025-05-19 22:00:00,105416.4,105673.6,105152.5,105502.6,2764.223
2887,2025-05-19 23:00:00,105497.7,105800.0,105314.3,105532.9,1462.443
2888,2025-05-20 00:00:00,105534.0,106457.5,105517.3,105669.9,1953.861
2889,2025-05-20 01:00:00,105668.4,106708.5,105662.0,106454.3,1246.78
2890,2025-05-20 02:00:00,106451.4,106976.6,105969.1,106038.5,7403.748
2891,2025-05-20 03:00:00,106038.3,106110.0,105485.9,105713.6,456.954
2892,2025-05-20 04:00:00,105713.5,106323.3,105514.4,106158.1,585.682
2893,2025-05-20 05:00:00,106157.9,106364.1,105997.9,106127.1,399.873
2894,2025-05-20 06:00:00,106127.2,106159.0,105444.4,105555.5,3542.84
2895,2025-05-20 07:00:00,105555.8,105680.8,104973.7,104988.4,6834.821
2896,2025-05-20 08:00:00,104988.4,105273.1,104836.7,105171.8,1169.767
2897,2025-05-20 09:00:00,105170.6,105495.4,105010.9,105249.2,326.257
2898,2025-05-20 10:00:00,105244.5,105389.5,104924.4,104982.6,623.495
2899,2025-05-20 11:00:00,104982.6,105440.7,104834.0,105192.8,430.464
2900,2025-05-20 12:00:00,105192.8,105193.9,104602.6,104802.2,1001.941
2901,2025-05-20 13:00:00,104802.2,104911.0,104111.6,104375.7,4032.681
2902,2025-05-20 14:00:00,104375.7,105029.9,104270.2,104499.5,1787.352
2903,2025-05-20 15:00:00,104489.6,105571.7,104458.0,105291.9,4732.068
2904,2025-05-20 16:00:00,105291.9,105549.1,105062.9,105159.5,1594.159
2905,2025-05-20 17:00:00,105170.9,106286.9,105159.5,106156.4,1983.442
2906,2025-05-20 18:00:00,106155.8,106547.3,105204.2,105230.8,1760.401
2907,2025-05-20 19:00:00,105230.8,107327.7,105187.0,106951.0,2775.978
2908,2025-05-20 20:00:00,106951.0,107326.2,106425.2,106889.6,1709.817
2909,2025-05-20 21:00:00,106889.6,107160.1,106181.2,106608.0,1081.385
2910,2025-05-20 22:00:00,106603.5,106850.0,105785.5,106724.8,1348.188
2911,2025-05-20 23:00:00,106724.8,107126.4,106618.0,106775.1,829.49
2912,2025-05-21 00:00:00,106775.7,107160.0,106445.9,106697.8,651.349
2913,2025-05-21 01:00:00,106697.9,107052.0,106422.4,106440.1,9618.082
2914,2025-05-21 02:00:00,106440.1,106961.8,106180.0,106826.5,1030.048
2915,2025-05-21 03:00:00,106809.8,107144.7,106718.8,106781.1,671.487
2916,2025-05-21 04:00:00,106781.1,107661.6,106704.8,107280.7,2429.299
2917,2025-05-21 05:00:00,107280.7,107793.6,107268.4,107509.3,1056.794
2918,2025-05-21 06:00:00,107505.5,107949.0,107113.8,107730.0,4453.57
2919,2025-05-21 07:00:00,107730.1,107800.6,105809.9,106400.0,10818.18
2920,2025-05-21 08:00:00,106399.9,106737.3,106144.6,106342.3,1322.248
2921,2025-05-21 09:00:00,106343.9,106502.9,106056.4,106161.5,1036.404
2922,2025-05-21 10:00:00,106161.4,106555.2,106092.8,106290.2,1249.323
2923,2025-05-21 11:00:00,106290.2,106803.5,106272.8,106499.3,1785.217
2924,2025-05-21 12:00:00,106498.7,106887.0,106366.5,106469.5,806.129
2925,2025-05-21 13:00:00,106469.6,107608.3,106272.8,107200.0,2319.114
2926,2025-05-21 14:00:00,107200.0,109042.7,107028.5,108902.6,9815.153
2927,2025-05-21 15:00:00,108919.4,109407.9,108375.0,108970.2,7503.903
2928,2025-05-21 16:00:00,108946.1,109920.9,108690.9,109186.7,7725.378
2929,2025-05-21 17:00:00,109190.9,109972.0,105566.5,106339.8,16441.384
2930,2025-05-21 18:00:00,106336.5,107999.9,106315.4,106939.7,3550.352
2931,2025-05-21 19:00:00,106924.2,108842.9,106614.2,108562.3,6068.892
2932,2025-05-21 20:00:00,108564.9,108722.8,107700.0,108199.0,1945.196
2933,2025-05-21 21:00:00,108198.9,108603.8,107891.8,108423.4,746.346
2934,2025-05-21 22:00:00,108422.4,109125.6,108190.8,108728.5,740.138
2935,2025-05-21 23:00:00,108724.7,110590.1,108672.9,109609.0,5092.046
2936,2025-05-22 00:00:00,109608.3,110246.3,109283.6,109898.7,1847.564
2937,2025-05-22 01:00:00,109898.7,110501.9,109665.5,109888.7,1911.385
2938,2025-05-22 02:00:00,109886.0,111056.2,109794.8,110419.7,4022.505
2939,2025-05-22 03:00:00,110419.7,111800.1,110312.2,111733.6,4835.183
2940,2025-05-22 04:00:00,111733.3,112666.0,110498.5,111479.8,17242.556
2941,2025-05-22 05:00:00,111479.8,111618.5,110793.8,110830.9,1320.477
2942,2025-05-22 06:00:00,110834.3,111108.7,110358.6,110491.3,1764.574
2943,2025-05-22 07:00:00,110491.3,111068.1,110450.0,111045.1,844.106
2944,2025-05-22 08:00:00,111045.1,111116.6,110368.8,110405.2,776.431
2945,2025-05-22 09:00:00,110397.2,110769.1,110273.1,110761.5,768.592
2946,2025-05-22 10:00:00,110761.5,110907.4,110571.3,110758.1,449.432
2947,2025-05-22 11:00:00,110758.0,111399.8,110354.4,110948.7,3049.464
2948,2025-05-22 12:00:00,110948.7,111685.6,110795.2,111539.6,2718.768
2949,2025-05-22 13:00:00,111539.6,111595.5,110951.0,110951.1,3960.216
2950,2025-05-22 14:00:00,110962.4,111320.1,110521.5,110837.3,3420.948
2951,2025-05-22 15:00:00,110837.3,111578.2,110799.1,111227.1,1981.313
2952,2025-05-22 16:00:00,111225.6,111729.8,111060.9,111192.6,1824.27
2953,2025-05-22 17:00:00,111192.5,111888.8,111155.4,111468.3,4940.949
2954,2025-05-22 18:00:00,111465.2,111888.8,111400.0,111678.2,1402.567
2955,2025-05-22 19:00:00,111678.2,111888.8,110742.3,111120.3,2514.182
2956,2025-05-22 20:00:00,111120.3,111414.0,110719.6,111015.9,1016.162
2957,2025-05-22 21:00:00,111015.8,111040.1,110669.4,110809.4,521.382
2958,2025-05-22 22:00:00,110803.4,111400.0,110803.4,110980.9,1020.623
2959,2025-05-22 23:00:00,110981.8,111694.5,110981.8,111686.4,572.395
2960,2025-05-23 00:00:00,111671.7,111800.0,111326.1,111546.3,1317.008
2961,2025-05-23 01:00:00,111546.3,111637.0,111039.7,111280.4,2377.555
2962,2025-05-23 02:00:00,111280.4,111632.7,111145.3,111206.6,644.343
2963,2025-05-23 03:00:00,111206.7,111307.6,110955.6,111182.2,1109.571
2964,2025-05-23 04:00:00,111182.3,111302.6,110496.0,110856.8,4986.093
2965,2025-05-23 05:00:00,110856.8,110987.9,110599.7,110795.7,1651.999
2966,2025-05-23 06:00:00,110795.7,113671.1,110321.3,110479.1,9637.631
2967,2025-05-23 07:00:00,110479.1,110814.9,110439.8,110685.2,425.245
2968,2025-05-23 08:00:00,110685.3,111060.8,110681.2,110897.2,1907.5
2969,2025-05-23 09:00:00,110897.3,111346.8,110730.1,111290.1,1667.068
2970,2025-05-23 10:00:00,111290.5,111297.3,110695.0,111012.5,727.419
2971,2025-05-23 11:00:00,111013.1,111048.9,108066.3,109053.2,4719.476
2972,2025-05-23 12:00:00,109053.2,109241.3,105034.7,108373.3,11631.652
2973,2025-05-23 13:00:00,108373.3,109638.5,108021.9,109598.5,8138.533
2974,2025-05-23 14:00:00,109598.5,109996.4,109415.9,109695.3,2479.392
2975,2025-05-23 15:00:00,109696.4,109961.7,108889.3,108889.3,4701.094
2976,2025-05-23 16:00:00,108889.3,110026.0,107997.5,109009.3,2717.855
2977,2025-05-23 17:00:00,109009.3,109779.0,109006.9,109379.1,1527.071
2978,2025-05-23 18:00:00,109379.1,109418.8,108627.9,108743.8,1051.285
2979,2025-05-23 19:00:00,108743.9,109175.7,108540.6,108678.0,929.554
2980,2025-05-23 20:00:00,108674.8,108734.9,108156.8,108287.6,545.767
2981,2025-05-23 21:00:00,108287.6,108778.3,108025.2,108161.8,585.982
2982,2025-05-23 22:00:00,108161.8,108500.0,107654.9,107729.4,1096.89
2983,2025-05-23 23:00:00,107725.5,107997.0,106837.9,107267.0,4190.735
2984,2025-05-24 00:00:00,107267.0,107727.9,106875.6,107328.3,963.072
2985,2025-05-24 01:00:00,107328.7,107900.0,107327.7,107445.1,927.555
2986,2025-05-24 02:00:00,107445.9,107900.0,107263.7,107764.0,3129.36
2987,2025-05-24 03:00:00,107764.0,108368.6,107764.0,108293.1,1182.003
2988,2025-05-24 04:00:00,108293.1,108500.0,108208.4,108429.2,284.886
2989,2025-05-24 05:00:00,108429.2,108481.0,107986.9,108193.1,332.318
2990,2025-05-24 06:00:00,108193.1,108290.6,107764.0,107917.4,1011.625
2991,2025-05-24 07:00:00,107917.5,108203.6,107563.2,107570.0,1090.689
2992,2025-05-24 08:00:00,107572.3,108326.5,107565.5,108227.3,802.865
2993,2025-05-24 09:00:00,108226.6,108456.6,108065.1,108130.6,640.482
2994,2025-05-24 10:00:00,108130.6,109213.5,108108.0,109055.2,1088.604
2995,2025-05-24 11:00:00,109043.6,109587.9,108982.5,109146.6,1720.034
2996,2025-05-24 12:00:00,109146.6,109212.5,108520.5,108750.8,1106.883
2997,2025-05-24 13:00:00,108752.6,108955.4,108504.4,108554.4,496.567
2998,2025-05-24 14:00:00,108554.4,109125.6,108547.7,108932.4,577.012
2999,2025-05-24 15:00:00,108932.4,111000.8,108793.7,108886.6,941.147
3000,2025-05-24 16:00:00,108886.6,109092.4,108680.0,109014.7,605.384
3001,2025-05-24 17:00:00,109010.4,109197.2,108830.3,108995.8,428.045
3002,2025-05-24 18:00:00,108995.2,109153.2,108728.3,108772.9,363.132
3003,2025-05-24 19:00:00,108774.9,108992.1,108765.7,108915.2,247.117
3004,2025-05-24 20:00:00,108912.8,109232.1,108771.5,108956.1,625.185
3005,2025-05-24 21:00:00,108956.2,108965.1,108540.1,108784.5,369.42
3006,2025-05-24 22:00:00,108784.5,108784.6,108020.1,108027.1,1246.7
3007,2025-05-24 23:00:00,108020.2,108300.1,107500.0,107694.9,2453.254
3008,2025-05-25 00:00:00,107698.9,108040.9,107272.4,107360.7,1519.861
3009,2025-05-25 01:00:00,107367.4,107946.0,107177.0,107606.1,635.858
3010,2025-05-25 02:00:00,107606.2,107999.2,107605.6,107877.4,211.954
3011,2025-05-25 03:00:00,107877.4,107999.2,107729.3,107999.1,339.155
3012,2025-05-25 04:00:00,107999.2,108005.6,107893.5,108005.5,180.624
3013,2025-05-25 05:00:00,108005.6,108078.6,107923.5,108065.1,170.679
3014,2025-05-25 06:00:00,108065.1,108100.0,107679.8,107893.8,625.855
3015,2025-05-25 07:00:00,107902.2,107903.9,107438.3,107625.9,365.451
3016,2025-05-25 08:00:00,107625.9,107648.3,106875.6,107056.1,1372.454
3017,2025-05-25 09:00:00,107056.1,107363.4,106705.2,107066.2,934.433
3018,2025-05-25 10:00:00,107066.1,107309.7,106850.5,106908.3,495.881
3019,2025-05-25 11:00:00,106906.2,107263.9,106830.8,107219.1,444.466
3020,2025-05-25 12:00:00,107219.7,107601.9,107145.1,107491.1,675.58
3021,2025-05-25 13:00:00,107490.1,107754.3,107243.0,107620.8,467.339
3022,2025-05-25 14:00:00,107620.8,107647.7,107135.4,107435.0,1613.133
3023,2025-05-25 15:00:00,107390.1,107427.6,106633.3,106952.5,1845.911
3024,2025-05-25 16:00:00,106939.7,107352.1,106662.5,107139.4,1072.879
3025,2025-05-25 17:00:00,107122.3,107462.9,107114.1,107320.8,1030.985
3026,2025-05-25 18:00:00,107320.8,107546.8,107127.9,107370.9,421.533
3027,2025-05-25 19:00:00,107370.9,107971.3,107271.4,107698.2,934.425
3028,2025-05-25 20:00:00,107697.5,107773.1,107288.9,107605.7,649.83
3029,2025-05-25 21:00:00,107605.7,107856.8,107146.0,107435.0,331.884
3030,2025-05-25 22:00:00,107435.1,109197.1,107315.9,109127.1,2907.479
3031,2025-05-25 23:00:00,109127.1,109268.4,108579.2,108956.6,770.705
3032,2025-05-26 00:00:00,108956.6,109533.2,108639.3,109527.3,916.207
3033,2025-05-26 01:00:00,109527.3,109898.5,109088.5,109461.8,1519.98
3034,2025-05-26 02:00:00,109456.6,109842.6,109084.6,109353.3,423.582
3035,2025-05-26 03:00:00,109353.4,109706.2,109198.8,109573.8,560.789
3036,2025-05-26 04:00:00,109573.7,109750.0,109446.9,109494.1,295.978
3037,2025-05-26 05:00:00,109494.1,109648.7,109284.2,109624.0,444.947
3038,2025-05-26 06:00:00,109619.4,109915.2,109460.4,109890.9,363.681
3039,2025-05-26 07:00:00,109891.1,110204.7,109660.5,110050.0,1185.602
3040,2025-05-26 08:00:00,110050.0,110109.0,109459.0,109614.7,1133.783
3041,2025-05-26 09:00:00,109611.1,109923.2,109523.7,109653.8,421.708
3042,2025-05-26 10:00:00,109657.5,109817.5,109510.8,109516.4,509.797
3043,2025-05-26 11:00:00,109549.8,109887.8,109507.6,109724.8,593.002
3044,2025-05-26 12:00:00,109724.8,109977.1,109458.4,109810.8,1192.806
3045,2025-05-26 13:00:00,109810.8,109928.8,109364.9,109562.2,746.615
3046,2025-05-26 14:00:00,109562.1,109728.7,109491.3,109500.0,559.81
3047,2025-05-26 15:00:00,109614.5,110337.2,109500.0,109966.5,4316.478
3048,2025-05-26 16:00:00,109970.5,110300.0,109189.0,109400.0,3308.782
3049,2025-05-26 17:00:00,109400.0,109667.2,108901.8,109121.1,2023.908
3050,2025-05-26 18:00:00,109121.1,109485.1,108970.9,109064.6,584.636
3051,2025-05-26 19:00:00,109067.3,109145.5,108809.3,109093.6,466.129
3052,2025-05-26 20:00:00,109095.1,109602.5,108912.6,109543.9,761.999
3053,2025-05-26 21:00:00,109543.2,109626.9,109085.5,109297.9,308.187
3054,2025-05-26 22:00:00,109297.9,109821.6,109007.7,109150.9,1215.861
3055,2025-05-26 23:00:00,109150.9,109411.4,109027.6,109405.3,491.606
3056,2025-05-27 00:00:00,109403.2,109746.6,109090.7,109094.9,276.659
3057,2025-05-27 01:00:00,109093.3,109098.1,107502.7,108348.6,2238.711
3058,2025-05-27 02:00:00,108347.2,108785.0,107891.3,108230.6,836.186
3059,2025-05-27 03:00:00,108230.6,109153.2,108224.5,108843.7,1119.962
3060,2025-05-27 04:00:00,108843.3,109500.0,108825.7,108908.8,498.624
3061,2025-05-27 05:00:00,108908.8,108923.9,108548.6,108866.5,736.414
3062,2025-05-27 06:00:00,108866.5,109238.3,108792.4,108792.4,499.803
3063,2025-05-27 07:00:00,108792.4,109627.0,108789.8,109418.1,505.739
3064,2025-05-27 08:00:00,109418.1,109714.8,109409.5,109599.8,801.91
3065,2025-05-27 09:00:00,109599.8,109862.1,109300.9,109831.1,561.144
3066,2025-05-27 10:00:00,109841.7,109850.9,109465.4,109648.0,264.673
3067,2025-05-27 11:00:00,109647.9,109717.2,109347.1,109541.8,1433.468
3068,2025-05-27 12:00:00,109543.7,109817.5,109263.6,109549.3,468.846
3069,2025-05-27 13:00:00,109547.6,113000.0,109533.0,109757.8,3713.12
3070,2025-05-27 14:00:00,109757.8,110178.2,108788.4,109312.9,2402.626
3071,2025-05-27 15:00:00,109316.9,113000.0,109057.0,110106.7,1873.618
3072,2025-05-27 16:00:00,110106.8,110432.1,109945.3,110178.7,904.85
3073,2025-05-27 17:00:00,110178.8,110395.7,109839.0,110201.8,562.611
3074,2025-05-27 18:00:00,110201.8,110340.0,109717.6,109857.9,468.535
3075,2025-05-27 19:00:00,109857.9,110068.2,109445.3,109800.1,568.058
3076,2025-05-27 20:00:00,109801.8,109841.1,109517.9,109520.3,261.797
3077,2025-05-27 21:00:00,109518.0,109627.8,108786.8,108820.5,384.353
3078,2025-05-27 22:00:00,108823.1,109238.5,108568.6,108968.8,626.215
3079,2025-05-27 23:00:00,108968.8,109238.2,108896.8,108944.6,735.277
3080,2025-05-28 00:00:00,108947.6,109174.3,108602.9,109150.1,458.514
3081,2025-05-28 01:00:00,109151.9,109220.0,108610.6,108651.2,278.95
3082,2025-05-28 02:00:00,108623.9,108953.4,108355.8,108577.7,551.483
3083,2025-05-28 03:00:00,108577.7,108901.8,108540.3,108821.9,2010.715
3084,2025-05-28 04:00:00,108821.9,108999.3,108620.0,108910.8,233.263
3085,2025-05-28 05:00:00,108910.9,109054.5,108760.9,108950.9,218.024
3086,2025-05-28 06:00:00,108951.4,108956.2,108479.8,108640.3,532.972
3087,2025-05-28 07:00:00,108674.6,109000.1,108674.4,108760.6,305.46
3088,2025-05-28 08:00:00,108760.5,109133.1,108567.9,108983.9,1236.532
3089,2025-05-28 09:00:00,108989.9,109002.0,108408.3,108748.2,803.386
3090,2025-05-28 10:00:00,108750.6,109067.6,108366.2,108799.3,1267.268
3091,2025-05-28 11:00:00,108799.1,108899.7,108512.4,108818.2,243.403
3092,2025-05-28 12:00:00,108821.6,109159.5,108623.3,108840.7,451.519
3093,2025-05-28 13:00:00,108840.9,109052.1,107999.6,108019.9,2437.364
3094,2025-05-28 14:00:00,108019.9,108318.2,107481.9,107496.8,2899.966
3095,2025-05-28 15:00:00,107497.3,107753.9,107035.1,107055.9,1629.472
3096,2025-05-28 16:00:00,107056.0,107485.7,107054.9,107354.2,1044.535
3097,2025-05-28 17:00:00,107353.7,107901.2,107339.7,107622.2,1084.669
3098,2025-05-28 18:00:00,107622.2,107788.8,107368.2,107424.8,463.614
3099,2025-05-28 19:00:00,107424.7,107833.5,107000.0,107000.0,3174.939
3100,2025-05-28 20:00:00,107004.6,107418.8,106757.2,107279.4,832.792
3101,2025-05-28 21:00:00,107279.4,107554.7,107128.1,107453.9,333.15
3102,2025-05-28 22:00:00,107452.4,107539.6,107111.2,107356.1,293.727
3103,2025-05-28 23:00:00,107348.9,107977.8,107348.9,107717.7,802.577
3104,2025-05-29 00:00:00,107717.6,108270.5,107367.3,108239.0,716.339
3105,2025-05-29 01:00:00,108239.0,108371.2,107805.5,108104.2,589.411
3106,2025-05-29 02:00:00,108103.6,108451.9,107894.6,108383.2,503.392
3107,2025-05-29 03:00:00,108383.2,108387.3,107930.0,107992.1,339.68
3108,2025-05-29 04:00:00,107990.9,108062.7,107000.0,107539.9,892.005
3109,2025-05-29 05:00:00,107539.8,107740.8,107456.9,107622.6,351.884
3110,2025-05-29 06:00:00,107622.6,108029.5,107548.5,107850.0,323.223
3111,2025-05-29 07:00:00,107850.7,108083.0,107636.0,107765.8,501.711
3112,2025-05-29 08:00:00,107773.4,108560.4,107600.0,108468.1,790.007
3113,2025-05-29 09:00:00,108460.8,108572.3,108219.0,108475.9,551.09
3114,2025-05-29 10:00:00,108472.3,108863.4,108350.7,108718.0,512.126
3115,2025-05-29 11:00:00,108718.0,108874.3,108613.5,108739.9,886.86
3116,2025-05-29 12:00:00,108730.0,108748.0,108350.0,108397.9,1734.382
3117,2025-05-29 13:00:00,108397.9,108544.8,107431.0,107557.9,1344.752
3118,2025-05-29 14:00:00,107557.9,107751.1,106492.4,107615.4,3279.236
3119,2025-05-29 15:00:00,107615.4,107664.4,107010.0,107010.0,1109.335
3120,2025-05-29 16:00:00,107010.9,107146.3,106574.8,106700.0,6716.995
3121,2025-05-29 17:00:00,106700.0,108690.0,106035.6,106263.1,1711.036
3122,2025-05-29 18:00:00,106263.1,106556.2,105818.9,105818.9,1620.463
3123,2025-05-29 19:00:00,105818.9,106175.9,105592.1,105670.5,2166.296
3124,2025-05-29 20:00:00,105670.1,106316.4,105669.8,106130.5,2641.049
3125,2025-05-29 21:00:00,106130.5,106575.9,106083.6,106406.2,570.572
3126,2025-05-29 22:00:00,106408.5,106502.0,105920.0,105946.0,1067.961
3127,2025-05-29 23:00:00,105946.1,106249.9,105366.2,105548.9,10908.312
3128,2025-05-30 00:00:00,105548.2,106337.7,104005.6,104943.9,2243.41
3129,2025-05-30 01:00:00,104943.9,106009.2,104900.0,105638.9,4544.223
3130,2025-05-30 02:00:00,105638.9,107719.3,105624.3,105958.9,812.235
3131,2025-05-30 03:00:00,105958.9,106169.2,105913.5,105964.0,316.062
3132,2025-05-30 04:00:00,105964.1,106081.3,105841.0,106065.0,274.493
3133,2025-05-30 05:00:00,106065.0,106395.1,106001.5,106063.6,1068.322
3134,2025-05-30 06:00:00,106035.4,106086.6,105501.2,105650.5,1547.204
3135,2025-05-30 07:00:00,105650.5,105807.7,104706.2,104956.2,2518.184
3136,2025-05-30 08:00:00,104956.1,105387.7,104840.7,105138.0,7725.924
3137,2025-05-30 09:00:00,105138.0,105748.1,104600.1,105598.3,929.439
3138,2025-05-30 10:00:00,105598.3,106038.6,105163.6,105863.5,1480.339
3139,2025-05-30 11:00:00,105863.5,106062.7,105635.6,105845.7,833.209
3140,2025-05-30 12:00:00,105842.7,105943.0,105218.7,105632.5,1583.229
3141,2025-05-30 13:00:00,105630.9,105875.9,105312.8,105482.4,952.132
3142,2025-05-30 14:00:00,105477.2,105770.3,105068.0,105358.3,1465.475
3143,2025-05-30 15:00:00,105358.3,105845.0,105190.0,105496.9,2454.156
3144,2025-05-30 16:00:00,105496.9,105543.6,103709.1,103835.3,3150.339
3145,2025-05-30 17:00:00,103835.3,104355.9,103833.4,104122.4,887.346
3146,2025-05-30 18:00:00,104121.6,105008.9,104039.5,104866.8,923.87
3147,2025-05-30 19:00:00,104864.9,105011.7,104436.8,104580.1,597.197
3148,2025-05-30 20:00:00,104580.1,104927.6,104352.9,104505.2,351.487
3149,2025-05-30 21:00:00,104504.6,105027.9,104436.6,104597.8,248.876
3150,2025-05-30 22:00:00,104594.1,104628.6,103983.3,103992.1,675.082
3151,2025-05-30 23:00:00,103992.1,104202.8,103558.2,103933.7,2577.162
3152,2025-05-31 00:00:00,103933.6,104188.6,103529.5,103908.4,3493.428
3153,2025-05-31 01:00:00,103908.4,104158.8,103271.6,103426.3,2157.898
3154,2025-05-31 02:00:00,103428.1,103882.5,103077.2,103150.3,1030.517
3155,2025-05-31 03:00:00,103150.3,108200.0,103059.0,103643.3,1193.719
3156,2025-05-31 04:00:00,103640.1,103878.5,103481.9,103764.1,516.219
3157,2025-05-31 05:00:00,103764.1,103965.9,103550.0,103561.9,545.513
3158,2025-05-31 06:00:00,103561.9,103992.8,103550.0,103807.4,348.345
3159,2025-05-31 07:00:00,103807.5,103856.3,103565.3,103700.5,234.31
3160,2025-05-31 08:00:00,103700.5,103767.8,103517.0,103609.1,352.028
3161,2025-05-31 09:00:00,103605.5,103800.5,103420.1,103512.8,377.894
3162,2025-05-31 10:00:00,103500.0,103557.8,103244.1,103374.9,383.508
3163,2025-05-31 11:00:00,103372.2,103701.1,103098.8,103534.3,796.797
3164,2025-05-31 12:00:00,103500.1,104073.2,103500.0,103961.4,1422.8
3165,2025-05-31 13:00:00,103961.3,104319.7,103838.5,104060.5,1708.334
3166,2025-05-31 14:00:00,104060.4,104665.6,103981.8,104513.2,3553.529
3167,2025-05-31 15:00:00,104513.2,104954.6,104209.8,104504.1,4597.65
3168,2025-05-31 16:00:00,104503.1,104816.6,104330.1,104437.0,1004.685
3169,2025-05-31 17:00:00,104437.6,104602.0,104189.4,104295.2,665.864
3170,2025-05-31 18:00:00,104295.2,104580.0,104279.2,104429.9,207.628
3171,2025-05-31 19:00:00,104429.9,104780.5,104410.7,104643.5,407.784
3172,2025-05-31 20:00:00,104649.1,104868.6,104490.6,104728.9,177.344
3173,2025-05-31 21:00:00,104728.9,104906.1,104582.4,104782.4,244.816
3174,2025-05-31 22:00:00,104782.4,104832.7,104552.1,104574.8,282.616
3175,2025-05-31 23:00:00,104574.6,104865.9,104540.0,104544.7,452.934
3176,2025-06-01 00:00:00,104545.3,104673.0,104203.4,104408.7,499.268
3177,2025-06-01 01:00:00,104408.8,104456.3,104000.0,104085.2,664.75
3178,2025-06-01 02:00:00,104085.1,104374.3,103825.0,104162.7,650.265
3179,2025-06-01 03:00:00,104166.1,104526.4,103902.0,104336.4,316.418
3180,2025-06-01 04:00:00,104336.5,104700.0,104203.6,104587.8,710.246
3181,2025-06-01 05:00:00,104587.9,104749.0,104319.8,104488.3,569.462
3182,2025-06-01 06:00:00,104485.6,104487.9,104087.6,104210.3,560.513
3183,2025-06-01 07:00:00,104213.2,104502.8,104084.8,104231.0,266.415
3184,2025-06-01 08:00:00,104231.0,104368.8,104184.5,104359.9,222.225
3185,2025-06-01 09:00:00,104346.9,104410.5,103654.6,103858.2,1150.519
3186,2025-06-01 10:00:00,103858.2,104148.4,103732.0,103887.8,426.581
3187,2025-06-01 11:00:00,103887.8,104224.8,103810.0,104037.9,706.259
3188,2025-06-01 12:00:00,104037.9,104153.6,103772.3,103914.6,510.896
3189,2025-06-01 13:00:00,103912.0,104368.2,103885.4,104219.3,563.677
3190,2025-06-01 14:00:00,104216.0,105006.9,103908.1,104681.2,19752.412
3191,2025-06-01 15:00:00,104680.0,104859.0,104429.7,104697.4,1554.859
3192,2025-06-01 16:00:00,104697.4,105330.0,104630.0,104989.4,1194.717
3193,2025-06-01 17:00:00,104989.4,105130.0,104925.6,105018.5,455.69
3194,2025-06-01 18:00:00,105017.7,105021.7,104325.8,104870.4,1530.867
3195,2025-06-01 19:00:00,104869.4,105258.1,104799.8,105076.8,2150.172
3196,2025-06-01 20:00:00,105076.9,105271.8,104986.9,105021.5,1396.91
3197,2025-06-01 21:00:00,105025.5,105664.3,104869.8,105434.0,441.835
3198,2025-06-01 22:00:00,105435.8,105785.8,105374.0,105445.9,1514.795
3199,2025-06-01 23:00:00,105448.3,105799.5,105443.0,105576.8,386.92
3200,2025-06-02 00:00:00,105576.8,105657.8,105301.1,105368.0,433.196
3201,2025-06-02 01:00:00,105366.2,105607.8,105158.9,105331.4,650.257
3202,2025-06-02 02:00:00,105331.7,105368.2,104950.0,104981.4,327.198
3203,2025-06-02 03:00:00,104986.9,105038.5,104650.0,104780.1,585.266
3204,2025-06-02 04:00:00,104780.1,104960.0,104650.0,104696.9,326.485
3205,2025-06-02 05:00:00,104696.9,104884.6,104574.3,104780.9,533.573
3206,2025-06-02 06:00:00,104780.9,105716.0,104698.5,105128.2,878.638
3207,2025-06-02 07:00:00,105128.2,105450.0,105127.0,105297.2,323.371
3208,2025-06-02 08:00:00,105297.2,105850.0,105209.6,105304.5,1220.987
3209,2025-06-02 09:00:00,105304.5,105309.1,104427.5,104536.6,811.003
3210,2025-06-02 10:00:00,104536.6,104764.4,104211.0,104360.0,734.25
3211,2025-06-02 11:00:00,104365.9,104576.8,103967.6,104042.5,2166.657
3212,2025-06-02 12:00:00,104047.1,104276.2,103823.0,104153.5,1033.646
3213,2025-06-02 13:00:00,104153.5,104590.0,103701.3,103750.1,1485.805
3214,2025-06-02 14:00:00,103749.9,104660.2,103647.0,104100.4,2664.959
3215,2025-06-02 15:00:00,104096.1,104516.9,103900.3,104391.4,2248.965
3216,2025-06-02 16:00:00,104391.2,104476.2,104031.6,104283.2,554.518
3217,2025-06-02 17:00:00,104283.2,104419.0,104070.2,104380.5,474.797
3218,2025-06-02 18:00:00,104376.7,104848.7,104260.6,104301.3,773.38
3219,2025-06-02 19:00:00,104301.3,104458.6,104019.2,104368.3,519.88
3220,2025-06-02 20:00:00,104372.4,105040.9,104372.4,104817.4,2037.378
3221,2025-06-02 21:00:00,104817.4,105000.0,104600.0,104886.2,2005.037
3222,2025-06-02 22:00:00,104886.1,105824.2,104807.4,105615.0,3471.14
3223,2025-06-02 23:00:00,105615.0,105924.2,105538.9,105808.5,870.212
3224,2025-06-03 00:00:00,105803.8,106330.9,105631.6,106235.0,9737.002
3225,2025-06-03 01:00:00,106235.0,106465.4,105989.9,106426.2,2513.35
3226,2025-06-03 02:00:00,106426.2,106645.3,105532.0,105636.4,2880.951
3227,2025-06-03 03:00:00,105636.4,105770.4,105328.7,105439.6,1479.718
3228,2025-06-03 04:00:00,105438.5,105539.8,105020.2,105198.5,2176.468
3229,2025-06-03 05:00:00,105198.9,105563.2,105198.5,105405.3,917.744
3230,2025-06-03 06:00:00,105405.3,105540.9,105159.0,105354.9,347.993
3231,2025-06-03 07:00:00,105354.9,105434.1,105122.8,105129.2,226.839
3232,2025-06-03 08:00:00,105129.2,105238.0,104600.0,105027.5,1734.696
3233,2025-06-03 09:00:00,105027.5,105239.2,104945.4,105143.1,447.531
3234,2025-06-03 10:00:00,105143.1,105454.4,104934.4,105231.2,2021.325
3235,2025-06-03 11:00:00,105231.3,105312.4,105143.0,105243.3,232.652
3236,2025-06-03 12:00:00,105242.1,105482.7,105162.6,105278.8,295.683
3237,2025-06-03 13:00:00,105271.3,105586.8,105026.0,105461.3,1578.04
3238,2025-06-03 14:00:00,105461.3,106651.1,105034.9,106537.7,2457.69
3239,2025-06-03 15:00:00,106536.5,106763.9,103806.6,106539.4,10020.913
3240,2025-06-03 16:00:00,106539.4,106600.0,105733.9,105770.2,2386.751
3241,2025-06-03 17:00:00,105770.1,106100.0,105635.9,105880.0,728.881
3242,2025-06-03 18:00:00,105880.0,106034.6,105500.0,105960.1,677.133
3243,2025-06-03 19:00:00,105960.0,106352.3,105957.7,106194.1,911.361
3244,2025-06-03 20:00:00,106193.7,106239.4,105340.0,105694.7,558.487
3245,2025-06-03 21:00:00,105694.7,105804.1,105194.4,105361.1,388.018
3246,2025-06-03 22:00:00,105365.6,105896.6,105325.3,105686.5,308.535
3247,2025-06-03 23:00:00,105686.6,105732.6,105239.8,105330.1,239.74
3248,2025-06-04 00:00:00,105330.0,105478.8,105099.9,105423.8,420.563
3249,2025-06-04 01:00:00,105423.8,105740.1,105384.8,105538.7,371.408
3250,2025-06-04 02:00:00,105538.7,105899.2,105296.9,105437.6,459.853
3251,2025-06-04 03:00:00,105436.1,105743.0,105395.0,105488.5,289.88
3252,2025-06-04 04:00:00,105489.9,105722.2,105357.2,105365.9,269.741
3253,2025-06-04 05:00:00,105365.9,105482.7,105304.9,105307.4,233.384
3254,2025-06-04 06:00:00,105307.3,105482.7,105047.8,105265.7,236.202
3255,2025-06-04 07:00:00,105265.7,105412.4,105133.0,105282.3,771.896
3256,2025-06-04 08:00:00,105282.3,105646.1,105263.8,105411.4,427.557
3257,2025-06-04 09:00:00,105411.4,105894.0,105300.0,105773.8,392.299
3258,2025-06-04 10:00:00,105774.1,105936.7,105602.4,105642.1,292.22
3259,2025-06-04 11:00:00,105637.8,105750.8,105040.0,105051.2,1237.508
3260,2025-06-04 12:00:00,105051.2,105141.3,104220.1,104988.6,6557.826
3261,2025-06-04 13:00:00,104988.1,105249.6,104617.0,104691.6,1163.766
3262,2025-06-04 14:00:00,104691.6,105132.0,104220.0,104971.8,1584.976
3263,2025-06-04 15:00:00,104971.8,105461.1,104971.7,105254.7,1064.678
3264,2025-06-04 16:00:00,105254.7,105421.9,104999.5,105408.8,1469.861
3265,2025-06-04 17:00:00,105408.8,105470.6,104982.4,104999.7,1321.502
3266,2025-06-04 18:00:00,105000.0,105358.0,104971.7,104971.7,5031.149
3267,2025-06-04 19:00:00,104971.8,105142.4,104825.9,104891.0,388.276
3268,2025-06-04 20:00:00,104891.1,104969.4,104349.6,104559.2,5931.249
3269,2025-06-04 21:00:00,104557.6,105009.2,104490.5,104880.3,436.924
3270,2025-06-04 22:00:00,104878.1,104966.1,104694.0,104727.4,253.251
3271,2025-06-04 23:00:00,104739.9,104890.2,104577.8,104712.2,348.501
3272,2025-06-05 00:00:00,104700.1,104928.2,104700.0,104896.0,458.684
3273,2025-06-05 01:00:00,104896.0,105195.8,104758.0,104773.0,1261.339
3274,2025-06-05 02:00:00,104773.0,105349.6,104700.0,104964.0,1596.593
3275,2025-06-05 03:00:00,104964.0,105149.1,104840.6,105003.1,225.305
3276,2025-06-05 04:00:00,104999.9,105215.0,104870.0,105140.1,1168.995
3277,2025-06-05 05:00:00,105140.1,105194.2,104600.0,104670.8,1291.302
3278,2025-06-05 06:00:00,104671.0,104824.2,104341.6,104511.6,2252.632
3279,2025-06-05 07:00:00,104517.4,104732.1,104263.8,104515.0,1301.234
3280,2025-06-05 08:00:00,104515.0,104892.8,104499.9,104629.8,2337.647
3281,2025-06-05 09:00:00,104630.0,105024.6,104448.1,104858.5,2115.412
3282,2025-06-05 10:00:00,104854.9,104858.5,104406.5,104613.1,930.425
3283,2025-06-05 11:00:00,104613.2,104910.1,104497.0,104785.4,1335.573
3284,2025-06-05 12:00:00,104782.3,105700.0,104761.5,105602.2,2028.136
3285,2025-06-05 13:00:00,105602.2,105900.0,104332.7,104447.5,2913.28
3286,2025-06-05 14:00:00,104447.5,104813.7,103887.5,104592.7,3939.931
3287,2025-06-05 15:00:00,104592.7,104823.7,104320.2,104494.8,669.559
3288,2025-06-05 16:00:00,104494.8,104548.6,103268.7,103268.7,3002.613
3289,2025-06-05 17:00:00,103268.7,103752.5,103111.9,103201.0,6136.371
3290,2025-06-05 18:00:00,103201.1,103510.1,102199.0,102957.8,10264.132
3291,2025-06-05 19:00:00,102959.1,102961.3,101000.0,101900.0,3049.688
3292,2025-06-05 20:00:00,101900.5,102216.8,100397.1,100433.9,17533.671
3293,2025-06-05 21:00:00,100432.4,102900.0,100350.9,101562.8,4731.264
3294,2025-06-05 22:00:00,101562.8,101830.9,100967.6,101448.2,1244.571
3295,2025-06-05 23:00:00,101448.4,102146.4,101448.4,101562.5,871.596
3296,2025-06-06 00:00:00,101562.5,102006.9,101077.0,101872.2,1297.547
3297,2025-06-06 01:00:00,101850.9,102038.3,101635.3,101796.7,1355.56
3298,2025-06-06 02:00:00,101796.8,102204.0,101498.7,102204.0,897.443
3299,2025-06-06 03:00:00,102200.0,102501.2,101979.6,102440.2,530.732
3300,2025-06-06 04:00:00,102440.2,102900.0,102270.6,102729.2,986.022
3301,2025-06-06 05:00:00,102729.4,102900.0,102518.7,102899.9,425.992
3302,2025-06-06 06:00:00,102899.9,104000.0,102856.6,103111.8,13787.763
3303,2025-06-06 07:00:00,103111.8,103394.8,103000.0,103085.9,704.072
3304,2025-06-06 08:00:00,103073.3,103678.5,103003.8,103445.7,801.315
3305,2025-06-06 09:00:00,103445.6,103895.1,103442.1,103593.7,2477.385
3306,2025-06-06 10:00:00,103593.6,103925.0,103346.9,103618.7,3206.995
3307,2025-06-06 11:00:00,103622.6,103916.5,103415.1,103865.9,2358.463
3308,2025-06-06 12:00:00,103867.1,104334.5,97000.0,103747.1,6752.052
3309,2025-06-06 13:00:00,103752.0,104652.5,103729.5,104033.1,2235.243
3310,2025-06-06 14:00:00,104033.1,104957.5,100000.0,104719.0,10117.766
3311,2025-06-06 15:00:00,104718.9,105401.5,104608.9,105040.8,5087.522
3312,2025-06-06 16:00:00,105040.9,105367.6,104678.3,104701.1,1130.898
3313,2025-06-06 17:00:00,104701.1,104959.0,104419.9,104883.5,1096.513
3314,2025-06-06 18:00:00,104883.5,104937.6,104412.0,104455.6,604.428
3315,2025-06-06 19:00:00,104455.6,104574.4,103992.9,104194.8,450.421
3316,2025-06-06 20:00:00,104195.8,104656.8,104114.1,104422.0,565.021
3317,2025-06-06 21:00:00,104429.9,104535.1,104242.7,104349.4,206.203
3318,2025-06-06 22:00:00,104354.8,104616.9,104093.9,104425.8,267.048
3319,2025-06-06 23:00:00,104425.7,104453.3,104056.1,104239.8,325.527
3320,2025-06-07 00:00:00,104239.8,104482.0,103816.2,104468.9,629.187
3321,2025-06-07 01:00:00,104468.9,104633.9,104294.3,104386.4,451.628
3322,2025-06-07 02:00:00,104386.5,104601.8,104271.1,104475.4,305.48
3323,2025-06-07 03:00:00,104475.4,105025.5,104433.9,104802.5,460.662
3324,2025-06-07 04:00:00,104803.5,104813.7,104561.3,104765.9,139.045
3325,2025-06-07 05:00:00,104765.0,105054.3,104679.4,104832.2,524.654
3326,2025-06-07 06:00:00,104823.5,105354.6,104707.2,105255.6,522.285
3327,2025-06-07 07:00:00,105255.6,105260.8,104773.2,104816.3,313.321
3328,2025-06-07 08:00:00,104813.7,104992.1,104674.8,104692.2,341.385
3329,2025-06-07 09:00:00,104692.2,105063.9,104498.9,104788.2,5212.648
3330,2025-06-07 10:00:00,104788.1,105184.7,104774.2,105097.1,382.328
3331,2025-06-07 11:00:00,105097.0,105316.3,104963.8,105094.4,779.188
3332,2025-06-07 12:00:00,105096.8,105625.0,105094.4,105396.0,1196.774
3333,2025-06-07 13:00:00,105395.9,105859.9,105253.0,105565.2,632.613
3334,2025-06-07 14:00:00,105565.2,105618.4,105234.5,105378.1,456.893
3335,2025-06-07 15:00:00,105378.1,105657.0,105294.9,105507.9,648.702
3336,2025-06-07 16:00:00,105507.9,105707.1,105250.0,105306.7,402.205
3337,2025-06-07 17:00:00,105302.1,105550.0,105284.5,105348.4,270.151
3338,2025-06-07 18:00:00,105348.4,105913.8,105345.0,105543.0,687.884
3339,2025-06-07 19:00:00,105543.0,106000.0,105482.2,105688.9,751.33
3340,2025-06-07 20:00:00,105694.2,105888.6,105636.8,105795.9,219.122
3341,2025-06-07 21:00:00,105797.9,105888.6,105637.4,105706.4,173.652
3342,2025-06-07 22:00:00,105710.6,106008.9,105525.3,105765.0,281.929
3343,2025-06-07 23:00:00,105764.9,105800.8,105620.1,105620.2,216.017
3344,2025-06-08 00:00:00,105620.2,105640.4,105400.0,105427.5,200.756
3345,2025-06-08 01:00:00,105427.7,105785.9,105359.2,105644.5,404.792
3346,2025-06-08 02:00:00,105644.6,105690.2,105384.3,105393.5,301.371
3347,2025-06-08 03:00:00,105393.5,105553.9,105247.4,105454.6,286.373
3348,2025-06-08 04:00:00,105452.3,105681.3,105360.9,105565.9,195.229
3349,2025-06-08 05:00:00,105565.9,105671.8,105435.1,105470.1,194.384
3350,2025-06-08 06:00:00,105470.1,105611.0,105470.0,105470.0,159.707
3351,2025-06-08 07:00:00,105470.1,105573.3,105350.4,105420.8,584.017
3352,2025-06-08 08:00:00,105437.1,105545.6,105378.2,105406.8,246.058
3353,2025-06-08 09:00:00,105407.8,105600.2,105100.0,105110.0,550.207
3354,2025-06-08 10:00:00,105106.8,105481.2,104943.6,105295.5,916.738
3355,2025-06-08 11:00:00,105298.4,105728.3,105276.2,105619.9,1121.953
3356,2025-06-08 12:00:00,105622.0,105685.3,105437.6,105660.1,540.609
3357,2025-06-08 13:00:00,105658.7,106000.0,105548.0,105588.3,4570.934
3358,2025-06-08 14:00:00,105588.3,105976.8,105544.6,105773.8,1185.747
3359,2025-06-08 15:00:00,105774.0,106158.0,105708.6,105916.0,1795.343
3360,2025-06-08 16:00:00,105917.6,107000.0,105809.7,106118.9,2070.041
3361,2025-06-08 17:00:00,106118.9,106356.7,105992.6,106039.6,892.175
3362,2025-06-08 18:00:00,106039.4,106273.7,105813.2,106253.0,973.522
3363,2025-06-08 19:00:00,106253.0,106412.4,106172.9,106239.0,306.027
3364,2025-06-08 20:00:00,106239.0,106280.0,106022.1,106100.7,1182.13
3365,2025-06-08 21:00:00,106100.1,106446.2,106100.0,106303.0,399.071
3366,2025-06-08 22:00:00,106296.7,106303.1,105654.6,105709.9,785.632
3367,2025-06-08 23:00:00,105707.8,105714.0,105560.0,105684.6,305.696
3368,2025-06-09 00:00:00,105680.9,105988.4,105600.0,105645.4,915.275
3369,2025-06-09 01:00:00,105645.4,105704.9,105488.2,105499.8,652.704
3370,2025-06-09 02:00:00,105491.4,105793.0,105461.0,105554.8,539.401
3371,2025-06-09 03:00:00,105551.8,105684.0,105391.1,105612.3,515.024
3372,2025-06-09 04:00:00,105612.3,105669.7,105400.0,105427.0,293.528
3373,2025-06-09 05:00:00,105400.0,105473.5,105391.5,105391.5,210.747
3374,2025-06-09 06:00:00,105391.6,105736.2,105391.0,105649.4,590.874
3375,2025-06-09 07:00:00,105649.4,105650.8,105444.4,105534.8,291.691
3376,2025-06-09 08:00:00,105530.6,106065.1,105391.0,105890.5,1081.611
3377,2025-06-09 09:00:00,105895.5,106841.1,105789.0,106569.1,1209.265
3378,2025-06-09 10:00:00,106569.1,108000.0,106389.1,107136.3,5703.956
3379,2025-06-09 11:00:00,107144.4,107899.9,107099.5,107676.0,3068.539
3380,2025-06-09 12:00:00,107675.9,107967.7,107426.8,107706.9,3238.077
3381,2025-06-09 13:00:00,107703.5,107862.3,106843.7,107002.8,1921.169
3382,2025-06-09 14:00:00,107002.8,108117.2,107002.8,107542.0,2433.407
3383,2025-06-09 15:00:00,107542.0,107962.8,107506.2,107573.0,2191.628
3384,2025-06-09 16:00:00,107572.9,108164.6,107565.7,107639.2,3410.453
3385,2025-06-09 17:00:00,107639.2,108448.9,107612.0,108275.3,2231.223
3386,2025-06-09 18:00:00,108275.3,108608.5,108241.9,108390.8,2193.289
3387,2025-06-09 19:00:00,108390.8,108749.8,108270.1,108525.4,1859.513
3388,2025-06-09 20:00:00,108524.4,108788.7,108377.7,108642.1,912.103
3389,2025-06-09 21:00:00,108637.2,110246.2,108632.3,109883.9,3659.446
3390,2025-06-09 22:00:00,109883.9,110360.6,109701.2,110165.8,1111.438
3391,2025-06-09 23:00:00,110143.3,110250.6,109854.4,110218.9,1849.294
3392,2025-06-10 00:00:00,110218.8,110255.6,109811.0,109870.6,663.602
3393,2025-06-10 01:00:00,109870.4,109890.0,109605.9,109752.9,440.203
3394,2025-06-10 02:00:00,109745.8,109768.3,109264.5,109612.3,446.295
3395,2025-06-10 03:00:00,109609.8,109623.0,109279.0,109514.6,286.3
3396,2025-06-10 04:00:00,109514.6,109637.0,109247.7,109469.8,271.545
3397,2025-06-10 05:00:00,109469.6,109664.1,109031.4,109269.3,449.571
3398,2025-06-10 06:00:00,109271.8,109633.9,109111.7,109502.2,399.098
3399,2025-06-10 07:00:00,109493.6,109514.0,109010.3,109193.7,403.233
3400,2025-06-10 08:00:00,109189.7,109400.5,109000.0,109047.3,388.58
3401,2025-06-10 09:00:00,109047.3,109533.6,109003.9,109475.4,633.312
3402,2025-06-10 10:00:00,109475.4,109580.1,109075.3,109262.0,711.227
3403,2025-06-10 11:00:00,109262.1,109995.2,109186.6,109495.9,1119.42
3404,2025-06-10 12:00:00,109498.0,109649.2,109142.0,109645.7,2342.878
3405,2025-06-10 13:00:00,109646.7,109828.9,108829.1,109266.9,2116.856
3406,2025-06-10 14:00:00,109266.9,109290.0,108451.5,108593.0,1227.917
3407,2025-06-10 15:00:00,108593.1,109142.0,108361.6,108960.8,2730.299
3408,2025-06-10 16:00:00,108960.4,109188.1,108639.1,108680.5,663.556
3409,2025-06-10 17:00:00,108680.5,109049.5,108605.7,108657.3,665.166
3410,2025-06-10 18:00:00,108657.3,109360.0,108530.7,109238.7,892.523
3411,2025-06-10 19:00:00,109239.1,110315.2,109239.1,109481.3,1594.323
3412,2025-06-10 20:00:00,109481.3,110028.6,109195.4,109929.6,1455.84
3413,2025-06-10 21:00:00,109929.8,109994.6,109428.7,109813.3,1486.123
3414,2025-06-10 22:00:00,109813.4,110191.4,109577.5,109687.9,584.264
3415,2025-06-10 23:00:00,109688.4,110310.8,109557.6,110242.3,572.835
3416,2025-06-11 00:00:00,110242.3,110249.8,109683.4,109780.0,396.074
3417,2025-06-11 01:00:00,109780.0,109803.8,109450.2,109576.3,273.661
3418,2025-06-11 02:00:00,109569.8,109798.0,109384.1,109642.2,270.119
3419,2025-06-11 03:00:00,109642.2,109983.0,109569.7,109673.9,503.693
3420,2025-06-11 04:00:00,109672.0,109702.4,109500.8,109522.0,184.475
3421,2025-06-11 05:00:00,109522.1,109709.0,109303.1,109423.8,331.526
3422,2025-06-11 06:00:00,109423.8,109806.3,109200.0,109559.4,624.757
3423,2025-06-11 07:00:00,109559.3,109697.5,109276.5,109389.2,369.301
3424,2025-06-11 08:00:00,109396.9,109597.3,109201.6,109593.0,314.683
3425,2025-06-11 09:00:00,109593.0,109604.0,109100.0,109219.4,448.446
3426,2025-06-11 10:00:00,109219.4,109499.9,109090.0,109315.0,361.224
3427,2025-06-11 11:00:00,109319.5,109384.8,108986.1,109224.9,427.935
3428,2025-06-11 12:00:00,109222.2,109858.5,108973.8,109649.2,3035.442
3429,2025-06-11 13:00:00,109649.2,109836.6,109104.5,109606.0,2805.694
3430,2025-06-11 14:00:00,109604.4,110454.1,109604.1,109810.0,3929.91
3431,2025-06-11 15:00:00,109810.0,109990.8,109620.0,109683.6,1270.278
3432,2025-06-11 16:00:00,109683.6,109738.5,109242.3,109500.0,1517.265
3433,2025-06-11 17:00:00,109500.0,109858.0,108935.4,108943.2,2886.522
3434,2025-06-11 18:00:00,108936.5,109035.9,108406.0,108754.6,3776.463
3435,2025-06-11 19:00:00,108753.8,109005.4,108531.7,108701.2,1730.312
3436,2025-06-11 20:00:00,108701.2,109057.7,108468.8,108833.0,1800.331
3437,2025-06-11 21:00:00,108832.4,109320.2,108391.1,108451.6,3099.995
3438,2025-06-11 22:00:00,108451.3,108630.4,108061.4,108376.0,2017.911
3439,2025-06-11 23:00:00,108376.0,108753.5,108306.0,108613.4,850.761
3440,2025-06-12 00:00:00,108615.6,108786.1,108307.5,108674.5,1219.205
3441,2025-06-12 01:00:00,108674.0,108677.4,108239.0,108481.3,1143.863
3442,2025-06-12 02:00:00,108481.3,108827.9,108348.2,108348.2,682.704
3443,2025-06-12 03:00:00,108348.8,108390.8,107785.0,107834.3,2361.733
3444,2025-06-12 04:00:00,107834.3,107885.8,107372.5,107727.1,1487.814
3445,2025-06-12 05:00:00,107727.1,108040.1,107523.3,107704.0,662.002
3446,2025-06-12 06:00:00,107703.9,108087.2,107612.9,107865.5,1171.36
3447,2025-06-12 07:00:00,107855.2,107953.2,107430.9,107585.8,1600.735
3448,2025-06-12 08:00:00,107585.8,107791.8,107399.1,107687.8,924.318
3449,2025-06-12 09:00:00,107687.8,107812.0,107456.5,107459.7,1260.803
3450,2025-06-12 10:00:00,107459.7,107483.2,107188.0,107297.4,2072.46
3451,2025-06-12 11:00:00,107297.4,107391.9,106847.6,106851.0,5109.143
3452,2025-06-12 12:00:00,106851.0,107442.6,106841.0,106935.1,2043.083
3453,2025-06-12 13:00:00,106935.1,107250.7,106597.4,107003.6,4151.727
3454,2025-06-12 14:00:00,107003.6,107650.1,106997.5,107546.4,5466.807
3455,2025-06-12 15:00:00,107548.8,107870.5,106874.7,107008.7,2936.656
3456,2025-06-12 16:00:00,107009.5,107685.0,106954.0,107684.9,4955.858
3457,2025-06-12 17:00:00,107684.9,108686.2,107550.8,108239.8,13370.628
3458,2025-06-12 18:00:00,108241.9,108346.9,107179.2,107526.1,1993.936
3459,2025-06-12 19:00:00,107520.5,107935.9,106723.3,106800.0,2583.837
3460,2025-06-12 20:00:00,106800.1,107000.3,105823.1,105910.9,7340.971
3461,2025-06-12 21:00:00,105910.9,106383.5,105840.0,105900.0,1941.83
3462,2025-06-12 22:00:00,105900.1,106310.3,105823.1,105837.1,2549.331
3463,2025-06-12 23:00:00,105839.0,106170.4,105700.0,105700.0,1913.083
3464,2025-06-13 00:00:00,105713.2,106940.1,103210.8,103777.5,17416.14
3465,2025-06-13 01:00:00,103776.8,103857.1,102761.8,103707.9,8914.92
3466,2025-06-13 02:00:00,103708.1,106940.1,103089.3,103596.6,3136.552
3467,2025-06-13 03:00:00,103596.5,104477.1,103596.5,104233.0,3126.245
3468,2025-06-13 04:00:00,104233.0,104479.6,103754.6,104372.7,1427.897
3469,2025-06-13 05:00:00,104372.8,104492.2,103954.5,103955.9,1166.403
3470,2025-06-13 06:00:00,103955.9,104682.3,103810.1,104645.6,1889.849
3471,2025-06-13 07:00:00,104645.6,104952.6,104331.0,104823.6,992.708
3472,2025-06-13 08:00:00,104823.6,105412.6,104686.5,104735.9,1292.436
3473,2025-06-13 09:00:00,104736.0,104870.1,104483.3,104776.0,830.983
3474,2025-06-13 10:00:00,104775.9,104992.1,104400.1,104836.4,1072.055
3475,2025-06-13 11:00:00,104829.3,105129.4,104522.2,104965.0,1963.857
3476,2025-06-13 12:00:00,104965.0,105206.2,104800.0,104800.7,1168.451
3477,2025-06-13 13:00:00,104800.1,105235.4,104634.6,104642.9,3721.014
3478,2025-06-13 14:00:00,104642.9,105087.5,104097.6,104968.5,2705.845
3479,2025-06-13 15:00:00,104968.5,105666.8,104828.0,105371.7,2261.645
3480,2025-06-13 16:00:00,105369.6,105895.6,105224.9,105729.6,1754.744
3481,2025-06-13 17:00:00,105729.5,105729.5,104800.3,105341.3,2469.363
3482,2025-06-13 18:00:00,105341.3,105400.0,104467.4,105088.3,6992.266
3483,2025-06-13 19:00:00,105091.7,105400.0,104892.3,105027.4,1071.527
3484,2025-06-13 20:00:00,105027.4,105508.1,105002.9,105369.0,1809.692
3485,2025-06-13 21:00:00,105369.0,105750.1,105337.9,105530.9,765.808
3486,2025-06-13 22:00:00,105530.9,105800.0,105316.9,105699.3,935.452
3487,2025-06-13 23:00:00,105699.3,106112.6,105696.9,106031.0,1820.532
3488,2025-06-14 00:00:00,106031.1,106169.6,105638.1,105714.6,653.955
3489,2025-06-14 01:00:00,105737.0,105814.5,105302.0,105422.1,538.642
3490,2025-06-14 02:00:00,105422.0,105666.7,105273.2,105323.2,314.032
3491,2025-06-14 03:00:00,105323.3,105433.7,105200.0,105209.1,328.128
3492,2025-06-14 04:00:00,105209.3,105496.0,105096.8,105327.2,415.602
3493,2025-06-14 05:00:00,105323.7,105363.0,102100.1,105246.0,9710.881
3494,2025-06-14 06:00:00,105246.0,105253.3,105000.6,105073.5,301.616
3495,2025-06-14 07:00:00,105073.5,105082.8,104703.0,105032.1,394.115
3496,2025-06-14 08:00:00,105032.3,105082.8,104658.0,105058.4,310.39
3497,2025-06-14 09:00:00,105058.4,105130.0,104807.4,104815.3,353.374
3498,2025-06-14 10:00:00,104815.3,105042.4,104751.6,104956.9,327.424
3499,2025-06-14 11:00:00,104954.9,105050.0,104876.4,105041.5,321.958
3500,2025-06-14 12:00:00,105040.7,105050.2,104749.0,104987.0,384.031
3501,2025-06-14 13:00:00,104987.0,105083.9,104800.7,104970.3,514.025
3502,2025-06-14 14:00:00,104961.4,105013.9,104615.8,104866.6,851.736
3503,2025-06-14 15:00:00,104866.6,104918.8,104426.8,104774.7,791.823
3504,2025-06-14 16:00:00,104774.6,104853.5,104287.4,104406.2,770.25
3505,2025-06-14 17:00:00,104406.2,104801.2,104342.6,104556.5,648.256
3506,2025-06-14 18:00:00,104556.5,105028.0,104354.7,104858.5,1352.478
3507,2025-06-14 19:00:00,104855.6,105079.9,104500.1,104625.2,1108.07
3508,2025-06-14 20:00:00,104625.2,104950.2,104276.8,104833.5,651.553
3509,2025-06-14 21:00:00,104833.4,105399.7,104819.6,105376.8,1822.656
3510,2025-06-14 22:00:00,105376.8,105488.8,105110.1,105340.0,1012.982
3511,2025-06-14 23:00:00,105339.9,105432.0,105272.3,105359.8,217.661
3512,2025-06-15 00:00:00,105359.8,105630.0,105112.4,105601.6,1377.471
3513,2025-06-15 01:00:00,105601.6,105739.7,105348.1,105361.8,390.846
3514,2025-06-15 02:00:00,105355.8,105736.2,105355.2,105424.0,426.509
3515,2025-06-15 03:00:00,105421.6,105618.5,105365.0,105425.6,243.047
3516,2025-06-15 04:00:00,105425.5,105687.5,105257.5,105510.1,286.352
3517,2025-06-15 05:00:00,105510.0,106034.3,105399.0,106033.9,2386.409
3518,2025-06-15 06:00:00,106033.9,106080.9,105383.5,105398.7,648.975
3519,2025-06-15 07:00:00,105399.5,105580.1,105157.5,105400.0,695.845
3520,2025-06-15 08:00:00,105400.0,105438.4,105025.5,105119.7,1306.215
3521,2025-06-15 09:00:00,105119.7,105258.1,104654.7,104884.8,2102.132
3522,2025-06-15 10:00:00,104884.8,105268.7,104883.8,105075.2,921.686
3523,2025-06-15 11:00:00,105075.3,105136.0,104868.3,104937.7,321.009
3524,2025-06-15 12:00:00,104927.4,105277.1,104925.0,105250.8,672.636
3525,2025-06-15 13:00:00,105250.7,105590.7,105200.5,105469.4,789.378
3526,2025-06-15 14:00:00,105471.1,105836.5,105222.1,105651.0,865.548
3527,2025-06-15 15:00:00,105649.4,105835.8,105457.1,105501.7,728.073
3528,2025-06-15 16:00:00,105505.1,105637.3,105295.9,105525.9,365.891
3529,2025-06-15 17:00:00,105525.9,105888.4,105458.0,105648.3,990.782
3530,2025-06-15 18:00:00,105647.0,105650.4,105410.1,105590.3,340.984
3531,2025-06-15 19:00:00,105529.6,105604.2,105050.0,105210.6,805.738
3532,2025-06-15 20:00:00,105209.1,105249.9,104572.0,104700.0,750.555
3533,2025-06-15 21:00:00,104700.0,104827.4,104443.6,104751.5,1356.667
3534,2025-06-15 22:00:00,104748.6,105317.4,104689.6,105210.1,801.677
3535,2025-06-15 23:00:00,105210.2,105565.2,105189.1,105530.7,483.329
3536,2025-06-16 00:00:00,105530.7,105700.1,105234.8,105379.9,661.936
3537,2025-06-16 01:00:00,105377.5,105961.0,104970.0,105864.1,1267.136
3538,2025-06-16 02:00:00,105857.3,106093.2,105659.8,105743.2,2401.071
3539,2025-06-16 03:00:00,105735.0,106037.9,105677.9,105871.1,1016.049
3540,2025-06-16 04:00:00,105871.1,106410.6,105844.3,106324.9,1591.616
3541,2025-06-16 05:00:00,106324.9,106754.8,106262.7,106516.8,1757.896
3542,2025-06-16 06:00:00,106516.8,106688.3,106302.1,106543.5,5803.761
3543,2025-06-16 07:00:00,106542.3,107262.5,106506.0,106999.6,1710.874
3544,2025-06-16 08:00:00,106999.6,107326.9,106869.0,107090.6,1655.489
3545,2025-06-16 09:00:00,107090.6,107186.9,106851.7,106896.6,857.144
3546,2025-06-16 10:00:00,106896.6,107158.8,106750.0,106777.7,756.663
3547,2025-06-16 11:00:00,106777.5,107046.1,106555.8,106850.1,1393.195
3548,2025-06-16 12:00:00,106850.1,106943.1,106557.7,106700.0,2840.597
3549,2025-06-16 13:00:00,106700.0,107143.8,106460.7,107086.9,4837.66
3550,2025-06-16 14:00:00,107086.8,107754.9,106765.1,107461.3,3365.657
3551,2025-06-16 15:00:00,107453.0,107657.0,107282.6,107381.1,2225.713
3552,2025-06-16 16:00:00,107381.0,107860.2,107266.2,107739.6,2038.27
3553,2025-06-16 17:00:00,107738.4,107949.4,107583.0,107691.2,1346.436
3554,2025-06-16 18:00:00,107691.2,108241.8,107682.8,108214.9,2079.15
3555,2025-06-16 19:00:00,108214.9,108812.1,108036.7,108587.8,4429.469
3556,2025-06-16 20:00:00,108589.5,108780.0,108324.4,108696.0,3692.94
3557,2025-06-16 21:00:00,108696.0,108845.1,108190.9,108470.7,1558.904
3558,2025-06-16 22:00:00,108470.7,108890.9,107500.0,107653.1,3615.231
3559,2025-06-16 23:00:00,107653.1,107989.2,106658.6,106664.8,3222.494
3560,2025-06-17 00:00:00,106664.8,107222.4,106115.9,107210.7,2149.592
3561,2025-06-17 01:00:00,107210.8,107404.5,106910.3,107130.8,977.974
3562,2025-06-17 02:00:00,107130.8,107483.0,106534.0,107445.8,1589.023
3563,2025-06-17 03:00:00,107445.8,107687.5,107298.0,107543.0,378.601
3564,2025-06-17 04:00:00,107543.0,107654.3,107264.3,107340.9,369.966
3565,2025-06-17 05:00:00,107340.9,107453.0,107006.4,107078.4,334.92
3566,2025-06-17 06:00:00,107078.3,107187.6,106721.6,106784.8,698.045
3567,2025-06-17 07:00:00,106785.3,107041.4,106257.1,106718.0,3332.881
3568,2025-06-17 08:00:00,106717.9,106848.0,106434.0,106521.0,478.202
3569,2025-06-17 09:00:00,106521.0,106697.1,106044.2,106126.9,1089.247
3570,2025-06-17 10:00:00,106126.6,106263.3,105522.9,105919.5,2012.062
3571,2025-06-17 11:00:00,105919.5,105919.5,105500.0,105608.3,2668.13
3572,2025-06-17 12:00:00,105608.4,105950.9,105442.1,105465.1,1960.675
3573,2025-06-17 13:00:00,105465.0,105760.0,105171.1,105295.1,2255.481
3574,2025-06-17 14:00:00,105295.1,105707.6,104700.0,104761.4,4244.54
3575,2025-06-17 15:00:00,104761.4,112884.6,104022.2,104502.5,3396.003
3576,2025-06-17 16:00:00,104502.5,104502.5,104502.5,104502.5,0.0
3577,2025-06-17 17:00:00,104502.5,104502.5,104502.5,104502.5,0.0
3578,2025-06-17 18:00:00,104502.5,104502.5,104502.5,104502.5,0.0
3579,2025-06-17 19:00:00,104502.5,104502.5,104502.5,104502.5,0.0
3580,2025-06-17 20:00:00,104502.5,104502.5,104502.5,104502.5,0.0
3581,2025-06-17 21:00:00,104502.5,104502.5,104502.5,104502.5,0.0
3582,2025-06-17 22:00:00,104502.5,104502.5,104502.5,104502.5,0.0
3583,2025-06-17 23:00:00,104502.5,104502.5,104502.5,104502.5,0.0
3584,2025-06-18 00:00:00,104502.5,104502.5,104502.5,104502.5,0.0
3585,2025-06-18 01:00:00,104125.1,104690.5,104125.1,104690.5,1326.373
3586,2025-06-18 02:00:00,104690.5,104690.5,104690.5,104690.5,0.0
3587,2025-06-18 03:00:00,104694.2,119999.0,104436.2,105132.1,30865.08
3588,2025-06-18 04:00:00,105132.2,105653.1,105131.0,105393.8,8721.528
3589,2025-06-18 05:00:00,105393.8,105667.0,105294.6,105368.6,366.764
3590,2025-06-18 06:00:00,105369.5,105469.1,104633.8,104931.9,2672.114
3591,2025-06-18 07:00:00,104931.9,105082.0,104693.4,105015.8,2874.716
3592,2025-06-18 08:00:00,105015.8,105368.3,104727.8,104897.4,1345.726
3593,2025-06-18 09:00:00,104897.4,105207.8,104528.7,104647.4,771.256
3594,2025-06-18 10:00:00,104650.6,104929.1,104155.3,104256.7,6834.947
3595,2025-06-18 11:00:00,104259.0,104809.3,104069.4,104791.2,2462.96
3596,2025-06-18 12:00:00,104791.1,104833.4,104400.0,104474.7,597.146
3597,2025-06-18 13:00:00,104474.7,104483.5,103891.2,104428.8,2945.231
3598,2025-06-18 14:00:00,104426.9,105301.0,104250.8,104599.0,2368.492
3599,2025-06-18 15:00:00,104600.2,104958.5,104159.9,104758.4,2329.395
3600,2025-06-18 16:00:00,104758.4,104913.8,104206.8,104500.0,1319.662
3601,2025-06-18 17:00:00,104506.4,104525.0,103563.8,104268.5,3043.648
3602,2025-06-18 18:00:00,104283.1,104715.6,103520.0,103574.9,5389.81
3603,2025-06-18 19:00:00,103574.9,104334.1,103405.9,103776.3,3642.794
3604,2025-06-18 20:00:00,103776.3,105034.6,103619.9,104772.9,6713.118
3605,2025-06-18 21:00:00,104772.9,105167.9,104328.2,105013.6,1770.396
3606,2025-06-18 22:00:00,105009.7,105084.2,104747.7,104764.2,356.518
3607,2025-06-18 23:00:00,104764.2,104907.6,104592.0,104821.2,262.159
3608,2025-06-19 00:00:00,104819.6,105164.5,104636.4,104887.1,373.095
3609,2025-06-19 01:00:00,104887.1,104904.7,104466.7,104546.0,510.257
3610,2025-06-19 02:00:00,104546.0,104947.8,104438.2,104707.5,357.426
3611,2025-06-19 03:00:00,104708.5,105172.9,104705.9,105049.7,494.611
3612,2025-06-19 04:00:00,105049.4,105109.9,104740.7,105010.0,305.673
3613,2025-06-19 05:00:00,105010.0,105143.0,104795.1,104842.3,750.097
3614,2025-06-19 06:00:00,104842.3,104930.8,104572.9,104651.6,271.72
3615,2025-06-19 07:00:00,104651.6,104859.4,104501.7,104585.8,583.804
3616,2025-06-19 08:00:00,104586.0,104989.5,104558.3,104687.9,2085.692
3617,2025-06-19 09:00:00,104687.9,104981.9,104676.4,104900.0,1481.713
3618,2025-06-19 10:00:00,104899.2,105075.5,104699.9,104894.9,1329.276
3619,2025-06-19 11:00:00,104894.9,104929.2,104675.0,104734.9,970.141
3620,2025-06-19 12:00:00,104734.9,104900.0,104612.2,104698.4,357.657
3621,2025-06-19 13:00:00,104698.4,104762.4,104223.4,104257.9,1354.354
3622,2025-06-19 14:00:00,104257.9,104634.9,103854.1,104170.0,3755.53
3623,2025-06-19 15:00:00,104172.7,104564.2,103917.3,104050.0,3518.736
3624,2025-06-19 16:00:00,104049.9,104350.0,104000.0,104026.2,999.505
3625,2025-06-19 17:00:00,104018.7,105743.0,104000.0,104487.3,3774.019
3626,2025-06-19 18:00:00,104487.3,104632.9,104300.0,104317.9,360.933
3627,2025-06-19 19:00:00,104317.9,104542.9,104100.0,104202.6,2345.562
3628,2025-06-19 20:00:00,104202.6,104450.0,104104.9,104219.1,816.611
3629,2025-06-19 21:00:00,104219.1,104554.9,104200.0,104280.3,637.509
3630,2025-06-19 22:00:00,104283.4,104792.5,104276.3,104544.8,1053.753
3631,2025-06-19 23:00:00,104546.8,104839.3,104448.7,104612.8,271.647
3632,2025-06-20 00:00:00,104612.9,104849.1,104501.6,104645.9,401.465
3633,2025-06-20 01:00:00,104647.8,104744.1,104359.8,104733.0,450.592
3634,2025-06-20 02:00:00,104733.0,104760.0,104550.0,104583.5,931.631
3635,2025-06-20 03:00:00,104583.5,104659.9,104459.4,104568.0,201.504
3636,2025-06-20 04:00:00,104568.0,104569.6,104250.0,104255.2,477.713
3637,2025-06-20 05:00:00,104250.1,104655.0,104250.0,104509.1,412.646
3638,2025-06-20 06:00:00,104499.2,104847.9,104499.2,104682.0,448.129
3639,2025-06-20 07:00:00,104682.1,105758.0,104398.8,105757.5,5686.65
3640,2025-06-20 08:00:00,105757.5,106552.6,105582.9,105929.1,3506.041
3641,2025-06-20 09:00:00,105929.1,106089.5,105726.4,105897.7,928.994
3642,2025-06-20 10:00:00,105897.7,106161.5,105783.4,105914.7,529.252
3643,2025-06-20 11:00:00,105909.9,106034.7,105656.6,105962.0,2616.952
3644,2025-06-20 12:00:00,105952.2,106087.1,105766.8,105931.7,633.345
3645,2025-06-20 13:00:00,105933.9,106092.1,105387.7,105601.2,1224.926
3646,2025-06-20 14:00:00,105598.3,105710.5,104000.0,104073.9,5681.967
3647,2025-06-20 15:00:00,104073.9,104527.9,104000.0,104172.2,6486.019
3648,2025-06-20 16:00:00,104172.2,104433.3,103600.0,103798.6,4723.568
3649,2025-06-20 17:00:00,103653.2,103900.9,102275.6,103223.9,10584.619
3650,2025-06-20 18:00:00,103219.0,103461.6,103010.2,103100.2,2451.691
3651,2025-06-20 19:00:00,103100.2,103438.4,102938.1,103321.6,1095.131
3652,2025-06-20 20:00:00,103314.1,103746.3,103293.0,103667.2,1971.829
3653,2025-06-20 21:00:00,103667.7,103677.5,103336.5,103477.8,1367.707
3654,2025-06-20 22:00:00,103479.8,103485.9,102938.1,103060.6,1962.553
3655,2025-06-20 23:00:00,103060.6,103405.1,102938.1,103300.0,986.053
3656,2025-06-21 00:00:00,103308.3,103324.0,103153.7,103206.3,189.925
3657,2025-06-21 01:00:00,103196.9,103528.6,103153.7,103456.3,1234.164
3658,2025-06-21 02:00:00,103456.3,103598.3,103354.3,103474.7,265.534
3659,2025-06-21 03:00:00,103473.8,103819.5,103443.2,103444.7,618.205
3660,2025-06-21 04:00:00,103444.7,103526.4,103200.0,103343.3,372.458
3661,2025-06-21 05:00:00,103343.2,103514.7,103302.3,103371.4,264.289
3662,2025-06-21 06:00:00,103371.3,103713.5,103268.0,103583.7,720.317
3663,2025-06-21 07:00:00,103583.5,103661.2,103316.8,103374.5,1369.826
3664,2025-06-21 08:00:00,103374.5,103878.8,103269.8,103800.0,2440.312
3665,2025-06-21 09:00:00,103800.0,103951.5,103625.5,103797.9,2400.443
3666,2025-06-21 10:00:00,103797.8,103985.9,103705.9,103809.6,1472.562
3667,2025-06-21 11:00:00,103809.5,103934.3,103711.0,103813.4,321.852
3668,2025-06-21 12:00:00,103807.8,103907.3,103731.3,103746.5,301.292
3669,2025-06-21 13:00:00,103746.5,103886.1,103388.6,103507.0,516.13
3670,2025-06-21 14:00:00,103507.0,103820.1,103208.7,103493.5,3551.387
3671,2025-06-21 15:00:00,103486.8,103678.0,103200.0,103539.4,927.771
3672,2025-06-21 16:00:00,103539.4,103787.8,103412.6,103462.5,1309.787
3673,2025-06-21 17:00:00,103462.1,103662.8,103200.0,103200.1,636.469
3674,2025-06-21 18:00:00,103200.1,103379.5,102476.7,102731.4,8385.024
3675,2025-06-21 19:00:00,102711.7,102767.4,102080.0,102203.0,6194.855
3676,2025-06-21 20:00:00,102201.8,102896.6,102030.1,102763.1,2982.776
3677,2025-06-21 21:00:00,102741.9,102785.0,100577.8,101540.0,13184.685
3678,2025-06-21 22:00:00,101540.0,102051.9,101500.0,101735.6,1464.772
3679,2025-06-21 23:00:00,101735.6,103594.1,100869.2,102073.1,7551.194
3680,2025-06-22 00:00:00,102073.1,103700.0,101880.9,102806.6,1811.867
3681,2025-06-22 01:00:00,102806.6,102946.9,102193.8,102348.2,531.076
3682,2025-06-22 02:00:00,102348.2,102805.7,101860.8,102365.8,2583.202
3683,2025-06-22 03:00:00,102365.9,102528.3,102119.2,102332.2,838.11
3684,2025-06-22 04:00:00,102333.7,102781.5,102242.8,102515.8,1227.337
3685,2025-06-22 05:00:00,102515.2,102893.6,102511.2,102826.5,1114.864
3686,2025-06-22 06:00:00,102826.7,102989.2,102700.0,102702.8,592.713
3687,2025-06-22 07:00:00,102706.1,102956.1,102218.1,102407.4,1934.279
3688,2025-06-22 08:00:00,102406.5,102850.1,102233.6,102673.7,684.154
3689,2025-06-22 09:00:00,102673.4,102872.4,102098.0,102155.9,1017.213
3690,2025-06-22 10:00:00,102155.9,102500.0,102121.2,102449.9,2904.573
3691,2025-06-22 11:00:00,102449.9,103106.5,102393.9,102685.0,11612.968
3692,2025-06-22 12:00:00,102686.7,102767.5,102538.7,102708.9,1196.425
3693,2025-06-22 13:00:00,102708.9,102754.8,100317.7,100818.8,8081.34
3694,2025-06-22 14:00:00,100818.5,103816.0,98996.9,99582.0,7798.39
3695,2025-06-22 15:00:00,99582.0,104450.0,98802.6,98893.4,3579.216
3696,2025-06-22 16:00:00,98893.4,99371.6,98571.9,99228.6,2140.45
3697,2025-06-22 17:00:00,99077.7,100218.7,99077.7,99433.0,1650.821
3698,2025-06-22 18:00:00,99432.0,99842.5,99309.9,99377.0,1301.831
3699,2025-06-22 19:00:00,99377.0,99395.0,98789.9,98837.3,656.592
3700,2025-06-22 20:00:00,98834.2,99715.2,98159.0,99478.1,3885.136
3701,2025-06-22 21:00:00,99478.1,99711.6,98991.9,99093.7,748.772
3702,2025-06-22 22:00:00,99093.7,101061.2,99093.7,100916.7,3013.605
3703,2025-06-22 23:00:00,100912.3,101009.1,100539.6,100915.5,1557.208
3704,2025-06-23 00:00:00,100915.4,101530.7,100440.2,100950.3,1191.771
3705,2025-06-23 01:00:00,100920.6,101100.0,100521.6,101047.6,859.472
3706,2025-06-23 02:00:00,101047.6,101300.0,100877.4,101257.7,561.316
3707,2025-06-23 03:00:00,101257.7,101300.0,100975.0,101089.9,385.358
3708,2025-06-23 04:00:00,101089.9,101414.4,101000.0,101115.7,459.713
3709,2025-06-23 05:00:00,101115.5,101566.0,101114.2,101469.4,364.83
3710,2025-06-23 06:00:00,101469.4,101469.4,101469.4,101469.4,0.0
3711,2025-06-23 07:00:00,101469.4,101469.4,101469.4,101469.4,0.0
3712,2025-06-23 08:00:00,101800.0,102268.4,101671.7,101836.6,8812.355
3713,2025-06-23 09:00:00,101835.9,101835.9,101344.0,101493.6,2840.36
3714,2025-06-23 10:00:00,101493.6,101610.7,101088.4,101421.6,1145.778
3715,2025-06-23 11:00:00,101421.6,101535.0,101128.4,101284.2,441.373
3716,2025-06-23 12:00:00,101284.2,101672.5,100918.9,101641.1,1365.681
3717,2025-06-23 13:00:00,101641.1,102409.7,100812.0,102351.4,16433.142
3718,2025-06-23 14:00:00,102355.5,102700.0,101552.9,101709.6,6519.866
3719,2025-06-23 15:00:00,101709.6,102500.1,101267.3,101379.4,1399.408
3720,2025-06-23 16:00:00,101379.4,104000.0,99643.0,100695.1,10374.086
3721,2025-06-23 17:00:00,100691.1,104000.0,100495.2,102436.4,17622.189
3722,2025-06-23 18:00:00,102438.5,103913.0,102402.8,102903.1,2647.838
3723,2025-06-23 19:00:00,102900.0,103201.1,102500.0,103143.6,9420.491
3724,2025-06-23 20:00:00,103141.1,103913.0,102853.5,103664.0,2640.328
3725,2025-06-23 21:00:00,103670.5,104165.6,103575.5,103645.4,2640.932
3726,2025-06-23 22:00:00,103640.5,105981.9,103640.2,105502.2,9635.907
3727,2025-06-23 23:00:00,105503.1,105815.9,105001.3,105291.3,8422.502
3728,2025-06-24 00:00:00,105291.3,105434.5,104843.8,105065.8,651.087
3729,2025-06-24 01:00:00,105065.8,105431.4,104932.3,105390.3,945.763
3730,2025-06-24 02:00:00,105387.6,105389.9,104618.2,104726.0,609.553
3731,2025-06-24 03:00:00,104725.9,105178.0,104697.1,104886.5,455.14
3732,2025-06-24 04:00:00,104886.5,104910.6,104589.4,104782.9,458.079
3733,2025-06-24 05:00:00,104783.1,105483.0,104480.2,105356.4,5664.471
3734,2025-06-24 06:00:00,105356.0,105778.8,105108.5,105620.2,1425.45
3735,2025-06-24 07:00:00,105617.2,105713.3,104847.0,104907.7,1700.062
3736,2025-06-24 08:00:00,104907.4,105115.5,104605.0,104958.0,4866.127
3737,2025-06-24 09:00:00,104958.0,105513.7,104921.1,105152.0,1631.894
3738,2025-06-24 10:00:00,105152.1,105458.4,104987.9,105304.5,6777.759
3739,2025-06-24 11:00:00,105304.5,105344.1,104973.8,105206.5,607.101
3740,2025-06-24 12:00:00,105206.5,105326.7,104916.3,105161.2,1615.507
3741,2025-06-24 13:00:00,105157.0,105368.9,104813.4,105020.6,2011.404
3742,2025-06-24 14:00:00,105020.6,110000.0,104941.3,105460.9,9658.097
3743,2025-06-24 15:00:00,105460.4,105781.0,105200.0,105201.2,1849.338
3744,2025-06-24 16:00:00,105200.1,106167.3,105200.0,106150.4,1789.133
3745,2025-06-24 17:00:00,106151.3,106212.0,105559.1,105991.7,2691.911
3746,2025-06-24 18:00:00,105991.6,106030.9,105486.4,105488.9,944.41
3747,2025-06-24 19:00:00,105483.0,105594.3,105287.3,105569.7,714.667
3748,2025-06-24 20:00:00,105575.1,106152.4,105397.9,106030.2,996.262
3749,2025-06-24 21:00:00,106030.2,106082.2,105686.5,105942.2,460.967
3750,2025-06-24 22:00:00,105939.1,105976.5,105703.8,105970.0,397.378
3751,2025-06-24 23:00:00,105970.0,106162.9,105581.1,106026.6,808.378
3752,2025-06-25 00:00:00,106026.6,106699.0,105770.7,106333.8,954.243
3753,2025-06-25 01:00:00,106331.0,106598.4,105960.0,106314.0,647.306
3754,2025-06-25 02:00:00,106314.0,106885.4,106262.6,106428.6,856.313
3755,2025-06-25 03:00:00,106428.7,106600.0,106170.0,106181.1,454.281
3756,2025-06-25 04:00:00,106182.0,106252.3,105982.5,106137.0,549.179
3757,2025-06-25 05:00:00,106137.0,106428.7,106007.3,106180.0,1890.813
3758,2025-06-25 06:00:00,106180.0,106551.7,106075.0,106352.7,323.669
3759,2025-06-25 07:00:00,106352.7,106760.4,106272.5,106567.4,803.167
3760,2025-06-25 08:00:00,106567.4,106607.0,106138.3,106545.0,6666.772
3761,2025-06-25 09:00:00,106555.2,106890.7,106391.3,106585.3,2923.246
3762,2025-06-25 10:00:00,106585.3,107234.2,106540.6,107055.5,1778.176
3763,2025-06-25 11:00:00,107055.7,107163.6,106773.8,107157.8,1190.889
3764,2025-06-25 12:00:00,107157.9,107200.0,106876.1,107171.1,765.71
3765,2025-06-25 13:00:00,107171.1,108164.8,107123.6,107877.3,2533.869
3766,2025-06-25 14:00:00,107877.3,108072.7,107211.9,107577.4,2744.567
3767,2025-06-25 15:00:00,107577.4,107771.9,106708.1,106986.5,3910.71
3768,2025-06-25 16:00:00,106982.7,107462.7,106964.7,107087.4,929.556
3769,2025-06-25 17:00:00,107087.4,107458.6,106893.0,107356.7,820.783
3770,2025-06-25 18:00:00,107356.7,107470.3,107129.3,107349.9,1439.407
3771,2025-06-25 19:00:00,107348.2,107855.0,107328.1,107669.8,6983.311
3772,2025-06-25 20:00:00,107669.8,107800.0,107500.0,107728.1,642.013
3773,2025-06-25 21:00:00,107725.5,107946.1,107500.0,107500.2,1756.28
3774,2025-06-25 22:00:00,107500.2,107602.1,107146.1,107232.5,2844.405
3775,2025-06-25 23:00:00,107232.5,107448.4,107037.6,107287.1,987.624
3776,2025-06-26 00:00:00,107288.3,107611.5,107200.1,107268.9,822.757
3777,2025-06-26 01:00:00,107268.9,107833.7,107200.1,107576.1,753.497
3778,2025-06-26 02:00:00,107576.1,107933.7,107513.2,107871.4,1459.736
3779,2025-06-26 03:00:00,107871.4,108260.0,107627.5,107804.4,1278.973
3780,2025-06-26 04:00:00,107804.2,107995.4,107648.0,107799.6,694.469
3781,2025-06-26 05:00:00,107802.1,107807.7,107500.0,107586.4,323.827
3782,2025-06-26 06:00:00,107588.2,107846.5,107521.5,107716.7,234.489
3783,2025-06-26 07:00:00,107716.6,108039.5,107692.6,107758.1,420.444
3784,2025-06-26 08:00:00,107758.1,108065.9,107637.0,107720.0,502.292
3785,2025-06-26 09:00:00,107720.0,107721.5,107244.8,107260.3,1279.473
3786,2025-06-26 10:00:00,107260.1,107594.6,106995.0,107374.6,3901.648
3787,2025-06-26 11:00:00,107374.6,107508.2,106964.9,107272.7,891.52
3788,2025-06-26 12:00:00,107272.7,107374.5,107023.1,107065.0,477.823
3789,2025-06-26 13:00:00,107065.1,107266.5,106813.2,106976.3,1660.148
3790,2025-06-26 14:00:00,106973.9,107676.5,106800.3,107406.5,2029.71
3791,2025-06-26 15:00:00,107408.1,107458.0,106600.8,107257.3,1008.864
3792,2025-06-26 16:00:00,107257.2,107389.6,106976.9,107114.4,728.071
3793,2025-06-26 17:00:00,107114.4,107550.4,107005.8,107157.5,1728.327
3794,2025-06-26 18:00:00,107155.2,107683.6,107090.7,107324.6,1402.301
3795,2025-06-26 19:00:00,107324.6,107748.9,107297.0,107522.4,1246.451
3796,2025-06-26 20:00:00,107512.8,107915.7,107352.8,107720.9,1503.323
3797,2025-06-26 21:00:00,107722.7,107727.6,106806.4,106959.8,481.129
3798,2025-06-26 22:00:00,106969.5,107166.2,106916.9,106941.0,307.945
3799,2025-06-26 23:00:00,106940.9,107135.2,106850.0,106889.1,1151.817
3800,2025-06-27 00:00:00,106889.1,107283.1,106700.0,106700.1,1205.028
3801,2025-06-27 01:00:00,106700.1,107229.2,106441.9,107109.7,1170.873
3802,2025-06-27 02:00:00,107107.4,107228.4,107011.2,107194.4,825.009
3803,2025-06-27 03:00:00,107198.5,107472.1,107124.5,107421.7,365.363
3804,2025-06-27 04:00:00,107421.7,107500.0,107163.9,107453.2,1433.032
3805,2025-06-27 05:00:00,107453.2,107500.0,107120.2,107226.9,352.263
3806,2025-06-27 06:00:00,107226.9,107332.9,107019.2,107267.5,384.611
3807,2025-06-27 07:00:00,107265.6,107663.3,106822.7,106889.9,1002.328
3808,2025-06-27 08:00:00,106853.1,107149.2,106614.1,106957.7,675.761
3809,2025-06-27 09:00:00,106957.8,107229.3,106739.2,107094.4,434.043
3810,2025-06-27 10:00:00,107094.4,107130.4,106925.8,106989.2,336.517
3811,2025-06-27 11:00:00,106980.9,107106.2,106868.4,106935.9,343.064
3812,2025-06-27 12:00:00,106933.7,107234.5,106650.0,106658.1,1022.604
3813,2025-06-27 13:00:00,106650.0,106975.0,106397.2,106719.9,1466.911
3814,2025-06-27 14:00:00,106719.9,107234.5,106365.6,106511.1,1521.572
3815,2025-06-27 15:00:00,106511.1,107385.2,106417.5,107338.9,1194.739
3816,2025-06-27 16:00:00,107358.1,107549.9,107089.9,107424.6,898.928
3817,2025-06-27 17:00:00,107424.6,107519.9,106365.6,106842.4,11971.277
3818,2025-06-27 18:00:00,106842.4,107000.7,106485.5,106625.5,835.006
3819,2025-06-27 19:00:00,106625.5,107102.8,106561.3,106803.3,569.063
3820,2025-06-27 20:00:00,106790.4,107137.6,106755.3,107066.7,460.197
3821,2025-06-27 21:00:00,107066.7,107285.9,106998.6,106998.6,351.949
3822,2025-06-27 22:00:00,106998.6,107160.4,106998.4,107060.0,162.235
3823,2025-06-27 23:00:00,107060.0,107107.4,106900.0,106984.4,179.885
3824,2025-06-28 00:00:00,106984.4,107261.1,106900.0,107022.2,371.998
3825,2025-06-28 01:00:00,107021.9,107095.2,106900.0,107011.9,383.96
3826,2025-06-28 02:00:00,107011.9,107277.3,106970.4,107139.4,571.939
3827,2025-06-28 03:00:00,107129.5,107448.3,107033.9,107248.0,788.098
3828,2025-06-28 04:00:00,107248.1,107331.7,107128.9,107143.2,229.689
3829,2025-06-28 05:00:00,107143.2,107345.9,107141.1,107242.3,284.363
3830,2025-06-28 06:00:00,107242.2,107550.7,107242.1,107368.0,388.631
3831,2025-06-28 07:00:00,107369.1,107600.0,107291.8,107433.0,361.303
3832,2025-06-28 08:00:00,107433.0,107452.2,107301.5,107330.9,164.606
3833,2025-06-28 09:00:00,107329.8,107337.7,107088.3,107251.8,258.494
3834,2025-06-28 10:00:00,107251.8,107331.7,107021.2,107214.1,2225.129
3835,2025-06-28 11:00:00,107214.2,107342.4,107033.4,107320.7,363.203
3836,2025-06-28 12:00:00,107320.2,107470.1,107231.0,107281.2,1411.05
3837,2025-06-28 13:00:00,107281.1,107304.7,107037.7,107066.6,797.048
3838,2025-06-28 14:00:00,107066.6,107376.9,106995.5,107157.7,978.978
3839,2025-06-28 15:00:00,107157.7,107527.9,107150.6,107412.7,1082.299
3840,2025-06-28 16:00:00,107413.2,107487.6,107216.8,107250.2,313.216
3841,2025-06-28 17:00:00,107250.2,107491.1,107232.0,107418.2,245.812
3842,2025-06-28 18:00:00,107418.2,107422.1,107080.3,107277.9,215.898
3843,2025-06-28 19:00:00,107277.8,107527.6,107203.1,107224.7,3460.228
3844,2025-06-28 20:00:00,107223.2,107309.5,107096.8,107136.1,283.411
3845,2025-06-28 21:00:00,107136.1,107462.1,107100.8,107270.1,408.751
3846,2025-06-28 22:00:00,107270.1,107492.3,107210.3,107309.4,210.06
3847,2025-06-28 23:00:00,107309.4,107311.9,107221.6,107241.0,144.117
3848,2025-06-29 00:00:00,107241.0,107561.0,107100.8,107433.8,1363.433
3849,2025-06-29 01:00:00,107434.1,107438.7,107260.3,107269.4,109.329
3850,2025-06-29 02:00:00,107269.5,107370.1,107134.4,107260.7,224.955
3851,2025-06-29 03:00:00,107263.0,107336.9,107137.8,107156.5,117.11
3852,2025-06-29 04:00:00,107156.6,107235.4,107156.5,107220.2,100.023
3853,2025-06-29 05:00:00,107220.2,107276.8,107156.0,107263.6,106.171
3854,2025-06-29 06:00:00,107260.2,107482.9,107259.7,107338.8,734.757
3855,2025-06-29 07:00:00,107338.8,107430.2,107269.9,107313.8,135.409
3856,2025-06-29 08:00:00,107313.8,107686.9,107312.9,107632.2,1645.188
3857,2025-06-29 09:00:00,107632.2,107920.0,107600.0,107800.6,848.53
3858,2025-06-29 10:00:00,107802.4,108236.9,107743.1,108137.0,3461.486
3859,2025-06-29 11:00:00,108137.1,108572.8,108010.5,108415.7,538.507
3860,2025-06-29 12:00:00,108415.7,108582.8,108000.0,108187.6,1652.036
3861,2025-06-29 13:00:00,108177.1,108325.0,108095.7,108095.7,997.15
3862,2025-06-29 14:00:00,108095.8,108193.3,107291.7,107899.2,12499.246
3863,2025-06-29 15:00:00,107899.2,108047.8,107612.3,107690.5,838.208
3864,2025-06-29 16:00:00,107690.5,107750.0,107306.8,107494.4,3147.429
3865,2025-06-29 17:00:00,107494.4,107550.4,107260.0,107472.5,430.759
3866,2025-06-29 18:00:00,107472.5,107762.8,107400.2,107573.9,544.773
3867,2025-06-29 19:00:00,107573.9,107793.1,107372.6,107373.3,1220.68
3868,2025-06-29 20:00:00,107372.7,107504.4,107325.6,107325.6,249.626
3869,2025-06-29 21:00:00,107325.6,107652.7,107260.0,107505.6,1228.659
3870,2025-06-29 22:00:00,107505.6,108187.6,107504.5,108030.6,1396.361
3871,2025-06-29 23:00:00,108030.6,108424.0,107982.2,108309.8,1080.931
3872,2025-06-30 00:00:00,108309.8,108743.9,108192.4,108653.9,1532.818
3873,2025-06-30 01:00:00,108653.9,108719.3,108396.3,108488.7,350.103
3874,2025-06-30 02:00:00,108488.7,108604.9,108389.0,108416.6,259.76
3875,2025-06-30 03:00:00,108416.6,108518.4,108290.6,108490.7,285.403
3876,2025-06-30 04:00:00,108490.7,108496.5,108247.9,108259.8,217.426
3877,2025-06-30 05:00:00,108259.8,108323.1,107910.4,108230.1,338.79
3878,2025-06-30 06:00:00,108229.6,108250.2,107390.4,107530.8,1975.043
3879,2025-06-30 07:00:00,107530.8,107887.1,107396.4,107562.5,848.723
3880,2025-06-30 08:00:00,107562.5,107887.4,107380.0,107458.2,632.592
3881,2025-06-30 09:00:00,107454.8,107632.8,107363.0,107436.9,1907.123
3882,2025-06-30 10:00:00,107436.9,107740.2,107415.2,107595.2,436.93
3883,2025-06-30 11:00:00,107595.6,107967.3,107564.4,107616.6,715.329
3884,2025-06-30 12:00:00,107616.9,107771.0,107616.6,107618.6,383.453
3885,2025-06-30 13:00:00,107618.7,107928.6,107440.8,107462.4,1495.285
3886,2025-06-30 14:00:00,107462.4,108192.5,106833.6,106833.6,16463.758
3887,2025-06-30 15:00:00,106833.6,107728.7,106700.0,107542.3,1279.975
3888,2025-06-30 16:00:00,107541.1,107784.2,107233.5,107554.4,550.092
3889,2025-06-30 17:00:00,107552.1,107872.2,107413.6,107422.7,770.039
3890,2025-06-30 18:00:00,107422.7,107570.9,107100.1,107209.0,971.78
3891,2025-06-30 19:00:00,107209.7,107724.2,107171.0,107707.9,643.987
3892,2025-06-30 20:00:00,107707.9,107712.3,107435.8,107507.0,283.864
3893,2025-06-30 21:00:00,107517.9,107545.2,106897.8,107072.4,395.731
3894,2025-06-30 22:00:00,107070.0,107246.9,107022.2,107100.0,376.398
3895,2025-06-30 23:00:00,107100.0,107243.0,107011.6,107102.0,282.534
3896,2025-07-01 00:00:00,107099.3,107425.9,107000.0,107298.7,389.848
3897,2025-07-01 01:00:00,107298.7,107551.7,107130.0,107172.3,380.112
3898,2025-07-01 02:00:00,107170.9,107366.5,107100.0,107117.7,331.568
3899,2025-07-01 03:00:00,107117.7,107331.7,106918.4,107171.1,391.202
3900,2025-07-01 04:00:00,107168.4,107306.5,106828.2,106829.8,755.316
3901,2025-07-01 05:00:00,106829.8,107058.6,106693.3,106972.3,976.416
3902,2025-07-01 06:00:00,106950.1,107019.3,106600.0,106840.9,2187.541
3903,2025-07-01 07:00:00,106840.9,107213.2,106574.1,107115.6,2192.144
3904,2025-07-01 08:00:00,107115.6,107117.6,106636.3,106666.0,304.406
3905,2025-07-01 09:00:00,106666.1,106881.1,106447.1,106508.7,691.162
3906,2025-07-01 10:00:00,106507.1,106611.3,106300.0,106400.0,837.58
3907,2025-07-01 11:00:00,106399.9,106681.6,106249.4,106550.0,1203.316
3908,2025-07-01 12:00:00,106550.0,106820.8,106197.6,106384.9,1433.226
3909,2025-07-01 13:00:00,106369.5,106900.0,106259.2,106753.4,2069.496
3910,2025-07-01 14:00:00,106753.3,107158.9,105752.1,105840.7,2104.265
3911,2025-07-01 15:00:00,105790.9,106189.2,105605.9,105953.4,1231.283
3912,2025-07-01 16:00:00,105953.3,106313.9,105885.0,106045.5,1323.679
3913,2025-07-01 17:00:00,106045.5,106409.2,105882.6,106217.4,689.704
3914,2025-07-01 18:00:00,106205.3,106230.3,105647.5,105726.2,896.567
3915,2025-07-01 19:00:00,105722.8,105827.3,105252.4,105353.7,14593.667
3916,2025-07-01 20:00:00,105352.7,105895.0,105201.0,105877.9,1206.215
3917,2025-07-01 21:00:00,105878.9,106000.0,105681.0,105714.6,4745.677
3918,2025-07-01 22:00:00,105713.6,105866.6,105600.0,105600.0,327.684
3919,2025-07-01 23:00:00,105600.0,105704.0,105319.6,105637.2,2529.442
3920,2025-07-02 00:00:00,105637.1,105772.9,105312.1,105350.3,708.274
3921,2025-07-02 01:00:00,105342.4,106000.0,105121.0,105669.9,2647.552
3922,2025-07-02 02:00:00,105670.0,105942.2,105494.0,105855.6,780.904
3923,2025-07-02 03:00:00,105855.6,106573.8,105820.7,106122.8,11220.795
3924,2025-07-02 04:00:00,106122.8,106536.9,106099.3,106344.7,845.841
3925,2025-07-02 05:00:00,106344.0,106617.2,106251.5,106590.9,699.384
3926,2025-07-02 06:00:00,106591.0,106964.5,106394.2,106964.4,966.92
3927,2025-07-02 07:00:00,106964.5,107100.0,106622.8,107079.9,703.185
3928,2025-07-02 08:00:00,107079.9,108800.0,107079.9,107694.5,2144.049
3929,2025-07-02 09:00:00,107694.5,107918.8,107326.8,107590.4,1797.16
3930,2025-07-02 10:00:00,107590.4,107937.2,107519.6,107784.8,1033.285
3931,2025-07-02 11:00:00,107784.9,107969.6,107330.0,107439.7,1348.66
3932,2025-07-02 12:00:00,107439.6,107635.1,107146.5,107362.5,392.686
3933,2025-07-02 13:00:00,107333.0,107980.1,107240.6,107727.0,1561.51
3934,2025-07-02 14:00:00,107726.4,108125.1,107629.6,108092.4,2277.691
3935,2025-07-02 15:00:00,108092.4,108755.4,108065.9,108695.0,3255.602
3936,2025-07-02 16:00:00,108695.4,109600.0,107869.8,109357.2,14577.935
3937,2025-07-02 17:00:00,109357.2,109625.7,108788.9,109078.2,1562.528
3938,2025-07-02 18:00:00,109078.7,109493.2,108794.6,109482.5,439.028
3939,2025-07-02 19:00:00,109482.5,109625.7,109250.1,109624.1,539.654
3940,2025-07-02 20:00:00,109623.1,109625.7,108916.8,109106.3,289.797
3941,2025-07-02 21:00:00,109105.5,109499.7,109074.0,109402.4,195.334
3942,2025-07-02 22:00:00,109402.4,109402.6,109069.9,109200.0,523.593
3943,2025-07-02 23:00:00,109200.1,109261.0,108800.1,108800.1,1384.999
3944,2025-07-03 00:00:00,108801.2,109214.2,108800.1,108902.6,384.006
3945,2025-07-03 01:00:00,108900.0,109197.1,108900.0,108983.1,281.562
3946,2025-07-03 02:00:00,108983.1,109106.4,108387.2,108667.4,817.569
3947,2025-07-03 03:00:00,108667.4,108878.3,108523.1,108580.2,401.455
3948,2025-07-03 04:00:00,108580.2,108931.6,108519.3,108800.5,435.27
3949,2025-07-03 05:00:00,108800.5,109310.0,108800.1,109290.3,904.968
3950,2025-07-03 06:00:00,109290.3,109648.4,109169.0,109446.4,846.197
3951,2025-07-03 07:00:00,109446.3,109473.8,109074.0,109244.4,270.694
3952,2025-07-03 08:00:00,109254.5,109600.0,109221.5,109325.2,315.054
3953,2025-07-03 09:00:00,109325.1,110273.1,109289.6,109890.2,1494.884
3954,2025-07-03 10:00:00,109891.5,110066.9,109543.0,109794.7,1326.376
3955,2025-07-03 11:00:00,109794.7,109842.0,109472.9,109560.0,332.254
3956,2025-07-03 12:00:00,109560.1,109900.0,108750.0,109114.5,3179.389
3957,2025-07-03 13:00:00,109120.0,110480.0,109004.9,110212.3,3573.148
3958,2025-07-03 14:00:00,110220.3,110421.7,109600.0,109665.0,1869.611
3959,2025-07-03 15:00:00,109664.6,109876.4,109095.7,109200.1,846.965
3960,2025-07-03 16:00:00,109215.5,109599.9,109005.9,109272.3,2076.396
3961,2025-07-03 17:00:00,109273.9,109676.5,109112.4,109489.5,789.921
3962,2025-07-03 18:00:00,109494.0,109672.6,109250.0,109619.2,1122.571
3963,2025-07-03 19:00:00,109619.2,110009.4,109486.2,109748.7,5059.711
3964,2025-07-03 20:00:00,109751.5,109954.0,109560.1,109899.6,231.398
3965,2025-07-03 21:00:00,109899.9,109959.0,109652.1,109744.9,409.981
3966,2025-07-03 22:00:00,109744.6,109860.1,109469.9,109656.0,200.616
3967,2025-07-03 23:00:00,109655.9,109773.9,109400.5,109550.2,189.675
3968,2025-07-04 00:00:00,109550.2,109804.6,109398.9,109452.2,1261.217
3969,2025-07-04 01:00:00,109451.4,109676.4,109389.4,109455.1,140.024
3970,2025-07-04 02:00:00,109455.0,109494.7,109093.8,109143.4,1266.916
3971,2025-07-04 03:00:00,109143.4,109340.1,109114.9,109192.1,405.137
3972,2025-07-04 04:00:00,109195.7,109285.0,109000.0,109000.1,937.254
3973,2025-07-04 05:00:00,109009.0,109316.5,108927.0,108958.8,614.08
3974,2025-07-04 06:00:00,108958.5,109145.8,108757.0,108982.5,1566.882
3975,2025-07-04 07:00:00,108982.7,109103.6,108664.5,108664.5,432.868
3976,2025-07-04 08:00:00,108664.5,108928.4,108500.0,108800.1,1031.904
3977,2025-07-04 09:00:00,108808.5,109251.1,108760.0,108937.9,2519.2
3978,2025-07-04 10:00:00,108938.0,109032.0,108793.4,108834.9,528.243
3979,2025-07-04 11:00:00,108834.9,109222.0,108829.4,108924.5,969.163
3980,2025-07-04 12:00:00,108924.6,108965.6,108652.1,108664.9,222.487
3981,2025-07-04 13:00:00,108664.9,108923.6,107866.2,107929.9,6529.968
3982,2025-07-04 14:00:00,107929.9,108177.2,107438.1,107768.5,1788.329
3983,2025-07-04 15:00:00,107768.3,107999.9,107526.0,107620.3,1047.67
3984,2025-07-04 16:00:00,107620.3,107832.6,107131.6,107608.4,3867.46
3985,2025-07-04 17:00:00,107605.9,108072.9,107593.2,107815.5,2218.895
3986,2025-07-04 18:00:00,107823.7,107921.2,107450.0,107455.1,287.948
3987,2025-07-04 19:00:00,107450.0,107722.4,107075.1,107429.7,1580.587
3988,2025-07-04 20:00:00,107429.6,107941.2,107400.4,107646.9,772.631
3989,2025-07-04 21:00:00,107651.0,107941.2,107619.9,107867.4,223.912
3990,2025-07-04 22:00:00,107867.4,108367.0,107867.4,108199.5,5083.25
3991,2025-07-04 23:00:00,108199.8,108221.3,107897.7,107939.7,140.528
3992,2025-07-05 00:00:00,107935.3,108249.4,107909.9,108147.7,190.798
3993,2025-07-05 01:00:00,108136.9,108141.8,107859.3,107945.2,177.573
3994,2025-07-05 02:00:00,107939.8,108183.2,107666.9,108015.9,195.248
3995,2025-07-05 03:00:00,108014.1,108246.8,108014.1,108083.9,233.391
3996,2025-07-05 04:00:00,108083.9,108360.2,107885.5,108084.4,289.418
3997,2025-07-05 05:00:00,108084.4,108124.9,107967.4,108081.9,172.954
3998,2025-07-05 06:00:00,108082.7,108244.8,108006.3,108228.0,187.504
3999,2025-07-05 07:00:00,108228.0,108230.1,107946.1,107980.9,209.04
4000,2025-07-05 08:00:00,107980.9,108170.6,107834.8,107980.1,237.615
4001,2025-07-05 09:00:00,107980.1,108161.1,107900.0,108033.6,323.781
4002,2025-07-05 10:00:00,108033.5,108261.5,107973.6,108036.6,244.189
4003,2025-07-05 11:00:00,108036.6,108170.8,108036.6,108063.4,171.915
4004,2025-07-05 12:00:00,108063.4,108111.7,107900.0,108110.8,249.081
4005,2025-07-05 13:00:00,108106.0,108322.6,108032.2,108077.5,331.575
4006,2025-07-05 14:00:00,108077.5,108304.6,108004.6,108150.1,227.272
4007,2025-07-05 15:00:00,108150.0,108283.2,107950.0,108012.6,222.466
4008,2025-07-05 16:00:00,108012.6,108268.9,107900.0,108052.0,1629.747
4009,2025-07-05 17:00:00,108052.0,108118.0,107900.0,108071.9,302.392
4010,2025-07-05 18:00:00,108050.1,108178.8,107900.0,107942.2,312.492
4011,2025-07-05 19:00:00,107942.3,108200.1,107900.0,108094.2,174.116
4012,2025-07-05 20:00:00,108092.2,108118.8,108000.0,108056.1,139.006
4013,2025-07-05 21:00:00,108042.1,108129.6,108000.0,108023.3,103.125
4014,2025-07-05 22:00:00,108028.3,108293.0,108000.0,108136.5,512.78
4015,2025-07-05 23:00:00,108131.4,108293.9,108105.1,108153.3,348.454
4016,2025-07-06 00:00:00,108153.4,108378.6,108000.0,108159.2,161.245
4017,2025-07-06 01:00:00,108159.2,108202.9,108023.1,108152.2,107.925
4018,2025-07-06 02:00:00,108152.1,108220.0,108000.0,108001.8,163.671
4019,2025-07-06 03:00:00,108001.8,108101.0,108000.0,108001.9,110.212
4020,2025-07-06 04:00:00,108000.1,108060.6,108000.0,108000.1,149.234
4021,2025-07-06 05:00:00,108006.3,108087.6,108000.0,108000.0,225.111
4022,2025-07-06 06:00:00,108000.0,108247.5,108000.0,108091.8,1114.922
4023,2025-07-06 07:00:00,108086.4,108435.5,108000.0,108002.2,4160.865
4024,2025-07-06 08:00:00,108000.1,108203.2,108000.0,108009.9,256.458
4025,2025-07-06 09:00:00,108009.9,108167.7,107365.7,107804.0,7205.716
4026,2025-07-06 10:00:00,107800.2,108120.0,107719.5,107935.9,160.451
4027,2025-07-06 11:00:00,107935.9,108112.7,107899.2,108017.3,139.896
4028,2025-07-06 12:00:00,108017.3,108259.1,107970.9,108186.8,964.61
4029,2025-07-06 13:00:00,108186.8,109167.8,108105.2,108688.3,1177.271
4030,2025-07-06 14:00:00,108688.3,108945.5,108462.6,108884.3,1207.983
4031,2025-07-06 15:00:00,108885.5,108900.0,108449.4,108842.2,314.431
4032,2025-07-06 16:00:00,108842.1,108989.0,108620.0,108796.6,1513.352
4033,2025-07-06 17:00:00,108796.6,109026.4,108666.2,108865.0,591.885
4034,2025-07-06 18:00:00,108865.0,108874.8,108400.0,108407.3,699.236
4035,2025-07-06 19:00:00,108407.3,108598.0,108302.2,108497.9,378.408
4036,2025-07-06 20:00:00,108493.9,108845.6,108464.4,108671.2,289.809
4037,2025-07-06 21:00:00,108671.3,110000.0,108650.0,109155.6,632.95
4038,2025-07-06 22:00:00,109161.9,109474.6,109106.1,109175.6,636.342
4039,2025-07-06 23:00:00,109175.6,109200.0,108954.5,109165.4,243.265
4040,2025-07-07 00:00:00,109170.6,109224.9,108669.1,108774.0,461.655
4041,2025-07-07 01:00:00,108774.0,109175.4,108640.0,108965.1,347.236
4042,2025-07-07 02:00:00,108966.1,109449.8,108963.9,109324.5,401.894
4043,2025-07-07 03:00:00,109308.1,109632.2,109215.2,109348.9,859.533
4044,2025-07-07 04:00:00,109344.8,109409.7,109022.6,109062.9,341.828
4045,2025-07-07 05:00:00,109041.9,109171.0,108842.8,109027.9,306.764
4046,2025-07-07 06:00:00,109027.8,109125.2,108622.6,108733.0,271.745
4047,2025-07-07 07:00:00,108733.1,109100.0,108621.8,109003.0,360.305
4048,2025-07-07 08:00:00,109003.0,109019.5,108720.2,108960.7,289.257
4049,2025-07-07 09:00:00,108961.4,109096.5,108704.6,108794.7,301.31
4050,2025-07-07 10:00:00,108797.3,108852.5,108703.0,108703.0,345.485
4051,2025-07-07 11:00:00,108703.0,108858.0,108500.0,108586.1,325.968
4052,2025-07-07 12:00:00,108586.1,108678.4,108326.5,108334.6,486.206
4053,2025-07-07 13:00:00,108334.7,108508.2,108001.2,108478.7,1140.776
4054,2025-07-07 14:00:00,108478.6,108888.8,107975.1,108137.9,2583.387
4055,2025-07-07 15:00:00,108137.9,108669.6,108137.4,108238.7,815.231
4056,2025-07-07 16:00:00,108238.0,108508.4,107977.0,107977.1,1131.64
4057,2025-07-07 17:00:00,107977.1,108274.6,107880.0,107885.4,865.549
4058,2025-07-07 18:00:00,107885.4,108190.2,107446.1,107971.3,2839.995
4059,2025-07-07 19:00:00,107971.3,108264.9,107837.9,108060.8,440.093
4060,2025-07-07 20:00:00,108060.8,108128.0,107663.1,107815.7,274.333
4061,2025-07-07 21:00:00,107815.7,108240.6,107657.8,108109.9,270.88
4062,2025-07-07 22:00:00,108116.1,108207.0,107919.2,107965.8,278.501
4063,2025-07-07 23:00:00,107965.9,108260.0,107965.8,108223.0,531.729
4064,2025-07-08 00:00:00,108223.0,108420.1,108020.1,108249.0,511.388
4065,2025-07-08 01:00:00,108249.0,108420.1,108020.1,108071.6,331.625
4066,2025-07-08 02:00:00,108033.3,108470.1,107970.1,107970.1,1581.095
4067,2025-07-08 03:00:00,107989.5,108281.4,107920.1,107920.1,667.494
4068,2025-07-08 04:00:00,107920.1,108159.8,107920.1,107970.0,223.47
4069,2025-07-08 05:00:00,107970.0,108470.1,107920.1,108167.2,1179.765
4070,2025-07-08 06:00:00,108165.3,108470.1,108075.6,108244.3,287.956
4071,2025-07-08 07:00:00,108243.1,108470.1,108161.3,108431.1,207.248
4072,2025-07-08 08:00:00,108431.1,108470.1,108151.6,108235.0,286.959
4073,2025-07-08 09:00:00,108232.8,108454.0,107920.1,108411.2,386.57
4074,2025-07-08 10:00:00,108411.2,108470.1,107920.1,108470.0,811.057
4075,2025-07-08 11:00:00,108470.0,108520.1,107920.1,108519.9,825.124
4076,2025-07-08 12:00:00,108519.9,108520.1,107940.0,108520.0,478.774
4077,2025-07-08 13:00:00,108519.9,108520.1,107870.1,108517.8,1104.568
4078,2025-07-08 14:00:00,108500.1,108520.1,107943.6,108335.9,1086.444
4079,2025-07-08 15:00:00,108336.7,108520.1,107990.0,108216.9,580.652
4080,2025-07-08 16:00:00,108217.0,108520.1,107770.1,108405.9,2026.879
4081,2025-07-08 17:00:00,108405.9,108570.1,107770.1,108570.1,2067.01
4082,2025-07-08 18:00:00,108570.1,108570.1,107770.1,108570.0,484.493
4083,2025-07-08 19:00:00,108570.0,108620.1,107720.1,108620.1,559.264
4084,2025-07-08 20:00:00,108619.6,108620.1,107720.1,108586.3,223.839
4085,2025-07-08 21:00:00,108585.0,108620.1,107720.1,108620.0,228.613
4086,2025-07-08 22:00:00,108560.6,108620.1,107720.1,108620.0,380.707
4087,2025-07-08 23:00:00,108620.0,108620.1,107720.1,108610.2,232.841
4088,2025-07-09 00:00:00,108620.0,108620.1,108100.9,108587.9,265.011
4089,2025-07-09 01:00:00,108619.8,108620.1,107670.1,108620.1,915.528
4090,2025-07-09 02:00:00,108620.1,108670.1,107670.1,108575.0,502.895
4091,2025-07-09 03:00:00,108577.6,108583.5,107670.1,108316.9,218.696
4092,2025-07-09 04:00:00,108317.0,108670.1,108080.0,108490.1,298.927
4093,2025-07-09 05:00:00,108490.1,108670.1,108389.6,108670.1,260.318
4094,2025-07-09 06:00:00,108670.1,108670.1,108625.9,108669.9,216.01
4095,2025-07-09 07:00:00,108663.6,108670.1,107670.1,108654.7,281.841
4096,2025-07-09 08:00:00,108654.7,108670.1,107649.1,108550.0,555.528
4097,2025-07-09 09:00:00,108549.9,108670.1,107707.0,108670.1,392.814
4098,2025-07-09 10:00:00,108670.1,108670.1,107720.0,108670.1,320.961
4099,2025-07-09 11:00:00,108670.1,108670.1,107622.0,108670.1,1041.235
4100,2025-07-09 12:00:00,108670.1,108670.1,107620.1,108669.4,1730.111
4101,2025-07-09 13:00:00,108669.3,108720.1,107570.1,108720.0,1381.942
4102,2025-07-09 14:00:00,108633.6,108720.0,107570.1,107878.3,924.791
4103,2025-07-09 15:00:00,107878.3,108720.1,107621.6,108605.6,719.654
4104,2025-07-09 16:00:00,108667.4,108820.1,107622.2,108820.1,2244.724
4105,2025-07-09 17:00:00,108820.0,108820.1,107570.1,108819.8,786.307
4106,2025-07-09 18:00:00,108805.1,108870.0,107819.9,108870.0,1118.11
4107,2025-07-09 19:00:00,108870.0,109628.4,107550.1,109628.4,3304.771
4108,2025-07-09 20:00:00,109600.0,110000.0,107550.1,109665.8,737.276
4109,2025-07-09 21:00:00,109665.8,111200.0,108100.0,110798.6,1533.518
4110,2025-07-09 22:00:00,110798.6,111048.5,108675.1,111048.4,474.714
4111,2025-07-09 23:00:00,111048.4,111103.6,108725.0,111103.6,359.033
4112,2025-07-10 00:00:00,111103.6,111103.6,108100.0,110864.4,1487.827
4113,2025-07-10 01:00:00,110868.7,111103.6,108100.0,111103.6,265.421
4114,2025-07-10 02:00:00,111102.9,111103.8,110592.7,111103.4,1156.018
4115,2025-07-10 03:00:00,111103.4,111103.6,108100.0,111025.9,445.803
4116,2025-07-10 04:00:00,111025.9,111103.5,108100.0,111073.6,534.114
4117,2025-07-10 05:00:00,111073.6,111103.5,110889.9,111053.0,188.035
4118,2025-07-10 06:00:00,111053.0,111103.5,108100.0,111103.4,427.051
4119,2025-07-10 07:00:00,111103.4,111103.5,109103.4,111102.7,446.645
4120,2025-07-10 08:00:00,111102.7,111111.1,109104.0,111111.0,752.004
4121,2025-07-10 09:00:00,111111.0,111111.1,110952.5,111007.0,182.168
4122,2025-07-10 10:00:00,110997.8,111111.1,108100.0,110998.7,1374.073
4123,2025-07-10 11:00:00,110998.7,111092.9,110000.0,110956.0,247.124
4124,2025-07-10 12:00:00,110948.2,110956.0,107550.1,110687.3,1671.8
4125,2025-07-10 13:00:00,110708.3,110708.4,107550.1,109670.2,1098.927
4126,2025-07-10 14:00:00,109670.2,111105.1,107550.2,110999.8,1551.668
4127,2025-07-10 15:00:00,110999.8,110999.8,109500.0,110989.0,610.127
4128,2025-07-10 16:00:00,110988.9,119999.0,107560.2,112300.0,7925.997
4129,2025-07-10 17:00:00,112299.9,119900.0,108500.0,114000.1,10042.984
4130,2025-07-10 18:00:00,114056.4,119900.0,110001.0,113377.4,5378.906
4131,2025-07-10 19:00:00,113381.3,117349.3,113064.6,113286.3,1719.49
4132,2025-07-10 20:00:00,113286.3,113526.5,113194.1,113452.9,192.413
4133,2025-07-10 21:00:00,113452.9,123456.7,111329.6,123299.9,10135.597
4134,2025-07-10 22:00:00,123299.9,123300.0,115760.1,116120.2,9757.9
4135,2025-07-10 23:00:00,116120.2,122180.1,113400.0,115952.3,9011.674
4136,2025-07-11 00:00:00,115952.3,121400.0,113800.0,115545.9,881.817
4137,2025-07-11 01:00:00,115547.6,121400.0,113800.1,115934.7,2913.38
4138,2025-07-11 02:00:00,115934.7,121100.0,115892.8,116500.0,1090.364
4139,2025-07-11 03:00:00,116500.0,116604.2,113800.1,116501.0,1017.801
4140,2025-07-11 04:00:00,116501.0,121000.8,113363.4,116666.0,873.679
4141,2025-07-11 05:00:00,116666.0,121400.0,114350.0,117795.2,3750.564
4142,2025-07-11 06:00:00,117793.9,121400.0,113363.4,117594.1,2060.427
4143,2025-07-11 07:00:00,117590.9,117944.2,116851.9,117499.3,591.856
4144,2025-07-11 08:00:00,117499.0,118078.5,117499.0,117946.2,310.817
4145,2025-07-11 09:00:00,117946.2,120583.8,114601.0,118456.0,2844.997
4146,2025-07-11 10:00:00,118456.0,118580.3,115161.0,117970.2,5878.377
4147,2025-07-11 11:00:00,117972.9,118000.0,116001.0,117792.8,1234.499
4148,2025-07-11 12:00:00,117796.4,117900.0,116001.0,117700.0,842.925
4149,2025-07-11 13:00:00,117700.0,117700.0,116799.5,117700.0,1632.639
4150,2025-07-11 14:00:00,117700.0,118103.4,117500.0,117770.9,1043.722
4151,2025-07-11 15:00:00,117780.6,117896.3,116206.1,116900.6,3699.246
4152,2025-07-11 16:00:00,116900.6,117009.7,113800.0,116923.4,3985.186
4153,2025-07-11 17:00:00,116923.5,117000.0,113363.4,116998.9,724.399
4154,2025-07-11 18:00:00,116949.8,117667.3,113363.4,117666.5,2447.712
4155,2025-07-11 19:00:00,117666.0,118069.3,116250.0,118067.7,863.736
4156,2025-07-11 20:00:00,118067.0,118067.4,117106.6,117629.1,346.983
4157,2025-07-11 21:00:00,117629.2,117871.4,116400.0,117200.0,474.557
4158,2025-07-11 22:00:00,117200.0,117628.8,116250.0,117591.5,731.978
4159,2025-07-11 23:00:00,117591.4,117666.3,116400.1,117500.0,162.673
4160,2025-07-12 00:00:00,117499.7,117625.0,116804.4,117378.8,222.358
4161,2025-07-12 01:00:00,117379.3,117700.0,117378.8,117657.7,145.318
4162,2025-07-12 02:00:00,117645.9,117750.0,117516.2,117564.9,90.807
4163,2025-07-12 03:00:00,117565.0,117829.8,116400.0,117630.0,208.073
4164,2025-07-12 04:00:00,117629.9,117777.8,116250.0,117598.6,314.649
4165,2025-07-12 05:00:00,117598.6,117650.3,116700.0,117499.9,319.707
4166,2025-07-12 06:00:00,117499.9,117888.0,116200.0,117798.6,971.644
4167,2025-07-12 07:00:00,117798.6,117800.0,116200.0,117455.9,797.481
4168,2025-07-12 08:00:00,117423.6,117456.0,116501.0,117455.9,509.596
4169,2025-07-12 09:00:00,117455.9,117456.0,116201.0,117455.8,677.797
4170,2025-07-12 10:00:00,117418.5,117456.0,116200.0,117448.2,661.402
4171,2025-07-12 11:00:00,117454.9,117456.0,116455.8,117455.6,822.755
4172,2025-07-12 12:00:00,117455.6,117455.9,116888.0,117189.9,560.708
4173,2025-07-12 13:00:00,117108.6,117190.0,116896.8,117187.9,295.069
4174,2025-07-12 14:00:00,117187.8,117389.9,116896.8,117353.5,1004.949
4175,2025-07-12 15:00:00,117350.0,119888.0,116888.0,117000.0,6234.403
4176,2025-07-12 16:00:00,117000.0,117332.5,116888.0,117100.0,711.669
4177,2025-07-12 17:00:00,117100.0,117300.0,116888.0,117270.1,778.23
4178,2025-07-12 18:00:00,117270.1,117270.1,117070.0,117270.0,219.081
4179,2025-07-12 19:00:00,117269.9,117417.7,116888.0,117389.9,677.248
4180,2025-07-12 20:00:00,117389.9,117390.0,116888.0,117003.2,788.459
4181,2025-07-12 21:00:00,117003.0,117389.9,116898.0,117389.8,198.306
4182,2025-07-12 22:00:00,117364.5,117399.9,117164.2,117357.1,195.861
4183,2025-07-12 23:00:00,117356.3,117399.9,116900.0,117381.5,194.774
4184,2025-07-13 00:00:00,117381.0,117399.9,116900.0,117273.0,162.874
4185,2025-07-13 01:00:00,117273.0,117399.9,117195.0,117370.0,216.753
4186,2025-07-13 02:00:00,117370.0,117399.7,116900.0,117399.3,207.853
4187,2025-07-13 03:00:00,117399.3,117399.8,116900.0,117399.6,152.867
4188,2025-07-13 04:00:00,117399.6,117399.8,116900.0,117369.5,391.913
4189,2025-07-13 05:00:00,117399.7,117406.0,116900.0,117349.9,278.816
4190,2025-07-13 06:00:00,117164.8,118024.7,117152.0,117830.8,2139.45
4191,2025-07-13 07:00:00,117830.8,118023.3,116900.0,117945.8,392.028
4192,2025-07-13 08:00:00,117945.7,118062.4,116900.0,117775.3,687.556
4193,2025-07-13 09:00:00,117775.3,118020.9,117585.6,117850.1,647.729
4194,2025-07-13 10:00:00,117850.2,117896.9,117678.7,117700.0,789.951
4195,2025-07-13 11:00:00,117692.4,117949.3,117557.9,117949.2,548.307
4196,2025-07-13 12:00:00,117949.2,118357.9,117557.9,118280.0,789.193
4197,2025-07-13 13:00:00,118280.0,118770.0,117557.9,118558.0,549.956
4198,2025-07-13 14:00:00,118558.0,118969.7,117026.3,118678.5,1411.543
4199,2025-07-13 15:00:00,118678.5,118679.7,117100.1,118545.0,580.907
4200,2025-07-13 16:00:00,118545.0,118600.0,117200.0,118505.6,553.692
4201,2025-07-13 17:00:00,118505.7,118600.0,117200.0,118599.9,227.941
4202,2025-07-13 18:00:00,118599.8,118599.9,117300.0,118599.9,371.647
4203,2025-07-13 19:00:00,118599.9,118599.9,117300.0,118328.4,597.325
4204,2025-07-13 20:00:00,118599.7,123400.0,117000.0,119050.9,7276.288
4205,2025-07-13 21:00:00,119052.7,119064.8,117300.0,118683.5,1654.683
4206,2025-07-13 22:00:00,118675.7,118800.0,118193.7,118501.1,684.78
4207,2025-07-13 23:00:00,118501.1,118800.0,118350.1,118799.9,668.619
4208,2025-07-14 00:00:00,118799.8,118888.8,117312.0,118882.6,815.399
4209,2025-07-14 01:00:00,118882.6,118888.8,117250.3,118888.8,1138.412
4210,2025-07-14 02:00:00,118833.3,119850.0,117250.3,119500.0,1145.027
4211,2025-07-14 03:00:00,119500.0,120898.1,116898.0,120726.7,4617.644
4212,2025-07-14 04:00:00,120726.7,121000.0,117326.8,120992.9,1394.118
4213,2025-07-14 05:00:00,120992.9,121800.0,117327.0,121800.0,2403.317
4214,2025-07-14 06:00:00,121799.9,121800.0,117326.8,121055.4,1410.34
4215,2025-07-14 07:00:00,120902.8,121902.5,113455.8,113500.0,9973.588
4216,2025-07-14 08:00:00,113455.9,121902.5,113455.8,121902.5,1662.228
4217,2025-07-14 09:00:00,121902.5,122000.0,117000.0,121898.9,3991.977
4218,2025-07-14 10:00:00,121898.9,121899.9,117000.1,121890.0,1736.64
4219,2025-07-14 11:00:00,121889.9,121890.1,118750.0,121100.0,1252.624
4220,2025-07-14 12:00:00,121099.9,121100.0,119095.6,121099.9,667.906
4221,2025-07-14 13:00:00,121099.8,121477.0,117050.8,121000.3,2601.697
4222,2025-07-14 14:00:00,120486.4,121477.0,117388.0,121171.3,1354.005
4223,2025-07-14 15:00:00,121170.3,121172.3,117388.0,119850.1,1373.371
4224,2025-07-14 16:00:00,119850.1,120464.7,117301.0,118450.0,1250.924
4225,2025-07-14 17:00:00,118450.0,119000.0,117301.0,118882.7,1314.697
4226,2025-07-14 18:00:00,118882.6,118882.7,117450.1,118768.9,679.967
4227,2025-07-14 19:00:00,118882.4,118882.5,117450.1,118882.3,543.927
4228,2025-07-14 20:00:00,118800.9,118888.0,117451.0,118814.0,2532.569
4229,2025-07-14 21:00:00,118887.3,118887.4,117500.0,118887.4,521.537
4230,2025-07-14 22:00:00,118887.4,119000.0,117500.0,119000.0,342.311
4231,2025-07-14 23:00:00,119000.0,119749.9,117500.0,119749.9,429.429
4232,2025-07-15 00:00:00,119737.3,119749.9,117450.1,119453.8,979.642
4233,2025-07-15 01:00:00,119453.8,119510.9,117450.1,118425.2,845.289
4234,2025-07-15 02:00:00,118444.2,118825.1,117845.0,118273.1,621.167
4235,2025-07-15 03:00:00,118273.1,118952.5,117450.1,117450.1,1248.227
4236,2025-07-15 04:00:00,117450.1,118952.5,116000.0,117488.9,1687.282
4237,2025-07-15 05:00:00,117489.5,117862.9,116984.7,117299.9,320.133
4238,2025-07-15 06:00:00,117299.8,117936.2,116774.7,117936.2,581.3
4239,2025-07-15 07:00:00,117936.2,118000.0,116000.0,116828.9,1234.482
4240,2025-07-15 08:00:00,116792.0,118000.0,116000.0,116748.0,482.391
4241,2025-07-15 09:00:00,116757.8,118000.0,116000.0,116762.5,1637.076
4242,2025-07-15 10:00:00,116762.5,118000.0,116751.0,117055.0,773.966
4243,2025-07-15 11:00:00,117055.1,117111.0,116347.4,117105.6,362.039
4244,2025-07-15 12:00:00,117110.5,121899.9,116399.9,121899.9,9206.562
4245,2025-07-15 13:00:00,121500.1,122399.0,117171.7,118043.3,1806.078
4246,2025-07-15 14:00:00,118043.3,122008.8,116820.4,117399.9,1953.373
4247,2025-07-15 15:00:00,117346.4,120000.8,116056.7,116424.9,2135.31
4248,2025-07-15 16:00:00,116424.9,120008.8,116418.0,117166.6,1104.829
4249,2025-07-15 17:00:00,117166.6,117611.2,117150.3,117436.8,385.858
4250,2025-07-15 18:00:00,117433.1,120008.8,116418.2,116775.1,760.937
4251,2025-07-15 19:00:00,116776.6,120999.9,116700.0,116716.9,1676.943
4252,2025-07-15 20:00:00,116717.0,120895.2,116500.0,116539.7,1119.791
4253,2025-07-15 21:00:00,116500.1,120700.5,116500.0,117530.0,390.299
4254,2025-07-15 22:00:00,117529.9,119999.0,117308.6,117804.2,534.265
4255,2025-07-15 23:00:00,117804.2,118024.1,117546.9,117759.6,209.932
4256,2025-07-16 00:00:00,117772.2,176420.2,116000.0,134000.0,19326.201
4257,2025-07-16 01:00:00,143000.0,150000.0,117974.6,121202.2,5457.287
4258,2025-07-16 02:00:00,121202.3,147999.0,120027.7,120809.8,1830.914
4259,2025-07-16 03:00:00,120809.8,147998.0,120038.0,147998.0,1295.366
4260,2025-07-16 04:00:00,147997.9,147998.0,120038.0,120038.0,843.269
4261,2025-07-16 05:00:00,120159.9,148000.0,120027.8,120218.2,2958.909
4262,2025-07-16 06:00:00,121764.8,140000.0,120029.3,120029.9,1399.92
4263,2025-07-16 07:00:00,120030.0,135000.0,120028.0,134999.8,1777.077
4264,2025-07-16 08:00:00,134999.8,139999.9,120028.0,120030.0,2087.631
4265,2025-07-16 09:00:00,120030.0,137265.6,120030.0,120339.8,973.375
4266,2025-07-16 10:00:00,120339.8,137199.9,120339.7,120433.6,1352.064
4267,2025-07-16 11:00:00,120433.7,133999.7,120430.9,133900.0,1884.801
4268,2025-07-16 12:00:00,133900.1,133999.6,120430.9,120625.3,1834.684
4269,2025-07-16 13:00:00,120625.4,128098.9,120624.5,120625.3,1029.072
4270,2025-07-16 14:00:00,120625.3,125620.0,120028.0,120028.1,2452.044
4271,2025-07-16 15:00:00,120028.1,135000.0,116000.0,119040.2,8760.124
4272,2025-07-16 16:00:00,119044.9,135000.0,118720.5,119257.0,1568.732
4273,2025-07-16 17:00:00,119244.1,136000.0,119244.1,120480.1,1835.744
4274,2025-07-16 18:00:00,120480.1,135000.0,120480.0,121000.2,1190.942
4275,2025-07-16 19:00:00,121612.2,121900.0,119310.0,120704.2,461.952
4276,2025-07-16 20:00:00,120885.4,121900.0,119963.8,119964.5,737.987
4277,2025-07-16 21:00:00,119964.4,121000.0,119963.8,120174.1,218.443
4278,2025-07-16 22:00:00,120174.0,121515.2,119992.7,119997.1,488.551
4279,2025-07-16 23:00:00,120100.0,121515.2,118992.7,119502.9,375.439
4280,2025-07-17 00:00:00,119344.9,121515.2,118993.0,118993.0,350.076
4281,2025-07-17 01:00:00,118997.2,119010.7,118500.3,118500.3,1257.324
4282,2025-07-17 02:00:00,118563.3,118900.0,118460.3,118460.3,1816.687
4283,2025-07-17 03:00:00,118468.0,118900.0,118460.3,118460.3,678.632
4284,2025-07-17 04:00:00,118460.4,118900.0,118164.2,118465.9,1890.165
4285,2025-07-17 05:00:00,118465.9,118900.0,118228.5,118561.2,372.275
4286,2025-07-17 06:00:00,118561.8,118900.0,118338.3,118439.3,611.825
4287,2025-07-17 07:00:00,118439.3,118529.9,117992.7,118366.5,273.698
4288,2025-07-17 08:00:00,118339.4,118899.9,118101.2,118343.4,536.388
4289,2025-07-17 09:00:00,118354.7,118900.0,117992.7,118758.7,1377.691
4290,2025-07-17 10:00:00,118759.0,118877.5,117992.7,118355.0,494.428
4291,2025-07-17 11:00:00,118331.7,118437.3,117939.7,117975.0,619.672
4292,2025-07-17 12:00:00,117975.0,118082.6,116000.0,117900.0,1842.048
4293,2025-07-17 13:00:00,117900.0,118899.9,116000.0,118272.4,2214.912
4294,2025-07-17 14:00:00,118272.4,118885.8,118071.5,118885.8,568.35
4295,2025-07-17 15:00:00,118761.9,131386.8,118757.9,119200.0,2235.719
4296,2025-07-17 16:00:00,119303.7,119387.4,119200.0,119200.1,658.969
4297,2025-07-17 17:00:00,119200.2,134444.0,119200.0,119292.1,1413.692
4298,2025-07-17 18:00:00,119317.3,124317.8,119305.7,119628.3,557.589
4299,2025-07-17 19:00:00,119624.5,134444.0,119624.4,120232.1,959.839
4300,2025-07-17 20:00:00,120855.6,133799.9,119323.3,119508.4,636.821
4301,2025-07-17 21:00:00,119481.2,134000.0,119469.7,120779.1,915.749
4302,2025-07-17 22:00:00,120779.2,127408.1,120303.3,121771.2,756.603
4303,2025-07-17 23:00:00,121771.2,127408.1,120315.9,120319.0,827.7
4304,2025-07-18 00:00:00,120338.4,127377.0,120303.3,120303.3,444.134
4305,2025-07-18 01:00:00,120413.8,120790.4,119750.0,120343.0,488.806
4306,2025-07-18 02:00:00,120343.0,120364.2,119878.7,120100.0,162.632
4307,2025-07-18 03:00:00,120105.5,120429.3,119750.0,120225.2,240.059
4308,2025-07-18 04:00:00,120221.4,126444.0,119736.3,120461.0,641.019
4309,2025-07-18 05:00:00,120462.3,126433.0,120295.3,120585.7,445.39
4310,2025-07-18 06:00:00,120580.2,121079.2,120232.8,120238.6,726.302
4311,2025-07-18 07:00:00,120238.6,123984.5,119356.0,119391.1,401.403
4312,2025-07-18 08:00:00,119390.1,126444.0,118507.2,118637.2,1451.562
4313,2025-07-18 09:00:00,118637.2,119112.4,118538.6,118891.3,237.118
4314,2025-07-18 10:00:00,118891.2,119303.6,118808.7,119260.4,410.817
4315,2025-07-18 11:00:00,119261.1,120000.0,118764.0,119196.8,497.174
4316,2025-07-18 12:00:00,119196.8,119911.6,119066.1,119469.9,827.068
4317,2025-07-18 13:00:00,119470.4,126000.0,118000.0,118740.8,2138.166
4318,2025-07-18 14:00:00,118740.8,124006.9,116851.0,120300.1,1252.252
4319,2025-07-18 15:00:00,120406.9,124006.8,117527.0,118056.2,1342.818
4320,2025-07-18 16:00:00,118056.2,123699.9,118000.0,118047.3,396.311
4321,2025-07-18 17:00:00,118000.1,123690.0,117817.4,117817.6,1007.736
4322,2025-07-18 18:00:00,117849.5,123690.0,117817.5,118287.2,655.508
4323,2025-07-18 19:00:00,118150.5,123399.0,117934.8,117934.8,501.352
4324,2025-07-18 20:00:00,117994.4,123000.0,117817.5,119389.3,635.643
4325,2025-07-18 21:00:00,119389.3,119999.7,117817.8,117950.0,374.101
4326,2025-07-18 22:00:00,117950.1,120000.0,117950.0,117954.8,609.031
4327,2025-07-18 23:00:00,117954.8,120000.0,117950.2,117974.9,669.37
4328,2025-07-19 00:00:00,117963.0,121500.0,117950.2,117950.4,1475.661
4329,2025-07-19 01:00:00,117950.4,123690.0,117950.3,118032.4,3686.249
4330,2025-07-19 02:00:00,118042.6,123689.0,117957.8,118259.0,438.515
4331,2025-07-19 03:00:00,118262.0,118340.7,118154.2,118279.2,88.6
4332,2025-07-19 04:00:00,118295.3,118357.9,118236.9,118316.0,140.346
4333,2025-07-19 05:00:00,118264.9,118445.6,118041.3,118174.0,105.64
4334,2025-07-19 06:00:00,118173.9,123688.7,118149.9,118165.3,270.72
4335,2025-07-19 07:00:00,118154.8,123688.8,117950.4,117999.8,607.065
4336,2025-07-19 08:00:00,117999.8,118290.4,117950.4,118250.0,122.231
4337,2025-07-19 09:00:00,118250.1,119167.5,118250.0,118250.0,139.07
4338,2025-07-19 10:00:00,118250.1,118571.5,118250.0,118380.6,192.215
4339,2025-07-19 11:00:00,118381.4,118594.8,118250.0,118299.9,501.617
4340,2025-07-19 12:00:00,118299.9,118454.9,117959.8,118425.0,823.611
4341,2025-07-19 13:00:00,118425.0,121130.7,118086.3,118158.5,1506.13
4342,2025-07-19 14:00:00,118158.5,120057.0,117950.2,117971.5,1983.772
4343,2025-07-19 15:00:00,117950.4,123690.0,117950.3,118300.0,3030.509
4344,2025-07-19 16:00:00,118304.0,123690.0,117950.4,118520.3,1107.947
4345,2025-07-19 17:00:00,118315.4,123062.1,118030.3,118230.5,532.513
4346,2025-07-19 18:00:00,118230.5,119598.9,117950.2,117968.1,681.837
4347,2025-07-19 19:00:00,117968.1,119600.1,117849.8,118025.0,2456.216
4348,2025-07-19 20:00:00,118025.0,118417.7,117866.1,117866.1,318.219
4349,2025-07-19 21:00:00,117866.2,119800.1,117550.0,117715.9,621.298
4350,2025-07-19 22:00:00,117710.2,117909.7,117550.0,117766.6,107.574
4351,2025-07-19 23:00:00,117754.4,117985.0,117700.0,117858.7,66.062
4352,2025-07-20 00:00:00,117881.2,119500.0,117700.0,117917.8,369.821
4353,2025-07-20 01:00:00,117915.3,119800.1,117895.2,117907.8,601.293
4354,2025-07-20 02:00:00,117908.8,117989.9,117785.8,117957.7,74.555
4355,2025-07-20 03:00:00,117957.9,118157.5,117771.8,117934.0,161.568
4356,2025-07-20 04:00:00,117934.2,118165.3,117878.7,117934.1,292.129
4357,2025-07-20 05:00:00,117934.1,118000.0,117769.4,117830.6,188.601
4358,2025-07-20 06:00:00,117822.8,117902.1,117702.0,117789.9,237.867
4359,2025-07-20 07:00:00,117788.6,119800.1,117783.4,117997.6,768.307
4360,2025-07-20 08:00:00,117997.7,118454.8,117920.9,118156.8,183.808
4361,2025-07-20 09:00:00,118156.7,118266.1,117950.8,117999.9,229.919
4362,2025-07-20 10:00:00,117999.9,118297.0,117700.0,117880.0,717.069
4363,2025-07-20 11:00:00,117880.0,118000.0,117700.0,117862.2,389.691
4364,2025-07-20 12:00:00,117862.2,118095.7,117750.0,118056.5,324.445
4365,2025-07-20 13:00:00,118056.5,118362.9,118013.6,118362.9,217.257
4366,2025-07-20 14:00:00,118361.7,118986.6,118136.2,118487.0,451.791
4367,2025-07-20 15:00:00,118487.0,119000.0,118487.0,118656.9,1155.951
4368,2025-07-20 16:00:00,118656.9,119000.0,118570.8,118595.3,287.571
4369,2025-07-20 17:00:00,118584.2,121525.0,118136.2,118142.5,800.845
4370,2025-07-20 18:00:00,118145.9,118436.6,118136.2,118332.3,170.765
4371,2025-07-20 19:00:00,118329.1,118692.2,118247.7,118516.0,154.02
4372,2025-07-20 20:00:00,118516.0,121500.0,118515.9,118516.0,254.667
4373,2025-07-20 21:00:00,118516.0,120500.0,117951.6,118047.3,959.375
4374,2025-07-20 22:00:00,118049.4,121500.0,117448.8,117492.1,1569.869
4375,2025-07-20 23:00:00,117451.2,121500.0,117000.0,117500.1,783.042
4376,2025-07-21 00:00:00,117664.2,117664.2,116523.0,117314.3,468.418
4377,2025-07-21 01:00:00,117314.3,117376.8,116530.0,117254.3,469.686
4378,2025-07-21 02:00:00,117254.3,118147.6,117253.4,118147.6,270.751
4379,2025-07-21 03:00:00,118146.4,119962.4,118098.5,118369.1,805.153
4380,2025-07-21 04:00:00,118364.8,119999.0,118000.1,118330.0,804.269
4381,2025-07-21 05:00:00,118330.4,118589.0,117984.7,118402.2,205.972
4382,2025-07-21 06:00:00,118397.9,119234.7,118250.4,119138.1,389.095
4383,2025-07-21 07:00:00,119138.2,119681.0,119090.3,119348.2,409.147
4384,2025-07-21 08:00:00,119348.2,120000.0,118273.3,119349.9,547.451
4385,2025-07-21 09:00:00,119349.9,119448.4,118274.0,118672.5,389.011
4386,2025-07-21 10:00:00,118669.2,118770.0,117500.0,118602.8,784.602
4387,2025-07-21 11:00:00,118601.8,120000.0,117438.4,118100.2,721.822
4388,2025-07-21 12:00:00,118139.0,120000.0,117730.0,118142.9,745.999
4389,2025-07-21 13:00:00,118143.0,118530.2,117850.6,118530.2,632.006
4390,2025-07-21 14:00:00,118530.2,119000.0,117580.1,118794.3,1514.579
4391,2025-07-21 15:00:00,118794.3,119000.0,117700.0,118430.0,1130.704
4392,2025-07-21 16:00:00,118430.0,119100.0,118400.0,118400.0,2700.435
4393,2025-07-21 17:00:00,118400.1,118999.4,118400.0,118984.7,677.832
4394,2025-07-21 18:00:00,118772.1,126444.0,110000.0,117184.6,15022.233
4395,2025-07-21 19:00:00,117131.3,118288.0,116750.9,116757.3,363.939
4396,2025-07-21 20:00:00,116757.3,117420.5,116750.9,117100.0,1458.443
4397,2025-07-21 21:00:00,117100.1,117500.1,117100.0,117300.9,762.378
4398,2025-07-21 22:00:00,117300.2,117742.9,117300.0,117347.6,2052.282
4399,2025-07-21 23:00:00,117349.0,117454.6,117304.1,117330.3,389.714
4400,2025-07-22 00:00:00,117330.3,117462.7,117068.0,117081.7,1328.282
4401,2025-07-22 01:00:00,117081.0,121000.0,116081.9,117716.3,8234.047
4402,2025-07-22 02:00:00,117715.1,117750.4,116930.0,116991.0,673.933
4403,2025-07-22 03:00:00,116991.8,121000.0,116658.2,117150.1,1841.987
4404,2025-07-22 04:00:00,117150.1,121000.0,116210.1,116517.6,3312.456
4405,2025-07-22 05:00:00,116517.6,121000.0,116512.5,117263.5,1762.755
4406,2025-07-22 06:00:00,117263.5,126444.0,117261.8,117780.0,4265.452
4407,2025-07-22 07:00:00,117780.0,126444.0,117767.3,117934.8,5679.888
4408,2025-07-22 08:00:00,117934.8,118529.0,117528.3,118250.8,2532.414
4409,2025-07-22 09:00:00,118250.8,118697.2,117880.5,118386.4,2018.782
4410,2025-07-22 10:00:00,118386.4,121000.0,118306.5,118927.7,2369.377
4411,2025-07-22 11:00:00,118927.7,119389.4,118791.8,119153.1,1470.177
4412,2025-07-22 12:00:00,119153.0,119631.8,119052.4,119241.2,1813.938
4413,2025-07-22 13:00:00,119241.2,120999.0,118550.0,118550.0,2940.438
4414,2025-07-22 14:00:00,118550.1,121000.0,118238.1,119061.2,6809.939
4415,2025-07-22 15:00:00,119087.6,119406.4,118878.1,118917.3,1785.811
4416,2025-07-22 16:00:00,119000.1,119305.8,118621.9,118668.9,1731.773
4417,2025-07-22 17:00:00,118668.9,119352.2,118441.5,119211.8,2043.497
4418,2025-07-22 18:00:00,119212.0,120208.0,119084.5,119770.0,3739.062
4419,2025-07-22 19:00:00,119770.1,119873.1,119049.3,119239.9,1280.561
4420,2025-07-22 20:00:00,119239.9,119840.6,119217.9,119769.0,1296.349
4421,2025-07-22 21:00:00,119763.2,119780.7,119348.8,119424.7,954.797
4422,2025-07-22 22:00:00,119424.4,120031.5,119293.1,119860.4,987.796
4423,2025-07-22 23:00:00,119859.6,120227.7,119827.1,119979.6,926.598
4424,2025-07-23 00:00:00,119979.6,120120.0,119366.4,119563.8,1137.137
4425,2025-07-23 01:00:00,119563.8,119688.0,119399.7,119521.8,603.678
4426,2025-07-23 02:00:00,119521.8,119544.6,118872.0,119083.0,1278.832
4427,2025-07-23 03:00:00,119083.0,119112.1,118600.4,118608.4,738.296
4428,2025-07-23 04:00:00,118608.4,118954.7,118600.4,118954.7,617.105
4429,2025-07-23 05:00:00,118954.7,118998.9,118600.4,118618.7,606.859
4430,2025-07-23 06:00:00,118618.7,118715.0,118236.1,118399.0,1870.634
4431,2025-07-23 07:00:00,118399.0,118616.5,118276.5,118329.3,1786.862
4432,2025-07-23 08:00:00,118326.9,118517.2,118210.5,118388.1,1238.422
4433,2025-07-23 09:00:00,118388.1,118442.9,117938.7,118033.8,1276.399
4434,2025-07-23 10:00:00,118033.8,118368.1,117812.5,118350.0,1013.438
4435,2025-07-23 11:00:00,118350.0,118720.7,118139.8,118484.8,1265.249
4436,2025-07-23 12:00:00,118484.8,118629.0,117752.2,117926.4,1884.241
4437,2025-07-23 13:00:00,117926.4,118190.0,117000.0,117300.0,2566.284
4438,2025-07-23 14:00:00,117300.1,118178.1,117300.0,118130.1,262.692
4439,2025-07-23 15:00:00,118130.1,118661.0,117778.2,118531.5,3603.162
4440,2025-07-23 16:00:00,118514.3,118561.7,117603.5,117740.3,1852.034
4441,2025-07-23 17:00:00,117695.2,118080.8,117429.9,118080.8,1021.256
4442,2025-07-23 18:00:00,118080.8,118339.8,117871.1,118339.8,245.368
4443,2025-07-23 19:00:00,118304.0,118457.3,118034.2,118349.2,155.931
4444,2025-07-23 20:00:00,118349.2,118501.8,117620.4,117927.9,123.65
4445,2025-07-23 21:00:00,117927.9,118245.1,117429.8,118141.4,111.967
4446,2025-07-23 22:00:00,118117.3,118711.9,117811.6,118427.5,830.273
4447,2025-07-23 23:00:00,118526.1,118770.4,118340.9,118699.9,522.55
4448,2025-07-24 00:00:00,118699.9,126444.0,118360.0,119102.3,2366.269
4449,2025-07-24 01:00:00,119102.3,119243.7,118814.1,118900.1,81.12
4450,2025-07-24 02:00:00,119119.9,119227.4,118735.7,118907.3,410.79
4451,2025-07-24 03:00:00,118907.3,119243.7,118528.5,118528.5,207.034
4452,2025-07-24 04:00:00,118528.6,118699.9,117859.9,118137.9,247.879
4453,2025-07-24 05:00:00,118000.1,118137.9,117429.8,117714.7,756.07
4454,2025-07-24 06:00:00,117714.7,117823.0,117403.6,117491.0,200.668
4455,2025-07-24 07:00:00,117562.8,118451.2,117153.1,118451.2,940.152
4456,2025-07-24 08:00:00,118223.0,119000.0,117756.2,118884.7,204.689
4457,2025-07-24 09:00:00,118884.7,119032.4,117487.2,118253.6,120.126
4458,2025-07-24 10:00:00,118593.7,119077.4,117440.6,118300.2,194.625
4459,2025-07-24 11:00:00,118419.7,119000.0,118300.2,118680.0,133.566
4460,2025-07-24 12:00:00,118679.0,118855.8,118300.2,118535.2,165.024
4461,2025-07-24 13:00:00,118535.2,119000.0,118235.9,118235.9,749.525
4462,2025-07-24 14:00:00,118236.0,119494.9,117816.5,118845.2,1561.94
4463,2025-07-24 15:00:00,119245.1,119465.3,118312.9,119090.0,201.972
4464,2025-07-24 16:00:00,119035.3,119465.2,118280.0,118579.5,1000.925
4465,2025-07-24 17:00:00,118579.4,119465.2,118280.0,119064.3,1359.045
4466,2025-07-24 18:00:00,119037.6,154591.0,117098.4,119097.6,23409.252
4467,2025-07-24 19:00:00,119097.7,119496.5,118413.6,118859.2,2617.915
4468,2025-07-24 20:00:00,118658.6,119225.0,118364.8,118775.6,1210.615
4469,2025-07-24 21:00:00,118739.2,118821.1,118548.3,118634.9,183.566
4470,2025-07-24 22:00:00,118633.7,118681.3,118000.0,118570.1,1554.864
4471,2025-07-24 23:00:00,118570.1,118600.0,117700.0,118337.4,889.087
4472,2025-07-25 00:00:00,118337.4,118599.9,117701.0,117701.1,1092.799
4473,2025-07-25 01:00:00,117720.0,118316.9,117024.6,117309.7,2554.023
4474,2025-07-25 02:00:00,117445.9,118392.1,116300.0,116348.6,1182.617
4475,2025-07-25 03:00:00,116300.1,118415.5,115000.0,115550.0,2342.696
4476,2025-07-25 04:00:00,115365.1,117932.0,115000.0,116247.2,2076.545
4477,2025-07-25 05:00:00,116247.2,117932.0,115000.0,115590.2,349.688
4478,2025-07-25 06:00:00,115674.7,117800.0,115001.0,115422.0,295.76
4479,2025-07-25 07:00:00,115422.0,117800.0,114500.0,115428.0,4438.643
4480,2025-07-25 08:00:00,115428.0,117600.0,114600.0,115410.0,1831.91
4481,2025-07-25 09:00:00,115250.8,117199.9,115050.0,116136.5,398.512
4482,2025-07-25 10:00:00,116136.5,117199.9,114600.0,116358.1,442.442
4483,2025-07-25 11:00:00,116242.4,117199.9,115161.0,116813.0,357.614
4484,2025-07-25 12:00:00,116600.0,117199.9,115190.0,116150.1,384.448
4485,2025-07-25 13:00:00,116150.1,117179.8,114500.0,116373.8,1609.835
4486,2025-07-25 14:00:00,116373.8,117179.8,114500.0,114800.1,2744.3
4487,2025-07-25 15:00:00,115054.7,116500.0,114800.0,116006.6,1557.682
4488,2025-07-25 16:00:00,115677.1,116500.0,114900.1,116229.2,538.565
4489,2025-07-25 17:00:00,116201.7,116500.0,114900.0,116246.2,1482.961
4490,2025-07-25 18:00:00,116036.4,116800.1,115400.0,116547.5,1094.316
4491,2025-07-25 19:00:00,116316.0,117000.0,114900.0,116849.8,492.907
4492,2025-07-25 20:00:00,116581.2,117600.0,116500.0,117311.3,2412.528
4493,2025-07-25 21:00:00,117311.3,117600.0,117000.0,117363.0,2208.019
4494,2025-07-25 22:00:00,117363.0,117500.0,117000.0,117479.4,1288.817
4495,2025-07-25 23:00:00,117479.4,117799.9,117000.0,117799.8,354.574
4496,2025-07-26 00:00:00,117799.8,117900.0,116350.0,117544.7,501.119
4497,2025-07-26 01:00:00,117544.7,117830.4,116666.1,117371.3,239.272
4498,2025-07-26 02:00:00,117371.3,117932.0,116750.0,117688.3,2566.97
4499,2025-07-26 03:00:00,117688.3,117914.0,117000.0,117754.5,382.843
4500,2025-07-26 04:00:00,117455.9,117914.0,116800.0,117586.5,196.358
4501,2025-07-26 05:00:00,117600.7,117932.0,116800.0,117690.3,1170.987
4502,2025-07-26 06:00:00,117690.3,117900.0,116800.0,117553.2,174.903
4503,2025-07-26 07:00:00,117553.2,117687.7,117200.0,117399.5,1906.835
4504,2025-07-26 08:00:00,117399.5,117900.0,117200.0,117607.3,211.617
4505,2025-07-26 09:00:00,117521.6,117883.6,117300.0,117816.4,179.034
4506,2025-07-26 10:00:00,117521.6,118999.0,117200.1,118010.6,1986.145
4507,2025-07-26 11:00:00,117954.4,118500.0,117200.0,117827.9,264.614
4508,2025-07-26 12:00:00,117827.7,118214.9,117200.0,117964.9,1045.025
4509,2025-07-26 13:00:00,117964.9,118400.0,117300.0,118357.0,306.131
4510,2025-07-26 14:00:00,118357.0,118362.7,117300.0,118000.6,358.203
4511,2025-07-26 15:00:00,118000.6,118269.3,117350.0,118258.2,435.936
4512,2025-07-26 16:00:00,117937.2,118269.3,117350.0,118120.0,291.912
4513,2025-07-26 17:00:00,118120.0,118260.0,117350.0,118085.1,279.393
4514,2025-07-26 18:00:00,118085.1,118260.0,117366.0,118144.0,331.611
4515,2025-07-26 19:00:00,118144.0,118269.3,117350.0,118264.9,283.069
4516,2025-07-26 20:00:00,118264.9,118265.0,117350.0,118015.8,557.433
4517,2025-07-26 21:00:00,118015.8,118250.0,117300.0,118123.0,554.319
4518,2025-07-26 22:00:00,118123.0,118265.0,117858.0,118053.0,366.221
4519,2025-07-26 23:00:00,118053.0,118265.0,117806.8,117952.9,494.226
4520,2025-07-27 00:00:00,117952.8,118157.5,117806.8,118157.4,737.744
4521,2025-07-27 01:00:00,118157.4,118269.3,117924.7,118147.8,413.36
4522,2025-07-27 02:00:00,118147.8,118269.3,118041.7,118269.2,409.922
4523,2025-07-27 03:00:00,118269.2,118269.3,118132.2,118185.4,262.468
4524,2025-07-27 04:00:00,118185.4,118489.4,118166.2,118263.2,813.645
4525,2025-07-27 05:00:00,118250.8,118308.9,118175.5,118247.4,152.978
4526,2025-07-27 06:00:00,118247.3,118382.8,118202.6,118258.5,108.924
4527,2025-07-27 07:00:00,118257.7,118264.6,117769.5,118090.3,443.725
4528,2025-07-27 08:00:00,118090.4,118135.8,117700.0,117946.7,398.398
4529,2025-07-27 09:00:00,117908.5,118000.0,117884.7,117888.5,135.147
4530,2025-07-27 10:00:00,117888.5,118255.4,117670.8,118105.2,2003.474
4531,2025-07-27 11:00:00,118105.2,118416.7,117850.2,118050.0,2633.131
4532,2025-07-27 12:00:00,118029.4,118094.4,117900.5,118060.9,1411.999
4533,2025-07-27 13:00:00,118060.9,118489.0,117500.0,118200.0,3481.714
4534,2025-07-27 14:00:00,118200.0,118489.0,117490.0,118373.4,961.874
4535,2025-07-27 15:00:00,118373.4,118612.8,117800.1,118612.7,1278.168
4536,2025-07-27 16:00:00,118612.7,120000.0,117800.1,118975.6,1175.698
4537,2025-07-27 17:00:00,118975.6,120000.0,118174.0,118210.2,553.026
4538,2025-07-27 18:00:00,118210.2,120000.0,118209.2,118983.0,575.014
4539,2025-07-27 19:00:00,118983.1,119307.5,118213.5,118919.7,1389.439
4540,2025-07-27 20:00:00,118919.7,122222.0,118230.0,118899.1,1807.834
4541,2025-07-27 21:00:00,118773.6,121600.0,118521.3,119306.9,687.938
4542,2025-07-27 22:00:00,119255.0,121600.0,118522.0,119453.6,970.981
4543,2025-07-27 23:00:00,119306.9,119898.1,119001.0,119001.1,575.215
4544,2025-07-28 00:00:00,119001.2,119898.1,119000.4,119000.4,337.197
4545,2025-07-28 01:00:00,119205.1,119500.0,119000.4,119000.5,572.668
4546,2025-07-28 02:00:00,119000.6,119924.4,119000.2,119361.7,1041.85
4547,2025-07-28 03:00:00,119361.7,119924.3,119000.2,119233.7,1427.638
4548,2025-07-28 04:00:00,119010.1,119537.4,118550.0,118973.0,333.973
4549,2025-07-28 05:00:00,119175.4,119900.0,118550.0,119299.8,301.687
4550,2025-07-28 06:00:00,119474.0,119799.5,118600.0,118947.9,240.123
4551,2025-07-28 07:00:00,119420.9,119800.0,118550.0,118910.3,204.428
4552,2025-07-28 08:00:00,118910.2,119900.0,118550.0,119019.2,1595.33
4553,2025-07-28 09:00:00,119086.0,119114.8,118550.0,118813.4,316.347
4554,2025-07-28 10:00:00,118897.2,119114.8,118500.0,118710.1,477.066
4555,2025-07-28 11:00:00,118733.4,119000.0,118100.0,118787.7,209.9
4556,2025-07-28 12:00:00,118787.7,119114.8,118481.8,118710.1,146.473
4557,2025-07-28 13:00:00,118660.9,119100.0,117490.0,118448.7,1055.301
4558,2025-07-28 14:00:00,118360.3,118900.0,117600.0,117800.1,809.624
4559,2025-07-28 15:00:00,117951.1,119114.8,117150.1,118129.3,2537.803
4560,2025-07-28 16:00:00,118143.1,118888.2,117150.1,118044.3,1638.215
4561,2025-07-28 17:00:00,118115.7,118280.0,117150.1,117576.4,634.657
4562,2025-07-28 18:00:00,117577.1,118698.2,117400.0,117736.3,4358.499
4563,2025-07-28 19:00:00,117785.3,118698.2,117400.0,118026.7,340.646
4564,2025-07-28 20:00:00,118074.0,118698.2,117400.0,118041.5,154.055
4565,2025-07-28 21:00:00,117957.2,118650.5,117500.0,118093.0,1717.587
4566,2025-07-28 22:00:00,118093.0,118326.3,117400.0,117576.2,2286.419
4567,2025-07-28 23:00:00,117876.1,118248.5,117500.0,117765.0,70.522
4568,2025-07-29 00:00:00,117765.0,118400.8,117500.0,118135.9,2387.91
4569,2025-07-29 01:00:00,117912.5,118698.2,117300.0,117620.9,209.87
4570,2025-07-29 02:00:00,117620.9,118254.6,117300.0,118052.1,85.157
4571,2025-07-29 03:00:00,118052.1,118904.6,117300.0,118750.1,4463.204
4572,2025-07-29 04:00:00,118750.1,118904.6,117300.0,118588.0,79.181
4573,2025-07-29 05:00:00,118588.0,118904.6,117300.0,118744.6,152.229
4574,2025-07-29 06:00:00,118884.7,119234.1,117300.0,118696.2,450.659
4575,2025-07-29 07:00:00,118838.8,119436.3,117300.0,118710.2,113.351
4576,2025-07-29 08:00:00,118975.1,119281.8,117301.0,119042.4,73.465
4577,2025-07-29 09:00:00,118912.3,119060.0,117399.0,118710.1,68.993
4578,2025-07-29 10:00:00,118710.1,118999.0,117301.0,118143.1,85.31
4579,2025-07-29 11:00:00,117977.5,118888.0,117300.0,118545.7,187.243
4580,2025-07-29 12:00:00,118654.0,119500.9,117301.1,118766.2,320.011
4581,2025-07-29 13:00:00,118750.2,119218.6,118600.0,118671.8,177.056
4582,2025-07-29 14:00:00,118686.3,118898.3,117500.0,117591.5,306.997
4583,2025-07-29 15:00:00,117765.1,118617.4,117300.0,117393.4,461.953
4584,2025-07-29 16:00:00,117447.6,118141.9,116666.0,118141.9,1143.241
4585,2025-07-29 17:00:00,117843.2,118141.9,116500.0,117799.9,213.68
4586,2025-07-29 18:00:00,117799.8,117800.0,116605.0,117798.9,376.861
4587,2025-07-29 19:00:00,117798.9,118141.8,116605.0,117432.0,1095.213
4588,2025-07-29 20:00:00,117576.1,118491.6,116332.1,117387.1,550.991
4589,2025-07-29 21:00:00,117387.1,117971.0,116839.4,117674.0,186.033
4590,2025-07-29 22:00:00,117674.0,117971.1,116839.4,117783.7,161.501
4591,2025-07-29 23:00:00,117818.6,118000.1,117667.9,118000.1,206.417
4592,2025-07-30 00:00:00,117863.1,118066.8,117397.3,117791.9,231.388
4593,2025-07-30 01:00:00,117726.7,118000.0,117400.0,117852.3,267.314
4594,2025-07-30 02:00:00,117852.3,118274.0,117400.0,117980.2,335.88
4595,2025-07-30 03:00:00,117980.1,118394.3,117301.0,118119.3,228.205
4596,2025-07-30 04:00:00,118147.9,118395.4,117301.0,117844.4,234.131
4597,2025-07-30 05:00:00,117999.6,118327.4,111200.0,117951.1,6856.098
4598,2025-07-30 06:00:00,117951.1,118488.8,117350.0,118169.8,1820.195
4599,2025-07-30 07:00:00,118324.5,118400.0,117350.0,118052.3,1562.235
4600,2025-07-30 08:00:00,118103.7,118526.9,117252.0,118332.0,3780.904
4601,2025-07-30 09:00:00,118361.4,118526.8,117500.0,117961.2,317.15
4602,2025-07-30 10:00:00,117961.2,118500.0,117500.0,117925.8,1321.479
4603,2025-07-30 11:00:00,117925.8,118196.6,117470.0,117598.8,5870.905
4604,2025-07-30 12:00:00,117598.9,117850.0,117401.0,117800.0,1732.328
4605,2025-07-30 13:00:00,117799.2,117864.9,117338.9,117736.7,775.939
4606,2025-07-30 14:00:00,117749.9,118617.4,117662.7,118288.2,1542.426
4607,2025-07-30 15:00:00,118285.2,118733.1,117800.0,117927.6,3409.636
4608,2025-07-30 16:00:00,117949.3,118000.7,117625.0,117726.8,937.164
4609,2025-07-30 17:00:00,117726.8,117871.6,117350.7,117664.9,2811.351
4610,2025-07-30 18:00:00,117664.9,117959.5,115941.1,116676.8,1518.05
4611,2025-07-30 19:00:00,116676.8,117600.0,115150.0,116978.3,3045.178
4612,2025-07-30 20:00:00,116978.3,117600.0,115600.0,117349.5,668.082
4613,2025-07-30 21:00:00,117332.5,117590.6,115600.0,117368.9,644.942
4614,2025-07-30 22:00:00,117368.9,117600.0,117198.1,117484.1,961.867
4615,2025-07-30 23:00:00,117487.5,117862.8,117388.4,117792.2,2491.743
4616,2025-07-31 00:00:00,117793.0,118700.0,117400.0,118499.9,1798.94
4617,2025-07-31 01:00:00,118180.1,118715.6,117419.4,118000.0,1864.741
4618,2025-07-31 02:00:00,118000.0,118500.0,117133.5,118400.0,610.309
4619,2025-07-31 03:00:00,118274.5,118550.0,117830.1,118277.2,221.683
4620,2025-07-31 04:00:00,118277.2,118774.6,117105.9,118466.1,549.1
4621,2025-07-31 05:00:00,118472.4,118678.9,117674.6,118368.6,111.336
4622,2025-07-31 06:00:00,118387.5,118700.9,117161.4,118665.7,446.61
4623,2025-07-31 07:00:00,118665.7,118888.0,117350.5,118756.8,300.063
4624,2025-07-31 08:00:00,118521.1,118888.0,117232.2,118581.3,463.784
4625,2025-07-31 09:00:00,118581.3,118737.1,118100.0,118521.2,143.107
4626,2025-07-31 10:00:00,118521.2,118649.0,118100.0,118370.6,220.894
4627,2025-07-31 11:00:00,118298.1,118689.8,117594.7,118351.6,291.87
4628,2025-07-31 12:00:00,118351.7,118689.8,117627.5,118689.7,1166.541
4629,2025-07-31 13:00:00,118491.8,118689.8,117711.1,118555.5,2113.395
4630,2025-07-31 14:00:00,118555.5,118689.8,117780.0,117862.4,5611.678
4631,2025-07-31 15:00:00,117862.0,118370.8,117844.8,118248.2,9424.694
4632,2025-07-31 16:00:00,118248.2,118832.8,117915.3,118478.2,4314.447
4633,2025-07-31 17:00:00,118273.0,118573.3,117788.9,117863.5,2504.182
4634,2025-07-31 18:00:00,117863.5,117988.8,117150.0,117700.0,1736.954
4635,2025-07-31 19:00:00,117700.1,117715.1,115500.0,116935.0,1503.998
4636,2025-07-31 20:00:00,116935.0,117108.2,115500.0,116786.6,353.179
4637,2025-07-31 21:00:00,116578.7,117150.0,115500.0,116581.1,731.496
4638,2025-07-31 22:00:00,116581.1,117150.0,111200.0,115967.8,6584.075
4639,2025-07-31 23:00:00,115967.8,117150.0,111200.0,115954.8,1329.515
4640,2025-08-01 00:00:00,115750.0,116300.0,111250.0,115350.1,1369.857
4641,2025-08-01 01:00:00,115687.5,116290.0,114600.0,115398.1,334.175
4642,2025-08-01 02:00:00,115398.1,116290.0,114666.0,115988.6,279.817
4643,2025-08-01 03:00:00,115988.6,116999.9,115200.0,115699.4,346.717
4644,2025-08-01 04:00:00,115854.1,116300.0,114666.0,115743.9,1262.221
4645,2025-08-01 05:00:00,115743.9,116999.0,115000.0,115618.2,493.586
4646,2025-08-01 06:00:00,115618.2,116191.8,114500.0,115299.0,4484.486
4647,2025-08-01 07:00:00,115299.0,115700.0,114500.0,115098.9,222.435
4648,2025-08-01 08:00:00,115098.9,115800.0,113709.7,114918.9,916.996
4649,2025-08-01 09:00:00,114918.9,115499.6,114100.0,115191.5,175.322
4650,2025-08-01 10:00:00,114989.7,116950.0,114100.0,114709.2,165.583
4651,2025-08-01 11:00:00,114973.0,115998.4,114100.2,115395.2,1816.05
4652,2025-08-01 12:00:00,115395.2,116320.0,114100.0,115816.6,1018.129
4653,2025-08-01 13:00:00,115816.6,116320.0,113981.1,114334.9,1723.169
4654,2025-08-01 14:00:00,114334.9,116000.0,113300.0,115653.5,1242.356
4655,2025-08-01 15:00:00,115653.4,115831.0,113500.0,115423.7,207.386
4656,2025-08-01 16:00:00,115368.2,116000.0,113500.0,115199.9,2293.948
4657,2025-08-01 17:00:00,115199.9,115800.0,113501.0,114558.3,1256.311
4658,2025-08-01 18:00:00,114558.3,115800.0,113000.0,113773.0,4920.135
4659,2025-08-01 19:00:00,113773.0,115000.0,112500.1,113341.1,1349.376
4660,2025-08-01 20:00:00,113341.1,114463.0,112600.0,114095.3,734.115
4661,2025-08-01 21:00:00,113623.6,115216.7,112787.7,113945.5,1049.4
4662,2025-08-01 22:00:00,113870.0,114276.2,112500.1,113297.9,1536.877
4663,2025-08-01 23:00:00,113297.9,114387.8,112500.1,113477.5,2159.221
4664,2025-08-02 00:00:00,113307.1,114537.7,112500.1,113961.1,110.286
4665,2025-08-02 01:00:00,113961.1,114383.8,113309.0,113852.1,96.162
4666,2025-08-02 02:00:00,113852.0,114274.3,113312.3,113668.4,128.386
4667,2025-08-02 03:00:00,113668.4,115000.0,112500.0,114137.8,234.402
4668,2025-08-02 04:00:00,114137.8,115000.0,112500.0,114452.8,2612.293
4669,2025-08-02 05:00:00,113979.0,114495.3,113200.0,114099.8,117.804
4670,2025-08-02 06:00:00,114099.8,114099.9,110000.0,113770.1,2877.909
4671,2025-08-02 07:00:00,113699.2,114099.9,110000.0,114049.8,251.521
4672,2025-08-02 08:00:00,113965.7,114049.9,110100.0,113755.0,133.603
4673,2025-08-02 09:00:00,113763.9,114003.0,110200.0,113903.5,161.508
4674,2025-08-02 10:00:00,113903.5,113998.6,113400.0,113745.7,138.528
4675,2025-08-02 11:00:00,113745.7,113998.6,112045.7,113976.8,276.936
4676,2025-08-02 12:00:00,113976.8,113998.6,112045.7,113690.1,239.508
4677,2025-08-02 13:00:00,113690.0,113998.6,112200.0,113998.6,1073.014
4678,2025-08-02 14:00:00,113879.3,113998.6,112200.0,113389.8,741.871
4679,2025-08-02 15:00:00,113230.6,113800.0,112222.0,112988.3,197.428
4680,2025-08-02 16:00:00,112798.5,113998.6,112045.7,113258.6,324.976
4681,2025-08-02 17:00:00,113076.9,113836.1,112045.7,112762.6,3961.324
4682,2025-08-02 18:00:00,112762.6,113200.0,111300.0,112393.8,325.02
4683,2025-08-02 19:00:00,112347.0,113500.0,111320.0,112291.3,1646.293
4684,2025-08-02 20:00:00,112285.9,113998.6,111322.0,112702.2,234.736
4685,2025-08-02 21:00:00,112702.2,113998.6,111322.0,112976.8,136.441
4686,2025-08-02 22:00:00,112926.5,113219.7,111322.0,112917.2,158.117
4687,2025-08-02 23:00:00,112917.2,113300.4,111322.0,112502.0,200.565
4688,2025-08-03 00:00:00,112502.0,113278.0,111322.0,112887.3,353.473
4689,2025-08-03 01:00:00,112920.8,113957.9,112500.0,113067.4,3219.358
4690,2025-08-03 02:00:00,113071.8,113997.9,111322.0,113594.1,1652.674
4691,2025-08-03 03:00:00,113559.6,114436.2,111322.0,113500.9,1507.292
4692,2025-08-03 04:00:00,113557.9,113898.0,112864.4,113766.2,290.867
4693,2025-08-03 05:00:00,113766.2,113875.5,112933.3,113754.7,120.785
4694,2025-08-03 06:00:00,113633.9,113888.0,113450.1,113775.9,300.294
4695,2025-08-03 07:00:00,113775.8,113898.0,113450.1,113866.0,221.534
4696,2025-08-03 08:00:00,113866.0,114000.0,113450.1,113700.0,183.247
4697,2025-08-03 09:00:00,113504.7,114000.0,112800.0,113709.6,809.631
4698,2025-08-03 10:00:00,113709.5,114000.0,112800.0,113600.0,229.469
4699,2025-08-03 11:00:00,113600.1,114505.1,113000.0,114065.1,393.422
4700,2025-08-03 12:00:00,114065.1,114065.3,113100.0,114010.3,232.05
4701,2025-08-03 13:00:00,114010.3,114232.5,113500.0,113989.5,288.919
4702,2025-08-03 14:00:00,113998.4,114232.4,113465.8,113897.1,201.68
4703,2025-08-03 15:00:00,113800.0,114232.5,111300.0,114161.2,591.671
4704,2025-08-03 16:00:00,114161.2,114232.5,111300.0,114136.0,190.757
4705,2025-08-03 17:00:00,114136.5,114238.0,111999.9,114237.9,206.852
4706,2025-08-03 18:00:00,114237.9,114620.0,111999.9,114406.0,222.053
4707,2025-08-03 19:00:00,114406.0,115000.0,111999.9,114341.6,527.777
4708,2025-08-03 20:00:00,114283.0,114600.0,113500.0,114329.0,173.571
4709,2025-08-03 21:00:00,114385.9,115000.0,114076.4,114210.7,294.352
4710,2025-08-03 22:00:00,114097.0,115000.0,113945.5,114375.3,272.299
4711,2025-08-03 23:00:00,114362.1,114522.7,114100.0,114400.0,146.019
4712,2025-08-04 00:00:00,114400.0,115000.0,113739.5,114826.4,222.267
4713,2025-08-04 01:00:00,114872.1,115000.0,112001.0,114199.4,311.241
4714,2025-08-04 02:00:00,114199.4,115000.0,112042.0,114717.3,144.111
4715,2025-08-04 03:00:00,114772.0,114800.0,113911.0,114592.4,162.7
4716,2025-08-04 04:00:00,114592.5,114865.1,113000.0,114335.0,238.31
4717,2025-08-04 05:00:00,114328.1,114615.7,114062.5,114543.0,141.88
4718,2025-08-04 06:00:00,114543.0,114665.2,112560.0,114188.2,204.282
4719,2025-08-04 07:00:00,114251.2,114940.0,113868.3,114698.9,236.175
4720,2025-08-04 08:00:00,114699.0,115000.0,111111.1,114496.0,4724.332
4721,2025-08-04 09:00:00,114496.0,115000.0,111200.0,114300.1,220.445
4722,2025-08-04 10:00:00,114460.4,114689.9,112600.0,114134.6,211.099
4723,2025-08-04 11:00:00,114189.9,114684.1,113333.0,114468.1,171.256
4724,2025-08-04 12:00:00,114468.1,114659.6,112111.0,114434.6,274.506
4725,2025-08-04 13:00:00,114434.6,115182.3,113868.0,114663.4,416.635
4726,2025-08-04 14:00:00,114663.4,115900.0,113699.1,114719.0,440.577
4727,2025-08-04 15:00:00,114487.3,115888.0,112000.0,114784.9,578.823
4728,2025-08-04 16:00:00,114784.2,115888.0,114500.0,115350.0,376.004
4729,2025-08-04 17:00:00,115230.9,115888.0,113333.0,115173.7,299.81
4730,2025-08-04 18:00:00,115238.0,115500.0,114570.5,114917.3,266.675
4731,2025-08-04 19:00:00,114884.8,115209.0,114123.0,114655.2,122.898
4732,2025-08-04 20:00:00,114701.0,115500.0,114000.0,114777.0,237.817
4733,2025-08-04 21:00:00,114777.5,115400.0,114270.4,115135.5,175.318
4734,2025-08-04 22:00:00,115064.8,115399.6,113672.2,115000.0,140.239
4735,2025-08-04 23:00:00,115261.1,115369.5,114813.1,114982.7,66.699
4736,2025-08-05 00:00:00,114999.9,115303.4,114105.8,114795.9,78.22
4737,2025-08-05 01:00:00,114947.5,115333.5,114058.0,114677.6,90.412
4738,2025-08-05 02:00:00,114645.8,115000.0,114169.8,114654.6,69.46
4739,2025-08-05 03:00:00,114654.6,115211.4,114300.0,114307.1,109.161
4740,2025-08-05 04:00:00,114307.1,114590.0,113960.0,114590.0,147.524
4741,2025-08-05 05:00:00,114383.1,114669.0,113600.0,114629.5,174.435
4742,2025-08-05 06:00:00,114629.5,114682.3,113600.0,114233.7,137.026
4743,2025-08-05 07:00:00,114322.3,114606.9,113600.0,114122.9,461.181
4744,2025-08-05 08:00:00,114122.9,114588.4,113600.0,114467.8,175.71
4745,2025-08-05 09:00:00,114467.8,114936.2,113700.0,114711.0,159.488
4746,2025-08-05 10:00:00,114711.0,115350.0,114521.8,114896.2,506.827
4747,2025-08-05 11:00:00,114880.0,115350.0,114572.6,114766.3,138.292
4748,2025-08-05 12:00:00,114756.2,114868.3,113600.0,114094.5,207.68
4749,2025-08-05 13:00:00,114076.1,114650.1,113600.0,114362.5,525.195
4750,2025-08-05 14:00:00,114362.5,114410.0,112000.0,113070.9,1347.819
4751,2025-08-05 15:00:00,113070.9,114199.5,112680.4,113006.0,1476.907
4752,2025-08-05 16:00:00,113006.0,113500.0,112740.0,113415.6,197.606
4753,2025-08-05 17:00:00,113415.6,113700.0,112740.0,113599.9,179.449
4754,2025-08-05 18:00:00,113582.7,113600.0,113200.0,113561.3,156.25
4755,2025-08-05 19:00:00,113522.9,113799.4,113254.6,113604.8,2398.301
4756,2025-08-05 20:00:00,113604.8,114203.0,112740.0,113653.9,345.285
4757,2025-08-05 21:00:00,113624.6,114309.7,112888.0,113888.0,130.759
4758,2025-08-05 22:00:00,113888.0,114204.0,113000.0,113002.0,145.293
4759,2025-08-05 23:00:00,113913.1,114464.8,112800.0,114182.4,169.707
4760,2025-08-06 00:00:00,114182.4,114377.0,113250.0,113825.9,122.552
4761,2025-08-06 01:00:00,113825.9,118218.2,109883.9,114099.4,10797.376
4762,2025-08-06 02:00:00,114099.3,114357.1,109817.0,113679.2,277.952
4763,2025-08-06 03:00:00,113668.5,114127.6,113414.5,113575.2,254.849
4764,2025-08-06 04:00:00,113575.2,114213.6,113176.2,113480.9,330.208
4765,2025-08-06 05:00:00,113480.9,114591.4,113410.0,114194.6,300.839
4766,2025-08-06 06:00:00,114194.6,114453.9,113958.2,114127.2,332.872
4767,2025-08-06 07:00:00,114127.2,114646.1,110622.9,114280.4,633.428
4768,2025-08-06 08:00:00,114280.4,114665.2,110000.0,113930.0,331.897
4769,2025-08-06 09:00:00,113929.9,114700.0,113000.0,114142.3,587.694
4770,2025-08-06 10:00:00,114130.4,114633.5,113000.0,114113.7,436.199
4771,2025-08-06 11:00:00,114113.7,114600.0,114000.0,114256.0,649.314
4772,2025-08-06 12:00:00,114256.0,114256.0,113707.1,113954.0,385.308
4773,2025-08-06 13:00:00,113954.0,114550.0,112300.0,114403.0,842.259
4774,2025-08-06 14:00:00,114343.3,115097.3,113900.0,115039.1,633.871
4775,2025-08-06 15:00:00,114921.8,115457.5,114863.5,115299.8,933.173
4776,2025-08-06 16:00:00,115299.8,115448.9,114535.6,114981.8,574.8
4777,2025-08-06 17:00:00,114981.8,115641.7,114871.5,115541.6,5102.386
4778,2025-08-06 18:00:00,115641.7,115676.8,115350.9,115430.8,275.48
4779,2025-08-06 19:00:00,115430.8,115500.0,115129.7,115238.8,270.295
4780,2025-08-06 20:00:00,115238.4,115268.7,114757.9,115147.4,216.259
4781,2025-08-06 21:00:00,115147.4,115178.8,114658.7,115062.8,321.342
4782,2025-08-06 22:00:00,115062.8,115234.5,115026.0,115192.1,179.432
4783,2025-08-06 23:00:00,115192.1,115207.8,115004.1,115028.1,338.932
4784,2025-08-07 00:00:00,115033.0,115043.9,114885.5,114910.1,181.524
4785,2025-08-07 01:00:00,114910.1,115199.0,114656.0,114806.5,587.534
4786,2025-08-07 02:00:00,114806.5,114951.2,114416.0,114716.4,426.961
4787,2025-08-07 03:00:00,114716.4,114716.5,114300.0,114683.1,346.158
4788,2025-08-07 04:00:00,114666.1,114716.5,114315.5,114582.4,219.793
4789,2025-08-07 05:00:00,114582.4,114716.5,114000.0,114716.4,321.119
4790,2025-08-07 06:00:00,114716.4,114716.5,114000.0,114716.4,139.407
4791,2025-08-07 07:00:00,114716.4,114983.1,114543.3,114983.1,356.492
4792,2025-08-07 08:00:00,114983.1,115255.6,114543.3,115199.9,344.639
4793,2025-08-07 09:00:00,115199.9,115250.6,114772.6,115056.7,337.911
4794,2025-08-07 10:00:00,115056.7,120000.0,115028.2,116330.2,6313.736
4795,2025-08-07 11:00:00,116330.2,117500.0,114955.6,116493.2,1106.097
4796,2025-08-07 12:00:00,116493.2,116676.8,114993.3,116171.7,967.409
4797,2025-08-07 13:00:00,116336.2,116830.7,114916.0,115912.1,1411.163
4798,2025-08-07 14:00:00,116143.4,117208.0,114803.7,116537.0,1788.707
4799,2025-08-07 15:00:00,116409.0,117208.0,114772.6,116661.1,2563.901
4800,2025-08-07 16:00:00,116666.0,117208.0,115000.5,115500.0,1388.147
4801,2025-08-07 17:00:00,116173.3,117000.0,114717.4,116460.2,571.16
4802,2025-08-07 18:00:00,116460.2,117208.0,114000.0,116525.5,3258.812
4803,2025-08-07 19:00:00,116665.0,117666.6,115000.0,117435.9,539.414
4804,2025-08-07 20:00:00,117418.4,117888.8,116000.0,117231.4,799.782
4805,2025-08-07 21:00:00,117129.4,117980.0,114845.3,117111.5,436.898
4806,2025-08-07 22:00:00,117111.5,117828.4,115041.5,117514.3,467.703
4807,2025-08-07 23:00:00,117614.0,117675.6,115041.5,115351.1,619.732
4808,2025-08-08 00:00:00,115351.1,117742.1,115041.5,116542.5,323.894
4809,2025-08-08 01:00:00,117234.9,117495.9,115041.5,116028.7,344.823
4810,2025-08-08 02:00:00,115998.4,118000.0,93000.0,116363.8,12322.313
4811,2025-08-08 03:00:00,116655.7,121000.0,114200.0,115590.8,26140.732
4812,2025-08-08 04:00:00,114671.7,120900.0,114400.0,116706.6,803.916
4813,2025-08-08 05:00:00,116707.4,116900.0,114600.0,116600.0,3414.068
4814,2025-08-08 06:00:00,116600.0,116800.0,116400.0,116800.0,312.763
4815,2025-08-08 07:00:00,116799.9,117325.6,116400.0,116800.0,2312.312
4816,2025-08-08 08:00:00,116899.9,117133.1,115201.0,116551.9,13621.805
4817,2025-08-08 09:00:00,116551.8,120999.8,115500.0,116672.6,29593.348
4818,2025-08-08 10:00:00,116743.6,117000.0,115202.0,116541.6,18564.926
4819,2025-08-08 11:00:00,116541.6,117000.0,115201.0,116957.4,478.058
4820,2025-08-08 12:00:00,116844.0,117000.0,115333.0,116454.2,387.555
4821,2025-08-08 13:00:00,116455.9,117000.0,115222.0,116858.8,951.736
4822,2025-08-08 14:00:00,116858.9,118355.0,115222.0,115774.7,524.137
4823,2025-08-08 15:00:00,116428.9,116594.5,115222.0,116177.4,669.274
4824,2025-08-08 16:00:00,116226.9,116792.8,115222.0,116139.3,525.018
4825,2025-08-08 17:00:00,116182.8,118354.9,115222.0,116646.8,1573.591
4826,2025-08-08 18:00:00,116646.8,120999.8,115222.0,116436.5,5165.618
4827,2025-08-08 19:00:00,116439.3,116660.0,115222.0,116402.8,636.883
4828,2025-08-08 20:00:00,116519.9,116999.0,115222.0,116200.0,445.809
4829,2025-08-08 21:00:00,116919.9,116999.0,115222.0,116815.4,566.019
4830,2025-08-08 22:00:00,116815.4,116990.0,115222.0,116835.6,377.973
4831,2025-08-08 23:00:00,116835.6,116990.0,115382.3,116621.3,528.781
4832,2025-08-09 00:00:00,116621.3,116999.0,115382.3,116141.5,565.114
4833,2025-08-09 01:00:00,116341.6,116999.0,115382.4,116510.9,1773.931
4834,2025-08-09 02:00:00,116517.1,120999.8,115400.0,116417.7,759.771
4835,2025-08-09 03:00:00,116499.9,116600.0,115400.0,115700.1,3101.035
4836,2025-08-09 04:00:00,116499.9,116920.0,115400.0,116389.5,471.0
4837,2025-08-09 05:00:00,116389.5,120900.0,115500.0,116535.7,1794.597
4838,2025-08-09 06:00:00,116801.3,116972.6,115547.4,116678.9,353.596
4839,2025-08-09 07:00:00,116637.0,117628.8,115450.0,116864.9,511.542
4840,2025-08-09 08:00:00,116864.9,120000.0,115450.0,117066.1,598.672
4841,2025-08-09 09:00:00,117066.1,120000.0,115450.0,117439.6,849.816
4842,2025-08-09 10:00:00,117340.8,118344.0,115500.0,115887.3,884.778
4843,2025-08-09 11:00:00,115887.3,117443.9,115405.0,117052.1,554.507
4844,2025-08-09 12:00:00,116145.1,117253.0,116055.4,117064.7,574.036
4845,2025-08-09 13:00:00,117064.5,117100.0,116100.0,116880.5,537.32
4846,2025-08-09 14:00:00,116880.5,117107.9,116722.4,116997.6,215.361
4847,2025-08-09 15:00:00,116989.2,117135.0,116400.0,116790.9,377.688
4848,2025-08-09 16:00:00,116788.3,116903.0,116400.0,116867.9,401.062
4849,2025-08-09 17:00:00,116864.8,116868.0,116400.0,116767.0,290.757
4850,2025-08-09 18:00:00,116767.0,116800.0,116321.0,116684.8,267.911
4851,2025-08-09 19:00:00,116677.1,116830.0,116550.0,116588.1,318.284
4852,2025-08-09 20:00:00,116588.1,116919.2,116550.0,116826.0,261.476
4853,2025-08-09 21:00:00,116819.1,116826.0,116321.0,116580.6,322.822
4854,2025-08-09 22:00:00,116580.6,116804.8,116349.2,116730.9,193.985
4855,2025-08-09 23:00:00,116730.9,116800.0,116232.9,116515.2,269.464
4856,2025-08-10 00:00:00,116515.4,116823.6,116499.0,116678.2,144.986
4857,2025-08-10 01:00:00,116726.1,116737.2,116592.6,116610.1,45.621
4858,2025-08-10 02:00:00,116610.3,117464.6,115611.0,117464.5,600.689
4859,2025-08-10 03:00:00,117464.5,119336.3,117100.0,118435.1,513.982
4860,2025-08-10 04:00:00,118499.9,119336.3,117100.0,118455.1,309.813
4861,2025-08-10 05:00:00,118436.8,118555.0,117100.0,118099.9,527.739
4862,2025-08-10 06:00:00,118100.0,118340.4,117100.0,117913.9,437.229
4863,2025-08-10 07:00:00,117911.2,118200.0,117550.0,117780.0,157.555
4864,2025-08-10 08:00:00,117760.1,118555.0,117680.0,118357.3,294.151
4865,2025-08-10 09:00:00,118377.5,118555.0,117700.0,118388.2,230.056
4866,2025-08-10 10:00:00,118388.2,118388.3,117100.0,118059.1,206.443
4867,2025-08-10 11:00:00,118099.1,118449.9,117200.0,118277.7,220.095
4868,2025-08-10 12:00:00,118399.9,118900.0,117505.0,118472.9,342.398
4869,2025-08-10 13:00:00,118472.9,118900.0,118000.0,118400.1,199.879
4870,2025-08-10 14:00:00,118438.9,118994.9,117505.0,118726.5,2261.842
4871,2025-08-10 15:00:00,118726.5,119900.0,117800.0,118824.0,2806.565
4872,2025-08-10 16:00:00,118884.8,118990.0,117800.0,118682.6,1570.972
4873,2025-08-10 17:00:00,118682.7,118903.9,118200.0,118573.1,1241.508
4874,2025-08-10 18:00:00,118546.6,118746.0,118319.0,118500.7,184.526
4875,2025-08-10 19:00:00,118396.1,119013.4,118200.0,118856.8,312.636
4876,2025-08-10 20:00:00,118720.0,119036.9,117987.6,118445.2,1472.496
4877,2025-08-10 21:00:00,118445.2,119338.6,117987.6,118522.9,258.506
4878,2025-08-10 22:00:00,118520.7,119186.0,117987.6,118955.1,69.976
4879,2025-08-10 23:00:00,119000.4,119564.4,117987.6,119531.0,303.543
4880,2025-08-11 00:00:00,119453.7,119564.4,117987.6,119142.1,185.86
4881,2025-08-11 01:00:00,119278.6,122199.0,117199.7,119844.9,7271.405
4882,2025-08-11 02:00:00,119749.6,122199.0,119700.0,121820.1,4621.035
4883,2025-08-11 03:00:00,121860.9,122199.0,121477.0,121728.6,735.112
4884,2025-08-11 04:00:00,121728.6,122199.0,121002.0,122044.4,4376.869
4885,2025-08-11 05:00:00,122044.4,122512.5,121093.6,121983.5,1249.779
4886,2025-08-11 06:00:00,121983.5,122300.0,119850.0,122278.9,1472.819
4887,2025-08-11 07:00:00,122278.9,134437.7,119850.0,121596.8,4242.755
4888,2025-08-11 08:00:00,121596.8,123888.0,119850.0,121747.9,262.359
4889,2025-08-11 09:00:00,119850.1,121753.9,119850.0,121559.0,251.026
4890,2025-08-11 10:00:00,121559.0,121700.2,119850.0,121147.5,2236.534
4891,2025-08-11 11:00:00,121147.7,121300.0,119850.0,120567.9,331.199
4892,2025-08-11 12:00:00,120482.8,121300.0,118500.1,119530.2,828.198
4893,2025-08-11 13:00:00,119530.2,120500.0,118500.1,119999.0,380.116
4894,2025-08-11 14:00:00,119999.1,120500.0,119581.8,120000.0,620.689
4895,2025-08-11 15:00:00,120074.9,120400.0,119581.8,120270.7,226.435
4896,2025-08-11 16:00:00,120277.4,120798.0,119700.0,119980.0,315.014
4897,2025-08-11 17:00:00,119980.1,120282.4,119460.8,119460.8,487.403
4898,2025-08-11 18:00:00,119460.9,119999.0,118556.0,119722.6,540.346
4899,2025-08-11 19:00:00,119722.6,119999.0,118500.1,119000.0,497.276
4900,2025-08-11 20:00:00,118999.9,119253.7,118500.2,118856.4,604.178
4901,2025-08-11 21:00:00,118856.5,119410.0,118100.1,118654.0,752.094
4902,2025-08-11 22:00:00,118702.9,119026.5,118198.7,118726.7,641.125
4903,2025-08-11 23:00:00,118437.1,118908.1,118100.1,118607.0,844.295
4904,2025-08-12 00:00:00,118643.3,119144.6,118300.0,118300.0,361.271
4905,2025-08-12 01:00:00,118803.3,119085.8,118300.0,118924.1,231.861
4906,2025-08-12 02:00:00,118924.1,119389.9,118432.1,119164.9,439.431
4907,2025-08-12 03:00:00,119164.9,119807.0,118432.1,118807.3,433.878
4908,2025-08-12 04:00:00,118807.3,119150.0,118432.1,119108.5,379.782
4909,2025-08-12 05:00:00,119104.6,119104.7,118432.1,118766.0,248.652
4910,2025-08-12 06:00:00,118760.0,119071.0,118432.1,118899.9,317.207
4911,2025-08-12 07:00:00,118834.3,119380.0,118450.0,118913.8,254.573
4912,2025-08-12 08:00:00,118928.0,119156.1,118500.0,118774.2,188.672
4913,2025-08-12 09:00:00,118774.2,118900.2,118432.1,118432.3,242.346
4914,2025-08-12 10:00:00,118476.3,119300.0,118300.0,118300.1,1740.13
4915,2025-08-12 11:00:00,118300.1,119300.0,118300.0,118495.5,967.7
4916,2025-08-12 12:00:00,118506.3,119300.0,118300.0,119197.2,498.649
4917,2025-08-12 13:00:00,119264.6,119800.0,118300.0,118776.2,308.363
4918,2025-08-12 14:00:00,118776.2,119622.1,118300.0,119304.1,1037.492
4919,2025-08-12 15:00:00,119364.6,119999.0,118664.8,119760.9,457.597
4920,2025-08-12 16:00:00,119985.5,120690.0,119000.0,119606.2,4049.615
4921,2025-08-12 17:00:00,119714.6,119850.8,118604.0,119011.1,390.439
4922,2025-08-12 18:00:00,119236.2,120185.9,118643.2,119288.9,1119.429
4923,2025-08-12 19:00:00,119288.9,119914.6,118700.0,119739.3,204.277
4924,2025-08-12 20:00:00,119720.0,122772.1,119000.3,120240.7,552.176
4925,2025-08-12 21:00:00,120263.2,123000.0,119200.0,119929.9,258.88
4926,2025-08-12 22:00:00,119734.2,120537.7,118643.2,120040.2,276.143
4927,2025-08-12 23:00:00,120041.2,120396.3,118666.0,120191.9,360.367
4928,2025-08-13 00:00:00,120176.4,120300.0,115500.0,119749.9,2872.468
4929,2025-08-13 01:00:00,119749.9,120104.2,118414.2,119313.1,558.512
4930,2025-08-13 02:00:00,119303.1,119707.8,115500.0,119607.4,10105.786
4931,2025-08-13 03:00:00,119607.5,119700.0,118702.0,119435.3,486.145
4932,2025-08-13 04:00:00,119480.9,119985.1,118850.3,119250.6,2694.756
4933,2025-08-13 05:00:00,119413.3,119718.0,118973.5,118983.4,277.175
4934,2025-08-13 06:00:00,118973.6,119450.0,118850.3,119449.9,1099.821
4935,2025-08-13 07:00:00,119432.3,119566.4,118859.0,119459.4,147.586
4936,2025-08-13 08:00:00,119566.4,120500.0,119050.0,120139.0,198.467
4937,2025-08-13 09:00:00,120135.7,120527.3,119107.0,120202.7,137.437
4938,2025-08-13 10:00:00,120133.7,121370.6,119050.0,120580.4,191.767
4939,2025-08-13 11:00:00,120339.5,120951.0,118850.3,120435.7,201.01
4940,2025-08-13 12:00:00,120630.1,120827.7,119100.0,120422.2,479.388
4941,2025-08-13 13:00:00,120370.1,123000.0,119102.0,121706.1,811.732
4942,2025-08-13 14:00:00,121706.1,123900.0,119800.1,121004.0,1778.156
4943,2025-08-13 15:00:00,121008.9,121657.5,119943.6,121125.6,643.525
4944,2025-08-13 16:00:00,121125.5,121820.7,119999.0,121348.5,411.335
4945,2025-08-13 17:00:00,121595.7,121820.7,120760.1,121658.1,310.052
4946,2025-08-13 18:00:00,121750.5,122077.1,120760.1,121360.2,1445.789
4947,2025-08-13 19:00:00,121585.2,122990.0,120760.1,122688.2,301.432
4948,2025-08-13 20:00:00,122688.2,122990.0,120800.0,122858.4,196.538
4949,2025-08-13 21:00:00,122865.2,122990.0,120920.0,122741.6,264.972
4950,2025-08-13 22:00:00,122808.5,123771.4,120920.0,122999.7,1323.951
4951,2025-08-13 23:00:00,122999.9,123888.0,120920.0,123265.7,213.402
4952,2025-08-14 00:00:00,123265.7,125000.0,122200.0,123742.6,845.559
4953,2025-08-14 01:00:00,123786.4,123908.0,123100.3,123285.6,144.068
4954,2025-08-14 02:00:00,123285.7,124086.0,122500.0,123252.6,117.441
4955,2025-08-14 03:00:00,123560.0,124066.0,122589.3,123528.6,145.488
4956,2025-08-14 04:00:00,123281.7,168799.8,90000.0,122960.7,68077.696
4957,2025-08-14 05:00:00,123054.9,123264.4,122000.0,122085.4,264.863
4958,2025-08-14 06:00:00,122257.3,123000.0,120000.0,121725.8,2393.895
4959,2025-08-14 07:00:00,121725.9,123136.7,121251.0,121817.0,1226.283
4960,2025-08-14 08:00:00,121817.0,122007.1,121251.4,121772.1,649.977
4961,2025-08-14 09:00:00,121512.0,121899.5,121511.1,121515.2,802.714
4962,2025-08-14 10:00:00,121816.0,121863.0,119550.0,119550.1,1302.441
4963,2025-08-14 11:00:00,119550.1,121512.0,118820.0,120901.5,6143.184
4964,2025-08-14 12:00:00,120901.5,121100.1,117849.9,118890.3,6078.912
4965,2025-08-14 13:00:00,118890.3,119200.0,117849.9,118198.5,1113.488
4966,2025-08-14 14:00:00,118198.6,119288.7,117849.9,118887.8,1155.134
4967,2025-08-14 15:00:00,118887.8,119127.8,117946.7,118183.5,749.643
4968,2025-08-14 16:00:00,118438.9,118956.0,117000.1,117874.5,1970.447
4969,2025-08-14 17:00:00,117874.5,119176.0,117000.2,117945.4,582.783
4970,2025-08-14 18:00:00,117945.4,118560.0,117000.2,118134.3,1496.786
4971,2025-08-14 19:00:00,118156.6,118610.4,117689.6,118007.3,464.161
4972,2025-08-14 20:00:00,118007.3,118410.4,117689.6,117996.8,472.231
4973,2025-08-14 21:00:00,117996.8,118610.4,117020.1,118227.2,541.324
4974,2025-08-14 22:00:00,118307.9,118610.4,117208.7,118457.8,341.376
4975,2025-08-14 23:00:00,118457.8,118610.4,118095.5,118565.3,277.412
4976,2025-08-15 00:00:00,118565.3,118610.4,118058.1,118439.3,388.927
4977,2025-08-15 01:00:00,118439.3,118968.4,118058.1,118737.8,1178.582
4978,2025-08-15 02:00:00,118737.8,119100.0,118142.3,118647.9,1087.257
4979,2025-08-15 03:00:00,118636.3,119186.0,118058.1,119185.9,1498.773
4980,2025-08-15 04:00:00,119185.9,119186.0,118821.4,118898.5,319.887
4981,2025-08-15 05:00:00,118898.5,119186.0,118570.1,119099.9,263.451
4982,2025-08-15 06:00:00,119100.0,119199.0,118700.0,119105.9,844.901
4983,2025-08-15 07:00:00,119105.9,119109.9,118600.0,119005.6,200.975
4984,2025-08-15 08:00:00,119005.6,120018.5,97000.0,118968.3,26486.897
4985,2025-08-15 09:00:00,118964.8,119064.1,117500.0,118799.9,1730.249
4986,2025-08-15 10:00:00,118799.9,119064.1,118688.0,118980.0,976.36
4987,2025-08-15 11:00:00,118978.8,119064.1,117899.9,118940.0,1236.661
4988,2025-08-15 12:00:00,118940.0,119019.0,118500.0,118721.9,377.945
4989,2025-08-15 13:00:00,118500.1,119064.1,117217.7,117982.0,1158.272
4990,2025-08-15 14:00:00,117838.5,118590.9,117133.6,117519.7,1275.659
4991,2025-08-15 15:00:00,117519.7,118000.0,110000.0,117519.3,490.857
4992,2025-08-15 16:00:00,117519.3,117599.0,116300.0,117400.0,1080.974
4993,2025-08-15 17:00:00,117400.0,118000.0,116300.0,117805.3,216.007
4994,2025-08-15 18:00:00,117625.1,117805.4,116300.0,116800.0,130.686
4995,2025-08-15 19:00:00,117006.5,118000.0,116300.0,117065.4,122.023
4996,2025-08-15 20:00:00,116773.4,117413.5,116300.1,117339.9,492.031
4997,2025-08-15 21:00:00,117038.7,117349.1,116880.1,117349.0,59.306
4998,2025-08-15 22:00:00,117341.1,117928.3,117341.0,117749.6,4134.289
4999,2025-08-15 23:00:00,117771.3,118000.0,116900.0,117498.5,110.006
5000,2025-08-16 00:00:00,117498.5,117977.4,116900.0,117784.5,3123.023
5001,2025-08-16 01:00:00,117784.5,118000.0,116880.0,117927.7,324.174
5002,2025-08-16 02:00:00,117927.7,117928.1,116300.0,117558.9,268.988
5003,2025-08-16 03:00:00,117536.3,117725.2,116300.0,117405.3,79.023
5004,2025-08-16 04:00:00,117449.1,118214.9,116481.0,117869.3,765.458
5005,2025-08-16 05:00:00,117990.0,118251.2,116481.0,117725.4,143.112
5006,2025-08-16 06:00:00,117725.4,117800.0,116481.0,117395.0,174.436
5007,2025-08-16 07:00:00,117347.4,117799.9,116836.6,117749.9,99.586
5008,2025-08-16 08:00:00,117749.9,117750.0,116607.9,117700.0,105.075
5009,2025-08-16 09:00:00,117700.0,118356.8,117239.9,117561.9,815.238
5010,2025-08-16 10:00:00,117251.1,117670.9,117251.0,117374.9,124.36
5011,2025-08-16 11:00:00,117604.9,117810.4,117300.0,117486.9,130.75
5012,2025-08-16 12:00:00,117486.9,117894.7,117253.0,117765.9,203.355
5013,2025-08-16 13:00:00,117770.7,118043.1,117300.0,117732.7,2060.412
5014,2025-08-16 14:00:00,117732.7,117932.9,117350.0,117800.0,212.917
5015,2025-08-16 15:00:00,117748.0,118175.1,117350.0,117740.0,208.889
5016,2025-08-16 16:00:00,117740.0,117925.0,117350.0,117798.4,157.179
5017,2025-08-16 17:00:00,117798.4,117960.0,117630.0,117745.2,186.184
5018,2025-08-16 18:00:00,117745.2,117823.0,117630.0,117630.8,56.885
5019,2025-08-16 19:00:00,117630.2,118492.5,117300.0,117511.6,250.897
5020,2025-08-16 20:00:00,117511.6,118492.5,117315.3,117463.0,135.124
5021,2025-08-16 21:00:00,117590.2,118000.0,117105.0,117545.8,4501.159
5022,2025-08-16 22:00:00,117533.8,117545.8,116607.9,117502.4,305.871
5023,2025-08-16 23:00:00,117502.5,117534.5,117132.0,117297.4,60.539
5024,2025-08-17 00:00:00,117297.4,117483.0,117109.9,117284.6,73.125
5025,2025-08-17 01:00:00,117292.8,117509.6,117136.3,117304.5,58.761
5026,2025-08-17 02:00:00,117392.1,118000.0,117100.0,117573.9,83.592
5027,2025-08-17 03:00:00,117452.6,118000.0,116971.7,117344.6,123.669
5028,2025-08-17 04:00:00,117344.6,118307.4,117179.4,118028.3,4403.214
5029,2025-08-17 05:00:00,118069.6,118492.5,116909.0,117952.7,123.298
5030,2025-08-17 06:00:00,117956.0,118190.1,116871.4,117913.3,82.108
5031,2025-08-17 07:00:00,117972.2,118099.9,116850.5,118099.7,302.066
5032,2025-08-17 08:00:00,118000.1,118492.5,117750.0,118288.6,421.43
5033,2025-08-17 09:00:00,118407.3,118492.5,117800.0,118303.7,271.483
5034,2025-08-17 10:00:00,118303.8,118492.5,117800.1,118400.0,297.522
5035,2025-08-17 11:00:00,118193.8,118492.5,118193.7,118296.3,88.495
5036,2025-08-17 12:00:00,118294.1,118492.5,117800.2,118155.0,132.841
5037,2025-08-17 13:00:00,118100.1,118492.5,117800.2,118376.0,164.856
5038,2025-08-17 14:00:00,118382.4,118492.5,117900.0,118174.4,140.358
5039,2025-08-17 15:00:00,118174.4,118779.0,117900.0,118257.3,3349.453
5040,2025-08-17 16:00:00,118278.8,118888.0,117414.7,117414.7,282.766
5041,2025-08-17 17:00:00,117672.4,118888.0,117400.0,118009.8,176.046
5042,2025-08-17 18:00:00,117957.1,118010.3,117400.0,117611.6,731.561
5043,2025-08-17 19:00:00,117499.2,118744.0,117400.0,117658.1,556.622
5044,2025-08-17 20:00:00,117658.1,118744.0,117400.0,117861.5,157.981
5045,2025-08-17 21:00:00,117400.1,117861.5,117400.0,117680.9,114.328
5046,2025-08-17 22:00:00,117652.9,118107.0,117500.0,117998.9,123.185
5047,2025-08-17 23:00:00,117998.9,118744.0,117409.0,117431.3,953.507
5048,2025-08-18 00:00:00,117431.3,118744.0,116938.7,117127.3,362.095
5049,2025-08-18 01:00:00,117127.3,117665.4,116000.0,116344.9,377.688
5050,2025-08-18 02:00:00,116310.7,116402.0,115000.0,115604.9,1715.442
5051,2025-08-18 03:00:00,115604.9,115850.2,114420.8,115381.7,690.719
5052,2025-08-18 04:00:00,115300.0,115788.8,114900.0,115523.4,104.203
5053,2025-08-18 05:00:00,115523.4,115852.8,114900.0,115628.2,166.318
5054,2025-08-18 06:00:00,115628.2,115852.8,114966.0,115294.9,162.78
5055,2025-08-18 07:00:00,115294.9,115682.4,114966.0,115257.1,111.82
5056,2025-08-18 08:00:00,115257.2,115501.1,114966.0,115105.2,164.08
5057,2025-08-18 09:00:00,115197.9,115660.8,114420.9,115080.1,600.297
5058,2025-08-18 10:00:00,114999.1,115682.4,114500.0,115114.9,191.775
5059,2025-08-18 11:00:00,114980.1,115624.3,114500.1,115149.8,201.265
5060,2025-08-18 12:00:00,115149.8,115569.0,114900.1,115569.0,840.741
5061,2025-08-18 13:00:00,115568.9,115925.0,114920.0,115064.3,284.516
5062,2025-08-18 14:00:00,115064.2,115900.0,114900.1,115667.4,686.094
5063,2025-08-18 15:00:00,115667.4,116600.0,114900.1,116351.1,643.048
5064,2025-08-18 16:00:00,116109.1,116600.0,114900.1,116027.2,211.048
5065,2025-08-18 17:00:00,115795.3,117422.7,114900.1,116599.9,4396.476
5066,2025-08-18 18:00:00,116599.9,116800.0,115300.0,116710.7,125.007
5067,2025-08-18 19:00:00,116648.5,116800.0,115300.0,116575.2,159.829
5068,2025-08-18 20:00:00,116575.2,116850.0,115300.0,116444.2,111.65
5069,2025-08-18 21:00:00,116444.2,116969.1,115330.0,116749.9,93.478
5070,2025-08-18 22:00:00,116749.9,117276.0,115300.0,116637.6,178.035
5071,2025-08-18 23:00:00,116637.6,121000.0,115300.0,116200.9,3710.068
5072,2025-08-19 00:00:00,116200.9,117610.9,115300.0,116542.4,235.456
5073,2025-08-19 01:00:00,116542.4,117000.0,115201.0,115837.6,144.443
5074,2025-08-19 02:00:00,115620.6,116522.2,115500.0,115968.6,132.921
5075,2025-08-19 03:00:00,115681.5,115968.5,114801.0,115032.3,1308.719
5076,2025-08-19 04:00:00,115032.3,116000.0,114420.8,115700.3,3124.03
5077,2025-08-19 05:00:00,115546.2,116000.0,114420.8,115020.6,128.63
5078,2025-08-19 06:00:00,115020.6,116000.0,114420.8,114958.7,203.691
5079,2025-08-19 07:00:00,114987.1,116000.0,114420.8,114700.0,258.277
5080,2025-08-19 08:00:00,114991.6,116000.0,114420.8,115252.6,709.534
5081,2025-08-19 09:00:00,115210.1,115900.0,114805.0,115573.4,250.399
5082,2025-08-19 10:00:00,115573.3,115700.8,115000.0,115430.8,1007.354
5083,2025-08-19 11:00:00,115347.6,115800.0,115000.0,115159.6,1017.279
5084,2025-08-19 12:00:00,115159.6,115800.0,115000.0,115699.9,176.622
5085,2025-08-19 13:00:00,115687.8,115993.0,114706.0,115383.3,218.03
5086,2025-08-19 14:00:00,115127.0,115445.0,112100.1,113947.3,1141.086
5087,2025-08-19 15:00:00,113960.2,114464.5,113007.9,113773.9,2258.78
5088,2025-08-19 16:00:00,113773.9,114029.7,113007.9,113224.1,378.07
5089,2025-08-19 17:00:00,113406.7,114323.5,113007.9,113494.3,474.636
5090,2025-08-19 18:00:00,113459.8,113880.0,112666.0,113118.3,473.845
5091,2025-08-19 19:00:00,113118.3,113803.2,112500.0,113272.0,2474.368
5092,2025-08-19 20:00:00,113146.7,114500.0,112881.1,113587.8,244.239
5093,2025-08-19 21:00:00,113606.9,113801.4,112777.1,113467.1,146.874
5094,2025-08-19 22:00:00,113467.1,113621.0,112777.1,113365.9,199.438
5095,2025-08-19 23:00:00,113365.9,113473.4,112777.0,113026.9,371.756
5096,2025-08-20 00:00:00,112781.0,113574.0,112777.0,113266.4,150.242
5097,2025-08-20 01:00:00,113266.4,113573.9,112600.0,113049.4,807.222
5098,2025-08-20 02:00:00,113049.3,113964.6,112555.0,113425.8,144.88
5099,2025-08-20 03:00:00,113425.8,114500.0,112800.0,113700.0,220.482
5100,2025-08-20 04:00:00,113700.0,117000.0,100004.0,113777.0,10053.323
5101,2025-08-20 05:00:00,113777.0,115551.6,103888.0,113878.6,852.499
5102,2025-08-20 06:00:00,113867.2,113936.1,108707.6,113648.0,97.832
5103,2025-08-20 07:00:00,113534.4,115119.6,105000.0,113466.5,241.649
5104,2025-08-20 08:00:00,113420.9,115048.7,113288.3,114230.8,163.826
5105,2025-08-20 09:00:00,114230.8,114230.8,113402.0,113752.1,1178.194
5106,2025-08-20 10:00:00,113752.1,114000.0,113377.0,113852.0,127.389
5107,2025-08-20 11:00:00,113852.0,115552.9,112930.8,113617.9,250.654
5108,2025-08-20 12:00:00,113561.3,114134.7,112972.1,113899.9,2222.101
5109,2025-08-20 13:00:00,113899.9,113899.9,110520.6,112754.9,523.282
5110,2025-08-20 14:00:00,112754.9,113989.8,112066.0,113537.4,2420.362
5111,2025-08-20 15:00:00,113554.2,115500.0,110530.0,113533.7,932.45
5112,2025-08-20 16:00:00,113245.4,115500.0,112996.0,113918.7,2280.593
5113,2025-08-20 17:00:00,113918.7,114499.9,113706.5,114326.0,398.668
5114,2025-08-20 18:00:00,114326.0,114386.0,113199.2,113600.2,1652.774
5115,2025-08-20 19:00:00,113600.2,114386.0,113244.0,114386.0,146.739
5116,2025-08-20 20:00:00,114385.9,114386.0,113789.1,114355.0,116.781
5117,2025-08-20 21:00:00,114314.1,114566.2,113774.9,114406.8,482.58
5118,2025-08-20 22:00:00,114406.8,114832.5,114118.4,114618.4,110.687
5119,2025-08-20 23:00:00,114618.4,114831.3,114071.4,114275.7,92.422
5120,2025-08-21 00:00:00,114275.7,114508.5,113900.0,114279.1,299.413
5121,2025-08-21 01:00:00,114279.1,115629.1,113994.7,114671.4,197.314
5122,2025-08-21 02:00:00,115069.6,116308.6,113758.3,113986.3,108.69
5123,2025-08-21 03:00:00,113986.4,114538.4,113986.3,114059.4,217.077
5124,2025-08-21 04:00:00,114059.4,120899.0,110000.0,113850.7,6155.078
5125,2025-08-21 05:00:00,113850.7,114196.5,112750.0,114041.1,211.608
5126,2025-08-21 06:00:00,114039.1,114180.3,110000.1,113850.0,243.684
5127,2025-08-21 07:00:00,113850.0,114183.0,113463.2,113944.4,144.764
5128,2025-08-21 08:00:00,113944.4,114183.0,113453.5,113453.5,1361.146
5129,2025-08-21 09:00:00,113495.2,113905.8,113300.0,113406.1,140.733
5130,2025-08-21 10:00:00,113431.1,113700.0,113200.0,113578.7,833.709
5131,2025-08-21 11:00:00,113322.1,113700.0,112870.5,113280.1,304.692
5132,2025-08-21 12:00:00,113190.4,113591.4,112860.5,113291.6,172.464
5133,2025-08-21 13:00:00,113291.6,114096.7,113000.1,113677.9,161.773
5134,2025-08-21 14:00:00,113737.3,114089.9,112850.0,113355.0,297.739
5135,2025-08-21 15:00:00,113508.4,113508.5,112455.2,112866.3,510.097
5136,2025-08-21 16:00:00,112821.1,113137.4,112100.0,112338.5,1294.43
5137,2025-08-21 17:00:00,112350.3,112770.7,112100.0,112377.2,312.416
5138,2025-08-21 18:00:00,112380.0,112721.0,112254.0,112566.6,582.219
5139,2025-08-21 19:00:00,112566.6,112909.4,111010.0,112154.9,429.647
5140,2025-08-21 20:00:00,112149.7,112948.3,112006.1,112360.1,187.357
5141,2025-08-21 21:00:00,112400.1,112899.7,112119.0,112733.9,107.969
5142,2025-08-21 22:00:00,112601.0,112931.6,112329.5,112453.7,298.49
5143,2025-08-21 23:00:00,112439.1,112737.9,112293.0,112557.0,120.561
5144,2025-08-22 00:00:00,112557.0,113000.0,112356.7,112621.2,79.166
5145,2025-08-22 01:00:00,112621.2,113156.4,112387.5,112718.2,619.935
5146,2025-08-22 02:00:00,112791.1,114238.6,110000.0,113147.8,2279.875
5147,2025-08-22 03:00:00,113147.8,114000.0,112719.8,113116.7,144.929
5148,2025-08-22 04:00:00,113113.4,113354.0,112568.5,113066.4,657.18
5149,2025-08-22 05:00:00,113066.3,113354.0,112568.5,113353.9,236.509
5150,2025-08-22 06:00:00,113353.9,113354.0,112750.0,112919.4,107.728
5151,2025-08-22 07:00:00,112919.3,113353.8,112850.1,113299.6,1588.533
5152,2025-08-22 08:00:00,113070.9,113353.8,113009.0,113063.6,153.703
5153,2025-08-22 09:00:00,113063.6,113299.0,112800.0,113010.0,838.255
5154,2025-08-22 10:00:00,113004.0,113224.8,112332.9,112600.0,8986.241
5155,2025-08-22 11:00:00,112600.0,112641.1,112200.0,112274.1,791.456
5156,2025-08-22 12:00:00,112376.3,112998.0,111766.4,112299.9,5314.786
5157,2025-08-22 13:00:00,112387.2,112997.0,111956.3,112681.0,512.146
5158,2025-08-22 14:00:00,112635.4,116779.4,111900.0,115879.7,8518.335
5159,2025-08-22 15:00:00,115879.7,118000.0,115622.1,116464.8,591.91
5160,2025-08-22 16:00:00,116464.8,117000.0,115393.9,116116.5,239.141
5161,2025-08-22 17:00:00,116318.8,117500.0,116116.4,116981.1,414.515
5162,2025-08-22 18:00:00,116972.9,118000.0,116547.0,116758.0,717.192
5163,2025-08-22 19:00:00,116587.6,118000.0,116306.3,116539.1,3216.203
5164,2025-08-22 20:00:00,116614.0,118000.0,116222.1,117000.7,204.062
5165,2025-08-22 21:00:00,117000.8,117300.9,116678.4,116952.8,135.575
5166,2025-08-22 22:00:00,116978.4,117185.6,115500.0,116714.2,252.132
5167,2025-08-22 23:00:00,116714.2,117058.2,116500.0,116882.3,92.377
5168,2025-08-23 00:00:00,116882.4,117039.0,116644.0,116878.2,131.537
5169,2025-08-23 01:00:00,116878.2,116928.5,116079.6,116734.3,194.916
5170,2025-08-23 02:00:00,116402.8,117058.3,115377.0,116053.4,912.039
5171,2025-08-23 03:00:00,115881.1,116668.1,115298.9,115525.1,3128.358
5172,2025-08-23 04:00:00,115646.8,117500.0,115261.0,115911.4,169.204
5173,2025-08-23 05:00:00,115876.9,116933.9,115665.1,115918.6,1358.759
5174,2025-08-23 06:00:00,115919.3,116933.9,115582.0,115749.9,265.893
5175,2025-08-23 07:00:00,115750.0,115997.9,115021.0,115825.0,77.338
5176,2025-08-23 08:00:00,115825.0,116152.1,115427.6,115755.6,611.05
5177,2025-08-23 09:00:00,115755.7,116005.6,115428.1,115740.4,589.18
5178,2025-08-23 10:00:00,115740.4,116005.6,115355.8,115553.1,167.088
5179,2025-08-23 11:00:00,115553.1,115708.0,115010.7,115306.4,281.543
5180,2025-08-23 12:00:00,115121.3,115708.0,115000.0,115144.0,100.461
5181,2025-08-23 13:00:00,115241.0,115383.5,114501.0,114743.0,481.576
5182,2025-08-23 14:00:00,114848.1,115708.0,114501.0,114674.1,751.401
5183,2025-08-23 15:00:00,114677.3,115639.7,114526.1,114783.0,1061.128
5184,2025-08-23 16:00:00,114783.0,115251.8,114567.1,115003.0,4510.981
5185,2025-08-23 17:00:00,115090.3,115708.0,114561.2,115049.9,149.298
5186,2025-08-23 18:00:00,115105.2,115708.0,114848.3,115111.3,248.13
5187,2025-08-23 19:00:00,115111.3,115500.1,114812.3,115073.4,123.643
5188,2025-08-23 20:00:00,115042.0,115708.0,114899.0,115281.1,108.181
5189,2025-08-23 21:00:00,115281.1,115708.0,114795.6,115019.2,86.538
5190,2025-08-23 22:00:00,115019.2,115547.5,114800.5,115240.2,52.208
5191,2025-08-23 23:00:00,115240.2,115708.0,114965.6,115386.0,106.746
5192,2025-08-24 00:00:00,115386.0,115708.0,114526.1,115324.4,121.839
5193,2025-08-24 01:00:00,115224.4,115708.0,114526.1,115431.7,75.268
5194,2025-08-24 02:00:00,115431.7,115840.0,114526.1,115840.0,2957.597
5195,2025-08-24 03:00:00,115839.3,115840.0,114800.0,115084.0,144.103
5196,2025-08-24 04:00:00,115084.0,116000.0,114800.0,115088.0,220.157
5197,2025-08-24 05:00:00,115140.0,115960.0,114678.9,114983.4,401.778
5198,2025-08-24 06:00:00,114983.4,116000.0,114700.0,114727.0,186.566
5199,2025-08-24 07:00:00,114835.2,115999.0,114726.9,114950.4,77.181
5200,2025-08-24 08:00:00,114970.4,117220.0,114726.9,114850.0,1206.46
5201,2025-08-24 09:00:00,114850.0,115500.0,114726.9,114856.4,81.133
5202,2025-08-24 10:00:00,114859.0,115142.1,114526.1,114787.3,411.343
5203,2025-08-24 11:00:00,114787.3,115000.0,114526.1,114662.4,581.112
5204,2025-08-24 12:00:00,114662.4,115000.0,114492.4,114669.4,834.841
5205,2025-08-24 13:00:00,114669.4,115000.0,114300.0,114534.9,179.857
5206,2025-08-24 14:00:00,114534.9,114788.0,113761.8,114541.7,271.931
5207,2025-08-24 15:00:00,114541.7,115000.0,114152.2,114550.0,170.899
5208,2025-08-24 16:00:00,114359.4,114798.2,113766.3,114051.6,213.663
5209,2025-08-24 17:00:00,114254.0,114569.5,114041.8,114409.5,320.802
5210,2025-08-24 18:00:00,114404.8,114952.0,114300.0,114568.8,135.779
5211,2025-08-24 19:00:00,114568.8,115000.0,109820.0,112626.1,8073.157
5212,2025-08-24 20:00:00,112337.3,113220.1,109850.0,113009.5,2254.453
5213,2025-08-24 21:00:00,113009.5,113581.6,109850.0,113152.2,2131.742
5214,2025-08-24 22:00:00,113152.2,113875.0,112436.1,113033.9,1139.448
5215,2025-08-24 23:00:00,113300.2,113846.1,112726.1,113311.2,197.134
5216,2025-08-25 00:00:00,113311.2,113797.5,111964.8,112668.2,1245.174
5217,2025-08-25 01:00:00,112668.2,113300.0,112400.2,113229.9,107.448
5218,2025-08-25 02:00:00,113058.6,113807.2,111111.1,113620.1,408.558
5219,2025-08-25 03:00:00,113446.1,113760.4,112049.0,113162.0,169.191
5220,2025-08-25 04:00:00,113162.0,113162.0,112169.3,112813.1,2466.802
5221,2025-08-25 05:00:00,112757.8,113000.0,110786.0,112505.7,653.536
5222,2025-08-25 06:00:00,112505.7,112591.0,110786.0,111984.7,243.311
5223,2025-08-25 07:00:00,111984.7,112271.9,110000.3,111808.7,1856.212
5224,2025-08-25 08:00:00,111449.3,112370.8,109850.0,111595.6,222.733
5225,2025-08-25 09:00:00,111593.1,111813.0,109999.0,111800.9,1110.249
5226,2025-08-25 10:00:00,111780.4,112013.9,110846.5,111065.3,4352.444
5227,2025-08-25 11:00:00,111065.4,112200.0,110800.0,111264.0,122.575
5228,2025-08-25 12:00:00,111264.0,112370.8,110931.6,111727.9,436.976
5229,2025-08-25 13:00:00,111599.6,111815.0,110000.0,111429.0,6396.021
5230,2025-08-25 14:00:00,111429.0,112500.0,111258.1,112279.9,1059.624
5231,2025-08-25 15:00:00,112277.6,112591.0,111700.2,112228.6,2106.789
5232,2025-08-25 16:00:00,112228.6,112826.0,112060.4,112607.2,343.142
5233,2025-08-25 17:00:00,112610.8,113000.0,112192.0,112444.7,130.498
5234,2025-08-25 18:00:00,112448.7,112678.0,112302.5,112396.9,126.385
5235,2025-08-25 19:00:00,112393.7,112769.1,110300.0,110806.0,2106.332
5236,2025-08-25 20:00:00,110807.6,111259.4,103888.0,109719.3,5491.404
5237,2025-08-25 21:00:00,109719.3,110478.9,104000.0,109953.9,3134.752
5238,2025-08-25 22:00:00,109953.8,111079.2,109752.2,110164.2,46.061
5239,2025-08-25 23:00:00,110164.2,110775.1,104500.0,110399.3,552.636
5240,2025-08-26 00:00:00,110200.6,110750.4,104193.0,109223.8,4939.89
5241,2025-08-26 01:00:00,109220.2,111612.0,104500.0,109917.8,227.303
5242,2025-08-26 02:00:00,109919.2,111548.1,105678.0,109715.8,122.673
5243,2025-08-26 03:00:00,109704.5,110714.3,109408.5,109874.7,141.36
5244,2025-08-26 04:00:00,109890.7,111000.0,109862.6,110111.0,138.833
5245,2025-08-26 05:00:00,110118.2,110607.9,109864.3,110264.0,86.639
5246,2025-08-26 06:00:00,110264.0,110536.6,109740.4,109953.1,154.071
5247,2025-08-26 07:00:00,109952.9,110746.4,109700.0,110495.0,140.102
5248,2025-08-26 08:00:00,110295.4,110735.0,109754.1,110176.5,133.28
5249,2025-08-26 09:00:00,110177.5,111000.0,109801.0,110114.6,146.926
5250,2025-08-26 10:00:00,110114.6,111000.0,109826.9,110016.7,132.479
5251,2025-08-26 11:00:00,110016.8,110483.4,109364.4,109842.2,709.801
5252,2025-08-26 12:00:00,109839.2,110905.7,109383.1,110194.7,1490.364
5253,2025-08-26 13:00:00,110194.7,111293.5,109251.7,110043.3,3130.352
5254,2025-08-26 14:00:00,110050.9,138500.1,109721.6,110321.8,5463.067
5255,2025-08-26 15:00:00,110321.8,110693.0,109425.0,109621.4,1094.007
5256,2025-08-26 16:00:00,109621.4,110153.9,109275.0,110134.4,672.777
5257,2025-08-26 17:00:00,110134.4,110258.8,109430.0,109950.0,496.285
5258,2025-08-26 18:00:00,109952.6,110936.5,109782.2,110649.9,694.182
5259,2025-08-26 19:00:00,110650.1,111151.9,110289.4,111058.0,640.897
5260,2025-08-26 20:00:00,111062.1,111314.5,110840.8,111258.6,563.324
5261,2025-08-26 21:00:00,111258.6,111566.5,111039.6,111530.3,1140.408
5262,2025-08-26 22:00:00,111527.2,112056.8,111393.6,111831.7,2554.212
5263,2025-08-26 23:00:00,111831.7,112496.5,111550.2,111709.9,2974.143
5264,2025-08-27 00:00:00,111709.9,111772.7,111182.0,111307.7,1480.195
5265,2025-08-27 01:00:00,111307.7,111461.0,111000.0,111249.3,245.342
5266,2025-08-27 02:00:00,111249.5,111667.4,110891.7,111093.2,381.875
5267,2025-08-27 03:00:00,111091.0,112033.7,110820.9,111373.5,321.576
5268,2025-08-27 04:00:00,111372.2,111893.9,111157.0,111521.3,153.656
5269,2025-08-27 05:00:00,111520.2,111725.0,111212.0,111316.8,404.388
5270,2025-08-27 06:00:00,111311.3,111502.0,111090.0,111254.5,75.948
5271,2025-08-27 07:00:00,111254.5,111254.8,110437.3,110688.0,256.727
5272,2025-08-27 08:00:00,110688.0,110982.4,110270.0,110705.2,167.391
5273,2025-08-27 09:00:00,110705.2,111254.5,110505.6,110772.1,473.541
5274,2025-08-27 10:00:00,110772.1,111254.5,110700.0,110930.9,427.546
5275,2025-08-27 11:00:00,110934.8,111477.9,110894.5,111270.7,715.879
5276,2025-08-27 12:00:00,111270.7,121226.4,110941.0,111288.4,5014.642
5277,2025-08-27 13:00:00,111288.5,111981.0,110905.0,111408.3,1806.914
5278,2025-08-27 14:00:00,111413.4,112568.5,111211.0,111758.0,5645.425
5279,2025-08-27 15:00:00,111758.0,121500.0,111483.1,111965.1,9081.391
5280,2025-08-27 16:00:00,111970.7,112251.0,111452.0,112107.0,5169.982
5281,2025-08-27 17:00:00,112069.1,112412.0,111788.0,112318.5,3101.881
5282,2025-08-27 18:00:00,112318.5,112640.6,111858.1,111973.8,2428.934
5283,2025-08-27 19:00:00,111992.5,112292.1,111516.7,112018.2,1241.166
5284,2025-08-27 20:00:00,112028.8,112368.7,111000.0,112366.0,6402.069
5285,2025-08-27 21:00:00,112364.8,121500.0,111225.5,111480.3,6693.134
5286,2025-08-27 22:00:00,111444.2,111703.0,111000.0,111519.5,3737.978
5287,2025-08-27 23:00:00,111355.5,121100.0,111000.0,111136.7,7558.896
5288,2025-08-28 00:00:00,111136.7,111746.0,110600.7,111287.0,7205.018
5289,2025-08-28 01:00:00,111287.0,140762.7,111078.0,111892.4,6313.243
5290,2025-08-28 02:00:00,111892.4,112081.1,111330.1,111442.4,799.757
5291,2025-08-28 03:00:00,111442.3,112170.9,111214.0,111948.0,2138.351
5292,2025-08-28 04:00:00,111954.2,113183.9,111891.6,112934.4,2615.839
5293,2025-08-28 05:00:00,112931.2,113341.6,112460.2,112807.9,1424.901
5294,2025-08-28 06:00:00,112807.8,114000.0,112471.4,113167.7,803.521
5295,2025-08-28 07:00:00,113402.5,114852.3,112600.0,113079.2,216.764
5296,2025-08-28 08:00:00,113099.1,113532.4,112781.9,113072.0,410.315
5297,2025-08-28 09:00:00,113071.8,113756.5,112650.5,112773.6,1347.954
5298,2025-08-28 10:00:00,112773.7,113077.4,112705.2,113075.6,1597.55
5299,2025-08-28 11:00:00,113076.7,113209.9,112613.9,112876.5,1285.997
5300,2025-08-28 12:00:00,112872.7,113648.2,112752.0,113187.6,1527.939
5301,2025-08-28 13:00:00,113205.1,113599.2,112500.0,112750.6,7193.918
5302,2025-08-28 14:00:00,112750.5,113344.4,112482.8,113110.1,4201.88
5303,2025-08-28 15:00:00,113110.1,113500.0,112257.9,112581.6,2469.909
5304,2025-08-28 16:00:00,112581.6,113400.0,112282.0,112283.2,2695.266
5305,2025-08-28 17:00:00,112283.2,112568.7,112157.1,112338.6,1545.442
5306,2025-08-28 18:00:00,112338.6,112669.3,112132.5,112318.3,1901.537
5307,2025-08-28 19:00:00,112316.0,112532.4,111858.1,111859.1,10266.139
5308,2025-08-28 20:00:00,111859.1,112079.0,111782.0,111850.0,300.239
5309,2025-08-28 21:00:00,111850.0,112064.0,111828.8,111965.0,561.347
5310,2025-08-28 22:00:00,111965.0,112427.6,111962.9,112292.0,1067.27
5311,2025-08-28 23:00:00,112291.9,112582.1,112082.5,112500.0,648.599
5312,2025-08-29 00:00:00,112507.2,112631.2,111877.4,112160.7,330.213
5313,2025-08-29 01:00:00,112160.7,112350.0,111204.4,111422.7,624.912
5314,2025-08-29 02:00:00,111417.0,111924.3,111134.8,111367.4,609.167
5315,2025-08-29 03:00:00,111368.0,111867.4,111200.0,111659.1,766.773
5316,2025-08-29 04:00:00,111659.2,112000.0,111277.9,111456.8,419.521
5317,2025-08-29 05:00:00,111456.8,111735.8,110900.9,111265.7,835.991
5318,2025-08-29 06:00:00,111265.6,112000.0,110755.8,111223.9,681.355
5319,2025-08-29 07:00:00,111223.9,111526.8,109750.0,109960.2,3803.441
5320,2025-08-29 08:00:00,109949.5,110350.6,109500.0,109680.2,163.743
5321,2025-08-29 09:00:00,109581.3,110111.4,109252.4,109653.4,455.269
5322,2025-08-29 10:00:00,109844.6,110291.9,109653.4,110195.0,146.073
5323,2025-08-29 11:00:00,110053.3,110350.6,109584.5,110141.9,227.327
5324,2025-08-29 12:00:00,110141.8,111647.9,109949.9,110914.0,1451.8
5325,2025-08-29 13:00:00,110914.0,110924.0,108794.1,109044.5,6656.911
5326,2025-08-29 14:00:00,109044.5,110914.0,107890.0,108134.7,13430.936
5327,2025-08-29 15:00:00,108134.7,110914.0,108080.0,108371.4,1037.211
5328,2025-08-29 16:00:00,108334.4,109000.0,107777.7,108756.6,544.024
5329,2025-08-29 17:00:00,108756.6,110834.0,108007.0,108581.3,1090.243
5330,2025-08-29 18:00:00,108431.2,108703.8,107845.8,108102.9,1019.78
5331,2025-08-29 19:00:00,108102.9,108745.0,107814.0,108163.1,1477.512
5332,2025-08-29 20:00:00,108162.0,111700.0,107488.1,107732.4,3459.921
5333,2025-08-29 21:00:00,107732.4,108767.0,107488.1,108393.5,1936.416
5334,2025-08-29 22:00:00,108400.9,108668.9,108093.0,108300.8,3920.165
5335,2025-08-29 23:00:00,108332.0,108767.0,108157.8,108317.8,11556.227
5336,2025-08-30 00:00:00,108371.9,108466.6,107929.0,108259.6,273.45
5337,2025-08-30 01:00:00,108259.6,108475.5,107332.4,107402.0,856.943
5338,2025-08-30 02:00:00,107407.0,108105.1,107100.0,107742.3,985.065
5339,2025-08-30 03:00:00,107738.3,110547.0,107551.6,108368.0,1372.648
5340,2025-08-30 04:00:00,108368.0,108825.4,108177.8,108373.8,362.769
5341,2025-08-30 05:00:00,108379.9,108619.0,107955.7,108400.0,880.403
5342,2025-08-30 06:00:00,108300.0,108644.7,107996.8,108276.0,303.053
5343,2025-08-30 07:00:00,108299.9,110547.0,107983.6,108466.7,945.522
5344,2025-08-30 08:00:00,108649.8,110500.0,108255.1,108378.1,1092.277
5345,2025-08-30 09:00:00,108521.8,109762.9,108233.1,108378.1,3386.108
5346,2025-08-30 10:00:00,108476.1,108680.0,108167.3,108380.9,1219.206
5347,2025-08-30 11:00:00,108380.8,108741.0,108192.9,108647.3,331.854
5348,2025-08-30 12:00:00,108638.9,108681.7,108237.5,108564.0,320.409
5349,2025-08-30 13:00:00,108564.1,108670.0,108026.5,108492.2,333.022
5350,2025-08-30 14:00:00,108492.4,108712.0,108198.4,108607.2,745.7
5351,2025-08-30 15:00:00,108607.3,109059.4,108400.0,108835.3,1245.757
5352,2025-08-30 16:00:00,108835.3,109101.0,108496.1,108762.1,532.609
5353,2025-08-30 17:00:00,108780.0,109101.0,108530.0,108650.7,491.149
5354,2025-08-30 18:00:00,108728.8,109045.1,108364.6,108684.7,6647.75
5355,2025-08-30 19:00:00,108684.7,109005.1,108580.0,108769.5,219.622
5356,2025-08-30 20:00:00,108939.9,108939.9,108552.9,108611.0,135.231
5357,2025-08-30 21:00:00,108629.0,108829.8,108326.5,108528.3,2120.108
5358,2025-08-30 22:00:00,108528.3,108733.3,108366.1,108473.5,89.968
5359,2025-08-30 23:00:00,108522.4,108963.1,108353.1,108758.0,93.294
5360,2025-08-31 00:00:00,108758.0,109465.6,108555.4,109334.5,729.564
5361,2025-08-31 01:00:00,109335.8,109712.9,108922.5,109380.1,209.255
5362,2025-08-31 02:00:00,109435.5,109626.8,109003.0,109171.6,179.727
5363,2025-08-31 03:00:00,109249.7,109450.0,109094.1,109167.1,157.337
5364,2025-08-31 04:00:00,109175.4,109335.6,108580.0,108771.1,87.757
5365,2025-08-31 05:00:00,108837.1,109242.0,108414.4,108707.9,560.798
5366,2025-08-31 06:00:00,108708.0,108975.2,108334.6,108667.7,103.247
5367,2025-08-31 07:00:00,108675.2,109037.9,108565.6,108658.3,71.34
5368,2025-08-31 08:00:00,108658.4,109273.7,108617.8,109017.0,64.468
5369,2025-08-31 09:00:00,109023.1,109218.0,108402.0,108471.1,694.547
5370,2025-08-31 10:00:00,108494.2,108980.0,108201.9,108511.6,247.824
5371,2025-08-31 11:00:00,108711.1,108760.3,108201.9,108350.1,210.221
5372,2025-08-31 12:00:00,108350.0,108669.0,108244.0,108282.4,127.419
5373,2025-08-31 13:00:00,108411.0,108596.5,108024.5,108375.9,275.759
5374,2025-08-31 14:00:00,108560.6,108596.5,108043.8,108422.6,140.657
5375,2025-08-31 15:00:00,108422.7,109040.9,108400.0,108758.1,645.609
5376,2025-08-31 16:00:00,108814.0,109135.8,108490.8,108867.0,151.798
5377,2025-08-31 17:00:00,108950.9,109217.8,108769.2,108944.9,163.92
5378,2025-08-31 18:00:00,108999.4,109301.0,108850.0,109300.6,78.318
5379,2025-08-31 19:00:00,109119.6,109352.0,108840.0,108877.2,560.481
5380,2025-08-31 20:00:00,108929.3,109264.4,108819.0,109079.4,124.605
5381,2025-08-31 21:00:00,109079.4,109284.4,108751.6,108982.2,592.206
5382,2025-08-31 22:00:00,109008.1,109197.0,108536.6,108842.3,420.201
5383,2025-08-31 23:00:00,108842.3,108955.7,107973.3,108208.4,2364.477
5384,2025-09-01 00:00:00,108208.4,108541.6,107500.0,108180.1,3400.36
5385,2025-09-01 01:00:00,108180.1,108678.1,107500.1,108113.4,828.744
5386,2025-09-01 02:00:00,108113.4,108354.3,107127.9,107590.5,4251.354
5387,2025-09-01 03:00:00,107590.4,108000.0,107116.0,107619.1,1682.653
5388,2025-09-01 04:00:00,107619.1,107880.0,107030.2,107386.1,1142.509
5389,2025-09-01 05:00:00,107371.0,108659.0,107020.0,107811.2,2161.337
5390,2025-09-01 06:00:00,107811.1,108381.4,107429.6,108123.2,695.524
5391,2025-09-01 07:00:00,108133.1,109382.0,107815.8,109367.8,594.029
5392,2025-09-01 08:00:00,109382.0,109898.7,108700.7,109552.2,996.16
5393,2025-09-01 09:00:00,109552.2,110028.0,107982.4,109316.6,295.219
5394,2025-09-01 10:00:00,109316.7,110000.0,107400.0,108529.3,231.61
5395,2025-09-01 11:00:00,108526.5,109000.0,108291.4,108750.1,664.352
5396,2025-09-01 12:00:00,108750.1,109328.6,108700.0,109047.3,107.057
5397,2025-09-01 13:00:00,109047.3,109623.8,106000.0,109065.7,2001.539
5398,2025-09-01 14:00:00,109065.7,109407.9,108302.8,109105.1,2462.238
5399,2025-09-01 15:00:00,108917.5,110500.0,108372.1,108738.0,4824.69
5400,2025-09-01 16:00:00,108740.1,109284.1,108571.5,108995.0,253.214
5401,2025-09-01 17:00:00,108732.5,109311.4,108200.0,108920.4,2145.894
5402,2025-09-01 18:00:00,108920.4,109392.9,108741.8,109188.3,2348.985
5403,2025-09-01 19:00:00,109193.5,109486.0,108908.9,109178.9,152.116
5404,2025-09-01 20:00:00,109178.7,109241.0,108200.0,108839.8,2287.453
5405,2025-09-01 21:00:00,108839.8,109067.2,106500.0,107744.6,4016.709
5406,2025-09-01 22:00:00,107744.6,108591.7,107549.0,108386.2,1400.686
5407,2025-09-01 23:00:00,108386.3,109445.9,108228.3,109220.6,2352.808
5408,2025-09-02 00:00:00,109221.3,109394.0,108754.9,108985.4,91.45
5409,2025-09-02 01:00:00,108848.4,109635.0,108817.0,109262.2,863.178
5410,2025-09-02 02:00:00,109262.3,110500.0,108971.4,110205.0,197.655
5411,2025-09-02 03:00:00,110438.9,110815.4,109909.9,110276.5,1292.644
5412,2025-09-02 04:00:00,110285.9,110607.1,109986.0,110278.1,139.347
5413,2025-09-02 05:00:00,110278.1,110500.3,110120.7,110164.7,174.725
5414,2025-09-02 06:00:00,110153.6,110647.6,109995.2,110326.8,510.426
5415,2025-09-02 07:00:00,110326.8,110565.0,109944.5,110185.2,155.444
5416,2025-09-02 08:00:00,110190.1,110840.6,109911.0,110319.4,830.176
5417,2025-09-02 09:00:00,110313.9,111111.0,109900.4,110407.7,4098.182
5418,2025-09-02 10:00:00,110553.2,110839.0,109953.9,110208.4,3209.858
5419,2025-09-02 11:00:00,110214.6,110891.0,109422.1,109689.6,1955.273
5420,2025-09-02 12:00:00,109698.6,110700.0,108000.0,108757.8,2941.245
5421,2025-09-02 13:00:00,108757.8,111539.0,108583.2,111104.6,7137.566
5422,2025-09-02 14:00:00,111113.5,111763.7,110638.9,111305.2,4083.139
5423,2025-09-02 15:00:00,111308.6,111529.6,110488.0,110779.7,2561.551
5424,2025-09-02 16:00:00,110779.7,111304.1,110324.0,110734.0,1098.605
5425,2025-09-02 17:00:00,110745.7,111095.1,110435.0,110863.4,1068.158
5426,2025-09-02 18:00:00,110863.4,110959.0,110125.0,110584.9,1406.311
5427,2025-09-02 19:00:00,110584.1,110980.0,110291.9,110660.1,760.018
5428,2025-09-02 20:00:00,110660.1,110660.1,110660.1,110660.1,0.0
5429,2025-09-02 21:00:00,110660.1,110660.1,110660.1,110660.1,0.0
5430,2025-09-02 22:00:00,110660.1,110660.1,110660.1,110660.1,0.0
5431,2025-09-02 23:00:00,110660.1,110660.1,110660.1,110660.1,0.0
5432,2025-09-03 00:00:00,110660.1,110660.1,110660.1,110660.1,0.0
5433,2025-09-03 01:00:00,110660.1,110660.1,110660.1,110660.1,0.0
5434,2025-09-03 02:00:00,110660.1,110660.1,110660.1,110660.1,0.0
5435,2025-09-03 03:00:00,110660.1,110660.1,110660.1,110660.1,0.0
5436,2025-09-03 04:00:00,110945.0,111236.0,110899.0,110966.6,152.399
5437,2025-09-03 05:00:00,110970.9,111179.2,110548.0,110647.6,1021.521
5438,2025-09-03 06:00:00,110647.6,111032.0,110490.7,110676.5,1625.516
5439,2025-09-03 07:00:00,110676.5,111179.2,110445.5,111041.4,840.697
5440,2025-09-03 08:00:00,111041.4,111322.0,110818.4,111032.7,593.838
5441,2025-09-03 09:00:00,111032.7,111323.0,110880.0,111206.2,112.456
5442,2025-09-03 10:00:00,111264.1,111550.0,110981.4,111381.8,94.893
5443,2025-09-03 11:00:00,111381.7,111710.4,111254.6,111473.8,129.544
5444,2025-09-03 12:00:00,111473.8,111761.0,110843.6,111051.0,172.727
5445,2025-09-03 13:00:00,111081.2,111800.8,111000.0,111409.5,451.113
5446,2025-09-03 14:00:00,111406.9,112489.4,111020.0,112211.6,414.656
5447,2025-09-03 15:00:00,112217.1,112489.4,111672.9,112168.5,1261.402
5448,2025-09-03 16:00:00,112168.5,112433.5,111660.0,111809.9,278.961
5449,2025-09-03 17:00:00,111805.4,112489.4,111715.0,112251.7,201.997
5450,2025-09-03 18:00:00,112310.8,112467.3,111608.6,111899.2,149.558
5451,2025-09-03 19:00:00,111899.2,112178.8,111561.9,112134.5,136.002
5452,2025-09-03 20:00:00,112164.4,112302.9,112037.6,112148.2,45.514
5453,2025-09-03 21:00:00,112148.2,112317.3,111802.0,111922.7,184.61
5454,2025-09-03 22:00:00,111922.7,112110.0,111802.0,111898.6,44.26
5455,2025-09-03 23:00:00,111898.9,112004.8,111681.0,111681.0,49.238
5456,2025-09-04 00:00:00,111681.0,112194.0,111624.4,112060.6,203.074
5457,2025-09-04 01:00:00,112060.0,112167.0,111473.9,111879.9,557.56
5458,2025-09-04 02:00:00,111855.4,111943.5,111406.8,111419.6,78.335
5459,2025-09-04 03:00:00,111450.3,111675.0,111212.0,111212.1,71.537
5460,2025-09-04 04:00:00,111214.7,111475.6,110833.2,110970.0,100.724
5461,2025-09-04 05:00:00,110870.8,111024.5,110420.0,110619.0,72.272
5462,2025-09-04 06:00:00,110619.0,111124.8,110255.0,110350.0,104.962
5463,2025-09-04 07:00:00,110350.0,110722.4,110255.0,110417.3,83.226
5464,2025-09-04 08:00:00,110433.3,111744.0,110356.1,110628.9,136.506
5465,2025-09-04 09:00:00,110628.9,111050.4,110443.1,110826.1,141.613
5466,2025-09-04 10:00:00,110836.7,111158.0,110682.2,110682.2,188.345
5467,2025-09-04 11:00:00,110735.6,111173.9,110440.0,110767.7,116.462
5468,2025-09-04 12:00:00,110767.7,111172.3,110481.3,110886.1,125.432
5469,2025-09-04 13:00:00,110888.2,111048.1,110251.0,110440.1,175.294
5470,2025-09-04 14:00:00,110473.7,110674.0,108542.9,109799.9,555.144
5471,2025-09-04 15:00:00,109806.8,110076.9,108647.1,109465.6,173.014
5472,2025-09-04 16:00:00,109546.5,109897.1,109180.4,109378.2,126.544
5473,2025-09-04 17:00:00,109384.9,110036.2,109300.0,109833.4,204.272
5474,2025-09-04 18:00:00,109833.4,110291.2,109728.9,110028.6,143.123
5475,2025-09-04 19:00:00,110028.6,110216.0,109646.4,109839.6,89.543
5476,2025-09-04 20:00:00,109841.5,110496.4,109804.3,110294.7,116.161
5477,2025-09-04 21:00:00,110305.9,110553.3,110163.5,110489.3,70.757
5478,2025-09-04 22:00:00,110489.3,111700.1,110445.0,111448.9,99.258
5479,2025-09-04 23:00:00,111442.8,111853.2,110434.9,110647.0,70.325
5480,2025-09-05 00:00:00,110625.9,111082.6,110237.6,110453.4,174.122
5481,2025-09-05 01:00:00,110502.9,111193.6,110237.7,111079.8,89.297
5482,2025-09-05 02:00:00,111048.1,111502.0,110725.0,111395.2,116.439
5483,2025-09-05 03:00:00,111397.2,111502.0,110850.0,111245.0,165.472
5484,2025-09-05 04:00:00,111248.4,111502.0,110960.9,111410.8,106.306
5485,2025-09-05 05:00:00,111410.8,111799.8,111181.2,111604.0,181.723
5486,2025-09-05 06:00:00,111604.0,111889.5,111513.0,111863.3,168.808
5487,2025-09-05 07:00:00,111866.8,113241.2,111643.9,112924.0,1018.103
5488,2025-09-05 08:00:00,112875.0,113300.0,112361.7,112500.0,116.868
5489,2025-09-05 09:00:00,112500.0,113300.0,111910.6,112251.7,131.384
5490,2025-09-05 10:00:00,112247.0,120000.0,111974.2,112263.5,521.797
5491,2025-09-05 11:00:00,112265.5,112540.5,111922.4,112299.5,121.985
5492,2025-09-05 12:00:00,112299.5,119661.3,112121.0,113125.1,1647.764
5493,2025-09-05 13:00:00,113207.4,117000.0,112021.0,113025.3,192.254
5494,2025-09-05 14:00:00,113053.4,116903.9,110305.0,110586.1,2362.908
5495,2025-09-05 15:00:00,110586.1,111206.0,110305.0,110746.6,4235.353
5496,2025-09-05 16:00:00,110742.7,110942.7,110412.6,110812.6,310.111
5497,2025-09-05 17:00:00,110815.5,111014.7,110218.8,110597.9,275.006
5498,2025-09-05 18:00:00,110606.1,111426.1,110489.5,111146.1,119.065
5499,2025-09-05 19:00:00,111188.7,111648.4,111073.7,111446.9,85.142
5500,2025-09-05 20:00:00,111303.4,112000.0,111162.8,111581.8,107.473
5501,2025-09-05 21:00:00,111611.4,111663.1,110370.5,110490.2,1130.98
5502,2025-09-05 22:00:00,110490.8,111079.3,110370.4,110792.9,696.272
5503,2025-09-05 23:00:00,110792.9,111076.8,110370.7,110614.9,89.834
5504,2025-09-06 00:00:00,110598.8,111027.5,110383.8,110778.0,59.068
5505,2025-09-06 01:00:00,110833.2,111076.1,110617.6,110832.6,93.715
5506,2025-09-06 02:00:00,110832.6,111375.0,110665.0,111137.2,91.87
5507,2025-09-06 03:00:00,111137.2,111390.0,110956.0,111034.0,75.04
5508,2025-09-06 04:00:00,111055.9,111056.0,110712.2,110834.9,67.638
5509,2025-09-06 05:00:00,110835.0,111056.0,110648.1,110759.0,116.477
5510,2025-09-06 06:00:00,110759.0,111006.0,110609.1,110715.2,64.261
5511,2025-09-06 07:00:00,110715.2,110950.0,110576.0,110805.0,67.473
5512,2025-09-06 08:00:00,110805.0,111054.6,110764.4,110944.5,109.39
5513,2025-09-06 09:00:00,110944.5,111056.0,110554.0,110718.1,137.431
5514,2025-09-06 10:00:00,110718.2,111000.0,110543.8,110792.1,300.59
5515,2025-09-06 11:00:00,110825.3,111025.0,110530.4,110856.3,109.971
5516,2025-09-06 12:00:00,110875.1,110944.7,110581.6,110855.0,240.972
5517,2025-09-06 13:00:00,110855.0,111125.1,110724.6,110976.7,125.341
5518,2025-09-06 14:00:00,110976.7,111161.0,110587.1,110760.8,114.452
5519,2025-09-06 15:00:00,110802.6,111042.9,110370.1,110370.7,140.261
5520,2025-09-06 16:00:00,110506.1,110615.1,110000.0,110220.3,224.507
5521,2025-09-06 17:00:00,110324.1,110537.7,110000.0,110096.2,116.16
5522,2025-09-06 18:00:00,110247.6,110461.0,109988.0,110176.3,152.686
5523,2025-09-06 19:00:00,110280.9,110400.0,109988.0,109988.0,113.544
5524,2025-09-06 20:00:00,109988.1,110461.0,109988.0,110067.3,72.7
5525,2025-09-06 21:00:00,110067.3,110460.9,109920.3,110158.1,100.64
5526,2025-09-06 22:00:00,110158.1,110344.2,110065.8,110114.9,43.467
5527,2025-09-06 23:00:00,110107.5,110426.2,109947.8,110135.2,48.971
5528,2025-09-07 00:00:00,110132.6,110509.1,109928.6,110309.0,63.355
5529,2025-09-07 01:00:00,110309.0,110781.6,110309.0,110547.6,57.231
5530,2025-09-07 02:00:00,110553.6,110750.7,110441.2,110610.1,126.344
5531,2025-09-07 03:00:00,110610.1,110865.0,110436.6,110579.8,113.69
5532,2025-09-07 04:00:00,110580.6,110738.9,110237.4,110516.9,125.347
5533,2025-09-07 05:00:00,110517.7,110845.1,110446.8,110617.4,62.385
5534,2025-09-07 06:00:00,110617.4,110800.5,110266.0,110458.6,98.865
5535,2025-09-07 07:00:00,110455.2,110982.2,110253.1,110766.5,89.88
5536,2025-09-07 08:00:00,110767.3,111750.0,110634.2,111048.9,172.695
5537,2025-09-07 09:00:00,111048.9,111419.7,110727.3,111055.2,114.845
5538,2025-09-07 10:00:00,111055.2,111380.6,110936.7,111233.3,114.252
5539,2025-09-07 11:00:00,111230.3,111459.7,110987.1,111249.5,122.275
5540,2025-09-07 12:00:00,111249.5,111392.3,110893.3,111132.9,100.965
5541,2025-09-07 13:00:00,111134.4,111473.4,110877.9,111168.2,269.666
5542,2025-09-07 14:00:00,111168.2,111464.0,110873.5,111105.8,465.15
5543,2025-09-07 15:00:00,111105.8,111321.6,110911.5,111241.0,131.775
5544,2025-09-07 16:00:00,111241.0,111321.6,110943.0,111169.5,250.574
5545,2025-09-07 17:00:00,111156.7,111321.6,110783.9,110957.2,425.876
5546,2025-09-07 18:00:00,110957.8,111253.0,110774.7,111011.7,407.642
5547,2025-09-07 19:00:00,111022.5,111321.6,110908.0,111217.0,114.017
5548,2025-09-07 20:00:00,111216.2,111321.6,110924.6,111224.2,152.22
5549,2025-09-07 21:00:00,111223.0,111321.6,110908.0,111006.4,63.88
5550,2025-09-07 22:00:00,111003.6,111321.6,110908.0,111197.9,87.512
5551,2025-09-07 23:00:00,111204.4,111732.2,111023.1,111112.2,264.075
5552,2025-09-08 00:00:00,111115.4,111330.9,110720.9,110824.7,155.549
5553,2025-09-08 01:00:00,110824.6,111117.4,110578.5,110889.1,107.435
5554,2025-09-08 02:00:00,110890.3,111390.5,110466.4,111212.4,150.428
5555,2025-09-08 03:00:00,111238.9,111472.4,110970.0,111057.7,57.101
5556,2025-09-08 04:00:00,111057.7,111333.5,110787.4,110946.0,48.177
5557,2025-09-08 05:00:00,110951.1,111129.3,110752.8,111005.8,70.163
5558,2025-09-08 06:00:00,111009.0,111244.8,110799.8,111186.0,76.201
5559,2025-09-08 07:00:00,111132.4,111600.5,111036.4,111333.8,115.036
5560,2025-09-08 08:00:00,111335.6,111888.0,111218.5,111640.0,807.533
5561,2025-09-08 09:00:00,111626.4,112238.6,111422.0,112039.2,132.777
5562,2025-09-08 10:00:00,112037.4,112600.9,111555.0,112125.4,487.287
5563,2025-09-08 11:00:00,112125.4,112264.8,111389.4,112043.7,149.578
5564,2025-09-08 12:00:00,112050.3,112500.0,111710.2,111990.1,107.517
5565,2025-09-08 13:00:00,112078.7,112623.7,111554.0,112027.0,171.646
5566,2025-09-08 14:00:00,111829.0,112888.0,111612.6,112584.7,137.855
5567,2025-09-08 15:00:00,112591.2,113077.9,112337.9,112568.3,170.233
5568,2025-09-08 16:00:00,112568.0,112867.9,111554.0,112400.0,139.581
5569,2025-09-08 17:00:00,112408.0,112689.9,111868.6,112168.2,112.715
5570,2025-09-08 18:00:00,112162.3,112800.0,111974.4,112420.0,110.813
5571,2025-09-08 19:00:00,112423.4,112637.8,111743.8,111999.1,117.725
5572,2025-09-08 20:00:00,112059.0,112316.9,111677.9,111915.1,430.264
5573,2025-09-08 21:00:00,111931.8,112486.4,111702.4,112275.9,52.47
5574,2025-09-08 22:00:00,112275.9,112658.6,111997.9,111997.9,69.955
5575,2025-09-08 23:00:00,112199.0,112550.0,111800.0,112027.4,36.654
5576,2025-09-09 00:00:00,112072.6,112275.3,111346.0,111677.2,88.911
5577,2025-09-09 01:00:00,111668.7,111891.1,111229.1,111478.5,56.12
5578,2025-09-09 02:00:00,111334.9,111668.6,111048.6,111405.8,94.212
5579,2025-09-09 03:00:00,111405.8,111721.3,111200.0,111664.6,94.772
5580,2025-09-09 04:00:00,111664.6,112114.0,111561.4,111979.8,179.115
5581,2025-09-09 05:00:00,111975.9,112371.9,111828.0,112048.5,1018.918
5582,2025-09-09 06:00:00,112171.7,113300.0,112000.0,113035.9,253.206
5583,2025-09-09 07:00:00,113036.3,113588.0,112344.0,112987.8,1426.404
5584,2025-09-09 08:00:00,112991.2,113284.6,112711.0,112987.0,137.976
5585,2025-09-09 09:00:00,112986.9,113176.0,112738.0,112928.8,143.063
5586,2025-09-09 10:00:00,112928.7,113129.9,112684.7,112731.1,151.295
5587,2025-09-09 11:00:00,112731.1,112935.1,112324.0,112571.5,140.231
5588,2025-09-09 12:00:00,112572.2,112935.7,112400.0,112625.9,161.494
5589,2025-09-09 13:00:00,112622.1,112989.0,112494.3,112703.6,182.608
5590,2025-09-09 14:00:00,112703.6,112928.0,111500.0,111797.0,265.212
5591,2025-09-09 15:00:00,111797.0,111811.8,110524.0,110870.0,1558.821
5592,2025-09-09 16:00:00,110870.0,111800.0,110631.6,111003.1,288.694
5593,2025-09-09 17:00:00,111003.1,111345.5,110718.4,111004.8,158.54
5594,2025-09-09 18:00:00,111008.2,111800.0,110691.9,111116.2,149.88
5595,2025-09-09 19:00:00,111182.8,111512.5,111034.2,111274.9,87.095
5596,2025-09-09 20:00:00,111274.9,111677.9,111137.8,111487.4,109.574
5597,2025-09-09 21:00:00,111500.2,111834.1,111286.0,111359.1,126.604
5598,2025-09-09 22:00:00,111362.0,111641.0,111286.0,111510.0,72.855
5599,2025-09-09 23:00:00,111514.7,111694.0,111285.7,111499.9,64.98
5600,2025-09-10 00:00:00,111499.9,111542.2,111000.5,111071.8,136.357
5601,2025-09-10 01:00:00,111071.8,111368.9,110975.0,110990.2,78.293
5602,2025-09-10 02:00:00,110993.9,111521.0,110990.2,111407.7,155.892
5603,2025-09-10 03:00:00,111414.0,111602.2,111338.0,111499.0,57.286
5604,2025-09-10 04:00:00,111531.4,111600.0,111233.4,111482.1,67.11
5605,2025-09-10 05:00:00,111488.9,111621.0,111281.0,111530.0,100.376
5606,2025-09-10 06:00:00,111588.6,111910.0,111288.6,111733.7,152.247
5607,2025-09-10 07:00:00,111733.7,112866.0,111583.0,112510.9,184.157
5608,2025-09-10 08:00:00,112515.2,112928.7,112159.8,112333.1,206.627
5609,2025-09-10 09:00:00,112333.6,112560.4,111936.0,112240.3,136.136
5610,2025-09-10 10:00:00,112240.3,112418.0,112132.0,112272.0,999.325
5611,2025-09-10 11:00:00,112288.4,112476.8,112151.0,112263.3,297.714
5612,2025-09-10 12:00:00,112258.8,113580.0,112187.0,113346.7,2179.902
5613,2025-09-10 13:00:00,113346.7,114539.1,113138.1,113911.2,720.04
5614,2025-09-10 14:00:00,113911.2,114555.0,113558.9,113856.4,642.408
5615,2025-09-10 15:00:00,113856.4,114090.0,113426.8,113795.6,229.321
5616,2025-09-10 16:00:00,113795.6,114066.5,113426.8,113717.0,147.043
5617,2025-09-10 17:00:00,113704.0,114148.8,113323.1,113767.1,126.215
5618,2025-09-10 18:00:00,113766.5,114148.8,113214.2,113549.7,201.585
5619,2025-09-10 19:00:00,113537.1,113812.8,113001.0,113550.8,898.471
5620,2025-09-10 20:00:00,113550.9,114056.1,113357.1,113565.4,383.984
5621,2025-09-10 21:00:00,113565.4,113981.1,113438.4,113778.2,53.771
5622,2025-09-10 22:00:00,113778.2,113954.0,113578.0,113818.0,440.277
5623,2025-09-10 23:00:00,113818.0,113999.0,113724.0,113903.8,79.872
5624,2025-09-11 00:00:00,113896.7,113965.0,113724.0,113833.4,95.064
5625,2025-09-11 01:00:00,113827.1,114148.8,113704.0,113852.3,92.154
5626,2025-09-11 02:00:00,113860.1,114102.8,113588.0,113775.2,65.033
5627,2025-09-11 03:00:00,113775.2,114572.8,113649.6,114354.3,195.272
5628,2025-09-11 04:00:00,114354.4,114593.8,114015.0,114226.0,208.523
5629,2025-09-11 05:00:00,114226.0,114450.0,113876.0,114204.0,127.162
5630,2025-09-11 06:00:00,114203.9,114572.2,113873.7,114368.3,131.016
5631,2025-09-11 07:00:00,114356.8,114600.0,113819.1,114065.7,121.723
5632,2025-09-11 08:00:00,114067.9,114277.7,113895.0,114007.6,124.446
5633,2025-09-11 09:00:00,114007.6,134999.0,105000.0,114184.4,65423.003
5634,2025-09-11 10:00:00,113846.1,134999.0,105000.0,113828.8,72386.746
5635,2025-09-11 11:00:00,114021.2,132000.0,105335.9,113960.9,26473.226
5636,2025-09-11 12:00:00,113960.9,120000.0,106000.0,113871.9,162.423
5637,2025-09-11 13:00:00,113871.9,114831.1,113281.3,114574.9,392.092
5638,2025-09-11 14:00:00,114567.2,120000.0,113957.7,114408.2,341.95
5639,2025-09-11 15:00:00,114353.6,114888.0,113957.7,114122.3,477.764
5640,2025-09-11 16:00:00,114122.3,114694.5,114000.0,114458.0,173.857
5641,2025-09-11 17:00:00,114487.9,114800.0,113957.7,114534.2,208.726
5642,2025-09-11 18:00:00,114534.2,114534.9,113957.7,114255.0,95.389
5643,2025-09-11 19:00:00,114255.0,114700.0,114014.8,114385.3,104.911
5644,2025-09-11 20:00:00,114385.3,114714.0,114033.3,114383.1,76.54
5645,2025-09-11 21:00:00,114383.2,116500.0,114190.8,115320.0,776.976
5646,2025-09-11 22:00:00,115562.2,116500.0,113957.7,115177.8,206.333
5647,2025-09-11 23:00:00,115180.3,115742.2,115023.7,115439.0,94.543
5648,2025-09-12 00:00:00,115439.0,116500.0,115081.6,115838.0,283.113
5649,2025-09-12 01:00:00,115811.5,116173.9,115319.6,115329.4,89.499
5650,2025-09-12 02:00:00,115329.5,115889.1,115222.8,115332.5,137.975
5651,2025-09-12 03:00:00,115332.5,115566.3,114845.1,115209.3,473.12
5652,2025-09-12 04:00:00,115209.3,115796.7,114879.2,115314.5,69.481
5653,2025-09-12 05:00:00,115314.5,115808.5,115000.0,115588.3,81.284
5654,2025-09-12 06:00:00,115588.1,115630.1,115047.4,115278.9,51.488
5655,2025-09-12 07:00:00,115450.0,115630.1,115000.0,115089.8,110.819
5656,2025-09-12 08:00:00,115089.8,115598.6,114771.0,114999.9,167.481
5657,2025-09-12 09:00:00,114999.9,115888.0,114670.4,114963.9,80.914
5658,2025-09-12 10:00:00,114963.9,115300.0,114800.0,114928.4,73.665
5659,2025-09-12 11:00:00,114928.4,115888.0,114800.0,114863.0,929.053
5660,2025-09-12 12:00:00,114863.0,115800.0,114800.0,115042.9,393.775
5661,2025-09-12 13:00:00,115042.9,115800.9,114800.0,115172.6,189.526
5662,2025-09-12 14:00:00,115172.6,115674.2,114800.0,115213.6,216.519
5663,2025-09-12 15:00:00,115213.6,115407.1,114800.0,115064.9,140.992
5664,2025-09-12 16:00:00,115064.8,115702.4,114893.5,115434.9,221.056
5665,2025-09-12 17:00:00,115434.9,116151.6,115162.1,115748.1,4112.951
5666,2025-09-12 18:00:00,115746.4,116888.0,115539.1,116450.7,268.39
5667,2025-09-12 19:00:00,116473.1,116888.0,116169.2,116594.0,165.974
5668,2025-09-12 20:00:00,116594.0,116888.0,113500.0,116097.0,370.819
5669,2025-09-12 21:00:00,116097.1,116888.0,115502.3,115835.5,202.302
5670,2025-09-12 22:00:00,115835.5,116498.0,115635.6,115972.9,105.624
5671,2025-09-12 23:00:00,115973.0,116500.0,115732.2,115980.2,384.724
5672,2025-09-13 00:00:00,116040.0,116498.5,115791.8,116155.0,72.592
5673,2025-09-13 01:00:00,116155.0,116629.7,115508.6,115702.7,145.16
5674,2025-09-13 02:00:00,115702.7,116500.0,115508.6,115832.1,1378.621
5675,2025-09-13 03:00:00,115832.1,116034.7,115605.6,116034.7,75.523
5676,2025-09-13 04:00:00,115934.8,116166.1,115500.0,115650.0,116.94
5677,2025-09-13 05:00:00,115650.0,115993.9,115403.6,115656.7,117.067
5678,2025-09-13 06:00:00,115656.7,116500.0,115418.3,115688.4,188.18
5679,2025-09-13 07:00:00,115688.3,116049.7,115455.9,115715.5,161.728
5680,2025-09-13 08:00:00,115715.6,116500.0,115490.4,115929.7,205.211
5681,2025-09-13 09:00:00,115941.1,116500.0,115609.5,115984.0,153.748
5682,2025-09-13 10:00:00,116084.0,116293.2,115800.8,115969.3,58.593
5683,2025-09-13 11:00:00,116079.0,116079.0,115753.0,115912.9,79.61
5684,2025-09-13 12:00:00,115912.9,116864.0,115620.1,116033.5,247.299
5685,2025-09-13 13:00:00,116033.5,116101.0,115460.0,115761.0,142.1
5686,2025-09-13 14:00:00,115761.0,116101.0,115400.0,115752.5,1043.297
5687,2025-09-13 15:00:00,115750.0,116101.0,115539.3,115734.1,1144.113
5688,2025-09-13 16:00:00,115721.4,115851.0,115014.5,115480.7,244.506
5689,2025-09-13 17:00:00,115286.6,115851.0,115061.3,115621.5,207.663
5690,2025-09-13 18:00:00,115621.5,115841.3,115329.8,115634.9,164.138
5691,2025-09-13 19:00:00,115620.9,115851.0,115530.3,115799.9,140.842
5692,2025-09-13 20:00:00,115799.9,116050.0,115632.2,115855.3,821.526
5693,2025-09-13 21:00:00,115855.3,116050.0,115600.0,115868.6,424.433
5694,2025-09-13 22:00:00,115868.6,116050.0,115607.4,115828.2,202.684
5695,2025-09-13 23:00:00,115828.2,116027.0,115635.4,115862.7,82.282
5696,2025-09-14 00:00:00,115862.7,116050.0,115605.0,115884.4,809.887
5697,2025-09-14 01:00:00,115884.4,116084.0,115600.0,115907.4,119.85
5698,2025-09-14 02:00:00,115971.0,116084.0,115674.0,115814.3,1618.635
5699,2025-09-14 03:00:00,115814.3,116014.6,115545.0,115660.0,152.42
5700,2025-09-14 04:00:00,115660.0,115996.1,115405.0,115693.3,1435.472
5701,2025-09-14 05:00:00,115693.3,115996.0,115477.4,115810.1,1599.449
5702,2025-09-14 06:00:00,115810.1,116021.0,115385.0,115684.1,90.609
5703,2025-09-14 07:00:00,115684.0,116021.0,115458.6,115746.1,96.803
5704,2025-09-14 08:00:00,115746.1,116030.5,115506.0,115887.4,134.49
5705,2025-09-14 09:00:00,115887.3,116370.0,115658.4,115996.3,159.903
5706,2025-09-14 10:00:00,115996.3,116330.0,115740.0,116075.3,164.146
5707,2025-09-14 11:00:00,116075.3,116330.0,115590.7,115590.7,546.029
5708,2025-09-14 12:00:00,115695.0,116370.0,115446.0,115727.2,298.011
5709,2025-09-14 13:00:00,115671.9,116370.0,114945.9,115285.3,4632.064
5710,2025-09-14 14:00:00,115285.3,115715.6,114937.2,115449.9,210.095
5711,2025-09-14 15:00:00,115427.6,115647.1,115031.4,115430.9,158.958
5712,2025-09-14 16:00:00,115240.0,115600.0,115000.0,115465.7,131.16
5713,2025-09-14 17:00:00,115486.0,115750.0,115358.0,115502.9,233.134
5714,2025-09-14 18:00:00,115502.9,115750.0,115200.0,115333.2,180.299
5715,2025-09-14 19:00:00,115333.2,115750.0,115211.2,115597.4,190.351
5716,2025-09-14 20:00:00,115597.4,115931.1,115390.5,115750.4,4446.41
5717,2025-09-14 21:00:00,115750.4,116100.0,115395.2,116013.7,4403.372
5718,2025-09-14 22:00:00,116013.7,116100.0,115538.6,116028.8,156.535
5719,2025-09-14 23:00:00,115985.0,116100.0,115000.0,115169.2,163.931
5720,2025-09-15 00:00:00,115168.7,115700.0,114785.2,115023.5,194.698
5721,2025-09-15 01:00:00,115023.5,115530.9,114600.6,115198.8,242.257
5722,2025-09-15 02:00:00,115193.3,115713.2,115083.6,115382.3,714.785
5723,2025-09-15 03:00:00,115382.0,115833.6,115165.0,115387.7,193.038
5724,2025-09-15 04:00:00,115387.6,116300.0,115165.0,116006.5,1153.44
5725,2025-09-15 05:00:00,116006.5,116685.9,115764.4,116547.8,128.09
5726,2025-09-15 06:00:00,116547.8,116806.5,115875.9,116077.7,249.597
5727,2025-09-15 07:00:00,116077.7,116449.9,115500.0,115769.5,383.128
5728,2025-09-15 08:00:00,115769.5,116000.0,114500.0,114697.0,426.664
5729,2025-09-15 09:00:00,114697.0,131611.0,114500.0,114820.1,16003.382
5730,2025-09-15 10:00:00,114820.0,131611.0,114500.0,114729.1,6860.728
5731,2025-09-15 11:00:00,114628.8,119000.0,114500.0,115008.9,312.881
5732,2025-09-15 12:00:00,115072.5,115240.7,114566.9,114677.5,252.439
5733,2025-09-15 13:00:00,114683.2,115150.9,114196.5,114711.9,9628.123
5734,2025-09-15 14:00:00,114712.0,115300.0,114282.9,114618.4,8089.712
5735,2025-09-15 15:00:00,114618.3,115015.1,114341.3,114792.7,1088.825
5736,2025-09-15 16:00:00,114792.7,115300.0,114434.0,114618.8,280.892
5737,2025-09-15 17:00:00,114618.9,115131.1,114350.0,115074.4,345.609
5738,2025-09-15 18:00:00,115074.4,115370.5,114808.8,115236.2,412.139
5739,2025-09-15 19:00:00,115252.8,115651.2,114964.0,115240.1,695.49
5740,2025-09-15 20:00:00,115249.7,115651.2,114981.4,115327.6,91.811
5741,2025-09-15 21:00:00,115327.6,116070.0,115133.8,115462.3,106.34
5742,2025-09-15 22:00:00,115462.2,115842.9,114975.1,115341.2,455.879
5743,2025-09-15 23:00:00,115341.2,115697.4,115169.2,115636.6,60.634
5744,2025-09-16 00:00:00,115436.5,115636.6,114870.3,115042.8,112.136
5745,2025-09-16 01:00:00,115042.8,115603.6,114943.9,114964.3,223.386
5746,2025-09-16 02:00:00,114964.3,115323.0,114800.0,114969.9,146.485
5747,2025-09-16 03:00:00,114969.9,115598.4,114919.9,115342.4,137.372
5748,2025-09-16 04:00:00,115338.1,115578.0,114867.0,115513.9,281.917
5749,2025-09-16 05:00:00,115507.6,116070.0,115358.4,115894.8,1029.187
5750,2025-09-16 06:00:00,115894.8,116188.0,115536.1,115678.7,383.7
5751,2025-09-16 07:00:00,115733.3,116024.0,115694.0,115811.7,440.256
5752,2025-09-16 08:00:00,115799.4,116127.6,115449.0,115614.4,518.028
5753,2025-09-16 09:00:00,115614.3,115677.0,115404.0,115490.6,144.118
5754,2025-09-16 10:00:00,115490.7,115692.0,115391.2,115421.1,149.302
5755,2025-09-16 11:00:00,115434.0,115578.9,115169.6,115296.4,248.061
5756,2025-09-16 12:00:00,115233.2,115554.0,115233.1,115406.1,416.396
5757,2025-09-16 13:00:00,115388.0,115483.0,114861.2,115141.3,620.877
5758,2025-09-16 14:00:00,115141.3,115331.9,114857.0,115231.0,837.873
5759,2025-09-16 15:00:00,115294.3,115881.9,114919.7,115803.6,593.866
5760,2025-09-16 16:00:00,115877.9,116048.6,115562.0,116021.1,2044.278
5761,2025-09-16 17:00:00,116021.0,116879.9,115709.0,116414.7,6041.317
5762,2025-09-16 18:00:00,116420.9,116752.5,116157.0,116372.5,250.618
5763,2025-09-16 19:00:00,116372.5,116970.7,116117.2,116758.2,3030.207
5764,2025-09-16 20:00:00,116756.4,116993.7,116479.6,116789.7,523.572
5765,2025-09-16 21:00:00,116783.8,116925.0,116344.0,116757.2,236.235
5766,2025-09-16 22:00:00,116693.0,116972.0,116569.5,116802.8,182.942
5767,2025-09-16 23:00:00,116802.7,116990.0,116456.1,116747.3,649.028
5768,2025-09-17 00:00:00,116747.3,116880.6,116371.7,116512.8,106.954
5769,2025-09-17 01:00:00,116512.9,116835.1,116285.6,116622.0,173.114
5770,2025-09-17 02:00:00,116609.7,117132.0,116347.6,116652.1,193.426
5771,2025-09-17 03:00:00,116748.7,117157.0,116276.0,116340.1,192.251
5772,2025-09-17 04:00:00,116340.1,116497.3,116077.0,116264.8,192.291
5773,2025-09-17 05:00:00,116313.2,117203.9,116222.0,117075.9,1323.627
5774,2025-09-17 06:00:00,117076.0,117294.9,116808.2,117180.8,204.126
5775,2025-09-17 07:00:00,117180.0,117594.5,116959.7,117108.1,6627.182
5776,2025-09-17 08:00:00,117120.5,117201.0,116607.1,116808.0,8619.942
5777,2025-09-17 09:00:00,116808.0,116849.7,116503.6,116503.9,1527.858
5778,2025-09-17 10:00:00,116503.6,116823.1,116209.5,116317.5,1644.531
5779,2025-09-17 11:00:00,116317.5,116514.0,116106.2,116201.3,3682.532
5780,2025-09-17 12:00:00,116195.0,116478.8,116054.5,116159.7,8521.164
5781,2025-09-17 13:00:00,116150.0,116288.4,115848.3,116052.3,7144.034
5782,2025-09-17 14:00:00,116065.1,116202.5,115431.8,115557.6,21114.301
5783,2025-09-17 15:00:00,115557.6,116019.4,115486.5,115828.0,196402.049
5784,2025-09-17 16:00:00,115828.0,115837.9,115300.0,115594.5,2107.214
5785,2025-09-17 17:00:00,115544.2,116261.0,115517.8,115718.6,2037.25
5786,2025-09-17 18:00:00,115718.7,116227.2,114635.1,115189.9,34078.306
5787,2025-09-17 19:00:00,115182.5,116052.0,115019.4,115590.5,6091.907
5788,2025-09-17 20:00:00,115579.2,116083.3,115407.1,115567.2,8483.42
5789,2025-09-17 21:00:00,115562.3,116088.2,115260.6,115986.7,2374.413
5790,2025-09-17 22:00:00,115986.7,116785.2,115899.8,116507.9,1888.273
5791,2025-09-17 23:00:00,116507.9,117068.9,116254.4,116300.0,2074.54
5792,2025-09-18 00:00:00,116300.0,116526.6,116015.4,116291.8,2847.965
5793,2025-09-18 01:00:00,116348.2,116880.2,116246.0,116584.3,5762.115
5794,2025-09-18 02:00:00,116585.7,116934.8,116339.4,116888.4,169.243
5795,2025-09-18 03:00:00,116888.5,117959.8,116713.3,117550.1,5296.836
5796,2025-09-18 04:00:00,117523.9,117877.8,117147.7,117588.4,2873.124
5797,2025-09-18 05:00:00,117567.4,117588.4,117121.1,117224.3,1818.384
5798,2025-09-18 06:00:00,117224.3,117485.7,116798.8,117052.5,3508.985
5799,2025-09-18 07:00:00,117052.6,117237.9,116903.4,117033.6,2611.713
5800,2025-09-18 08:00:00,117033.6,117444.6,116967.3,117187.2,2182.076
5801,2025-09-18 09:00:00,117179.8,117315.2,117017.2,117251.4,2626.039
5802,2025-09-18 10:00:00,117207.2,117263.3,117017.9,117143.5,197.661
5803,2025-09-18 11:00:00,117143.5,117263.3,116927.7,117239.0,7256.521
5804,2025-09-18 12:00:00,116964.0,117265.0,116916.0,117074.0,32350.949
5805,2025-09-18 13:00:00,117061.2,117650.0,116924.0,117160.1,37433.685
5806,2025-09-18 14:00:00,117363.4,117824.0,117170.7,117824.0,28617.458
5807,2025-09-18 15:00:00,117770.1,117824.0,116924.0,117648.4,25872.729
5808,2025-09-18 16:00:00,117614.2,117824.0,117513.8,117513.8,16062.745
5809,2025-09-18 17:00:00,117513.9,117824.0,117302.6,117540.0,15314.687
5810,2025-09-18 18:00:00,117530.2,117864.0,117496.2,117766.7,15367.452
5811,2025-09-18 19:00:00,117766.7,117772.2,117058.9,117433.1,14498.484
5812,2025-09-18 20:00:00,117416.0,117643.0,117347.6,117503.0,18723.129
5813,2025-09-18 21:00:00,117503.0,117513.8,117275.6,117327.6,11398.078
5814,2025-09-18 22:00:00,117307.7,117379.2,116900.0,117059.4,15655.286
5815,2025-09-18 23:00:00,117059.4,117331.0,116380.0,117017.1,22731.276
5816,2025-09-19 00:00:00,117023.0,117600.0,116995.6,117359.9,9828.298
5817,2025-09-19 01:00:00,117360.4,117610.0,116667.0,117184.1,17624.568
5818,2025-09-19 02:00:00,117150.0,117225.2,117009.8,117053.3,15319.845
5819,2025-09-19 03:00:00,117060.3,117556.6,116867.8,116914.5,12450.869
5820,2025-09-19 04:00:00,116914.5,117308.9,116667.0,116935.4,17260.202
5821,2025-09-19 05:00:00,116935.4,117301.7,116786.4,116840.4,11589.356
5822,2025-09-19 06:00:00,116840.4,117010.5,116570.1,116629.0,4020.358
5823,2025-09-19 07:00:00,116633.1,117010.5,116562.0,116850.0,2207.393
5824,2025-09-19 08:00:00,116827.0,117084.0,116785.0,116785.0,3744.942
5825,2025-09-19 09:00:00,116862.6,116936.6,116343.4,116437.6,2245.26
5826,2025-09-19 10:00:00,116510.6,116645.6,116203.1,116476.6,1641.699
5827,2025-09-19 11:00:00,116476.7,116501.3,116224.0,116333.8,9077.409
5828,2025-09-19 12:00:00,116333.8,116488.0,116072.8,116124.0,2433.569
5829,2025-09-19 13:00:00,116112.3,116415.6,116000.0,116238.8,2637.354
5830,2025-09-19 14:00:00,116221.3,116438.0,115730.3,115849.8,4841.504
5831,2025-09-19 15:00:00,115849.8,116049.1,115369.8,115827.1,2821.104
5832,2025-09-19 16:00:00,115827.0,116100.0,115739.8,116030.0,2990.225
5833,2025-09-19 17:00:00,116030.0,116100.0,115490.9,115490.9,1868.468
5834,2025-09-19 18:00:00,115491.0,115778.9,115300.0,115365.6,2093.746
5835,2025-09-19 19:00:00,115365.7,115440.9,114780.0,115079.6,4109.948
5836,2025-09-19 20:00:00,115082.4,115513.6,115049.9,115306.5,1839.96
5837,2025-09-19 21:00:00,115306.5,115593.0,115132.6,115411.5,1109.42
5838,2025-09-19 22:00:00,115411.5,115596.4,115411.4,115550.5,853.272
5839,2025-09-19 23:00:00,115550.5,115600.0,115392.4,115569.5,2550.04
5840,2025-09-20 00:00:00,115569.6,115670.0,115400.0,115656.4,908.917
5841,2025-09-20 01:00:00,115656.4,115670.0,115550.2,115562.7,837.146
5842,2025-09-20 02:00:00,115562.7,115650.0,115371.4,115544.3,4203.545
5843,2025-09-20 03:00:00,115544.4,115545.7,115354.8,115394.3,780.954
5844,2025-09-20 04:00:00,115394.2,115526.9,115266.5,115512.0,874.961
5845,2025-09-20 05:00:00,115511.9,115696.0,115459.5,115655.3,492.725
5846,2025-09-20 06:00:00,115655.3,115696.0,115500.3,115643.4,17703.835
5847,2025-09-20 07:00:00,115643.3,115887.1,115624.1,115884.6,670.982
5848,2025-09-20 08:00:00,115884.6,115884.6,115884.6,115884.6,0.0
5849,2025-09-20 09:00:00,115848.0,115848.0,115550.0,115605.6,1235.38
5850,2025-09-20 10:00:00,115605.6,115911.1,115460.2,115688.4,5223.544
5851,2025-09-20 11:00:00,115688.5,116021.8,115558.4,115845.2,2192.018
5852,2025-09-20 12:00:00,115845.2,116051.0,115665.5,115824.8,2745.844
5853,2025-09-20 13:00:00,115800.0,115943.8,115799.7,115858.9,1456.842
5854,2025-09-20 14:00:00,115859.0,115975.0,115798.1,115899.1,20960.978
5855,2025-09-20 15:00:00,115899.1,116059.3,115881.2,115928.5,89369.943
5856,2025-09-20 16:00:00,115928.3,116000.2,115733.6,115965.8,120099.446
5857,2025-09-20 17:00:00,115966.0,116017.9,115756.5,115760.0,121136.17
5858,2025-09-20 18:00:00,115760.0,115760.0,115637.0,115678.3,54975.226
5859,2025-09-20 19:00:00,115678.3,116053.0,115630.4,115638.3,6352.445
5860,2025-09-20 20:00:00,115638.3,116000.0,115630.3,115654.3,1542.717
5861,2025-09-20 21:00:00,115654.3,115900.2,115653.4,115724.2,3122.808
5862,2025-09-20 22:00:00,115724.2,116059.3,115679.9,115703.2,343.293
5863,2025-09-20 23:00:00,115830.8,116059.3,115665.4,115665.5,128.876
5864,2025-09-21 00:00:00,115665.5,115984.4,115601.7,115610.0,255.095
5865,2025-09-21 01:00:00,115610.0,115938.8,115400.0,115435.1,342.004
5866,2025-09-21 02:00:00,115435.1,115919.1,115390.0,115866.5,316.779
5867,2025-09-21 03:00:00,115866.5,115987.8,115594.8,115699.0,88.67
5868,2025-09-21 04:00:00,115613.8,115875.6,115440.0,115440.1,141.897
5869,2025-09-21 05:00:00,115440.1,115855.2,115430.2,115623.9,121.479
5870,2025-09-21 06:00:00,115623.8,116016.6,115590.6,115633.4,906.525
5871,2025-09-21 07:00:00,115633.4,115773.0,115554.6,115772.8,2267.922
5872,2025-09-21 08:00:00,115722.5,115778.0,115509.2,115583.1,1932.835
5873,2025-09-21 09:00:00,115583.1,115658.4,115207.4,115626.1,6091.829
5874,2025-09-21 10:00:00,115626.2,115666.2,115445.0,115465.1,2110.997
5875,2025-09-21 11:00:00,115465.1,115737.0,115450.8,115559.2,3119.665
5876,2025-09-21 12:00:00,115561.7,115707.2,115554.5,115623.9,1816.289
5877,2025-09-21 13:00:00,115623.9,115706.3,115583.2,115610.9,1065.323
5878,2025-09-21 14:00:00,115610.9,115637.7,115375.7,115446.4,3840.056
5879,2025-09-21 15:00:00,115446.4,115557.3,115412.1,115471.1,3012.553
5880,2025-09-21 16:00:00,115471.1,115505.0,115141.3,115270.8,3035.863
5881,2025-09-21 17:00:00,115270.8,115650.0,115205.5,115581.1,6200.961
5882,2025-09-21 18:00:00,115581.4,115620.0,115468.6,115481.5,1892.235
5883,2025-09-21 19:00:00,115481.5,115511.8,115264.0,115441.0,2524.487
5884,2025-09-21 20:00:00,115441.0,115529.9,115256.2,115256.2,2508.358
5885,2025-09-21 21:00:00,115256.2,115384.4,115181.5,115363.9,2639.36
5886,2025-09-21 22:00:00,115364.0,115650.0,115137.6,115485.7,4137.222
5887,2025-09-21 23:00:00,115502.3,115502.8,115150.7,115199.1,4548.969
5888,2025-09-22 00:00:00,115232.8,115468.5,114217.3,114363.6,17800.535
5889,2025-09-22 01:00:00,114363.6,114696.0,114128.0,114178.7,13873.643
5890,2025-09-22 02:00:00,114211.8,114650.0,113947.2,114131.9,22083.415
5891,2025-09-22 03:00:00,114133.7,114602.8,114126.1,114602.8,8548.189
5892,2025-09-22 04:00:00,114602.8,114604.9,114342.6,114385.8,7469.666
5893,2025-09-22 05:00:00,114361.4,114600.0,113740.5,114018.4,5741.37
5894,2025-09-22 06:00:00,114018.4,115999.7,107654.0,112729.9,10014.012
5895,2025-09-22 07:00:00,112748.8,113208.6,112371.6,112459.6,1912.017
5896,2025-09-22 08:00:00,112504.9,115800.4,112370.7,112568.2,8952.67
5897,2025-09-22 09:00:00,112568.3,112883.0,111970.2,112280.3,3433.611
5898,2025-09-22 10:00:00,112288.7,113057.2,112201.2,112774.6,1583.36
5899,2025-09-22 11:00:00,112732.6,113200.0,112615.8,113010.6,1290.238
5900,2025-09-22 12:00:00,113010.6,113200.0,112395.8,112736.3,2297.562
5901,2025-09-22 13:00:00,112736.3,113341.9,112346.0,113306.4,2750.092
5902,2025-09-22 14:00:00,113095.0,113544.9,112719.0,112892.0,2027.972
5903,2025-09-22 15:00:00,112892.1,113303.4,112526.3,112984.3,2261.18
5904,2025-09-22 16:00:00,112781.8,113050.0,112533.2,112558.3,2147.595
5905,2025-09-22 17:00:00,112558.3,112809.8,112200.0,112351.8,1582.791
5906,2025-09-22 18:00:00,112360.0,112991.4,112299.7,112385.5,2442.326
5907,2025-09-22 19:00:00,112385.6,112855.4,111828.2,112072.8,2789.478
5908,2025-09-22 20:00:00,112072.8,113148.6,111924.6,112733.7,1629.457
5909,2025-09-22 21:00:00,112734.3,113124.1,112543.3,113029.0,547.048
5910,2025-09-22 22:00:00,112922.9,113188.8,112532.3,112590.0,1607.691
5911,2025-09-22 23:00:00,112587.0,112881.3,112361.7,112604.8,1102.713
5912,2025-09-23 00:00:00,112604.7,112984.2,112300.0,112347.2,1859.365
5913,2025-09-23 01:00:00,112347.2,112707.0,112090.1,112115.2,1455.967
5914,2025-09-23 02:00:00,112115.3,112725.9,111614.8,111760.4,2457.798
5915,2025-09-23 03:00:00,111841.4,112665.5,111324.5,112294.0,1904.86
5916,2025-09-23 04:00:00,112293.9,112568.0,111761.4,112377.7,920.383
5917,2025-09-23 05:00:00,112377.7,112984.2,112362.8,112616.6,1640.148
5918,2025-09-23 06:00:00,112616.4,113245.0,112557.0,112919.9,2445.41
5919,2025-09-23 07:00:00,112968.8,113367.4,112714.3,113048.5,2425.835
5920,2025-09-23 08:00:00,113048.5,113401.0,112812.4,113088.0,92091.568
5921,2025-09-23 09:00:00,113200.0,113494.0,112691.9,112892.5,49684.037
5922,2025-09-23 10:00:00,112892.5,113106.6,112646.7,112940.8,56187.305
5923,2025-09-23 11:00:00,112940.8,113223.9,112495.2,112940.0,69448.064
5924,2025-09-23 12:00:00,112911.4,113091.0,112758.7,112885.8,44022.813
5925,2025-09-23 13:00:00,112885.8,113100.0,112670.9,112892.3,46251.724
5926,2025-09-23 14:00:00,112892.3,113852.0,112514.1,112602.3,63742.319
5927,2025-09-23 15:00:00,112597.0,113030.8,112442.5,112828.6,53346.218
5928,2025-09-23 16:00:00,112828.5,113000.0,112294.2,112776.1,49754.259
5929,2025-09-23 17:00:00,112776.1,112933.2,111757.6,111903.8,61778.388
5930,2025-09-23 18:00:00,111903.8,112157.4,111521.1,111735.2,60764.868
5931,2025-09-23 19:00:00,111735.2,112117.2,111500.0,111600.8,53062.655
5932,2025-09-23 20:00:00,111607.1,112000.0,111297.8,111942.3,39295.873
5933,2025-09-23 21:00:00,111939.2,112195.9,111804.4,112108.6,24907.994
5934,2025-09-23 22:00:00,112108.5,112290.5,111940.5,112106.4,26755.221
5935,2025-09-23 23:00:00,112106.4,112286.0,111815.7,111947.0,43777.506
5936,2025-09-24 00:00:00,111947.0,112475.5,111770.9,112175.1,52422.433
5937,2025-09-24 01:00:00,112175.1,112576.9,111950.0,112394.7,33692.503
5938,2025-09-24 02:00:00,112394.6,112582.3,111868.6,112066.4,50790.227
5939,2025-09-24 03:00:00,112066.4,112282.9,111618.0,111639.8,45674.988
5940,2025-09-24 04:00:00,111639.7,112500.0,111052.9,112122.6,61167.872
5941,2025-09-24 05:00:00,112111.3,112634.9,112082.8,112580.7,38582.014
5942,2025-09-24 06:00:00,112580.7,112729.1,112488.2,112551.1,42235.076
5943,2025-09-24 07:00:00,112553.7,112688.5,112407.9,112512.0,37809.221
5944,2025-09-24 08:00:00,112512.0,112689.2,112356.4,112574.2,36820.648
5945,2025-09-24 09:00:00,112574.4,112741.0,112447.6,112691.0,27595.095
5946,2025-09-24 10:00:00,112691.0,113087.0,112612.7,112883.1,29815.883
5947,2025-09-24 11:00:00,112883.2,113245.0,112819.5,112982.0,32291.921
5948,2025-09-24 12:00:00,113001.5,113234.1,112585.4,113010.8,31819.553
5949,2025-09-24 13:00:00,113010.8,113283.6,112594.9,112772.7,40345.902
5950,2025-09-24 14:00:00,112808.7,113936.8,112636.6,113660.7,44383.002
5951,2025-09-24 15:00:00,113662.6,113848.4,113139.6,113293.5,49302.872
5952,2025-09-24 16:00:00,113297.0,113804.5,113105.8,113668.9,44032.698
5953,2025-09-24 17:00:00,113668.8,113895.3,113480.6,113700.1,46321.792
5954,2025-09-24 18:00:00,113700.1,113777.4,113463.8,113594.6,35127.163
5955,2025-09-24 19:00:00,113594.6,113630.8,113230.7,113373.6,22356.577
5956,2025-09-24 20:00:00,113373.6,113557.0,113338.8,113447.5,24556.774
5957,2025-09-24 21:00:00,113447.5,113755.0,113100.0,113284.3,13333.991
5958,2025-09-24 22:00:00,113284.3,113878.2,113050.8,113474.4,31722.887
5959,2025-09-24 23:00:00,113474.4,114000.0,113050.0,113253.9,27668.121
5960,2025-09-25 00:00:00,113253.9,114000.0,112859.2,113002.9,29143.411
5961,2025-09-25 01:00:00,113002.9,113650.2,112351.3,112601.1,30771.277
5962,2025-09-25 02:00:00,112601.1,113109.4,112351.3,112852.1,34621.817
5963,2025-09-25 03:00:00,112852.0,112860.8,112025.2,112525.0,43018.743
5964,2025-09-25 04:00:00,112525.0,112573.3,111444.8,111720.1,70489.884
5965,2025-09-25 05:00:00,111685.0,112053.4,111385.9,111693.8,55579.792
5966,2025-09-25 06:00:00,111693.8,112000.0,111305.9,111480.5,54789.088
5967,2025-09-25 07:00:00,111474.4,112400.0,111410.5,111708.4,50552.23
5968,2025-09-25 08:00:00,111715.4,112000.0,111621.0,111688.2,44356.252
5969,2025-09-25 09:00:00,111668.8,112455.0,111500.0,111510.4,51782.05
5970,2025-09-25 10:00:00,111510.4,111818.4,111430.0,111601.6,38421.329
5971,2025-09-25 11:00:00,111601.6,111676.9,111178.8,111314.7,42098.779
5972,2025-09-25 12:00:00,111314.7,111674.1,110902.6,111081.7,74530.739
5973,2025-09-25 13:00:00,111081.7,111674.1,110590.3,110956.1,82548.72
5974,2025-09-25 14:00:00,110955.7,111700.0,110907.8,111500.0,74903.669
5975,2025-09-25 15:00:00,111500.0,111559.9,110800.0,111471.9,72893.727
5976,2025-09-25 16:00:00,111532.6,111700.0,110790.1,110921.9,72883.451
5977,2025-09-25 17:00:00,110905.7,111095.4,108662.3,108783.8,90253.807
5978,2025-09-25 18:00:00,108793.9,109777.0,108574.0,109718.9,85754.715
5979,2025-09-25 19:00:00,109718.9,109985.2,109244.4,109275.4,68140.688
5980,2025-09-25 20:00:00,109275.4,109444.0,109000.0,109113.8,63855.425
5981,2025-09-25 21:00:00,109113.8,109758.0,109018.9,109361.0,61906.477
5982,2025-09-25 22:00:00,109360.8,109600.0,109082.4,109369.6,59574.803
5983,2025-09-25 23:00:00,109369.7,109628.7,108743.3,108955.9,65215.739
5984,2025-09-26 00:00:00,108947.0,110000.0,108736.0,109419.0,83689.331
5985,2025-09-26 01:00:00,109420.4,109792.7,109265.5,109635.9,61409.267
5986,2025-09-26 02:00:00,109635.9,109776.9,109439.1,109581.7,57793.637
5987,2025-09-26 03:00:00,109581.8,110000.0,109246.6,109537.5,54468.15
5988,2025-09-26 04:00:00,109537.6,109679.2,109200.0,109297.1,40763.729
5989,2025-09-26 05:00:00,109297.1,109600.0,109000.0,109179.3,22185.623
5990,2025-09-26 06:00:00,109179.3,109679.2,108610.8,109298.8,1508.672
5991,2025-09-26 07:00:00,109298.9,109670.3,108858.7,109206.1,1493.876
5992,2025-09-26 08:00:00,109220.4,109489.9,109206.1,109489.9,681.647
5993,2025-09-26 09:00:00,109489.9,109670.3,108906.0,109522.2,1070.035
5994,2025-09-26 10:00:00,109522.2,109600.0,108610.0,108865.0,1011.637
5995,2025-09-26 11:00:00,108879.7,109580.0,108620.7,109059.5,1108.944
5996,2025-09-26 12:00:00,109059.5,109580.0,108769.6,109287.9,2305.982
5997,2025-09-26 13:00:00,109287.9,109670.3,108973.2,109619.9,4294.027
5998,2025-09-26 14:00:00,109619.7,109672.4,108765.8,108801.0,3007.503
5999,2025-09-26 15:00:00,108801.0,109284.8,108620.0,108986.6,3415.283
6000,2025-09-26 16:00:00,108987.6,109534.6,108976.1,109391.2,1556.152
6001,2025-09-26 17:00:00,109391.2,110440.5,109331.4,109847.3,1583.327
6002,2025-09-26 18:00:00,109847.4,110280.0,109533.0,109722.4,1393.887
6003,2025-09-26 19:00:00,109683.0,110050.0,108890.1,109130.1,1122.294
6004,2025-09-26 20:00:00,109095.8,109276.5,109072.2,109246.9,116.781
6005,2025-09-26 21:00:00,109246.9,110050.0,109144.8,109412.5,895.649
6006,2025-09-26 22:00:00,109412.4,110050.0,109294.4,109545.1,942.164
6007,2025-09-26 23:00:00,109545.1,109641.5,109397.4,109601.3,215.025
6008,2025-09-27 00:00:00,109601.3,110050.0,109417.9,109596.0,341.506
6009,2025-09-27 01:00:00,109596.0,109601.0,109294.3,109389.8,105.542
6010,2025-09-27 02:00:00,109389.8,109553.3,109277.5,109348.5,130.239
6011,2025-09-27 03:00:00,109398.7,109608.6,109323.7,109503.9,711.411
6012,2025-09-27 04:00:00,109538.8,109670.0,109472.1,109593.7,273.972
6013,2025-09-27 05:00:00,109555.1,109632.6,109400.2,109587.0,103.8
6014,2025-09-27 06:00:00,109586.9,109615.9,109417.0,109488.5,263.47
6015,2025-09-27 07:00:00,109488.6,109550.0,109179.0,109354.9,338.98
6016,2025-09-27 08:00:00,109354.7,109354.9,109179.0,109264.8,258.05
6017,2025-09-27 09:00:00,109288.4,109288.4,109074.7,109251.8,140.393
6018,2025-09-27 10:00:00,109251.8,109764.0,109211.0,109385.5,435.958
6019,2025-09-27 11:00:00,109385.5,109402.1,109250.1,109265.9,125.491
6020,2025-09-27 12:00:00,109299.9,109394.0,109195.2,109394.0,852.567
6021,2025-09-27 13:00:00,109355.3,109394.0,109234.3,109265.0,147.878
6022,2025-09-27 14:00:00,109264.9,109319.0,109207.0,109238.0,135.321
6023,2025-09-27 15:00:00,109238.0,109594.0,109164.1,109348.4,239.303
6024,2025-09-27 16:00:00,109340.7,109380.0,109293.7,109338.2,176.141
6025,2025-09-27 17:00:00,109338.8,109371.6,109172.5,109348.8,405.054
6026,2025-09-27 18:00:00,109331.3,109380.0,109250.0,109365.0,98.789
6027,2025-09-27 19:00:00,109365.0,109400.0,109329.3,109369.4,107.719
6028,2025-09-27 20:00:00,109369.4,109382.9,109303.7,109333.3,83.107
6029,2025-09-27 21:00:00,109333.3,109420.2,109333.3,109363.9,85.14
6030,2025-09-27 22:00:00,109419.0,109594.3,109316.0,109550.5,817.793
6031,2025-09-27 23:00:00,109550.6,109627.2,109405.8,109577.3,148.219
6032,2025-09-28 00:00:00,109577.3,109754.0,109233.0,109556.2,218.095
6033,2025-09-28 01:00:00,109562.2,109608.3,109284.1,109305.5,309.52
6034,2025-09-28 02:00:00,109305.5,109496.4,109284.1,109398.3,341.001
6035,2025-09-28 03:00:00,109401.5,109645.0,109365.4,109397.3,129.471
6036,2025-09-28 04:00:00,109397.3,109441.2,109315.6,109329.4,106.541
6037,2025-09-28 05:00:00,109329.3,109352.0,109300.0,109303.3,105.477
6038,2025-09-28 06:00:00,109303.3,109410.4,109207.1,109358.7,130.426
6039,2025-09-28 07:00:00,109358.7,109537.1,109292.1,109468.4,159.747
6040,2025-09-28 08:00:00,109420.4,109528.9,109380.2,109481.0,170.043
6041,2025-09-28 09:00:00,109481.0,109530.0,109278.8,109483.5,102.601
6042,2025-09-28 10:00:00,109483.7,109498.4,109313.2,109313.3,218.678
6043,2025-09-28 11:00:00,109347.0,109475.0,109196.1,109290.1,246.52
6044,2025-09-28 12:00:00,109290.1,109497.0,109130.1,109266.9,285.889
6045,2025-09-28 13:00:00,109266.9,109645.0,109214.5,109561.5,509.611
6046,2025-09-28 14:00:00,109524.4,109800.0,109387.9,109796.8,956.183
6047,2025-09-28 15:00:00,109796.8,110000.0,109600.0,109955.5,637.218
6048,2025-09-28 16:00:00,109955.5,110280.0,109900.0,110172.6,1812.504
6049,2025-09-28 17:00:00,110167.2,110300.0,110052.4,110147.9,632.782
6050,2025-09-28 18:00:00,110153.4,110217.9,110003.0,110213.2,286.13
6051,2025-09-28 19:00:00,110213.2,110320.0,110057.2,110274.3,256.683
6052,2025-09-28 20:00:00,110274.3,111393.6,110236.4,110767.7,1340.103
6053,2025-09-28 21:00:00,110767.7,110835.7,110573.9,110689.0,189.336
6054,2025-09-28 22:00:00,110689.0,112100.6,109700.0,111865.8,2842.948
6055,2025-09-28 23:00:00,111888.0,112900.0,111768.3,112088.4,2492.016
6056,2025-09-29 00:00:00,112088.4,112211.5,111862.1,112211.2,1364.89
6057,2025-09-29 01:00:00,112211.3,112225.0,110315.0,111752.8,680.042
6058,2025-09-29 02:00:00,111752.8,112250.0,111556.0,111690.8,491.421
6059,2025-09-29 03:00:00,111620.3,111818.2,111126.2,111818.2,337.921
6060,2025-09-29 04:00:00,111817.9,111898.0,111674.4,111752.7,275.187
6061,2025-09-29 05:00:00,111752.7,112212.8,111517.6,111730.0,623.884
6062,2025-09-29 06:00:00,111730.0,111800.0,111472.0,111594.0,1081.408
6063,2025-09-29 07:00:00,111603.6,111800.0,110411.0,111800.0,222.023
6064,2025-09-29 08:00:00,111800.0,112525.0,111774.6,112040.1,796.243
6065,2025-09-29 09:00:00,112040.1,112149.3,111942.5,112049.9,274.141
6066,2025-09-29 10:00:00,112050.0,112172.9,111990.3,112100.5,228.267
6067,2025-09-29 11:00:00,112100.5,112123.9,111862.2,112052.0,386.252
6068,2025-09-29 12:00:00,112057.3,112346.9,111913.5,111975.5,3146.854
6069,2025-09-29 13:00:00,111962.4,115890.2,111900.0,113179.5,7246.207
6070,2025-09-29 14:00:00,113182.0,115890.2,113170.4,113965.9,7655.147
6071,2025-09-29 15:00:00,113965.9,114040.7,113560.0,113752.0,4779.986
6072,2025-09-29 16:00:00,113752.0,114001.3,113560.0,113580.2,10729.178
6073,2025-09-29 17:00:00,113580.2,114100.1,113419.9,114000.1,16011.376
6074,2025-09-29 18:00:00,114000.1,114100.0,113812.5,113970.2,10825.43
6075,2025-09-29 19:00:00,113970.2,114344.2,113817.0,114240.0,16341.006
6076,2025-09-29 20:00:00,114240.0,114500.0,114057.9,114190.5,9573.243
6077,2025-09-29 21:00:00,114190.3,114273.4,114038.7,114120.9,3859.795
6078,2025-09-29 22:00:00,114120.9,114166.4,114009.1,114126.0,2708.267
6079,2025-09-29 23:00:00,114126.0,114333.2,114126.0,114278.7,6068.858
6080,2025-09-30 00:00:00,114278.7,114777.0,114033.2,114465.8,23818.943
6081,2025-09-30 01:00:00,114465.8,114799.8,114182.1,114455.4,26736.442
6082,2025-09-30 02:00:00,114461.4,114540.4,114033.2,114403.5,10283.882
6083,2025-09-30 03:00:00,114403.5,114443.6,114033.2,114321.4,2589.269
6084,2025-09-30 04:00:00,114321.5,114360.0,114033.2,114037.2,2913.861
6085,2025-09-30 05:00:00,114037.2,114159.1,113799.8,113855.7,5049.459
6086,2025-09-30 06:00:00,113855.0,114023.6,113631.0,113826.0,8199.022
6087,2025-09-30 07:00:00,113803.4,114185.7,113419.9,113662.3,12721.306
6088,2025-09-30 08:00:00,113617.8,113699.9,113300.0,113409.2,11917.471
6089,2025-09-30 09:00:00,113409.2,113699.9,112732.9,112743.1,11777.932
6090,2025-09-30 10:00:00,112736.9,113035.0,112600.0,112919.3,14243.237
6091,2025-09-30 11:00:00,112919.3,114185.7,112750.0,113007.9,7774.018
6092,2025-09-30 12:00:00,113008.7,113196.9,112930.2,112945.0,7788.378
6093,2025-09-30 13:00:00,112945.0,113612.6,112825.0,113338.7,29542.602
6094,2025-09-30 14:00:00,113351.2,113509.9,112875.5,113504.7,40640.78
6095,2025-09-30 15:00:00,113504.7,113504.7,112889.4,113055.5,24390.732
6096,2025-09-30 16:00:00,113055.4,113232.0,112753.8,112769.0,11582.376
6097,2025-09-30 17:00:00,112753.8,113463.7,112753.8,113198.9,21708.07
6098,2025-09-30 18:00:00,113198.9,113655.5,113155.8,113655.5,11096.006
6099,2025-09-30 19:00:00,113655.5,114493.7,113647.4,114344.0,26903.734
6100,2025-09-30 20:00:00,114344.0,114680.5,114086.6,114568.3,18866.373
6101,2025-09-30 21:00:00,114568.3,114688.8,114086.2,114108.0,17822.264
6102,2025-09-30 22:00:00,114108.0,114289.2,113842.1,113883.4,4858.033
6103,2025-09-30 23:00:00,113878.4,113984.9,113728.4,113984.9,8284.941
6104,2025-10-01 00:00:00,113984.9,114245.9,113913.2,114177.2,12815.05
6105,2025-10-01 01:00:00,114177.2,114489.2,114106.8,114480.0,12476.872
6106,2025-10-01 02:00:00,114480.0,114491.5,114230.0,114230.0,3784.124
6107,2025-10-01 03:00:00,114230.0,114477.0,114099.9,114154.9,7999.315
6108,2025-10-01 04:00:00,114162.7,114650.0,114145.1,114227.8,16927.334
6109,2025-10-01 05:00:00,114228.1,114675.1,114211.0,114517.2,14643.87
6110,2025-10-01 06:00:00,114510.4,114568.0,114195.1,114212.7,8266.714
6111,2025-10-01 07:00:00,114195.1,114538.5,114195.0,114491.8,7760.945
6112,2025-10-01 08:00:00,114491.8,117000.0,114437.3,116060.4,35628.339
6113,2025-10-01 09:00:00,116012.9,116430.4,115976.4,116361.7,14780.118
6114,2025-10-01 10:00:00,116364.6,116502.7,116186.0,116232.5,7598.779
6115,2025-10-01 11:00:00,116240.8,116740.0,116231.0,116740.0,8120.648
6116,2025-10-01 12:00:00,116736.8,116831.7,116319.0,116361.2,10238.584
6117,2025-10-01 13:00:00,116361.2,116763.3,116319.0,116763.3,10058.272
6118,2025-10-01 14:00:00,116763.3,117365.0,116685.7,117260.4,23645.113
6119,2025-10-01 15:00:00,117260.4,117613.0,117031.1,117326.2,10321.503
6120,2025-10-01 16:00:00,117326.2,118130.4,117286.0,117498.4,18816.702
6121,2025-10-01 17:00:00,117496.6,117639.8,116695.9,116734.3,14044.266
6122,2025-10-01 18:00:00,116734.3,117289.9,116733.2,117192.3,8146.867
6123,2025-10-01 19:00:00,117192.3,117572.7,117169.2,117374.1,5243.714
6124,2025-10-01 20:00:00,117364.4,117474.6,117104.3,117426.9,9878.802
6125,2025-10-01 21:00:00,117474.6,117524.8,117276.4,117477.0,5174.557
6126,2025-10-01 22:00:00,117477.0,118027.6,117448.1,117695.9,9350.439
6127,2025-10-01 23:00:00,117694.7,118592.1,117656.2,118512.8,17741.784
6128,2025-10-02 00:00:00,118517.1,119427.6,118386.0,118390.1,28987.031
6129,2025-10-02 01:00:00,118397.0,118660.7,118335.0,118625.8,8335.689
6130,2025-10-02 02:00:00,118625.8,118698.5,118450.1,118572.5,6525.881
6131,2025-10-02 03:00:00,118572.5,118951.1,118572.5,118710.1,1763.554
6132,2025-10-02 04:00:00,118710.1,118951.1,118450.1,118561.4,1319.179
6133,2025-10-02 05:00:00,118555.0,118568.5,118400.0,118400.0,3340.229
6134,2025-10-02 06:00:00,118439.0,118572.4,118391.4,118572.4,1086.394
6135,2025-10-02 07:00:00,118570.5,118951.1,118388.9,118415.0,1146.045
6136,2025-10-02 08:00:00,118415.0,118644.9,118316.6,118627.5,3947.508
6137,2025-10-02 09:00:00,118628.8,118814.5,118521.7,118814.5,4648.007
6138,2025-10-02 10:00:00,118814.5,118814.9,105000.0,118575.2,11318.598
6139,2025-10-02 11:00:00,118575.2,118951.1,118480.7,118806.1,107512.75
6140,2025-10-02 12:00:00,118768.0,119360.1,118698.0,119360.1,208843.71
6141,2025-10-02 13:00:00,119360.1,119712.0,118876.2,119565.2,323941.534
6142,2025-10-02 14:00:00,119565.2,119728.7,118640.4,118768.0,156701.13
6143,2025-10-02 15:00:00,118779.8,119863.3,118501.5,119863.3,170836.533
6144,2025-10-02 16:00:00,119863.3,120233.1,119573.0,119692.1,197195.33
6145,2025-10-02 17:00:00,119692.2,119900.1,119354.6,119869.2,169493.378
6146,2025-10-02 18:00:00,119869.4,120570.0,119865.9,120476.2,161676.748
6147,2025-10-02 19:00:00,120476.2,120977.1,120443.3,120791.0,156749.683
6148,2025-10-02 20:00:00,120791.0,120854.6,120293.4,120589.9,158905.24
6149,2025-10-02 21:00:00,120589.9,120697.2,120109.5,120110.2,148251.022
6150,2025-10-02 22:00:00,120110.0,120372.1,120020.4,120198.4,156785.441
6151,2025-10-02 23:00:00,120199.7,120597.7,120199.7,120471.5,168913.762
6152,2025-10-03 00:00:00,120469.5,120493.5,120072.0,120090.6,155394.334
6153,2025-10-03 01:00:00,120090.6,120251.4,119796.3,119849.8,101986.823
6154,2025-10-03 02:00:00,119832.6,120189.9,119796.3,120108.0,12615.624
6155,2025-10-03 03:00:00,120118.0,120418.1,120108.0,120185.4,13430.264
6156,2025-10-03 04:00:00,120176.0,120270.3,119964.0,120000.2,8423.41
6157,2025-10-03 05:00:00,120000.2,120005.8,119765.0,119894.5,5446.664
6158,2025-10-03 06:00:00,119894.5,120024.6,119738.3,119829.9,12988.592
6159,2025-10-03 07:00:00,119856.2,119979.6,119615.9,119630.5,13391.664
6160,2025-10-03 08:00:00,119644.2,120004.9,119231.7,120004.9,25940.275
6161,2025-10-03 09:00:00,120004.2,120313.0,119977.0,120257.9,15144.773
6162,2025-10-03 10:00:00,120272.6,120481.0,120231.4,120427.8,13356.886
6163,2025-10-03 11:00:00,120427.8,120480.6,120112.2,120375.1,19853.356
6164,2025-10-03 12:00:00,120375.1,120410.4,120078.5,120320.9,14164.587
6165,2025-10-03 13:00:00,120347.0,120562.0,120117.0,120332.6,30858.99
6166,2025-10-03 14:00:00,120332.6,120910.6,119868.3,120849.9,59397.895
6167,2025-10-03 15:00:00,120839.8,122310.5,120593.6,122237.0,71416.647
6168,2025-10-03 16:00:00,122238.6,123854.6,122235.2,122506.9,91531.094
6169,2025-10-03 17:00:00,122501.2,123037.7,121579.3,122031.6,138700.663
6170,2025-10-03 18:00:00,122039.3,122682.2,121487.8,122440.8,63601.007
6171,2025-10-03 19:00:00,122440.8,122913.4,122329.4,122609.4,27843.551
6172,2025-10-03 20:00:00,122609.3,122672.6,122015.3,122398.4,41883.011
6173,2025-10-03 21:00:00,122396.9,122402.9,121960.8,122245.2,20388.462
6174,2025-10-03 22:00:00,122245.2,122600.0,122227.6,122427.8,5859.65
6175,2025-10-03 23:00:00,122427.8,122430.4,122130.8,122151.0,9972.063
6176,2025-10-04 00:00:00,122151.0,122248.2,121946.7,122059.7,10046.587
6177,2025-10-04 01:00:00,122059.7,122076.4,121650.8,121786.3,6300.258
6178,2025-10-04 02:00:00,121786.3,121999.6,121636.4,121842.5,17382.853
6179,2025-10-04 03:00:00,121830.0,122258.5,121804.0,122258.5,10111.63
6180,2025-10-04 04:00:00,122197.2,122471.0,122153.9,122459.0,6538.702
6181,2025-10-04 05:00:00,122464.8,122730.1,122358.7,122429.4,10977.889
6182,2025-10-04 06:00:00,122429.4,122550.3,122325.6,122388.9,8351.383
6183,2025-10-04 07:00:00,122407.2,122407.2,122210.0,122225.3,2042.681
6184,2025-10-04 08:00:00,122225.3,122494.4,122154.6,122226.2,17457.582
6185,2025-10-04 09:00:00,122214.9,122413.9,122144.3,122168.3,5801.35
6186,2025-10-04 10:00:00,122168.3,122287.0,122062.1,122076.4,3871.712
6187,2025-10-04 11:00:00,122076.4,122177.2,121914.9,121945.0,8263.269
6188,2025-10-04 12:00:00,121945.0,122060.4,121913.3,121955.0,2309.745
6189,2025-10-04 13:00:00,121954.9,122412.1,121954.9,122335.5,12739.815
6190,2025-10-04 14:00:00,122335.6,122412.1,121964.0,121964.0,10589.916
6191,2025-10-04 15:00:00,121964.1,122066.0,121664.8,121750.0,33020.644
6192,2025-10-04 16:00:00,121750.0,121919.0,121549.9,121664.5,18335.223
6193,2025-10-04 17:00:00,121666.7,121860.2,121625.1,121691.9,10934.171
6194,2025-10-04 18:00:00,121691.9,121784.3,121500.0,121542.6,3269.156
6195,2025-10-04 19:00:00,121542.6,121905.4,121542.6,121905.4,5478.953
6196,2025-10-04 20:00:00,121905.4,122021.7,121821.6,121852.4,11949.474
6197,2025-10-04 21:00:00,121852.4,122310.0,121813.5,122139.8,13085.095
6198,2025-10-04 22:00:00,122139.8,122292.9,122128.4,122231.0,5769.163
6199,2025-10-04 23:00:00,122231.0,122366.0,122159.9,122297.5,1323.637
6200,2025-10-05 00:00:00,122297.5,122366.0,122106.1,122115.9,11248.504
6201,2025-10-05 01:00:00,122115.9,122350.0,122112.0,122327.8,9583.795
6202,2025-10-05 02:00:00,122327.8,124215.9,122298.7,124022.9,66768.451
6203,2025-10-05 03:00:00,124024.7,124100.0,123323.5,123735.9,42292.712
6204,2025-10-05 04:00:00,123721.6,125738.4,123720.1,125161.1,49736.5
6205,2025-10-05 05:00:00,125161.1,125393.5,124888.2,125102.9,42418.197
6206,2025-10-05 06:00:00,125102.9,125179.9,124792.2,124977.7,19376.682
6207,2025-10-05 07:00:00,124965.3,125116.3,124630.5,124700.1,25512.997
6208,2025-10-05 08:00:00,124700.0,124797.0,124549.4,124580.9,16375.822
6209,2025-10-05 09:00:00,124580.9,124681.5,122797.4,122998.0,67653.731
6210,2025-10-05 10:00:00,122998.0,123070.2,122547.0,123007.1,44020.903
6211,2025-10-05 11:00:00,123009.1,123472.4,122814.1,123440.0,36109.128
6212,2025-10-05 12:00:00,123440.0,123440.0,122915.4,123035.9,29539.385
6213,2025-10-05 13:00:00,123035.8,123294.9,123019.8,123090.0,12237.263
6214,2025-10-05 14:00:00,123090.0,123279.5,122736.4,122994.8,13717.731
6215,2025-10-05 15:00:00,122994.8,123003.5,122660.0,122753.0,11358.314
6216,2025-10-05 16:00:00,122755.2,123275.8,122345.3,123220.5,42151.486
6217,2025-10-05 17:00:00,123217.4,123398.6,122859.6,123013.9,19937.364
6218,2025-10-05 18:00:00,123013.8,123154.2,122826.2,122941.4,16855.465
6219,2025-10-05 19:00:00,122943.2,122965.3,122491.4,122491.4,20567.838
6220,2025-10-05 20:00:00,122548.9,122991.4,122443.8,122669.6,18902.941
6221,2025-10-05 21:00:00,122669.6,122726.9,122440.1,122682.3,17129.919
6222,2025-10-05 22:00:00,122682.3,123221.5,122653.2,123188.5,23033.351
6223,2025-10-05 23:00:00,123221.5,123453.6,123168.0,123426.7,12607.507
6224,2025-10-06 00:00:00,123438.4,124273.9,123089.3,123295.8,66519.072
6225,2025-10-06 01:00:00,123295.8,124127.3,123154.0,123921.7,52752.16
6226,2025-10-06 02:00:00,123921.7,124137.9,123465.0,124004.9,32672.986
6227,2025-10-06 03:00:00,123950.0,124056.9,123695.4,123844.3,7148.724
6228,2025-10-06 04:00:00,123844.3,123938.0,123538.2,123538.2,16466.814
6229,2025-10-06 05:00:00,123577.6,123667.2,123255.5,123522.4,22477.136
6230,2025-10-06 06:00:00,123522.4,124080.8,123522.4,123912.8,19587.485
6231,2025-10-06 07:00:00,123912.1,123964.3,123265.5,123352.6,32675.9
6232,2025-10-06 08:00:00,123352.6,123826.4,123341.5,123800.0,15767.577
6233,2025-10-06 09:00:00,123800.0,124003.0,123716.3,123915.2,18341.264
6234,2025-10-06 10:00:00,123915.2,124101.5,123861.9,123930.8,8060.692
6235,2025-10-06 11:00:00,123930.8,124423.1,123704.0,124161.2,29537.989
6236,2025-10-06 12:00:00,124169.9,124628.2,124132.6,124495.2,28352.548
6237,2025-10-06 13:00:00,124495.3,124980.6,124349.6,124967.9,53474.987
6238,2025-10-06 14:00:00,124967.8,125254.0,124340.4,124460.0,60525.468
6239,2025-10-06 15:00:00,124468.0,125355.7,124459.9,124950.0,36488.79
6240,2025-10-06 16:00:00,124972.5,125440.0,124767.8,125433.0,28836.744
6241,2025-10-06 17:00:00,125433.0,125734.6,125068.7,125321.1,40934.068
6242,2025-10-06 18:00:00,125321.1,126136.5,124991.6,125993.3,33511.591
6243,2025-10-06 19:00:00,125995.1,126086.8,125233.8,125357.1,37880.34
6244,2025-10-06 20:00:00,125261.5,125488.1,125032.0,125173.9,18873.556
6245,2025-10-06 21:00:00,125187.4,125260.0,124506.1,124980.8,35674.216
6246,2025-10-06 22:00:00,124980.8,125231.2,124754.3,124999.9,15332.718
6247,2025-10-06 23:00:00,125057.7,125060.0,124631.0,124657.6,11171.321
6248,2025-10-07 00:00:00,124657.6,124871.9,124600.0,124857.6,9339.432
6249,2025-10-07 01:00:00,124857.5,125019.0,124417.5,124657.9,22726.896
6250,2025-10-07 02:00:00,124657.9,124657.9,124200.0,124249.4,17159.827
6251,2025-10-07 03:00:00,124296.7,124493.6,124083.4,124277.8,18684.707
6252,2025-10-07 04:00:00,124257.8,124606.2,124058.1,124450.1,13197.542
6253,2025-10-07 05:00:00,124450.2,124565.5,124215.3,124324.2,18042.623
6254,2025-10-07 06:00:00,124324.2,124406.8,123746.0,123887.0,19803.349
6255,2025-10-07 07:00:00,123887.0,123991.5,123538.1,123627.1,20268.176
6256,2025-10-07 08:00:00,123648.7,123943.5,123300.5,123813.1,29992.755
6257,2025-10-07 09:00:00,123813.1,124160.8,123798.8,124060.8,12468.496
6258,2025-10-07 10:00:00,124060.8,124344.2,123960.9,124230.0,15285.354
6259,2025-10-07 11:00:00,124299.0,124446.3,124123.4,124397.1,14542.985
6260,2025-10-07 12:00:00,124400.0,125055.1,124300.0,124869.5,18109.925
6261,2025-10-07 13:00:00,124895.0,124996.5,123355.4,123845.3,50859.345
6262,2025-10-07 14:00:00,123882.5,123882.7,122562.0,122727.6,77257.66
6263,2025-10-07 15:00:00,122684.2,122795.7,121207.9,121809.9,101289.232
6264,2025-10-07 16:00:00,121813.3,121985.3,120779.1,121620.0,58016.916
6265,2025-10-07 17:00:00,121601.9,121757.5,121070.2,121080.0,46793.889
6266,2025-10-07 18:00:00,121080.0,121237.9,120545.8,120838.0,38825.082
6267,2025-10-07 19:00:00,120838.0,121899.9,120830.2,121563.3,35411.471
6268,2025-10-07 20:00:00,121571.4,122126.0,121546.3,121869.6,19620.811
6269,2025-10-07 21:00:00,121869.5,122236.7,121730.3,121954.1,37430.475
6270,2025-10-07 22:00:00,121954.1,122109.6,121766.8,121900.0,27427.437
6271,2025-10-07 23:00:00,121900.0,121923.0,121305.0,121305.0,20482.389
6272,2025-10-08 00:00:00,121317.4,122022.2,121246.3,121869.0,36340.65
6273,2025-10-08 01:00:00,121849.0,121993.3,121575.0,121901.0,23730.661
6274,2025-10-08 02:00:00,121901.0,122186.7,121770.0,122011.2,26381.475
6275,2025-10-08 03:00:00,122010.5,122010.5,121203.7,121326.0,26160.393
6276,2025-10-08 04:00:00,121333.8,121866.5,121039.0,121853.9,29702.137
6277,2025-10-08 05:00:00,121866.5,121866.6,121131.7,121303.5,27001.982
6278,2025-10-08 06:00:00,121303.5,121800.1,121038.0,121731.3,25659.501
6279,2025-10-08 07:00:00,121731.3,121836.0,121277.1,121550.3,21573.842
6280,2025-10-08 08:00:00,121550.3,122810.0,121502.4,122361.1,64570.902
6281,2025-10-08 09:00:00,122332.6,122574.3,122324.5,122437.2,22532.705
6282,2025-10-08 10:00:00,122435.2,123026.4,122433.5,122885.6,22388.547
6283,2025-10-08 11:00:00,122900.1,123132.4,122704.1,122823.5,28520.24
6284,2025-10-08 12:00:00,122823.5,122940.3,122503.8,122569.1,8191.601
6285,2025-10-08 13:00:00,122555.1,122725.1,121664.1,122550.0,57831.141
6286,2025-10-08 14:00:00,122561.3,123232.7,122075.9,122267.1,76305.079
6287,2025-10-08 15:00:00,122267.1,122539.2,121915.3,122140.2,41137.184
6288,2025-10-08 16:00:00,122155.7,123088.0,122059.3,122999.9,39858.114
6289,2025-10-08 17:00:00,122927.9,124119.1,122916.4,123985.4,41988.824
6290,2025-10-08 18:00:00,123985.4,126000.0,123369.8,123397.0,54482.397
6291,2025-10-08 19:00:00,123397.0,123909.2,123107.1,123393.4,40607.913
6292,2025-10-08 20:00:00,123331.0,126000.0,122778.3,122795.5,50807.519
6293,2025-10-08 21:00:00,122784.6,123705.0,122768.5,123149.0,11002.986
6294,2025-10-08 22:00:00,123149.0,123364.0,123130.9,123142.9,18727.92
6295,2025-10-08 23:00:00,123143.1,123463.5,122981.4,123237.4,20639.974
6296,2025-10-09 00:00:00,123237.5,123273.0,122800.1,122802.5,34926.245
6297,2025-10-09 01:00:00,122800.1,123268.7,122282.8,122496.5,33977.031
6298,2025-10-09 02:00:00,122496.5,122496.6,121451.3,121573.2,49770.387
6299,2025-10-09 03:00:00,121570.5,122041.3,121570.1,121988.5,22597.933
6300,2025-10-09 04:00:00,121988.5,122213.6,121860.8,122100.0,12102.395
6301,2025-10-09 05:00:00,122100.0,122137.3,121821.5,122052.7,17346.072
6302,2025-10-09 06:00:00,122052.7,122107.1,121828.7,121914.6,13081.664
6303,2025-10-09 07:00:00,121914.6,122006.6,121693.8,121847.8,10716.798
6304,2025-10-09 08:00:00,121847.8,121902.6,121103.3,121208.1,46247.542
6305,2025-10-09 09:00:00,121207.4,121789.9,121207.4,121753.4,20233.77
6306,2025-10-09 10:00:00,121753.4,122264.0,121605.6,122106.2,26582.958
6307,2025-10-09 11:00:00,122106.2,122775.0,122083.4,122718.7,21022.61
6308,2025-10-09 12:00:00,122718.7,123693.2,122661.6,123510.4,40099.144
6309,2025-10-09 13:00:00,123510.4,123570.5,122299.7,122341.7,58553.497
6310,2025-10-09 14:00:00,122343.7,122476.7,120736.1,121261.3,93598.872
6311,2025-10-09 15:00:00,121261.3,121639.9,120657.6,121093.4,48191.557
6312,2025-10-09 16:00:00,121110.0,121399.3,119652.0,119784.4,62794.076
6313,2025-10-09 17:00:00,119784.4,120855.6,119594.4,120855.6,57882.0
6314,2025-10-09 18:00:00,120855.6,121037.2,120355.4,120656.1,30625.278
6315,2025-10-09 19:00:00,120630.5,121057.6,120630.5,120869.8,22796.292
6316,2025-10-09 20:00:00,120890.2,121077.5,120828.9,121033.2,12982.981
6317,2025-10-09 21:00:00,121033.2,121423.9,120998.4,121406.7,17512.263
6318,2025-10-09 22:00:00,121407.9,121699.6,121351.1,121619.6,5915.651
6319,2025-10-09 23:00:00,121619.5,121697.4,121280.6,121592.4,14775.261
6320,2025-10-10 00:00:00,121593.2,121807.9,121523.8,121682.2,16760.407
6321,2025-10-10 01:00:00,121682.2,121827.6,121443.6,121582.5,10720.286
6322,2025-10-10 02:00:00,121616.2,121616.2,120864.8,121007.2,25883.925
6323,2025-10-10 03:00:00,121004.9,121514.6,120884.7,120987.3,33093.664
6324,2025-10-10 04:00:00,120987.3,121319.7,120977.8,121192.7,19016.194
6325,2025-10-10 05:00:00,121192.6,121534.3,120970.1,121529.5,25019.804
6326,2025-10-10 06:00:00,121529.6,121712.1,121200.1,121326.3,30730.059
6327,2025-10-10 07:00:00,121326.3,121377.5,120827.7,120849.9,14892.887
6328,2025-10-10 08:00:00,120827.7,121565.9,120827.7,121555.0,17133.464
6329,2025-10-10 09:00:00,121555.0,121698.9,121226.3,121250.0,19223.997
6330,2025-10-10 10:00:00,121250.0,121480.1,121173.1,121443.3,12614.697
6331,2025-10-10 11:00:00,121443.4,121607.9,121372.0,121506.2,18210.758
6332,2025-10-10 12:00:00,121506.2,121622.9,121375.0,121534.8,13709.42
6333,2025-10-10 13:00:00,121534.8,122430.5,121403.6,121626.6,72705.236
6334,2025-10-10 14:00:00,121635.1,121964.9,120450.2,120450.2,44605.94
6335,2025-10-10 15:00:00,120450.2,120546.1,118501.9,118936.7,135782.088
6336,2025-10-10 16:00:00,118922.3,119320.6,118181.3,118181.3,91560.28
6337,2025-10-10 17:00:00,118181.3,118364.9,117555.0,117633.3,73112.138
6338,2025-10-10 18:00:00,117620.9,117788.4,117200.4,117200.4,40518.432
6339,2025-10-10 19:00:00,117220.3,117260.2,115964.5,116595.0,101596.834
6340,2025-10-10 20:00:00,116595.0,117104.4,112501.0,114280.7,89505.986
6341,2025-10-10 21:00:00,114280.7,114999.9,100646.5,113243.4,229792.248
6342,2025-10-10 22:00:00,113251.3,113937.5,111385.6,113680.0,195284.066
6343,2025-10-10 23:00:00,113666.8,114680.5,112709.1,112755.3,159599.357
6344,2025-10-11 00:00:00,112764.7,113111.8,111581.1,112500.0,137339.563
6345,2025-10-11 01:00:00,112499.0,112561.5,111008.2,111089.5,118470.078
6346,2025-10-11 02:00:00,111077.4,113225.3,111061.0,113150.1,100551.284
6347,2025-10-11 03:00:00,113150.5,113261.3,111809.5,112298.2,92922.406
6348,2025-10-11 04:00:00,112279.2,112920.5,111667.1,112828.8,76557.47
6349,2025-10-11 05:00:00,112828.8,112869.4,111982.6,112338.3,54325.562
6350,2025-10-11 06:00:00,112338.3,112674.5,111982.6,112000.0,56713.729
6351,2025-10-11 07:00:00,112000.0,112028.4,110077.4,110314.9,121975.839
6352,2025-10-11 08:00:00,110314.9,111442.1,110136.3,111275.4,81377.847
6353,2025-10-11 09:00:00,111275.4,111814.7,111229.9,111576.9,63351.793
6354,2025-10-11 10:00:00,111576.8,112203.0,111576.8,112024.5,42650.772
6355,2025-10-11 11:00:00,112044.0,112299.9,111645.0,112209.4,38107.458
6356,2025-10-11 12:00:00,112209.4,112396.7,111989.6,112314.1,23208.696
6357,2025-10-11 13:00:00,112314.1,112435.6,111888.5,112208.7,43913.747
6358,2025-10-11 14:00:00,112208.7,112293.9,111830.1,111944.0,28574.649
6359,2025-10-11 15:00:00,111949.1,112342.5,111750.0,111750.0,26893.484
6360,2025-10-11 16:00:00,111750.0,112034.9,111418.3,111788.7,42240.9
6361,2025-10-11 17:00:00,111792.0,112138.8,111686.3,111972.4,33231.189
6362,2025-10-11 18:00:00,111944.6,111972.6,111797.4,111907.2,7255.69
6363,2025-10-11 19:00:00,111917.4,111979.3,110833.6,111115.9,77799.606
6364,2025-10-11 20:00:00,111037.5,111260.1,109607.2,110193.4,89360.146
6365,2025-10-11 21:00:00,110184.9,110937.5,109561.9,110832.7,88140.332
6366,2025-10-11 22:00:00,110832.7,111221.1,110606.2,110992.8,42919.146
6367,2025-10-11 23:00:00,110992.8,111052.3,110577.3,110579.1,46375.68
6368,2025-10-12 00:00:00,110579.1,110596.7,109546.6,109586.4,64556.285
6369,2025-10-12 01:00:00,109586.4,110267.5,109546.6,109925.8,76079.002
6370,2025-10-12 02:00:00,109925.9,110653.1,109588.2,110055.1,67787.661
6371,2025-10-12 03:00:00,110000.0,111164.9,109959.3,110643.3,65670.384
6372,2025-10-12 04:00:00,110643.3,111860.1,110589.1,111433.8,57600.306
6373,2025-10-12 05:00:00,111433.8,111736.7,111151.0,111666.2,26949.773
6374,2025-10-12 06:00:00,111677.5,111990.1,111558.2,111634.9,24407.518
6375,2025-10-12 07:00:00,111634.8,111822.6,111435.9,111466.5,24401.904
6376,2025-10-12 08:00:00,111466.0,111742.3,111250.0,111250.0,31138.595
6377,2025-10-12 09:00:00,111316.3,111836.4,111088.8,111772.2,36871.371
6378,2025-10-12 10:00:00,111771.4,111923.2,111383.5,111640.0,41376.705
6379,2025-10-12 11:00:00,111640.0,112020.0,111450.1,111713.2,35408.905
6380,2025-10-12 12:00:00,111713.2,112089.8,111512.2,111711.3,23225.23
6381,2025-10-12 13:00:00,111674.4,111872.0,111203.3,111221.2,44541.092
6382,2025-10-12 14:00:00,111221.3,112859.4,111146.8,112230.8,82236.075
6383,2025-10-12 15:00:00,112230.7,113596.5,112082.5,113119.9,131122.647
6384,2025-10-12 16:00:00,113155.6,114615.6,113119.6,113975.7,111841.552
6385,2025-10-12 17:00:00,113979.1,114367.8,113500.5,113725.1,75295.023
6386,2025-10-12 18:00:00,113725.0,114171.4,113499.4,113815.9,50569.504
6387,2025-10-12 19:00:00,113815.9,114338.1,113785.8,114215.1,29996.102
6388,2025-10-12 20:00:00,114215.1,115366.3,114200.4,114865.2,67836.764
6389,2025-10-12 21:00:00,114865.3,115433.2,114206.9,114817.9,75368.873
6390,2025-10-12 22:00:00,114867.9,115664.9,114807.3,115196.5,73483.187
6391,2025-10-12 23:00:00,115196.5,115280.7,114682.7,114894.4,56043.137
6392,2025-10-13 00:00:00,114892.1,115792.5,114751.7,115219.3,64508.532
6393,2025-10-13 01:00:00,115219.3,115684.9,115032.7,115666.2,51476.223
6394,2025-10-13 02:00:00,115666.2,115796.5,114952.7,115265.9,43355.015
6395,2025-10-13 03:00:00,115223.5,115568.0,114577.0,114800.0,53111.828
6396,2025-10-13 04:00:00,114800.0,114947.1,114382.3,114656.5,48015.188
6397,2025-10-13 05:00:00,114656.6,114775.5,114465.4,114570.1,30178.843
6398,2025-10-13 06:00:00,114550.7,115255.1,114393.8,115183.3,40123.013
6399,2025-10-13 07:00:00,115183.4,115468.6,114994.1,115306.6,34733.592
6400,2025-10-13 08:00:00,115306.5,115365.8,115100.0,115218.4,26159.629
6401,2025-10-13 09:00:00,115218.4,115218.6,114733.6,115117.6,22860.552
6402,2025-10-13 10:00:00,115060.6,115117.6,114709.7,114760.3,31335.266
6403,2025-10-13 11:00:00,114844.2,114844.2,113699.5,114195.0,75094.324
6404,2025-10-13 12:00:00,114195.5,114625.4,113928.4,114359.8,49559.902
6405,2025-10-13 13:00:00,114345.4,115414.7,114186.8,115288.9,113906.167
6406,2025-10-13 14:00:00,115288.8,115400.4,113800.6,113973.6,96287.023
6407,2025-10-13 15:00:00,113973.5,114647.1,113925.5,114265.1,72834.934
6408,2025-10-13 16:00:00,114265.1,115088.6,114227.5,114610.0,69000.131
6409,2025-10-13 17:00:00,114610.0,114938.9,114192.8,114938.9,52881.429
6410,2025-10-13 18:00:00,114938.8,115262.6,114677.5,115119.2,48829.148
6411,2025-10-13 19:00:00,115119.2,115795.9,115021.4,115733.7,42748.277
6412,2025-10-13 20:00:00,115738.6,115799.9,115326.8,115636.5,23574.214
6413,2025-10-13 21:00:00,115636.5,115695.3,115500.0,115649.9,9256.486
6414,2025-10-13 22:00:00,115649.9,115770.0,115391.1,115507.7,16794.02
6415,2025-10-13 23:00:00,115507.7,115521.8,114952.6,115099.8,19627.532
6416,2025-10-14 00:00:00,115099.8,115339.4,114825.5,114904.1,34389.363
6417,2025-10-14 01:00:00,114904.1,114911.3,114082.1,114216.2,26925.553
6418,2025-10-14 02:00:00,114216.2,114235.2,113615.7,113615.7,29360.197
6419,2025-10-14 03:00:00,113615.7,113632.7,113223.4,113432.5,46072.337
6420,2025-10-14 04:00:00,113432.5,113518.5,112774.6,113013.0,52784.797
6421,2025-10-14 05:00:00,113013.0,113602.8,112334.9,112389.3,75719.061
6422,2025-10-14 06:00:00,112359.8,112619.5,111481.5,111935.0,79789.325
6423,2025-10-14 07:00:00,111934.9,112111.0,111500.0,111659.4,73980.133
6424,2025-10-14 08:00:00,111659.4,112057.2,111488.1,111748.2,44949.439
6425,2025-10-14 09:00:00,111745.8,111916.3,111051.9,111208.1,47246.886
6426,2025-10-14 10:00:00,111208.1,111262.7,110038.8,110569.7,76356.412
6427,2025-10-14 11:00:00,110569.6,111547.2,110554.0,111262.7,66939.857
6428,2025-10-14 12:00:00,111260.1,111328.3,110692.3,110732.2,64831.602
6429,2025-10-14 13:00:00,110732.1,111238.0,109902.6,110974.9,94369.526
6430,2025-10-14 14:00:00,110974.9,112033.0,110897.5,111369.2,95339.703
6431,2025-10-14 15:00:00,111369.2,112816.2,111036.5,112806.9,75672.294
6432,2025-10-14 16:00:00,112816.1,113048.3,112159.3,112253.1,87296.835
6433,2025-10-14 17:00:00,112235.3,112825.9,111701.4,112734.0,75863.025
6434,2025-10-14 18:00:00,112689.7,113369.9,112607.4,112792.0,61044.449
6435,2025-10-14 19:00:00,112784.2,113429.9,112000.0,112535.5,81285.672
6436,2025-10-14 20:00:00,112535.6,112931.5,112187.5,112871.2,38896.784
6437,2025-10-14 21:00:00,112931.5,113130.0,112643.4,113060.1,28829.501
6438,2025-10-14 22:00:00,113089.5,113506.1,112811.8,113156.0,38043.65
6439,2025-10-14 23:00:00,113156.0,113450.0,112980.1,112981.4,28726.683
6440,2025-10-15 00:00:00,112981.4,113069.6,112580.7,112939.5,37300.407
6441,2025-10-15 01:00:00,112958.7,112958.8,112289.9,112653.5,56525.359
6442,2025-10-15 02:00:00,112653.5,113560.5,112629.0,112763.3,46689.846
6443,2025-10-15 03:00:00,112763.3,112804.1,111817.4,111982.3,53655.542
6444,2025-10-15 04:00:00,111978.6,112393.2,111738.5,112305.1,38603.514
6445,2025-10-15 05:00:00,112309.4,112605.5,112149.5,112378.0,37455.673
6446,2025-10-15 06:00:00,112377.9,112500.6,111850.1,112370.0,36092.769
6447,2025-10-15 07:00:00,112365.5,112570.5,112287.1,112524.1,30056.348
6448,2025-10-15 08:00:00,112524.1,113426.8,112495.6,112939.9,41995.636
6449,2025-10-15 09:00:00,112963.2,113009.5,112346.8,112505.1,39498.016
6450,2025-10-15 10:00:00,112501.1,112556.1,112135.0,112191.4,29858.786
6451,2025-10-15 11:00:00,112191.4,112511.3,111694.8,111839.2,38700.034
6452,2025-10-15 12:00:00,111839.2,112031.8,111362.5,111603.1,62474.568
6453,2025-10-15 13:00:00,111603.1,111888.9,110702.8,111357.6,80504.847
6454,2025-10-15 14:00:00,111360.8,112141.2,110768.1,111003.4,94142.161
6455,2025-10-15 15:00:00,111020.6,111472.9,110395.2,110733.7,95890.965
6456,2025-10-15 16:00:00,110733.7,111010.1,110591.1,110693.2,59271.048
6457,2025-10-15 17:00:00,110693.3,111122.2,110137.5,111119.9,74081.837
6458,2025-10-15 18:00:00,111122.1,111432.8,110780.6,111432.6,51045.434
6459,2025-10-15 19:00:00,111385.6,111473.3,111042.4,111211.1,48687.408
6460,2025-10-15 20:00:00,111204.5,111471.0,110490.6,111067.0,56713.517
6461,2025-10-15 21:00:00,111066.9,111350.0,110493.0,110763.5,45875.07
6462,2025-10-15 22:00:00,110791.3,111297.4,110682.4,110686.0,38428.526
6463,2025-10-15 23:00:00,110686.0,110950.9,110560.9,110689.9,30573.262
6464,2025-10-16 00:00:00,110649.1,110783.8,110311.1,110387.2,40700.882
6465,2025-10-16 01:00:00,110387.2,111232.1,110387.1,111232.0,47756.856
6466,2025-10-16 02:00:00,111232.0,111499.9,110961.0,111464.2,36877.36
6467,2025-10-16 03:00:00,111458.9,111756.5,111223.8,111254.8,48061.572
6468,2025-10-16 04:00:00,111223.9,111610.0,110778.0,111011.6,31991.653
6469,2025-10-16 05:00:00,110927.2,111358.5,110682.9,110881.9,34033.961
6470,2025-10-16 06:00:00,110811.1,111645.9,110811.1,111604.0,32687.159
6471,2025-10-16 07:00:00,111604.2,111699.3,110509.6,110516.6,38979.983
6472,2025-10-16 08:00:00,110516.7,110820.6,110406.6,110784.0,29605.297
6473,2025-10-16 09:00:00,110784.0,111726.0,109619.0,111148.8,66509.352
6474,2025-10-16 10:00:00,111099.9,111659.6,110994.5,111425.9,44157.421
6475,2025-10-16 11:00:00,111418.5,111500.0,111006.9,111360.4,39612.231
6476,2025-10-16 12:00:00,111360.4,111929.4,111299.6,111473.0,37128.423
6477,2025-10-16 13:00:00,111473.1,111490.5,110646.1,110865.7,74462.265
6478,2025-10-16 14:00:00,110865.8,111326.9,109730.5,110435.0,104738.89
6479,2025-10-16 15:00:00,110435.0,110655.6,108309.5,108482.9,99114.407
6480,2025-10-16 16:00:00,108482.9,109144.7,107561.4,109144.7,110142.026
6481,2025-10-16 17:00:00,109157.3,109157.4,108204.9,108219.4,83269.762
6482,2025-10-16 18:00:00,108217.1,108575.2,107683.0,108557.1,84320.192
6483,2025-10-16 19:00:00,108563.5,108675.0,107653.6,108118.7,88162.031
6484,2025-10-16 20:00:00,108190.0,108358.6,107394.2,107752.8,68978.016
6485,2025-10-16 21:00:00,107736.2,108400.0,107553.3,108374.5,45855.574
6486,2025-10-16 22:00:00,108384.5,108404.6,107734.0,107734.0,33280.828
6487,2025-10-16 23:00:00,107738.5,108351.0,107700.4,108140.0,36534.894
6488,2025-10-17 00:00:00,108140.0,108724.9,107891.2,108716.8,39457.499
6489,2025-10-17 01:00:00,108718.1,109027.2,108456.3,108777.8,44766.934
6490,2025-10-17 02:00:00,108777.8,108930.1,108358.4,108916.6,42093.014
6491,2025-10-17 03:00:00,108917.6,109127.2,108855.8,109117.0,20446.567
6492,2025-10-17 04:00:00,109126.4,109157.9,108743.1,108778.8,23504.123
6493,2025-10-17 05:00:00,108815.2,108858.0,108286.3,108328.0,34586.233
6494,2025-10-17 06:00:00,108335.6,108443.4,106689.9,106704.3,73036.479
6495,2025-10-17 07:00:00,106704.3,106840.3,105489.6,105561.6,76471.187
6496,2025-10-17 08:00:00,105561.6,105623.0,104472.1,104845.1,114263.723
6497,2025-10-17 09:00:00,104836.2,105550.6,104580.2,104580.2,87118.7
6498,2025-10-17 10:00:00,104603.2,104858.4,103514.8,104731.0,97533.883
6499,2025-10-17 11:00:00,104728.8,106529.0,104658.3,105572.5,81259.334
6500,2025-10-17 12:00:00,105624.6,105965.6,105169.7,105300.2,74213.479
6501,2025-10-17 13:00:00,105283.9,106119.1,104885.9,105814.7,117418.229
6502,2025-10-17 14:00:00,105769.8,105925.9,104607.3,105110.2,102152.316
6503,2025-10-17 15:00:00,105110.2,106795.7,105093.9,106761.4,90523.925
6504,2025-10-17 16:00:00,106795.6,107405.3,106245.2,106330.8,88812.946
6505,2025-10-17 17:00:00,106342.8,106650.9,106079.2,106406.2,71940.168
6506,2025-10-17 18:00:00,106405.3,107013.9,106380.0,106593.2,55862.691
6507,2025-10-17 19:00:00,106593.3,106810.8,106204.4,106413.0,49658.629
6508,2025-10-17 20:00:00,106437.4,107096.6,106314.0,106984.9,46580.664
6509,2025-10-17 21:00:00,106984.9,107363.9,106968.8,107243.3,38149.192
6510,2025-10-17 22:00:00,107243.3,107355.2,106784.1,106929.7,27135.203
6511,2025-10-17 23:00:00,106948.8,106948.9,106335.1,106378.5,25141.281
6512,2025-10-18 00:00:00,106382.4,106779.2,106308.2,106724.7,25973.946
6513,2025-10-18 01:00:00,106724.7,107233.7,106719.4,107095.9,32462.02
6514,2025-10-18 02:00:00,107095.9,107238.9,106462.3,106531.5,34638.414
6515,2025-10-18 03:00:00,106531.5,107040.5,106517.9,107005.6,23010.546
6516,2025-10-18 04:00:00,106996.9,107005.6,106385.0,106444.9,21289.841
6517,2025-10-18 05:00:00,106467.1,106774.4,106434.1,106773.7,11701.899
6518,2025-10-18 06:00:00,106774.4,106885.2,106654.1,106865.0,11782.954
6519,2025-10-18 07:00:00,106864.9,107403.1,106585.5,106585.6,65036.64
6520,2025-10-18 08:00:00,106624.0,106910.1,106585.5,106724.3,22770.199
6521,2025-10-18 09:00:00,106763.6,106875.8,106595.0,106875.1,18829.232
6522,2025-10-18 10:00:00,106875.7,107070.9,106730.9,106859.8,27853.746
6523,2025-10-18 11:00:00,106859.7,107163.9,106708.7,107151.1,22130.827
6524,2025-10-18 12:00:00,107151.2,107244.0,106924.6,107033.4,21962.485
6525,2025-10-18 13:00:00,107033.5,107035.4,106762.3,106835.3,23272.399
6526,2025-10-18 14:00:00,106835.3,107022.0,106705.2,106969.9,30912.917
6527,2025-10-18 15:00:00,107014.9,107087.6,106790.0,106893.2,16765.212
6528,2025-10-18 16:00:00,106907.9,106972.3,106449.9,106601.4,24617.827
6529,2025-10-18 17:00:00,106650.0,106900.0,106533.9,106822.8,18168.215
6530,2025-10-18 18:00:00,106822.8,106843.5,106674.0,106818.4,11106.696
6531,2025-10-18 19:00:00,106792.4,107027.2,106724.6,107023.0,11835.624
6532,2025-10-18 20:00:00,106978.1,107224.1,106970.0,107005.8,19687.284
6533,2025-10-18 21:00:00,107005.8,107137.7,106801.2,107125.0,18277.496
6534,2025-10-18 22:00:00,107135.1,107214.8,107015.6,107061.8,7610.506
6535,2025-10-18 23:00:00,107061.8,107139.3,106963.9,107139.2,9640.941
6536,2025-10-19 00:00:00,107139.3,107160.1,106698.1,106833.3,23635.828
6537,2025-10-19 01:00:00,106833.2,106929.7,106710.0,106909.2,6401.323
6538,2025-10-19 02:00:00,106921.6,106937.2,106781.4,106796.8,8735.158
6539,2025-10-19 03:00:00,106806.7,107287.4,106750.9,107205.9,23976.279
6540,2025-10-19 04:00:00,107205.9,107205.9,106951.1,107000.0,11895.355
6541,2025-10-19 05:00:00,107000.0,107112.1,106831.8,106838.5,17471.332
6542,2025-10-19 06:00:00,106838.5,106856.8,106567.9,106726.0,3592.735
6543,2025-10-19 07:00:00,106726.0,106830.4,106666.7,106677.2,2660.459
6544,2025-10-19 08:00:00,106666.9,107173.3,106244.8,106450.8,7986.865
6545,2025-10-19 09:00:00,106450.7,108500.0,106094.7,107438.9,8960.323
6546,2025-10-19 10:00:00,107438.8,107819.3,107070.0,107819.3,6837.074
6547,2025-10-19 11:00:00,107819.2,113500.5,107615.7,107699.5,4777.105
6548,2025-10-19 12:00:00,107699.4,107729.0,107389.1,107519.3,4255.732
6549,2025-10-19 13:00:00,107489.5,108149.6,107341.1,108149.6,5413.918
6550,2025-10-19 14:00:00,108035.3,109408.0,107886.7,108370.8,4542.066
6551,2025-10-19 15:00:00,108313.5,112000.0,108310.7,108390.6,3691.763
6552,2025-10-19 16:00:00,108424.0,108888.7,108243.3,108611.8,4677.445
6553,2025-10-19 17:00:00,108611.9,109274.4,108610.1,109045.8,6793.564
6554,2025-10-19 18:00:00,109045.7,109315.5,108996.9,109315.4,11567.97
6555,2025-10-19 19:00:00,109315.5,109315.5,108777.2,108923.3,8034.289
6556,2025-10-19 20:00:00,108902.0,108923.7,108773.3,108845.1,2432.137
6557,2025-10-19 21:00:00,108845.1,108845.1,108580.0,108672.6,5182.945
6558,2025-10-19 22:00:00,108672.7,109231.1,108672.6,109141.4,6102.46
6559,2025-10-19 23:00:00,109175.3,109175.4,108480.2,108557.5,7633.872
6560,2025-10-20 00:00:00,108480.3,108558.0,107445.5,107953.8,8743.446
6561,2025-10-20 01:00:00,107953.7,108136.7,107914.0,108090.3,5892.317
6562,2025-10-20 02:00:00,108090.2,108888.0,107835.4,108712.2,8202.864
6563,2025-10-20 03:00:00,108712.3,112000.0,108569.2,110193.0,5848.085
6564,2025-10-20 04:00:00,110150.2,110442.0,109910.0,110380.6,43839.309
6565,2025-10-20 05:00:00,110400.0,111045.0,110232.2,110938.8,41192.44
6566,2025-10-20 06:00:00,110959.1,111286.4,110938.8,111232.2,33027.753
6567,2025-10-20 07:00:00,111232.2,111340.8,111022.9,111145.1,23174.064
6568,2025-10-20 08:00:00,111145.1,111543.4,110913.3,111040.4,39245.771
6569,2025-10-20 09:00:00,111040.4,111137.9,110652.4,110942.6,31241.346
6570,2025-10-20 10:00:00,110920.9,111054.3,110619.2,110696.4,34595.705
6571,2025-10-20 11:00:00,110692.1,110975.5,110592.1,110951.5,17586.084
6572,2025-10-20 12:00:00,110969.4,111100.0,110754.2,110795.9,16060.276
6573,2025-10-20 13:00:00,110795.9,111120.1,110560.5,111094.0,32045.962
6574,2025-10-20 14:00:00,111094.0,111292.9,110681.8,111167.0,46660.94
6575,2025-10-20 15:00:00,111167.0,111597.1,110975.9,111091.6,41210.516
6576,2025-10-20 16:00:00,111081.0,111236.0,110076.7,110634.4,83763.325
6577,2025-10-20 17:00:00,110634.4,111032.7,109850.0,110217.6,60223.857
6578,2025-10-20 18:00:00,110217.6,110910.0,110171.3,110885.3,34530.654
6579,2025-10-20 19:00:00,110885.3,111005.1,110487.6,110790.9,36648.352
6580,2025-10-20 20:00:00,110790.7,111191.6,110632.8,110967.0,31795.425
6581,2025-10-20 21:00:00,110932.7,111180.3,110400.7,110501.2,27209.326
6582,2025-10-20 22:00:00,110506.8,110792.6,110385.0,110759.9,16051.924
6583,2025-10-20 23:00:00,110757.8,110765.8,110466.7,110470.0,26111.336
6584,2025-10-21 00:00:00,110494.1,110494.2,110111.7,110408.4,21973.917
6585,2025-10-21 01:00:00,110396.0,110432.0,109574.0,109804.4,35600.893
6586,2025-10-21 02:00:00,109804.5,109835.8,109312.0,109459.2,44404.75
6587,2025-10-21 03:00:00,109428.0,109544.7,109052.1,109059.7,33189.158
6588,2025-10-21 04:00:00,109052.1,109065.7,107645.9,107787.8,75170.391
6589,2025-10-21 05:00:00,107769.2,107898.0,107444.3,107499.3,70555.943
6590,2025-10-21 06:00:00,107498.1,108125.4,107472.8,107882.1,39865.62
6591,2025-10-21 07:00:00,107882.1,108132.0,107602.4,108043.5,27619.21
6592,2025-10-21 08:00:00,108049.3,108058.0,107450.2,107649.7,31592.795
6593,2025-10-21 09:00:00,107649.8,107811.9,107508.9,107708.6,18018.484
6594,2025-10-21 10:00:00,107708.6,108746.2,107540.0,108449.9,46722.389
6595,2025-10-21 11:00:00,108492.4,108566.4,108123.3,108533.2,37135.172
6596,2025-10-21 12:00:00,108533.2,109403.4,108419.7,108739.9,59239.929
6597,2025-10-21 13:00:00,108740.0,108808.2,108160.1,108378.5,75651.067
6598,2025-10-21 14:00:00,108378.5,112999.9,108367.7,112175.7,87655.467
6599,2025-10-21 15:00:00,112171.9,113391.3,111715.5,113287.8,32396.175
6600,2025-10-21 16:00:00,113287.0,113917.8,112505.7,112505.7,24977.304
6601,2025-10-21 17:00:00,112505.7,112928.2,111000.0,112044.9,28006.105
6602,2025-10-21 18:00:00,112015.6,112199.8,111276.0,111937.4,24928.308
6603,2025-10-21 19:00:00,111934.5,112099.2,111519.8,111772.1,18079.719
6604,2025-10-21 20:00:00,111813.3,111813.4,110572.0,110843.6,24439.452
6605,2025-10-21 21:00:00,110843.7,111030.0,110066.2,110792.8,19468.253
6606,2025-10-21 22:00:00,110824.5,110854.0,108000.0,108996.3,26801.297
6607,2025-10-21 23:00:00,108947.3,109332.3,108171.1,108304.0,26965.133
6608,2025-10-22 00:00:00,108342.3,108479.6,107851.8,107972.7,26974.976
6609,2025-10-22 01:00:00,107970.6,108360.0,107955.1,108360.0,20023.7
6610,2025-10-22 02:00:00,108359.9,108605.4,108169.5,108169.5,14813.031
6611,2025-10-22 03:00:00,108176.2,108176.4,107860.0,108160.9,30678.273
6612,2025-10-22 04:00:00,108143.5,108535.5,108116.0,108530.2,26258.451
6613,2025-10-22 05:00:00,108535.4,108535.6,108528.5,108535.6,159.151
6614,2025-10-22 06:00:00,108535.0,108537.6,108528.5,108528.5,150.862
6615,2025-10-22 07:00:00,108528.5,108538.1,107659.4,108239.5,32154.431
6616,2025-10-22 08:00:00,108239.5,108299.9,108039.6,108171.2,24598.15
6617,2025-10-22 09:00:00,108176.6,108218.9,107730.0,107926.3,50426.522
6618,2025-10-22 10:00:00,107947.8,108027.4,107614.8,107614.8,25807.038
6619,2025-10-22 11:00:00,107635.7,108152.1,107000.0,107501.7,72976.946
6620,2025-10-22 12:00:00,107494.9,108270.1,107418.3,107976.9,62318.228
6621,2025-10-22 13:00:00,107980.6,108959.9,107626.1,108821.8,93995.329
6622,2025-10-22 14:00:00,108787.0,108878.3,107568.2,108878.3,131496.142
6623,2025-10-22 15:00:00,108878.3,109052.0,107759.9,108353.9,82059.489
6624,2025-10-22 16:00:00,108353.9,108730.9,107844.4,108184.9,99767.054
6625,2025-10-22 17:00:00,108201.6,108264.1,107557.1,107743.3,56011.964
6626,2025-10-22 18:00:00,107732.8,108148.6,107463.6,107922.0,61512.619
6627,2025-10-22 19:00:00,107922.0,108340.2,107742.8,107825.7,54052.566
6628,2025-10-22 20:00:00,107825.7,108008.6,107458.4,107614.3,39044.211
6629,2025-10-22 21:00:00,107600.9,107694.4,106668.3,107159.8,87955.95
6630,2025-10-22 22:00:00,107159.8,107573.0,106897.0,107142.6,64436.158
6631,2025-10-22 23:00:00,107149.7,107844.1,107138.0,107549.9,46366.247
6632,2025-10-23 00:00:00,107549.9,107904.6,107484.6,107794.5,30693.102
6633,2025-10-23 01:00:00,107794.5,108434.1,107792.6,108100.0,39931.766
6634,2025-10-23 02:00:00,108110.0,108344.7,108019.0,108317.5,28514.048
6635,2025-10-23 03:00:00,108341.5,108654.9,108292.2,108322.2,24209.048
6636,2025-10-23 04:00:00,108349.9,108873.8,108311.8,108583.6,27273.328
6637,2025-10-23 05:00:00,108583.6,108928.0,108573.7,108918.4,16420.814
6638,2025-10-23 06:00:00,108928.0,110221.9,108808.7,110180.2,58271.066
6639,2025-10-23 07:00:00,110194.3,110194.4,109200.0,109208.6,55366.375
6640,2025-10-23 08:00:00,109208.6,109821.0,109200.0,109459.3,39452.473
6641,2025-10-23 09:00:00,109459.3,109472.4,109083.2,109428.1,22676.653
6642,2025-10-23 10:00:00,109428.1,109633.9,109361.6,109397.5,21662.335
6643,2025-10-23 11:00:00,109416.0,109587.0,109100.6,109218.6,31434.857
6644,2025-10-23 12:00:00,109230.1,109230.1,108709.5,109131.5,41616.021
6645,2025-10-23 13:00:00,109131.2,109555.1,108778.0,109441.9,60001.781
6646,2025-10-23 14:00:00,109441.9,109751.9,108719.8,109539.2,85695.14
6647,2025-10-23 15:00:00,109539.2,110028.6,109479.3,109832.1,57418.795
6648,2025-10-23 16:00:00,109832.1,110486.7,109615.4,110201.2,44596.735
6649,2025-10-23 17:00:00,110201.2,111190.3,109666.2,111171.2,77683.045
6650,2025-10-23 18:00:00,111190.3,111219.2,110228.9,110445.5,47160.875
6651,2025-10-23 19:00:00,110515.8,110566.9,110064.8,110160.9,44861.612
6652,2025-10-23 20:00:00,110209.8,110240.2,109474.0,109474.2,39471.066
6653,2025-10-23 21:00:00,109474.0,109668.9,109316.1,109480.3,34809.294
6654,2025-10-23 22:00:00,109499.2,110072.3,109479.9,109907.2,38477.704
6655,2025-10-23 23:00:00,109907.2,110027.5,109785.6,110020.0,10606.275
6656,2025-10-24 00:00:00,110020.0,110616.3,109951.6,110442.6,32632.66
6657,2025-10-24 01:00:00,110452.1,110589.0,110095.4,110527.5,26926.815
6658,2025-10-24 02:00:00,110527.5,110759.5,110299.9,110579.5,23750.796
6659,2025-10-24 03:00:00,110579.5,110579.5,110221.1,110400.0,15906.461
6660,2025-10-24 04:00:00,110410.0,111426.7,110293.6,111141.9,51090.828
6661,2025-10-24 05:00:00,111165.5,111233.1,110900.0,111193.0,27904.43
6662,2025-10-24 06:00:00,111191.5,111441.6,111086.6,111436.8,13065.313
6663,2025-10-24 07:00:00,111440.2,111440.6,110769.9,111013.8,26194.062
6664,2025-10-24 08:00:00,111023.4,111179.3,110712.3,111053.3,42706.568
6665,2025-10-24 09:00:00,111053.3,111438.1,110959.6,111277.7,19610.147
6666,2025-10-24 10:00:00,111277.7,111280.1,111030.5,111134.3,21909.125
6667,2025-10-24 11:00:00,111158.4,111222.6,110565.6,111006.8,33016.246
6668,2025-10-24 12:00:00,111034.1,111997.7,110824.4,111232.6,74269.259
6669,2025-10-24 13:00:00,111247.6,111370.0,110390.8,110869.2,67314.567
6670,2025-10-24 14:00:00,110869.1,110871.2,109719.9,110146.2,87649.351
6671,2025-10-24 15:00:00,110152.7,110565.8,109910.5,110009.8,71761.897
6672,2025-10-24 16:00:00,110010.0,110330.5,109773.5,110205.1,47264.43
6673,2025-10-24 17:00:00,110213.0,110527.2,110168.8,110180.6,34184.467
6674,2025-10-24 18:00:00,110189.9,110589.6,110121.7,110573.6,30962.228
6675,2025-10-24 19:00:00,110573.5,110896.9,110478.9,110507.9,29821.203
6676,2025-10-24 20:00:00,110543.8,110938.5,110438.1,110843.2,27116.656
6677,2025-10-24 21:00:00,110843.1,111036.7,110591.7,111029.4,35417.89
6678,2025-10-24 22:00:00,111029.4,111088.0,110869.7,110981.6,14748.209
6679,2025-10-24 23:00:00,111000.0,111070.8,110839.8,110965.3,11360.371
6680,2025-10-25 00:00:00,110957.7,110965.4,110669.6,110720.6,17245.044
6681,2025-10-25 01:00:00,110756.9,111111.1,110674.1,110915.9,10886.288
6682,2025-10-25 02:00:00,110962.1,111076.9,110905.1,111072.3,4836.625
6683,2025-10-25 03:00:00,111072.3,111076.9,110965.7,110965.7,3191.097
6684,2025-10-25 04:00:00,110995.6,111448.0,110965.7,111164.4,10657.979
6685,2025-10-25 05:00:00,111164.4,111370.9,111042.3,111278.8,14338.577
6686,2025-10-25 06:00:00,111278.7,111399.0,111217.1,111309.1,10796.479
6687,2025-10-25 07:00:00,111309.1,111644.3,111308.8,111440.1,21353.037
6688,2025-10-25 08:00:00,111434.0,111735.1,111431.4,111735.1,11733.362
6689,2025-10-25 09:00:00,111722.6,111781.7,111458.5,111471.0,17246.571
6690,2025-10-25 10:00:00,111491.4,111673.7,111348.9,111515.5,23434.965
6691,2025-10-25 11:00:00,111515.6,111610.0,111432.1,111522.6,8510.974
6692,2025-10-25 12:00:00,111522.6,111868.1,111485.9,111856.9,16964.079
6693,2025-10-25 13:00:00,111863.7,111863.8,111493.8,111624.7,18485.779
6694,2025-10-25 14:00:00,111624.7,111716.7,111491.2,111542.5,11592.579
6695,2025-10-25 15:00:00,111542.4,111542.5,111280.2,111340.8,14253.156
6696,2025-10-25 16:00:00,111299.5,111432.2,111096.7,111323.4,19282.92
6697,2025-10-25 17:00:00,111323.5,111400.1,111250.0,111322.0,5752.276
6698,2025-10-25 18:00:00,111346.4,111677.1,111263.1,111668.2,18873.447
6699,2025-10-25 19:00:00,111677.1,111677.1,111546.2,111574.9,3847.456
6700,2025-10-25 20:00:00,111575.0,111607.8,111338.4,111384.9,12074.159
6701,2025-10-25 21:00:00,111385.1,111430.8,111291.0,111430.8,7527.899
6702,2025-10-25 22:00:00,111430.1,111634.2,111368.3,111634.1,12615.596
6703,2025-10-25 23:00:00,111634.2,111634.2,111471.7,111559.5,19207.146
6704,2025-10-26 00:00:00,111559.5,111818.9,111484.6,111655.1,22697.969
6705,2025-10-26 01:00:00,111656.6,111783.6,111554.7,111589.8,13555.949
6706,2025-10-26 02:00:00,111589.9,111633.6,111369.9,111404.5,18277.408
6707,2025-10-26 03:00:00,111404.5,111453.6,111210.1,111216.1,13366.414
6708,2025-10-26 04:00:00,111216.0,111434.7,111200.3,111378.4,19031.007
6709,2025-10-26 05:00:00,111378.5,111599.7,111303.8,111560.8,9802.851
6710,2025-10-26 06:00:00,111567.0,111609.0,111485.0,111574.3,10385.472
6711,2025-10-26 07:00:00,111579.6,111674.9,111557.7,111672.8,6352.927
6712,2025-10-26 08:00:00,111672.8,111790.0,111671.6,111726.3,9669.091
6713,2025-10-26 09:00:00,111728.9,112678.2,111661.4,112390.1,40130.193
6714,2025-10-26 10:00:00,112400.2,112500.0,112164.0,112421.6,13221.252
6715,2025-10-26 11:00:00,112424.4,113364.0,112379.9,113235.1,39288.87
6716,2025-10-26 12:00:00,113235.1,113743.3,113213.5,113530.7,45103.939
6717,2025-10-26 13:00:00,113532.2,113906.3,113250.6,113708.4,40099.601
6718,2025-10-26 14:00:00,113669.3,113821.0,100101.0,113513.4,23442.159
6719,2025-10-26 15:00:00,113515.0,113650.0,113391.1,113648.1,19482.687
6720,2025-10-26 16:00:00,113648.0,113709.4,113271.9,113503.3,20943.225
6721,2025-10-26 17:00:00,113491.1,113712.2,113399.8,113399.8,15431.63
6722,2025-10-26 18:00:00,113399.8,113729.8,113399.8,113540.8,8072.938
6723,2025-10-26 19:00:00,113534.0,113659.9,113464.0,113518.5,4087.626
6724,2025-10-26 20:00:00,113532.2,113534.1,113327.1,113327.1,6791.826
6725,2025-10-26 21:00:00,113327.1,113524.7,112882.9,113415.3,30179.081
6726,2025-10-26 22:00:00,113407.2,115480.0,113403.4,114631.8,58468.073
6727,2025-10-26 23:00:00,114636.1,114915.1,114328.1,114482.2,39538.235
6728,2025-10-27 00:00:00,114469.6,115072.6,114351.5,114751.0,37058.846
6729,2025-10-27 01:00:00,114718.3,115296.4,114662.9,115296.4,25239.153
6730,2025-10-27 02:00:00,115269.9,115397.5,114783.0,114835.8,37068.48
6731,2025-10-27 03:00:00,114835.8,115164.3,114788.0,114922.4,20996.787
6732,2025-10-27 04:00:00,114931.8,115246.2,114922.4,115215.5,9917.955
6733,2025-10-27 05:00:00,115211.0,115605.9,115211.0,115540.1,29875.435
6734,2025-10-27 06:00:00,115520.1,116055.9,115365.6,115924.8,39311.614
6735,2025-10-27 07:00:00,115945.9,116314.6,115473.3,115514.7,45044.718
6736,2025-10-27 08:00:00,115514.8,115570.5,114865.1,114973.9,27072.485
6737,2025-10-27 09:00:00,114990.1,115301.3,114800.5,115227.3,31106.286
6738,2025-10-27 10:00:00,115227.3,115488.3,115075.1,115401.9,28234.929
6739,2025-10-27 11:00:00,115405.8,115490.8,115100.9,115300.5,23029.953
6740,2025-10-27 12:00:00,115300.5,115333.0,114963.4,115012.1,13726.763
6741,2025-10-27 13:00:00,115016.4,115308.0,114586.6,115202.0,48816.252
6742,2025-10-27 14:00:00,115210.4,115275.8,114467.1,114750.1,55419.135
6743,2025-10-27 15:00:00,114750.1,115168.1,114736.1,114914.5,40400.581
6744,2025-10-27 16:00:00,114914.4,115587.3,114822.6,115468.0,27858.704
6745,2025-10-27 17:00:00,115439.1,115655.9,115267.4,115655.9,28152.99
6746,2025-10-27 18:00:00,115645.0,115711.9,115284.0,115288.1,16343.349
6747,2025-10-27 19:00:00,115284.0,115288.2,114740.2,114855.5,18966.842
6748,2025-10-27 20:00:00,114855.5,114868.7,114404.7,114470.5,13050.224
6749,2025-10-27 21:00:00,114470.5,114550.3,114160.0,114258.8,12658.959
6750,2025-10-27 22:00:00,114258.9,114543.1,114044.5,114049.7,15879.274
6751,2025-10-27 23:00:00,114049.8,114133.7,113877.0,114123.4,15083.542
6752,2025-10-28 00:00:00,114102.4,114212.0,113830.0,113928.7,20918.716
6753,2025-10-28 01:00:00,113927.1,114202.7,113926.9,114202.6,8459.947
6754,2025-10-28 02:00:00,114186.2,114202.7,113627.2,113879.9,11925.064
6755,2025-10-28 03:00:00,113880.0,114034.9,113729.9,113901.3,27584.418
6756,2025-10-28 04:00:00,113901.4,113990.0,113768.7,113971.7,16248.899
6757,2025-10-28 05:00:00,113971.7,113990.0,113524.7,113609.1,27092.398
6758,2025-10-28 06:00:00,113578.1,114100.4,113578.1,114066.6,20772.987
6759,2025-10-28 07:00:00,114066.6,114254.8,114059.8,114160.9,26071.579
6760,2025-10-28 08:00:00,114160.9,114413.9,114083.1,114370.5,11223.137
6761,2025-10-28 09:00:00,114381.2,114532.6,114159.4,114476.9,21555.013
6762,2025-10-28 10:00:00,114476.9,114550.0,114376.9,114536.2,13879.833
6763,2025-10-28 11:00:00,114543.5,114578.3,114258.3,114302.1,12625.804
6764,2025-10-28 12:00:00,114302.1,114460.9,114083.9,114399.9,16433.118
6765,2025-10-28 13:00:00,114405.8,115464.6,114392.6,115464.6,53837.512
6766,2025-10-28 14:00:00,115463.5,116039.9,114278.4,115012.8,87793.033
6767,2025-10-28 15:00:00,115012.8,115293.0,114479.9,114597.1,49046.342
6768,2025-10-28 16:00:00,114640.3,115427.4,114481.5,115343.4,50976.408
6769,2025-10-28 17:00:00,115324.8,115525.6,115204.6,115245.3,33653.028
6770,2025-10-28 18:00:00,115245.4,115296.2,114623.0,114943.4,42983.188
6771,2025-10-28 19:00:00,114943.3,115014.5,113523.6,113650.0,68908.355
6772,2025-10-28 20:00:00,113650.1,113652.4,112341.0,112808.9,69670.842
6773,2025-10-28 21:00:00,112809.0,113164.9,112121.5,112918.2,64002.74
6774,2025-10-28 22:00:00,112918.7,113205.2,112768.1,113164.2,21639.024
6775,2025-10-28 23:00:00,113172.3,113205.2,112782.2,112841.6,25726.705
6776,2025-10-29 00:00:00,112841.6,112855.9,112428.5,112428.5,24536.706
6777,2025-10-29 01:00:00,112428.5,112844.9,112050.2,112475.4,48979.19
6778,2025-10-29 02:00:00,112480.0,112714.0,112352.3,112607.4,17565.12
6779,2025-10-29 03:00:00,112607.4,112607.4,112308.5,112440.2,16062.614
6780,2025-10-29 04:00:00,112440.2,112785.4,112440.1,112779.7,13745.064
6781,2025-10-29 05:00:00,112760.3,113293.6,112750.1,113011.2,23306.822
6782,2025-10-29 06:00:00,113011.2,113289.5,112926.0,113250.5,20711.365
6783,2025-10-29 07:00:00,113250.5,113500.0,113188.6,113489.1,10874.505
6784,2025-10-29 08:00:00,113489.0,113567.4,112960.0,112987.5,22496.57
6785,2025-10-29 09:00:00,113007.7,113042.0,112728.9,112935.2,14338.484
6786,2025-10-29 10:00:00,112932.1,113100.1,112708.1,112877.3,17751.212
6787,2025-10-29 11:00:00,112823.8,113191.5,112706.1,113076.1,28989.923
6788,2025-10-29 12:00:00,113076.1,113264.1,113010.1,113089.8,23474.377
6789,2025-10-29 13:00:00,113088.1,113542.9,112727.6,112848.9,37158.995
6790,2025-10-29 14:00:00,112849.0,112939.8,112205.3,112396.2,43832.721
6791,2025-10-29 15:00:00,112396.3,112500.0,111393.9,111462.7,53373.85
6792,2025-10-29 16:00:00,111504.3,111504.4,110942.0,111060.2,39501.485
6793,2025-10-29 17:00:00,111060.0,111826.1,110974.5,111754.2,42273.988
6794,2025-10-29 18:00:00,111754.4,111921.7,109399.8,110800.1,104492.786
6795,2025-10-29 19:00:00,110770.5,111339.1,110132.8,110568.7,70353.972
6796,2025-10-29 20:00:00,110568.6,111470.3,110397.2,111337.2,43611.095
6797,2025-10-29 21:00:00,111337.1,111722.4,111318.4,111550.0,27798.445
6798,2025-10-29 22:00:00,111549.9,111550.0,110977.8,110977.8,25187.296
6799,2025-10-29 23:00:00,110977.9,111023.2,109729.8,109985.7,37450.323
6800,2025-10-30 00:00:00,110003.4,110511.8,109712.3,110481.7,43617.058
6801,2025-10-30 01:00:00,110481.8,110649.2,110203.5,110511.8,26587.801
6802,2025-10-30 02:00:00,110511.9,110927.5,110294.1,110889.4,22273.903
6803,2025-10-30 03:00:00,110898.1,110898.1,110478.6,110710.6,20176.911
6804,2025-10-30 04:00:00,110729.5,110729.6,107973.8,108509.3,86367.398
6805,2025-10-30 05:00:00,108511.1,110342.1,108438.8,110270.9,51274.907
6806,2025-10-30 06:00:00,110271.0,110863.3,109985.6,110760.2,31634.094
6807,2025-10-30 07:00:00,110760.1,111517.6,110660.0,111289.2,27931.069
6808,2025-10-30 08:00:00,111289.2,111330.9,110645.7,110650.0,26146.451
6809,2025-10-30 09:00:00,110650.1,110703.6,110087.6,110155.6,35585.889
6810,2025-10-30 10:00:00,110155.5,110155.6,109856.9,110058.2,35832.431
6811,2025-10-30 11:00:00,110056.2,110079.2,109715.8,109715.8,28308.476
6812,2025-10-30 12:00:00,109715.8,109736.4,108311.3,108311.3,67200.14
6813,2025-10-30 13:00:00,108339.7,108645.8,107351.1,107630.7,64225.081
6814,2025-10-30 14:00:00,107649.1,108280.7,107564.2,108250.9,57254.063
6815,2025-10-30 15:00:00,108251.0,108286.3,107310.8,107700.0,45966.715
6816,2025-10-30 16:00:00,107700.1,108134.7,107589.9,108045.4,19105.7
6817,2025-10-30 17:00:00,108048.0,108048.0,105555.0,107361.0,33179.711
6818,2025-10-30 18:00:00,107393.8,107510.4,106859.9,106859.9,19189.568
6819,2025-10-30 19:00:00,106860.0,107114.6,106317.5,106459.6,32280.252
6820,2025-10-30 20:00:00,106350.0,107542.5,106284.8,107424.2,27138.111
6821,2025-10-30 21:00:00,107424.2,110044.0,107366.4,107806.5,14276.989
6822,2025-10-30 22:00:00,107817.5,107817.7,107458.9,107811.4,14896.607
6823,2025-10-30 23:00:00,107811.4,108370.0,107550.1,108258.6,17791.278
6824,2025-10-31 00:00:00,108258.6,110100.0,108250.8,109245.9,20905.693
6825,2025-10-31 01:00:00,109246.3,110005.9,109204.2,109551.9,19124.963
6826,2025-10-31 02:00:00,109552.0,109616.1,108555.6,108795.7,44851.004
6827,2025-10-31 03:00:00,108795.7,109250.0,108573.4,109241.6,34789.982
6828,2025-10-31 04:00:00,109187.9,110245.7,109080.0,110118.8,29959.991
6829,2025-10-31 05:00:00,110118.9,110150.0,109673.0,109825.0,20754.725
6830,2025-10-31 06:00:00,109825.0,109898.4,109523.9,109583.1,15458.088
6831,2025-10-31 07:00:00,109583.1,109709.2,109241.7,109400.0,21419.116
6832,2025-10-31 08:00:00,109365.7,110037.5,109195.5,110002.1,41750.035
6833,2025-10-31 09:00:00,110002.1,110361.5,109780.3,109815.6,33126.379
6834,2025-10-31 10:00:00,109829.9,110062.8,109679.9,109785.9,24317.184
6835,2025-10-31 11:00:00,109780.2,110417.4,109429.4,110375.8,43373.679
6836,2025-10-31 12:00:00,110393.4,110638.1,109586.8,109586.8,54949.517
6837,2025-10-31 13:00:00,109599.4,110180.0,109320.0,110078.8,75004.561
6838,2025-10-31 14:00:00,110038.6,111000.0,109550.0,110771.2,84870.928
6839,2025-10-31 15:00:00,110771.2,111073.7,110108.1,110183.9,66788.137
6840,2025-10-31 16:00:00,110183.9,110258.8,108709.2,108709.2,66906.896
6841,2025-10-31 17:00:00,108780.7,109355.8,108609.5,109269.6,70954.132
6842,2025-10-31 18:00:00,109278.6,109764.8,108969.1,109416.5,46846.361
6843,2025-10-31 19:00:00,109416.6,110185.7,109100.0,109798.3,51829.362
6844,2025-10-31 20:00:00,109829.3,109829.4,109413.8,109445.1,36644.881
6845,2025-10-31 21:00:00,109451.1,109700.0,109305.8,109530.1,20082.527
6846,2025-10-31 22:00:00,109538.1,109765.5,109483.1,109543.1,17563.403
6847,2025-10-31 23:00:00,109543.2,109627.3,109491.6,109557.3,5690.798
6848,2025-11-01 00:00:00,109557.4,109714.8,109376.6,109639.4,19407.946
6849,2025-11-01 01:00:00,109639.5,109993.3,109637.0,109703.1,25695.236
6850,2025-11-01 02:00:00,109703.1,109810.1,109441.5,109767.1,21526.21
6851,2025-11-01 03:00:00,109766.8,110261.0,109758.8,110194.6,26594.152
6852,2025-11-01 04:00:00,110171.6,110484.7,110090.5,110247.9,32509.041
6853,2025-11-01 05:00:00,110247.9,110332.9,110012.7,110087.7,15317.312
6854,2025-11-01 06:00:00,110087.6,110116.6,109900.0,109956.3,5018.622
6855,2025-11-01 07:00:00,109956.4,110206.5,109954.9,110028.3,15787.54
6856,2025-11-01 08:00:00,110028.4,110218.1,110028.3,110200.0,8905.36
6857,2025-11-01 09:00:00,110199.9,110213.3,109931.1,109953.3,14137.741
6858,2025-11-01 10:00:00,109953.3,110136.4,109815.0,110119.4,13993.086
6859,2025-11-01 11:00:00,110099.9,110199.9,109975.1,110097.5,7669.445
6860,2025-11-01 12:00:00,110151.0,110164.3,109988.0,110001.9,9405.291
6861,2025-11-01 13:00:00,110007.8,110017.2,109679.7,109917.3,13918.986
6862,2025-11-01 14:00:00,109940.8,109945.6,109685.6,109880.0,7504.199
6863,2025-11-01 15:00:00,109880.0,110285.5,109843.9,110232.5,27393.72
6864,2025-11-01 16:00:00,110233.8,110479.1,110152.0,110413.7,15376.834
6865,2025-11-01 17:00:00,110413.6,110420.2,110160.5,110179.9,16868.764
6866,2025-11-01 18:00:00,110160.6,110310.9,110155.8,110310.9,8476.671
6867,2025-11-01 19:00:00,110294.9,110310.9,110171.8,110268.0,8587.695
6868,2025-11-01 20:00:00,110249.1,110444.8,110249.0,110402.6,7345.967
6869,2025-11-01 21:00:00,110358.4,110402.6,109839.1,109839.1,20051.023
6870,2025-11-01 22:00:00,109839.2,110048.3,109837.6,110044.6,5840.249
6871,2025-11-01 23:00:00,110048.3,110099.9,109942.9,110047.3,1921.537
6872,2025-11-02 00:00:00,110047.3,110099.9,109871.3,109904.7,8272.838
6873,2025-11-02 01:00:00,109932.3,110057.9,109872.2,109930.1,5347.965
6874,2025-11-02 02:00:00,109930.1,110209.9,109846.3,109973.3,9602.034
6875,2025-11-02 03:00:00,109975.8,110041.1,109912.2,109912.2,3376.288
6876,2025-11-02 04:00:00,109914.0,110712.6,109912.2,110620.7,26283.223
6877,2025-11-02 05:00:00,110641.1,110661.9,110249.9,110462.7,24670.944
6878,2025-11-02 06:00:00,110453.1,110650.0,110252.0,110609.9,13729.797
6879,2025-11-02 07:00:00,110610.0,110985.1,110393.6,110887.3,21568.09
6880,2025-11-02 08:00:00,110887.2,110947.7,110668.5,110784.3,10967.507
6881,2025-11-02 09:00:00,110784.3,110987.9,110496.6,110660.9,19584.277
6882,2025-11-02 10:00:00,110660.8,110798.8,110322.0,110444.0,17013.323
6883,2025-11-02 11:00:00,110438.8,111149.9,110406.5,111145.3,24507.599
6884,2025-11-02 12:00:00,111145.3,111189.4,110648.4,110713.5,19363.972
6885,2025-11-02 13:00:00,110713.5,110755.0,110161.0,110517.3,38310.792
6886,2025-11-02 14:00:00,110483.7,110615.2,110185.1,110348.6,39686.959
6887,2025-11-02 15:00:00,110370.7,110500.0,110073.3,110073.3,25970.321
6888,2025-11-02 16:00:00,110073.4,110086.1,109702.9,110047.7,26467.312
6889,2025-11-02 17:00:00,110047.7,110206.7,109979.9,110136.5,8283.515
6890,2025-11-02 18:00:00,110137.2,110286.1,110108.0,110283.2,8305.117
6891,2025-11-02 19:00:00,110286.0,110286.1,109917.5,110125.2,10008.58
6892,2025-11-02 20:00:00,110125.2,110156.3,109847.3,110040.7,11971.054
6893,2025-11-02 21:00:00,110040.6,110087.8,109935.4,109947.5,7198.385
6894,2025-11-02 22:00:00,109941.0,109964.6,109492.0,109832.1,23154.767
6895,2025-11-02 23:00:00,109823.2,110660.5,109823.1,110511.0,46355.314
6896,2025-11-03 00:00:00,110506.7,110689.3,109738.2,109738.2,32258.62
6897,2025-11-03 01:00:00,109730.0,109824.5,109342.4,109634.9,40105.998
6898,2025-11-03 02:00:00,109632.6,109705.4,108660.9,108930.1,64328.731
6899,2025-11-03 03:00:00,108986.2,109080.4,107886.8,107937.6,65993.223
6900,2025-11-03 04:00:00,107969.9,107976.7,107472.5,107838.8,55788.61
6901,2025-11-03 05:00:00,107839.0,107950.9,107389.5,107569.1,32465.932
6902,2025-11-03 06:00:00,107569.1,107645.0,107058.5,107503.4,62355.948
6903,2025-11-03 07:00:00,107503.4,107792.3,107243.4,107500.1,50094.052
6904,2025-11-03 08:00:00,107500.1,107666.0,107002.3,107549.9,49178.112
6905,2025-11-03 09:00:00,107502.2,107841.6,107054.5,107174.1,42603.775
6906,2025-11-03 10:00:00,107174.4,107564.9,106794.1,106913.7,40952.242
6907,2025-11-03 11:00:00,106908.9,107841.4,106908.8,107735.3,46666.815
6908,2025-11-03 12:00:00,107735.1,108196.3,107679.4,107717.2,48002.836
6909,2025-11-03 13:00:00,107717.3,107987.2,107526.6,107855.0,43662.762
6910,2025-11-03 14:00:00,107842.2,108238.8,107360.3,107998.7,67576.698
6911,2025-11-03 15:00:00,107998.8,108006.8,105600.3,105713.6,116197.752
6912,2025-11-03 16:00:00,105713.4,106692.5,105000.0,106692.5,44816.522
6913,2025-11-03 17:00:00,106692.4,108000.0,106522.9,107412.4,26834.995
6914,2025-11-03 18:00:00,107412.5,107516.7,106838.7,106897.0,25604.12
6915,2025-11-03 19:00:00,106945.7,107314.4,106523.9,107039.2,25090.229
6916,2025-11-03 20:00:00,107039.2,107083.2,106327.7,106571.9,28853.269
6917,2025-11-03 21:00:00,106573.5,106989.6,106099.5,106862.1,28120.59
6918,2025-11-03 22:00:00,106872.9,106873.0,105793.1,106406.5,29643.992
6919,2025-11-03 23:00:00,106406.5,106663.5,106037.5,106596.7,18615.843
6920,2025-11-04 00:00:00,106517.7,106771.0,105833.6,106361.0,28815.31
6921,2025-11-04 01:00:00,106379.8,107196.4,106263.2,107018.0,45293.812
6922,2025-11-04 02:00:00,107018.0,107172.2,106450.1,106450.4,50790.918
6923,2025-11-04 03:00:00,106450.3,107168.4,106206.5,107150.0,56934.22
6924,2025-11-04 04:00:00,107150.0,107238.5,106674.1,106702.8,29543.535
6925,2025-11-04 05:00:00,106700.0,106719.5,104005.0,104185.1,102328.461
6926,2025-11-04 06:00:00,104226.8,105131.1,103700.0,104737.1,79299.095
6927,2025-11-04 07:00:00,104737.1,104834.1,103666.0,104449.9,57805.394
6928,2025-11-04 08:00:00,104446.7,104900.0,103666.0,104032.7,62088.768
6929,2025-11-04 09:00:00,104032.8,109300.5,103666.0,103833.3,89798.271
6930,2025-11-04 10:00:00,103833.4,107000.0,103614.8,103831.1,64305.609
6931,2025-11-04 11:00:00,103809.9,106000.0,103769.4,104530.6,46354.165
6932,2025-11-04 12:00:00,104500.0,108342.6,103809.1,103910.8,36618.261
6933,2025-11-04 13:00:00,103923.3,108397.0,103559.6,103870.1,67294.577
6934,2025-11-04 14:00:00,103867.5,104800.0,102949.3,104449.0,101794.772
6935,2025-11-04 15:00:00,104448.9,104722.7,103155.7,103155.7,96533.856
6936,2025-11-04 16:00:00,103155.8,103397.7,102188.1,102223.9,100001.938
6937,2025-11-04 17:00:00,102188.2,102229.7,100829.4,101086.1,120616.643
6938,2025-11-04 18:00:00,101086.1,101426.3,100052.7,101334.9,137385.997
6939,2025-11-04 19:00:00,101335.0,101618.9,100398.6,100508.9,110077.89
6940,2025-11-04 20:00:00,100508.8,101038.8,99513.2,100677.9,129175.07
6941,2025-11-04 21:00:00,100683.6,100754.8,98937.2,100282.3,135497.808
6942,2025-11-04 22:00:00,100295.9,101766.3,100057.6,101160.6,118941.493
6943,2025-11-04 23:00:00,101107.7,101649.9,100900.0,101450.8,66013.35
6944,2025-11-05 00:00:00,101450.8,101686.7,100332.4,100507.6,83394.785
6945,2025-11-05 01:00:00,100505.5,100905.4,98960.1,100700.8,139266.233
6946,2025-11-05 02:00:00,100718.7,101867.6,100700.8,101591.6,105069.85
6947,2025-11-05 03:00:00,101591.6,102200.0,101444.1,102092.4,61151.342
6948,2025-11-05 04:00:00,102094.2,102168.6,101524.5,101918.0,63148.056
6949,2025-11-05 05:00:00,101911.5,102228.4,101580.8,101766.6,58003.927
6950,2025-11-05 06:00:00,101766.6,102063.4,101469.7,102063.4,53579.112
6951,2025-11-05 07:00:00,102063.7,102087.8,101572.9,102036.0,48583.505
6952,2025-11-05 08:00:00,101977.0,102036.0,101163.3,101650.8,70772.746
6953,2025-11-05 09:00:00,101642.7,102142.6,101610.6,101941.5,57331.97
6954,2025-11-05 10:00:00,101941.5,101946.7,101324.0,101359.8,41229.804
6955,2025-11-05 11:00:00,101359.8,102043.2,101351.8,102019.4,59644.902
6956,2025-11-05 12:00:00,102019.4,102679.8,101884.9,102608.1,55369.872
6957,2025-11-05 13:00:00,102570.7,103150.0,102265.0,102944.0,56533.766
6958,2025-11-05 14:00:00,102943.9,103385.9,102184.9,103108.3,94906.671
6959,2025-11-05 15:00:00,103108.4,104000.0,102805.8,103651.9,101027.964
6960,2025-11-05 16:00:00,103651.8,104400.0,103067.9,103870.4,80501.801
6961,2025-11-05 17:00:00,103870.3,109999.9,103080.0,103887.3,72813.574
6962,2025-11-05 18:00:00,103870.0,104811.3,103050.0,104288.4,57179.178
6963,2025-11-05 19:00:00,104288.3,104399.3,103459.5,103994.0,43844.111
6964,2025-11-05 20:00:00,103733.4,104530.0,102613.8,103806.1,69121.831
6965,2025-11-05 21:00:00,103806.1,104530.0,103000.0,103639.5,47055.279
6966,2025-11-05 22:00:00,103600.5,104530.0,103279.4,103685.3,39283.151
6967,2025-11-05 23:00:00,103685.3,104211.0,103000.0,103837.0,42614.755
6968,2025-11-06 00:00:00,103818.6,104530.0,103073.7,103623.0,60625.887
6969,2025-11-06 01:00:00,103623.0,104530.0,102737.2,103323.6,61847.614
6970,2025-11-06 02:00:00,103322.4,104396.3,102821.3,103309.0,60924.452
6971,2025-11-06 03:00:00,103309.0,104530.0,102917.1,103579.9,57186.101
6972,2025-11-06 04:00:00,103579.9,104400.0,103545.2,103911.9,43815.379
6973,2025-11-06 05:00:00,103904.8,103978.7,103058.4,103095.2,50826.771
6974,2025-11-06 06:00:00,103082.4,104000.0,102977.3,103294.9,51465.88
6975,2025-11-06 07:00:00,103295.0,104530.0,102888.7,103211.5,81215.84
6976,2025-11-06 08:00:00,103161.7,103375.9,102955.0,103152.9,49634.812
6977,2025-11-06 09:00:00,103122.0,103224.9,102801.0,102801.0,45347.685
6978,2025-11-06 10:00:00,102801.1,103246.5,102620.0,103081.2,56838.11
6979,2025-11-06 11:00:00,103078.0,103264.9,102713.2,103180.4,45186.094
6980,2025-11-06 12:00:00,103162.5,104400.0,102388.9,102515.7,72476.591
6981,2025-11-06 13:00:00,102515.8,104000.0,102514.8,103288.8,48440.085
6982,2025-11-06 14:00:00,103283.1,103865.4,102009.9,102022.1,78715.59
6983,2025-11-06 15:00:00,102010.1,102843.1,101624.4,101995.3,154061.916
6984,2025-11-06 16:00:00,101995.4,102310.2,100299.4,100813.3,140817.392
6985,2025-11-06 17:00:00,100815.7,101858.3,100758.4,101779.4,122005.326
6986,2025-11-06 18:00:00,101779.4,102260.8,100915.9,101680.8,106136.721
6987,2025-11-06 19:00:00,101680.9,101923.0,101183.8,101336.6,91889.01
6988,2025-11-06 20:00:00,101334.4,101550.3,100664.0,100833.2,85027.082
6989,2025-11-06 21:00:00,100858.5,101159.4,100545.2,101083.0,77064.399
6990,2025-11-06 22:00:00,101083.0,101427.6,100959.7,101375.5,76102.129
6991,2025-11-06 23:00:00,101375.6,101483.8,101116.2,101339.9,67543.021
6992,2025-11-07 00:00:00,101276.1,101568.0,100745.6,101430.7,93915.017
6993,2025-11-07 01:00:00,101430.5,101835.6,100901.4,101501.2,111890.921
6994,2025-11-07 02:00:00,101501.3,101872.0,101225.2,101861.4,62049.469
6995,2025-11-07 03:00:00,101863.8,102269.2,101842.9,101875.6,48257.359
6996,2025-11-07 04:00:00,101874.6,102000.0,101545.1,101962.1,55705.145
6997,2025-11-07 05:00:00,101958.0,102460.9,101957.9,102395.5,52324.967
6998,2025-11-07 06:00:00,102378.0,102439.9,101850.0,101850.0,26244.151
6999,2025-11-07 07:00:00,101873.2,101981.8,101594.0,101970.8,45683.72
7000,2025-11-07 08:00:00,101973.6,101981.9,101439.2,101455.0,21281.428
7001,2025-11-07 09:00:00,101455.0,101455.0,100764.9,100959.1,49058.989
7002,2025-11-07 10:00:00,100959.5,101190.0,100530.7,100774.3,59915.193
7003,2025-11-07 11:00:00,100774.3,100774.4,99800.0,100396.5,84712.952
7004,2025-11-07 12:00:00,100389.7,100550.0,99265.2,99663.8,72745.001
7005,2025-11-07 13:00:00,99663.8,100537.3,99436.9,100286.5,102860.341
7006,2025-11-07 14:00:00,100286.4,100774.4,99549.1,100751.6,139549.443
7007,2025-11-07 15:00:00,100751.5,101203.1,100342.6,100779.2,141565.641
7008,2025-11-07 16:00:00,100779.1,101578.0,100483.3,101115.9,112933.574
7009,2025-11-07 17:00:00,101116.6,102645.0,100914.9,102320.6,112593.04
7010,2025-11-07 18:00:00,102320.6,102906.6,102246.6,102619.6,94391.195
7011,2025-11-07 19:00:00,102619.6,104000.0,102451.0,103333.0,61033.142
7012,2025-11-07 20:00:00,103332.9,104500.0,102819.8,103727.3,63680.231
7013,2025-11-07 21:00:00,103730.3,108500.0,102819.8,103811.0,49037.919
7014,2025-11-07 22:00:00,103812.8,104058.6,103083.3,103596.2,54742.179
7015,2025-11-07 23:00:00,103596.2,103768.3,102400.0,103291.7,43706.756
7016,2025-11-08 00:00:00,103291.6,103942.0,102524.3,102674.9,87512.142
7017,2025-11-08 01:00:00,102674.9,103176.8,102630.8,102955.8,44002.086
7018,2025-11-08 02:00:00,102977.9,103942.0,102730.3,102816.3,40874.795
7019,2025-11-08 03:00:00,102834.0,104000.0,102584.5,102620.6,32522.252
7020,2025-11-08 04:00:00,102620.6,104000.0,102348.9,102505.0,30866.106
7021,2025-11-08 05:00:00,102504.9,102685.7,102257.6,102290.2,26024.299
7022,2025-11-08 06:00:00,102290.2,102478.4,102056.6,102187.9,44426.871
7023,2025-11-08 07:00:00,102187.9,102360.7,101883.9,102308.5,27969.865
7024,2025-11-08 08:00:00,102314.2,102626.7,102136.0,102450.1,29577.99
7025,2025-11-08 09:00:00,102450.1,102563.9,102197.2,102354.6,28444.826
7026,2025-11-08 10:00:00,102354.6,102535.5,102261.5,102482.8,15386.384
7027,2025-11-08 11:00:00,102482.8,102576.7,101707.8,101824.1,53590.454
7028,2025-11-08 12:00:00,101830.0,102027.2,101701.7,102023.2,34767.691
7029,2025-11-08 13:00:00,101966.0,102142.9,101699.8,101758.8,45817.649
7030,2025-11-08 14:00:00,101758.9,102019.8,101443.3,101800.0,38083.49
7031,2025-11-08 15:00:00,101800.0,101911.6,101479.8,101623.3,33426.044
7032,2025-11-08 16:00:00,101623.3,101903.0,101482.6,101805.7,39498.241
7033,2025-11-08 17:00:00,101807.3,101945.1,101549.3,101945.0,18022.988
7034,2025-11-08 18:00:00,101945.1,102168.3,101793.1,102091.7,24250.959
7035,2025-11-08 19:00:00,102091.7,102168.3,101486.7,101939.4,38074.808
7036,2025-11-08 20:00:00,101939.4,102090.0,101908.3,102024.3,9028.554
7037,2025-11-08 21:00:00,102024.4,102312.1,101984.4,102224.1,17136.539
7038,2025-11-08 22:00:00,102258.3,102378.0,102124.8,102378.0,26839.11
7039,2025-11-08 23:00:00,102360.0,102435.0,102235.4,102269.2,8398.296
7040,2025-11-09 00:00:00,102243.4,102281.2,101615.3,101742.5,39528.147
7041,2025-11-09 01:00:00,101742.5,102065.6,101646.8,101995.5,39749.606
7042,2025-11-09 02:00:00,101995.4,102053.8,101535.2,101589.7,27737.983
7043,2025-11-09 03:00:00,101600.1,101770.7,101442.9,101640.0,33522.476
7044,2025-11-09 04:00:00,101640.0,102073.4,101619.2,101664.0,25416.78
7045,2025-11-09 05:00:00,101719.0,101943.6,101628.8,101873.5,24958.429
7046,2025-11-09 06:00:00,101862.4,101904.1,101657.5,101698.9,15584.005
7047,2025-11-09 07:00:00,101698.9,101896.3,101643.1,101845.0,15800.501
7048,2025-11-09 08:00:00,101845.0,101986.0,101781.9,101925.7,27593.679
7049,2025-11-09 09:00:00,101926.7,102074.0,101591.1,101602.3,27730.133
7050,2025-11-09 10:00:00,101602.3,101868.7,101461.6,101821.6,30982.651
7051,2025-11-09 11:00:00,101821.6,102236.8,101757.3,102165.1,29908.322
7052,2025-11-09 12:00:00,102228.2,102365.1,102004.0,102038.0,27844.361
7053,2025-11-09 13:00:00,102004.0,103777.0,102004.0,102886.4,40513.17
7054,2025-11-09 14:00:00,102889.9,103960.0,102744.0,102916.9,100419.688
7055,2025-11-09 15:00:00,102923.2,104000.0,102916.9,103710.0,51979.463
7056,2025-11-09 16:00:00,103663.9,104000.0,102959.7,103814.8,57759.119
7057,2025-11-09 17:00:00,103814.8,104025.6,103180.0,103598.7,44187.935
7058,2025-11-09 18:00:00,103598.7,104490.1,103200.0,104479.9,46072.18
7059,2025-11-09 19:00:00,104485.9,104748.8,103660.3,104748.8,47934.472
7060,2025-11-09 20:00:00,104748.8,104950.1,104402.5,104577.4,36843.785
7061,2025-11-09 21:00:00,104577.4,104758.7,104264.4,104483.5,35741.002
7062,2025-11-09 22:00:00,104449.1,104754.0,103659.6,104662.2,60818.688
7063,2025-11-09 23:00:00,104665.0,105396.6,104494.5,104670.6,64276.929
7064,2025-11-10 00:00:00,104687.3,106430.1,104245.3,106268.9,85937.021
7065,2025-11-10 01:00:00,106268.9,106615.6,105693.0,105693.0,81557.381
7066,2025-11-10 02:00:00,105693.0,105983.9,105567.5,105965.9,47688.943
7067,2025-11-10 03:00:00,105907.0,106209.3,105809.0,105971.8,43889.368
7068,2025-11-10 04:00:00,105990.6,106265.9,105830.7,106120.1,29246.021
7069,2025-11-10 05:00:00,106169.5,106424.6,105964.9,106032.7,38734.727
7070,2025-11-10 06:00:00,106037.3,106250.7,105925.3,106166.7,31006.503
7071,2025-11-10 07:00:00,106166.7,106429.6,106137.8,106400.9,17894.306
7072,2025-11-10 08:00:00,106398.9,106486.3,105862.7,105899.9,34248.202
7073,2025-11-10 09:00:00,105901.9,106524.6,105881.5,106424.2,28674.654
7074,2025-11-10 10:00:00,106401.9,106424.2,105916.1,105981.3,22811.997
7075,2025-11-10 11:00:00,105946.1,106264.1,105903.7,106100.0,14894.102
7076,2025-11-10 12:00:00,106151.1,106161.2,105836.6,105887.6,16731.495
7077,2025-11-10 13:00:00,105887.6,106518.3,105870.0,106509.3,47652.787
7078,2025-11-10 14:00:00,106472.6,106509.3,104665.2,104915.9,67245.365
7079,2025-11-10 15:00:00,104915.9,105538.0,104632.4,104963.3,104368.0
7080,2025-11-10 16:00:00,104963.3,105294.5,104775.0,105189.2,64334.826
7081,2025-11-10 17:00:00,105154.4,105926.6,105146.7,105926.6,57530.6
7082,2025-11-10 18:00:00,105908.0,106024.3,105535.5,105535.5,29530.034
7083,2025-11-10 19:00:00,105535.5,105923.4,105397.5,105744.0,24701.449
7084,2025-11-10 20:00:00,105744.0,106223.5,105719.8,105978.5,22810.8
7085,2025-11-10 21:00:00,105998.0,105998.0,105260.0,105541.6,22853.974
7086,2025-11-10 22:00:00,105541.6,106010.7,105363.2,106010.7,19779.591
7087,2025-11-10 23:00:00,106010.7,106206.7,105831.8,105966.2,16410.323
7088,2025-11-11 00:00:00,105955.8,106079.0,105598.6,106031.7,19699.17
7089,2025-11-11 01:00:00,106033.5,107450.0,105983.8,106024.3,83769.27
7090,2025-11-11 02:00:00,106042.8,106991.2,105566.8,106600.1,87611.97
7091,2025-11-11 03:00:00,106600.1,107021.7,106333.4,106407.3,43240.911
7092,2025-11-11 04:00:00,106404.1,106455.6,105667.9,105702.2,30948.602
7093,2025-11-11 05:00:00,105667.9,105707.2,105122.3,105203.5,50215.195
7094,2025-11-11 06:00:00,105203.4,105269.0,104857.2,105205.1,47459.232
7095,2025-11-11 07:00:00,105205.1,105239.0,104710.1,104750.1,153823.643
7096,2025-11-11 08:00:00,104750.1,105193.6,104711.7,105110.1,63336.387
7097,2025-11-11 09:00:00,105097.5,105384.6,104877.0,104920.6,43096.47
7098,2025-11-11 10:00:00,104916.4,105170.3,104877.0,105075.2,21838.603
7099,2025-11-11 11:00:00,105075.2,105448.1,105045.3,105256.3,26316.676
7100,2025-11-11 12:00:00,105202.1,105435.1,104200.0,104488.5,44289.252
7101,2025-11-11 13:00:00,104468.7,104657.7,104000.0,104345.6,45425.146
7102,2025-11-11 14:00:00,104345.1,104596.8,103453.0,104483.2,62521.421
7103,2025-11-11 15:00:00,104483.1,104861.3,103185.1,103459.8,87810.997
7104,2025-11-11 16:00:00,103459.8,104375.3,103185.0,103320.0,71112.758
7105,2025-11-11 17:00:00,103320.0,104375.3,102857.5,103293.6,66284.44
7106,2025-11-11 18:00:00,103293.6,104000.0,103067.4,103360.0,57653.264
7107,2025-11-11 19:00:00,103360.1,103465.8,102887.9,103085.0,54083.019
7108,2025-11-11 20:00:00,103065.7,103350.0,102693.2,102736.2,49564.804
7109,2025-11-11 21:00:00,102736.1,103350.0,102444.1,102620.7,52668.816
7110,2025-11-11 22:00:00,102620.8,133199.0,102471.6,102960.4,61651.639
7111,2025-11-11 23:00:00,102940.1,105000.0,102776.2,103010.1,43553.23
7112,2025-11-12 00:00:00,103044.8,105111.9,102800.1,102818.9,53540.537
7113,2025-11-12 01:00:00,102800.1,103800.0,102693.5,103171.6,48065.439
7114,2025-11-12 02:00:00,103171.6,103500.0,102915.1,103099.3,45575.601
7115,2025-11-12 03:00:00,103069.3,103589.0,103060.4,103267.2,18171.222
7116,2025-11-12 04:00:00,103239.6,103396.0,102990.9,103199.9,24785.007
7117,2025-11-12 05:00:00,103199.9,103414.3,103107.9,103343.8,19366.143
7118,2025-11-12 06:00:00,103313.2,105111.9,103228.5,103307.9,24638.292
7119,2025-11-12 07:00:00,103307.9,104396.4,103011.2,103071.3,37469.478
7120,2025-11-12 08:00:00,103071.3,104157.5,103067.8,104100.0,62246.11
7121,2025-11-12 09:00:00,104064.5,105000.0,104064.1,104484.3,65152.243
7122,2025-11-12 10:00:00,104379.8,104945.8,104156.0,104880.1,39906.052
7123,2025-11-12 11:00:00,104839.8,105131.5,104713.7,104952.4,37949.364
7124,2025-11-12 12:00:00,104923.0,105254.4,104796.1,104965.7,41018.834
7125,2025-11-12 13:00:00,104965.7,105113.0,104655.0,104980.0,48218.196
7126,2025-11-12 14:00:00,104984.8,105500.0,103521.3,103885.9,73472.872
7127,2025-11-12 15:00:00,103886.0,105500.0,101980.0,102169.4,110740.942
7128,2025-11-12 16:00:00,102169.4,102193.6,101318.8,101444.5,113472.129
7129,2025-11-12 17:00:00,101439.4,102063.6,101366.1,101717.5,75688.327
7130,2025-11-12 18:00:00,101717.5,101845.6,101391.3,101514.4,47048.677
7131,2025-11-12 19:00:00,101514.4,101542.7,100851.0,101245.4,58219.92
7132,2025-11-12 20:00:00,101229.2,101731.3,101132.1,101493.0,47975.823
7133,2025-11-12 21:00:00,101450.1,101850.7,101450.0,101850.7,23519.8
7134,2025-11-12 22:00:00,101821.5,101918.4,101433.7,101918.4,38395.206
7135,2025-11-12 23:00:00,101902.8,101918.4,101460.3,101615.4,40253.896
7136,2025-11-13 00:00:00,101615.5,101931.0,101430.7,101805.1,42197.556
7137,2025-11-13 01:00:00,101805.0,102568.9,101775.0,101950.0,55819.715
7138,2025-11-13 02:00:00,101942.8,102291.5,101930.1,102044.5,43913.461
7139,2025-11-13 03:00:00,102044.6,102465.0,100900.0,102165.0,79558.454
7140,2025-11-13 04:00:00,102165.0,102338.9,101642.3,102084.7,64164.559
7141,2025-11-13 05:00:00,102084.6,106023.0,101800.1,103059.6,62716.892
7142,2025-11-13 06:00:00,103058.2,104028.4,102896.1,104000.0,58877.477
7143,2025-11-13 07:00:00,103614.6,106509.3,103230.0,103398.0,49407.301
7144,2025-11-13 08:00:00,103410.4,104087.9,103230.0,103681.7,46318.4
7145,2025-11-13 09:00:00,103681.7,104087.9,102528.7,102770.2,69229.043
7146,2025-11-13 10:00:00,102770.0,106937.1,102757.7,102900.0,48898.593
7147,2025-11-13 11:00:00,102886.0,103500.0,102697.9,102950.8,34005.644
7148,2025-11-13 12:00:00,102950.0,104000.0,102698.0,103094.2,49750.048
7149,2025-11-13 13:00:00,103101.1,103940.0,102115.8,102283.9,55513.021
7150,2025-11-13 14:00:00,102271.5,104000.0,101733.3,102861.0,103439.64
7151,2025-11-13 15:00:00,102861.0,103700.0,101182.8,101346.8,120966.323
7152,2025-11-13 16:00:00,101346.3,101429.6,100530.7,100564.1,106153.543
7153,2025-11-13 17:00:00,100564.1,100708.8,99590.1,99590.1,95666.362
7154,2025-11-13 18:00:00,99590.1,99819.1,98199.8,98516.7,132387.282
7155,2025-11-13 19:00:00,98500.0,99204.4,98344.6,98611.9,113400.603
7156,2025-11-13 20:00:00,98611.9,98917.9,98000.6,98110.2,113227.12
7157,2025-11-13 21:00:00,98110.2,98840.8,98060.7,98770.1,72846.427
7158,2025-11-13 22:00:00,98741.8,99869.3,98685.9,99761.3,73115.502
7159,2025-11-13 23:00:00,99804.6,100449.9,99564.0,99695.5,70785.769
7160,2025-11-14 00:00:00,99744.9,99744.9,98720.2,98965.3,98518.847
7161,2025-11-14 01:00:00,99002.6,99468.0,98700.9,99208.9,87930.743
7162,2025-11-14 02:00:00,99214.6,99813.2,99203.9,99604.9,51689.61
7163,2025-11-14 03:00:00,99620.1,99620.1,98766.7,99076.0,48682.021
7164,2025-11-14 04:00:00,99076.0,100999.0,96328.0,97789.3,114094.54
7165,2025-11-14 05:00:00,97817.8,97965.1,97000.0,97483.6,127091.054
7166,2025-11-14 06:00:00,97483.6,97782.0,95943.3,97526.3,101386.115
7167,2025-11-14 07:00:00,97526.3,97700.0,96751.9,97101.3,125530.661
7168,2025-11-14 08:00:00,97699.9,97900.1,96700.0,97371.9,85602.32
7169,2025-11-14 09:00:00,97398.4,97777.0,96703.2,96830.3,95481.006
7170,2025-11-14 10:00:00,96838.3,97500.0,96648.9,96722.1,43934.843
7171,2025-11-14 11:00:00,96722.1,97540.5,95778.7,96166.1,105165.775
7172,2025-11-14 12:00:00,96161.1,96166.1,94572.4,95285.7,134921.803
7173,2025-11-14 13:00:00,95286.3,95634.6,94568.3,95242.0,123979.055
7174,2025-11-14 14:00:00,95241.9,97000.0,94941.0,96491.9,190964.385
7175,2025-11-14 15:00:00,96499.2,97900.0,95887.1,96746.4,116771.204
7176,2025-11-14 16:00:00,96747.0,98250.0,96289.4,96987.0,102700.84
7177,2025-11-14 17:00:00,96987.1,97500.0,95621.8,95792.2,81277.95
7178,2025-11-14 18:00:00,95793.4,96257.8,94955.1,95026.1,103352.894
7179,2025-11-14 19:00:00,95026.1,95833.6,94794.3,95730.8,97382.644
7180,2025-11-14 20:00:00,95730.7,95825.9,94193.9,94301.5,93727.431
7181,2025-11-14 21:00:00,94322.1,95063.8,94245.8,95021.1,81834.327
7182,2025-11-14 22:00:00,95023.4,95440.0,94769.7,95109.0,83059.976
7183,2025-11-14 23:00:00,95109.0,95117.0,94073.1,94532.4,118608.526
7184,2025-11-15 00:00:00,94512.1,95385.6,94512.1,95110.0,90197.916
7185,2025-11-15 01:00:00,95110.0,95684.1,94721.6,95613.0,66225.755
7186,2025-11-15 02:00:00,95649.9,96412.5,95000.0,96249.5,73002.558
7187,2025-11-15 03:00:00,96412.5,97000.0,95844.8,96388.5,58226.338
7188,2025-11-15 04:00:00,96376.0,96994.8,95000.0,96132.4,52615.316
7189,2025-11-15 05:00:00,96132.4,96700.0,95000.0,96284.8,48801.008
7190,2025-11-15 06:00:00,96284.9,96700.0,95150.0,96119.5,44541.281
7191,2025-11-15 07:00:00,96119.5,96323.7,95200.0,96307.5,34657.169
7192,2025-11-15 08:00:00,96307.5,96457.0,95218.0,95885.8,76418.488
7193,2025-11-15 09:00:00,95886.3,96148.0,95500.0,95799.1,48685.046
7194,2025-11-15 10:00:00,95799.1,96100.0,95646.6,95930.1,39949.579
7195,2025-11-15 11:00:00,95930.1,96100.0,95555.5,95648.9,30997.312
7196,2025-11-15 12:00:00,95649.0,96060.0,95200.0,95767.8,28074.666
7197,2025-11-15 13:00:00,95766.2,96288.8,95005.6,96288.8,45199.024
7198,2025-11-15 14:00:00,96288.8,96700.0,95500.0,96201.6,50926.2
7199,2025-11-15 15:00:00,96201.6,96699.0,95625.0,96193.1,40439.602
7200,2025-11-15 16:00:00,96162.0,96285.1,95694.9,96126.0,55994.4
7201,2025-11-15 17:00:00,96073.1,96669.0,95600.0,96163.5,50665.361
7202,2025-11-15 18:00:00,96163.5,96563.1,95600.0,96014.8,35874.644
7203,2025-11-15 19:00:00,96014.6,96400.0,95670.0,95967.7,26086.677
7204,2025-11-15 20:00:00,95967.6,96290.5,95106.6,95249.5,41100.398
7205,2025-11-15 21:00:00,95249.5,95700.0,95000.0,95235.0,49459.836
7206,2025-11-15 22:00:00,95189.7,95687.6,95189.6,95597.2,59074.578
7207,2025-11-15 23:00:00,95599.1,95640.0,95242.9,95553.6,12658.736
7208,2025-11-16 00:00:00,95553.6,95663.0,95182.8,95407.7,28092.624
7209,2025-11-16 01:00:00,95400.0,95530.0,94600.0,95298.3,71950.237
7210,2025-11-16 02:00:00,95292.1,96112.5,95050.0,95917.4,48137.413
7211,2025-11-16 03:00:00,95918.7,96100.0,95602.0,95692.7,25536.737
7212,2025-11-16 04:00:00,95692.7,96300.0,95625.5,95774.5,28940.267
7213,2025-11-16 05:00:00,95744.3,96503.6,95744.3,95841.9,35861.079
7214,2025-11-16 06:00:00,95841.9,124000.0,89900.0,95760.9,37136.663
7215,2025-11-16 07:00:00,95760.9,96200.0,95626.0,96057.7,23956.055
7216,2025-11-16 08:00:00,96009.3,96200.0,95510.0,96083.5,36803.768
7217,2025-11-16 09:00:00,96083.5,97000.0,95594.0,96698.8,29317.804
7218,2025-11-16 10:00:00,96598.0,125341.6,95900.0,96403.7,27265.477
7219,2025-11-16 11:00:00,96403.7,97394.6,95050.0,95588.0,59578.701
7220,2025-11-16 12:00:00,95600.0,96556.0,95206.0,95713.6,38498.112
7221,2025-11-16 13:00:00,95713.6,96100.0,95099.3,95376.6,39034.811
7222,2025-11-16 14:00:00,95402.3,96060.0,95269.4,95503.8,30400.448
7223,2025-11-16 15:00:00,95503.8,96000.0,94360.4,94500.0,54681.453
7224,2025-11-16 16:00:00,94500.0,95700.0,94000.0,94226.6,97820.835
7225,2025-11-16 17:00:00,94226.6,95156.0,89800.0,94342.5,70968.511
7226,2025-11-16 18:00:00,94334.7,96000.0,93400.0,94003.9,101392.197
7227,2025-11-16 19:00:00,94003.9,95000.0,93955.5,93955.5,55461.286
7228,2025-11-16 20:00:00,93994.8,94793.5,93955.5,94050.5,47643.734
7229,2025-11-16 21:00:00,94050.5,94700.0,93358.2,93472.2,58621.51
7230,2025-11-16 22:00:00,93430.8,94700.0,93000.0,94149.9,125900.708
7231,2025-11-16 23:00:00,94149.9,94500.0,92788.0,94222.0,123229.883
7232,2025-11-17 00:00:00,94234.9,96000.0,93308.4,95204.3,98449.422
7233,2025-11-17 01:00:00,95204.3,96000.0,94599.6,94738.3,62154.995
7234,2025-11-17 02:00:00,94738.2,95788.9,93900.0,94933.1,63010.071
7235,2025-11-17 03:00:00,94900.0,96000.0,94668.2,95460.0,68306.467
7236,2025-11-17 04:00:00,95460.0,96000.0,94100.0,95134.2,45158.45
7237,2025-11-17 05:00:00,95134.2,95786.3,94359.5,95080.9,33613.198
7238,2025-11-17 06:00:00,95081.0,95625.0,94255.0,95238.0,34389.186
7239,2025-11-17 07:00:00,95238.1,96074.2,94435.7,95617.6,59750.768
7240,2025-11-17 08:00:00,95617.6,96500.0,94435.7,95581.8,49107.778
7241,2025-11-17 09:00:00,95595.7,96200.0,94435.7,95623.8,44154.225
7242,2025-11-17 10:00:00,95623.8,96065.8,95300.0,95602.1,48558.43
7243,2025-11-17 11:00:00,95633.7,96065.8,95300.0,95538.7,36404.342
7244,2025-11-17 12:00:00,95538.8,96065.8,95000.9,95331.1,61647.582
7245,2025-11-17 13:00:00,95407.4,95970.5,93144.2,93841.0,104767.564
7246,2025-11-17 14:00:00,93840.9,95914.5,93616.0,94717.1,137167.383
7247,2025-11-17 15:00:00,94717.0,95500.0,93650.0,93948.1,153420.3
7248,2025-11-17 16:00:00,93948.1,94800.0,93053.8,94274.9,119445.654
7249,2025-11-17 17:00:00,94275.1,95850.0,92650.1,92720.4,136620.755
7250,2025-11-17 18:00:00,92720.3,93900.0,92430.0,92504.1,118988.116
7251,2025-11-17 19:00:00,92499.5,93950.0,89800.0,91747.5,100896.662
7252,2025-11-17 20:00:00,91748.0,93400.0,91263.8,91918.1,130747.402
7253,2025-11-17 21:00:00,91918.2,93000.1,91450.0,91917.1,110711.444
7254,2025-11-17 22:00:00,91924.6,93000.0,91593.8,92204.6,45627.231
7255,2025-11-17 23:00:00,92204.6,93300.0,91450.0,92166.4,51751.105
7256,2025-11-18 00:00:00,92166.4,93250.0,91250.0,92136.6,102180.736
7257,2025-11-18 01:00:00,92153.5,92496.3,91000.0,91703.3,77045.525
7258,2025-11-18 02:00:00,91702.4,92900.0,90745.1,90837.0,102094.645
7259,2025-11-18 03:00:00,90837.0,92500.5,89726.5,90758.6,112787.393
7260,2025-11-18 04:00:00,90758.6,92000.0,89500.0,90063.9,92533.31
7261,2025-11-18 05:00:00,90063.9,92510.9,89500.0,90187.7,73814.689
7262,2025-11-18 06:00:00,90187.7,90700.0,89300.0,89605.8,62812.827
7263,2025-11-18 07:00:00,89596.0,90494.0,89300.0,90456.6,72970.868
7264,2025-11-18 08:00:00,90457.1,91580.3,90455.6,91180.0,83254.48
7265,2025-11-18 09:00:00,91189.4,91580.3,90000.0,91381.1,83208.197
7266,2025-11-18 10:00:00,91389.4,91756.1,90250.0,91539.0,65423.575
7267,2025-11-18 11:00:00,91539.0,92386.0,90850.0,91485.7,41837.945
7268,2025-11-18 12:00:00,91473.6,92300.0,90900.0,91450.3,72924.182
7269,2025-11-18 13:00:00,91450.3,92300.0,90500.0,91432.4,71459.243
7270,2025-11-18 14:00:00,91433.2,92360.3,90550.0,91357.2,158671.775
7271,2025-11-18 15:00:00,91355.1,94000.0,90978.8,92885.0,148670.518
7272,2025-11-18 16:00:00,92908.9,94321.0,92204.4,93447.3,95561.422
7273,2025-11-18 17:00:00,93457.7,94000.0,92594.3,93201.5,74109.286
7274,2025-11-18 18:00:00,93213.1,93998.8,93000.0,93290.4,71866.967
7275,2025-11-18 19:00:00,93282.1,93580.0,92989.1,93133.5,55048.993
7276,2025-11-18 20:00:00,93133.1,93333.9,92501.6,92803.2,71233.604
7277,2025-11-18 21:00:00,92796.9,92981.1,92433.3,92463.1,47764.864
7278,2025-11-18 22:00:00,92463.2,93805.0,92455.6,93090.4,51518.088
7279,2025-11-18 23:00:00,93090.4,93293.0,92100.0,92917.1,45055.326
7280,2025-11-19 00:00:00,92934.1,93293.0,91444.0,92398.4,91224.487
7281,2025-11-19 01:00:00,92440.3,92878.0,91800.0,92364.3,84682.662
7282,2025-11-19 02:00:00,92364.3,93000.0,92013.0,92516.3,71823.55
7283,2025-11-19 03:00:00,92520.0,92950.5,91656.0,91842.1,63031.272
7284,2025-11-19 04:00:00,91840.9,92389.0,90300.0,91211.4,46370.769
7285,2025-11-19 05:00:00,91181.8,91968.1,90015.5,90399.1,94417.858
7286,2025-11-19 06:00:00,90387.3,93300.0,90083.0,90942.3,59784.27
7287,2025-11-19 07:00:00,90942.4,92300.0,90482.5,91851.5,66617.895
7288,2025-11-19 08:00:00,91886.2,93000.0,91000.9,91423.7,58663.995
7289,2025-11-19 09:00:00,91423.7,91855.6,90800.0,91450.0,48625.157
7290,2025-11-19 10:00:00,91450.0,92000.8,91180.0,91293.8,38063.677
7291,2025-11-19 11:00:00,91293.8,92000.8,91180.0,91384.8,46886.745
7292,2025-11-19 12:00:00,91384.9,92000.0,90800.0,91721.5,50291.09
7293,2025-11-19 13:00:00,91721.5,92005.4,91058.0,91362.0,77954.375
7294,2025-11-19 14:00:00,91370.7,92000.0,91036.6,91659.0,108450.452
7295,2025-11-19 15:00:00,91660.8,93000.0,89000.0,89899.1,117193.349
7296,2025-11-19 16:00:00,89894.4,90827.5,89000.0,89876.4,119960.831
7297,2025-11-19 17:00:00,89874.0,90011.0,88819.5,89456.0,115616.993
7298,2025-11-19 18:00:00,89490.1,89653.5,88800.0,89214.6,104513.893
7299,2025-11-19 19:00:00,89226.2,92700.0,88666.0,88849.7,98349.332
7300,2025-11-19 20:00:00,88849.8,91160.0,88600.0,89507.8,98190.248
7301,2025-11-19 21:00:00,89508.7,91000.0,89073.0,90580.7,115094.528
7302,2025-11-19 22:00:00,90580.7,91000.0,89444.1,90452.3,87060.468
7303,2025-11-19 23:00:00,90452.3,92000.0,90444.9,91513.7,75140.175
7304,2025-11-20 00:00:00,91513.7,93300.0,90200.4,91850.1,66631.053
7305,2025-11-20 01:00:00,91840.9,93800.0,90492.9,92495.2,72222.302
7306,2025-11-20 02:00:00,92495.1,93000.0,92185.9,92520.7,64762.882
7307,2025-11-20 03:00:00,92520.7,92721.5,92096.0,92468.8,65724.581
7308,2025-11-20 04:00:00,92468.9,92931.6,92096.0,92927.0,68799.332
7309,2025-11-20 05:00:00,92931.5,93400.0,92415.0,92577.9,37860.739
7310,2025-11-20 06:00:00,92581.6,92805.6,91000.0,91935.9,71333.413
7311,2025-11-20 07:00:00,91935.9,92550.0,91500.0,92278.5,39466.397
7312,2025-11-20 08:00:00,92278.5,92466.0,92015.9,92016.0,54411.615
7313,2025-11-20 09:00:00,92074.6,92350.0,91001.0,91841.9,55923.375
7314,2025-11-20 10:00:00,91841.8,92000.0,91268.0,91786.6,45556.064
7315,2025-11-20 11:00:00,91786.7,91958.5,88500.0,91913.1,48004.826
7316,2025-11-20 12:00:00,91916.5,91950.0,91577.0,91840.4,43714.181
7317,2025-11-20 13:00:00,91840.7,92350.0,91484.3,91487.3,112083.099
7318,2025-11-20 14:00:00,91487.2,92200.0,89150.0,91059.5,236833.418
7319,2025-11-20 15:00:00,91059.5,91500.0,89555.0,89853.4,128065.261
7320,2025-11-20 16:00:00,89853.4,116489.7,87627.8,87866.0,152978.78
7321,2025-11-20 17:00:00,87865.8,88800.0,86400.0,87184.0,154604.868
7322,2025-11-20 18:00:00,87182.2,87800.0,86200.0,86445.7,106454.954
7323,2025-11-20 19:00:00,86460.7,87800.0,86000.0,86898.2,111488.735
7324,2025-11-20 20:00:00,86898.2,87675.0,86200.0,86429.1,91418.075
7325,2025-11-20 21:00:00,86429.1,87900.0,86383.2,87268.1,87405.256
7326,2025-11-20 22:00:00,87268.1,88500.0,86800.0,88079.5,98106.072
7327,2025-11-20 23:00:00,88079.5,88500.0,85200.0,86573.2,133782.481
7328,2025-11-21 00:00:00,86572.6,88500.0,85000.0,87242.8,99635.004
7329,2025-11-21 01:00:00,87242.8,87970.0,86000.0,87028.8,89769.78
7330,2025-11-21 02:00:00,87061.0,87900.0,85000.0,85461.1,129242.903
7331,2025-11-21 03:00:00,85529.8,86500.0,85157.3,85805.1,88497.188
7332,2025-11-21 04:00:00,85805.1,86400.0,85000.0,86013.5,84158.093
7333,2025-11-21 05:00:00,86021.3,87400.0,85675.8,86102.5,71205.748
7334,2025-11-21 06:00:00,86115.4,87000.0,85000.0,85557.3,82537.422
7335,2025-11-21 07:00:00,85557.3,86500.0,83100.0,84051.3,104349.531
7336,2025-11-21 08:00:00,84051.3,85000.0,83435.0,83668.8,92362.99
7337,2025-11-21 09:00:00,83675.2,84200.0,82200.0,82200.7,90480.452
7338,2025-11-21 10:00:00,82200.7,83000.0,80800.0,82710.1,152984.095
7339,2025-11-21 11:00:00,82710.1,83500.0,81000.0,82278.0,80633.622
7340,2025-11-21 12:00:00,82281.4,85000.0,80500.0,83231.9,110680.832
7341,2025-11-21 13:00:00,83231.9,84316.6,80600.0,84081.2,106941.259
7342,2025-11-21 14:00:00,84079.0,100000.0,82374.8,84825.4,114021.826
7343,2025-11-21 15:00:00,84825.4,85005.5,81000.0,82892.8,129969.82
7344,2025-11-21 16:00:00,82890.7,84817.2,81000.0,84817.2,108660.066
7345,2025-11-21 17:00:00,84817.2,86700.0,84000.0,84857.1,97838.478
7346,2025-11-21 18:00:00,84862.5,86000.0,83059.5,84551.0,97080.44
7347,2025-11-21 19:00:00,84551.0,85761.3,83430.0,84141.1,83357.914
7348,2025-11-21 20:00:00,84167.1,84798.2,83420.6,84500.8,83214.858
7349,2025-11-21 21:00:00,84500.8,88000.0,84213.7,85118.8,77963.971
7350,2025-11-21 22:00:00,85119.1,87800.0,83420.6,84312.4,67097.509
7351,2025-11-21 23:00:00,84312.4,85900.0,83400.0,85119.5,108438.178
7352,2025-11-22 00:00:00,85106.8,85516.0,83259.3,84700.7,108380.983
7353,2025-11-22 01:00:00,84700.7,85487.9,82785.0,85074.3,68460.992
7354,2025-11-22 02:00:00,85085.6,85115.4,83700.0,84468.3,60810.093
7355,2025-11-22 03:00:00,84468.3,84646.8,84000.0,84414.1,62262.516
7356,2025-11-22 04:00:00,84417.9,84646.8,83641.9,84196.9,106502.308
7357,2025-11-22 05:00:00,84196.9,84400.0,83641.9,84232.8,87321.365
7358,2025-11-22 06:00:00,84232.8,85000.0,80500.0,84597.4,81692.089
7359,2025-11-22 07:00:00,84596.5,84611.7,84150.0,84537.3,60157.587
7360,2025-11-22 08:00:00,84537.4,90000.0,83510.1,83989.1,90908.344
7361,2025-11-22 09:00:00,83998.8,109297.8,83766.6,83874.2,106941.153
7362,2025-11-22 10:00:00,83874.2,85000.0,83511.8,83664.9,74968.045
7363,2025-11-22 11:00:00,83664.9,84500.0,83003.0,84142.8,50435.488
7364,2025-11-22 12:00:00,84142.8,84500.0,83493.6,83850.0,71161.131
7365,2025-11-22 13:00:00,83850.0,84500.0,83356.0,83886.0,73997.668
7366,2025-11-22 14:00:00,83886.0,84800.0,83222.0,84444.6,109706.006
7367,2025-11-22 15:00:00,84444.6,84700.0,84000.0,84247.5,49610.836
7368,2025-11-22 16:00:00,84246.5,84821.7,84057.1,84676.6,65953.885
7369,2025-11-22 17:00:00,84690.0,84690.0,84107.0,84531.0,83277.462
7370,2025-11-22 18:00:00,84531.0,84680.0,84250.0,84619.6,30701.85
7371,2025-11-22 19:00:00,84606.9,84742.5,84260.0,84582.9,47898.349
7372,2025-11-22 20:00:00,84582.9,84888.0,84213.0,84429.8,70368.603
7373,2025-11-22 21:00:00,84429.8,85000.0,80500.0,84370.1,39504.077
7374,2025-11-22 22:00:00,84370.0,85551.3,81299.9,85071.4,60299.921
7375,2025-11-22 23:00:00,85071.4,86200.0,84200.0,84683.5,63788.609
7376,2025-11-23 00:00:00,84683.5,86200.0,84000.0,84910.5,95038.981
7377,2025-11-23 01:00:00,84903.8,86126.0,81500.0,85835.3,98994.889
7378,2025-11-23 02:00:00,85835.3,87200.0,81500.0,85947.1,86360.952
7379,2025-11-23 03:00:00,85947.1,86211.8,85109.0,86211.8,59492.458
7380,2025-11-23 04:00:00,86211.8,87148.9,85500.0,86524.7,66503.621
7381,2025-11-23 05:00:00,86524.7,86865.1,85500.0,86298.6,53246.162
7382,2025-11-23 06:00:00,86298.6,90000.0,82222.6,85857.6,61908.86
7383,2025-11-23 07:00:00,85877.2,88000.0,85200.0,85721.3,64621.74
7384,2025-11-23 08:00:00,85721.3,88000.0,84400.0,86100.0,61486.74
7385,2025-11-23 09:00:00,86100.0,87695.6,86043.8,86348.1,59877.541
7386,2025-11-23 10:00:00,86348.2,86371.6,85845.0,86024.0,58258.43
7387,2025-11-23 11:00:00,86024.0,86359.8,85437.4,86272.4,81522.971
7388,2025-11-23 12:00:00,86272.4,89000.0,86111.0,86473.2,76367.409
7389,2025-11-23 13:00:00,86473.2,88000.0,86111.0,86865.0,79392.191
7390,2025-11-23 14:00:00,86865.0,87138.1,86383.0,86510.2,79517.733
7391,2025-11-23 15:00:00,86512.6,87110.0,86424.1,87048.1,78116.361
7392,2025-11-23 16:00:00,87048.1,87738.0,86500.0,86580.5,110429.355
7393,2025-11-23 17:00:00,86550.0,87728.0,85500.0,86723.3,71365.314
7394,2025-11-23 18:00:00,86723.3,87400.0,86252.0,86946.5,99446.166
7395,2025-11-23 19:00:00,86946.5,87728.0,86500.0,87273.7,88781.889
7396,2025-11-23 20:00:00,87273.7,87999.0,86881.4,87484.0,72125.049
7397,2025-11-23 21:00:00,87484.0,87944.5,87200.8,87944.5,90056.572
7398,2025-11-23 22:00:00,87944.5,88470.5,87515.9,87935.8,89576.736
7399,2025-11-23 23:00:00,87935.8,88452.0,86250.0,86796.2,68274.161
7400,2025-11-24 00:00:00,86797.2,87231.0,85600.0,86700.2,85563.205
7401,2025-11-24 01:00:00,86696.8,87100.0,85762.6,87027.5,71320.975
7402,2025-11-24 02:00:00,87024.8,88549.0,85500.0,87408.4,69747.563
7403,2025-11-24 03:00:00,87408.4,87950.0,86850.0,87334.3,70055.057
7404,2025-11-24 04:00:00,87334.3,87900.0,85500.0,86692.4,64890.079
7405,2025-11-24 05:00:00,86692.4,88000.0,85800.0,86928.4,67047.706
7406,2025-11-24 06:00:00,86950.0,88500.0,85500.0,86867.0,91455.802
7407,2025-11-24 07:00:00,86862.1,87779.2,86000.0,87001.1,77375.779
7408,2025-11-24 08:00:00,86902.1,87482.5,86000.0,86917.1,66597.642
7409,2025-11-24 09:00:00,86917.2,87335.8,85721.0,85935.5,85739.01
7410,2025-11-24 10:00:00,85935.5,86349.3,85620.0,86017.1,51550.535
7411,2025-11-24 11:00:00,86017.1,86500.6,85607.0,86232.6,71994.599
7412,2025-11-24 12:00:00,86232.0,86481.6,85607.0,85930.5,74326.046
7413,2025-11-24 13:00:00,85967.3,87000.0,85600.0,86076.4,68481.786
7414,2025-11-24 14:00:00,86076.3,86700.0,85103.5,85990.5,97394.508
7415,2025-11-24 15:00:00,85990.4,87390.0,85800.0,86558.0,106774.054
7416,2025-11-24 16:00:00,86558.0,87689.4,85600.0,87139.3,143226.639
7417,2025-11-24 17:00:00,87139.3,88351.1,86800.0,88311.5,115414.502
7418,2025-11-24 18:00:00,88311.5,88658.5,87500.0,88658.5,63630.837
7419,2025-11-24 19:00:00,88658.4,89000.0,87777.7,88293.2,58018.08
7420,2025-11-24 20:00:00,88293.1,89142.0,88055.0,89073.5,55960.08
7421,2025-11-24 21:00:00,89073.5,89160.0,87300.0,88741.2,46722.173
7422,2025-11-24 22:00:00,88741.3,89160.0,88158.1,88611.3,43569.164
7423,2025-11-24 23:00:00,88611.4,88830.8,87696.0,88263.6,41778.31
7424,2025-11-25 00:00:00,88265.5,88799.2,87600.0,88058.0,58183.532
7425,2025-11-25 01:00:00,88058.0,88455.7,87600.0,87720.7,42624.231
7426,2025-11-25 02:00:00,87706.7,88455.7,85850.0,87808.7,49419.921
7427,2025-11-25 03:00:00,87807.7,88367.0,87519.0,87769.5,45788.192
7428,2025-11-25 04:00:00,87769.4,88454.5,87200.0,88316.6,49394.39
7429,2025-11-25 05:00:00,88316.6,88323.9,87587.1,88081.1,42345.827
7430,2025-11-25 06:00:00,88085.5,88323.8,87587.1,87973.6,25632.099
7431,2025-11-25 07:00:00,87973.7,105000.0,86100.0,87361.2,43268.667
7432,2025-11-25 08:00:00,87358.4,90000.0,86753.3,86977.3,55772.733
7433,2025-11-25 09:00:00,86976.1,90000.0,86200.0,87194.2,73911.253
7434,2025-11-25 10:00:00,87206.0,87932.5,86200.0,87368.0,98900.731
7435,2025-11-25 11:00:00,87368.5,88311.8,86600.0,87312.0,55117.775
7436,2025-11-25 12:00:00,87314.5,88200.0,87050.0,87464.4,51199.573
7437,2025-11-25 13:00:00,87464.4,88311.8,80500.0,86999.7,69234.93
7438,2025-11-25 14:00:00,86999.7,87210.8,86154.4,86695.0,78738.781
7439,2025-11-25 15:00:00,86695.0,87227.3,86211.0,86944.1,72141.55
7440,2025-11-25 16:00:00,86890.6,87226.0,80500.0,87080.9,59368.332
7441,2025-11-25 17:00:00,87088.8,88077.8,87011.9,87597.5,67470.893
7442,2025-11-25 18:00:00,87597.5,87753.3,87201.8,87201.8,49457.927
7443,2025-11-25 19:00:00,87201.8,87255.6,86163.0,86834.9,90281.247
7444,2025-11-25 20:00:00,86857.5,87376.6,86691.5,87362.5,44090.854
7445,2025-11-25 21:00:00,87376.6,87379.7,86974.9,86990.8,35790.09
7446,2025-11-25 22:00:00,86990.8,87674.7,86556.9,87674.7,63397.87
7447,2025-11-25 23:00:00,87601.9,87777.1,87311.1,87311.1,44423.596
7448,2025-11-26 00:00:00,87324.1,87710.3,87311.1,87536.6,48919.289
7449,2025-11-26 01:00:00,87520.0,88123.7,87367.8,87878.7,49866.159
7450,2025-11-26 02:00:00,87878.6,87995.1,87646.9,87660.9,41579.218
7451,2025-11-26 03:00:00,87646.9,87838.6,85100.0,87088.5,39067.402
7452,2025-11-26 04:00:00,87088.5,87302.8,86879.2,87196.1,37071.485
7453,2025-11-26 05:00:00,87196.1,87668.8,87196.0,87477.0,42630.644
7454,2025-11-26 06:00:00,87477.0,87838.8,87431.0,87782.9,51461.252
7455,2025-11-26 07:00:00,87782.9,87895.0,87687.6,87888.1,29841.245
7456,2025-11-26 08:00:00,87888.1,87896.4,87390.0,87390.0,36550.536
7457,2025-11-26 09:00:00,87393.7,87419.6,86760.0,86797.0,48377.165
7458,2025-11-26 10:00:00,86797.0,86989.1,86684.8,86916.1,30089.588
7459,2025-11-26 11:00:00,86907.6,87014.4,86807.7,87006.1,22446.037
7460,2025-11-26 12:00:00,87006.1,87071.5,86384.9,86620.7,39026.899
7461,2025-11-26 13:00:00,86620.7,87019.6,86542.4,87019.6,36180.332
7462,2025-11-26 14:00:00,87019.6,87573.8,86858.6,87110.0,55620.562
7463,2025-11-26 15:00:00,86858.6,87254.5,82000.0,86877.0,68601.881
7464,2025-11-26 16:00:00,86877.0,95000.0,86848.5,87783.2,58119.231
7465,2025-11-26 17:00:00,87783.2,89843.0,87697.6,89803.7,65256.674
7466,2025-11-26 18:00:00,89803.7,90349.8,89680.7,90100.8,67566.113
7467,2025-11-26 19:00:00,90100.8,90116.9,89725.5,89969.3,35169.389
7468,2025-11-26 20:00:00,89941.7,90035.1,89496.6,89865.4,51675.497
7469,2025-11-26 21:00:00,89820.9,90339.0,89792.8,90145.4,34745.191
7470,2025-11-26 22:00:00,90142.8,90576.6,90106.4,90313.2,35349.257
7471,2025-11-26 23:00:00,90313.2,90514.4,90287.7,90473.8,29097.089
7472,2025-11-27 00:00:00,90451.9,90495.2,90048.7,90426.6,36878.736
7473,2025-11-27 01:00:00,90439.1,91132.2,90332.1,91130.6,34203.503
7474,2025-11-27 02:00:00,91130.6,91809.7,82500.0,91349.5,72918.079
7475,2025-11-27 03:00:00,91409.7,91529.9,84811.2,91082.4,43896.151
7476,2025-11-27 04:00:00,91082.4,91277.8,91024.3,91234.6,38013.445
7477,2025-11-27 05:00:00,91234.6,91461.3,90910.3,90932.0,41188.283
7478,2025-11-27 06:00:00,90947.9,91368.9,90930.7,91200.0,25114.173
7479,2025-11-27 07:00:00,91200.0,91418.5,91111.0,91361.4,29538.289
7480,2025-11-27 08:00:00,91370.6,91469.9,91209.9,91460.0,23846.107
7481,2025-11-27 09:00:00,91460.0,96890.0,91440.0,91520.1,44843.23
7482,2025-11-27 10:00:00,91520.1,91669.4,91333.0,91570.1,32810.675
7483,2025-11-27 11:00:00,91585.7,91585.7,91335.0,91337.0,17083.279
7484,2025-11-27 12:00:00,91337.0,91413.0,90964.7,90964.7,34436.796
7485,2025-11-27 13:00:00,90964.7,91027.4,85000.0,90816.5,57652.176
7486,2025-11-27 14:00:00,90816.5,90897.7,90577.3,90747.0,41975.666
7487,2025-11-27 15:00:00,90747.0,96890.0,90611.4,90913.0,49431.102
7488,2025-11-27 16:00:00,90931.5,91499.7,90818.5,91403.1,57166.903
7489,2025-11-27 17:00:00,91404.0,97000.0,91281.1,91431.0,35111.04
7490,2025-11-27 18:00:00,91431.0,91771.6,91342.2,91742.9,24406.303
7491,2025-11-27 19:00:00,91742.9,91749.2,91475.1,91489.0,30372.565
7492,2025-11-27 20:00:00,91489.0,91514.5,91359.1,91410.3,15267.073
7493,2025-11-27 21:00:00,91408.5,91533.4,91259.1,91385.8,25816.338
7494,2025-11-27 22:00:00,91385.8,91537.2,91134.8,91277.1,32639.723
7495,2025-11-27 23:00:00,91277.1,91479.4,91191.9,91290.4,28493.014
7496,2025-11-28 00:00:00,91290.4,91382.5,91066.2,91125.8,30455.572
7497,2025-11-28 01:00:00,91155.9,91163.7,90785.5,90785.5,48477.82
7498,2025-11-28 02:00:00,90785.5,91072.5,90640.1,91012.4,43372.697
7499,2025-11-28 03:00:00,91035.7,91247.6,90961.8,91167.9,23491.426
7500,2025-11-28 04:00:00,91168.0,91432.6,91090.4,91381.4,22660.933
7501,2025-11-28 05:00:00,91396.6,91657.8,91279.9,91580.9,33831.947
7502,2025-11-28 06:00:00,91580.9,91657.8,91153.3,91273.3,32199.053
7503,2025-11-28 07:00:00,91273.3,91493.5,90837.9,90877.6,56244.061
7504,2025-11-28 08:00:00,90877.6,91606.1,90871.2,91548.8,47739.145
7505,2025-11-28 09:00:00,91548.8,91756.6,91430.6,91553.1,40059.106
7506,2025-11-28 10:00:00,91553.1,91790.5,91443.7,91769.9,29356.696
7507,2025-11-28 11:00:00,91761.2,91842.0,86000.0,91396.5,42139.152
7508,2025-11-28 12:00:00,91396.6,91569.6,91385.3,91462.7,27245.312
7509,2025-11-28 13:00:00,91462.7,92607.7,91372.2,92211.1,53665.011
7510,2025-11-28 14:00:00,92252.2,92891.6,86000.0,92137.4,71994.559
7511,2025-11-28 15:00:00,92137.3,92708.7,91961.2,92293.2,69115.677
7512,2025-11-28 16:00:00,92293.2,92299.8,90887.7,90887.7,76422.003
7513,2025-11-28 17:00:00,90891.0,91114.2,90215.4,90604.6,72374.447
7514,2025-11-28 18:00:00,90604.6,90882.1,90426.1,90751.7,43477.405
7515,2025-11-28 19:00:00,90751.6,91137.4,90722.2,91108.1,29803.518
7516,2025-11-28 20:00:00,91108.0,91132.0,90842.1,91106.9,21708.343
7517,2025-11-28 21:00:00,91106.7,91189.6,90853.3,90853.3,31875.058
7518,2025-11-28 22:00:00,90853.3,91049.6,90692.7,91034.6,32970.343
7519,2025-11-28 23:00:00,91040.1,91118.7,90848.0,90848.0,19383.846
7520,2025-11-29 00:00:00,90848.0,90913.5,90750.1,90829.7,26962.718
7521,2025-11-29 01:00:00,90829.7,91048.8,90766.8,90815.0,20228.111
7522,2025-11-29 02:00:00,90815.0,90876.0,90539.0,90694.9,18828.396
7523,2025-11-29 03:00:00,90749.0,90813.6,90633.9,90635.5,17151.977
7524,2025-11-29 04:00:00,90637.4,90796.3,90536.4,90796.3,15968.66
7525,2025-11-29 05:00:00,90796.3,90884.7,90724.0,90724.0,11781.426
7526,2025-11-29 06:00:00,90723.8,90784.2,90349.5,90513.8,29316.088
7527,2025-11-29 07:00:00,90513.9,90607.5,90358.1,90516.9,22092.492
7528,2025-11-29 08:00:00,90516.9,90673.9,90439.0,90521.6,28836.93
7529,2025-11-29 09:00:00,90521.6,90614.7,90476.1,90518.1,16446.123
7530,2025-11-29 10:00:00,90518.2,90576.3,90428.4,90540.2,10266.121
7531,2025-11-29 11:00:00,90540.2,90631.7,90447.9,90631.7,18690.397
7532,2025-11-29 12:00:00,90624.6,90726.2,90508.5,90590.7,21380.076
7533,2025-11-29 13:00:00,90590.7,90757.7,90550.0,90738.5,17587.714
7534,2025-11-29 14:00:00,90738.5,90757.7,90584.3,90584.3,8122.068
7535,2025-11-29 15:00:00,90584.3,91020.9,90428.4,91020.9,35132.753
7536,2025-11-29 16:00:00,91020.9,91103.4,90834.4,90966.9,32888.618
7537,2025-11-29 17:00:00,90958.3,90976.7,90409.5,90409.5,42823.474
7538,2025-11-29 18:00:00,90433.2,90665.2,90163.1,90662.4,50116.434
7539,2025-11-29 19:00:00,90665.2,90790.6,90578.4,90617.2,33233.235
7540,2025-11-29 20:00:00,90614.2,90967.9,90402.0,90925.0,34223.642
7541,2025-11-29 21:00:00,90925.0,91009.9,90798.1,90970.0,26813.537
7542,2025-11-29 22:00:00,90964.8,90973.0,90678.4,90720.8,35146.868
7543,2025-11-29 23:00:00,90720.8,90837.7,90670.0,90764.9,13781.329
7544,2025-11-30 00:00:00,90765.0,90885.0,90764.8,90792.1,7708.124
7545,2025-11-30 01:00:00,90853.5,90998.9,90792.1,90879.2,20259.135
7546,2025-11-30 02:00:00,90879.2,90979.2,90717.0,90732.1,21694.389
7547,2025-11-30 03:00:00,90732.1,90874.9,90425.4,90843.5,32684.029
7548,2025-11-30 04:00:00,90843.4,90922.6,90775.8,90818.3,17762.397
7549,2025-11-30 05:00:00,90808.2,90820.0,90640.4,90767.5,16402.209
7550,2025-11-30 06:00:00,90767.5,90898.0,90692.6,90850.0,18078.173
7551,2025-11-30 07:00:00,90850.0,90986.9,90822.0,90920.9,15990.775
7552,2025-11-30 08:00:00,90920.9,91346.8,90885.1,91132.5,34239.904
7553,2025-11-30 09:00:00,91132.5,91525.6,91111.0,91360.7,38381.298
7554,2025-11-30 10:00:00,91360.6,91385.1,91164.0,91218.4,29152.554
7555,2025-11-30 11:00:00,91218.4,91315.8,90751.7,91000.8,24946.949
7556,2025-11-30 12:00:00,91000.6,91450.8,90990.4,91401.1,48220.488
7557,2025-11-30 13:00:00,91401.1,91905.4,91355.1,91719.9,39305.447
7558,2025-11-30 14:00:00,91719.9,91734.2,91247.0,91418.3,30831.079
7559,2025-11-30 15:00:00,91393.3,91557.8,91287.4,91428.4,29035.417
7560,2025-11-30 16:00:00,91428.4,91815.1,91391.6,91789.4,30757.345
7561,2025-11-30 17:00:00,91811.8,91815.1,91281.1,91444.1,34136.385
7562,2025-11-30 18:00:00,91444.1,91469.4,91152.0,91420.3,28570.872
7563,2025-11-30 19:00:00,91400.3,91432.3,91282.9,91423.1,11403.16
7564,2025-11-30 20:00:00,91423.1,91581.3,91169.3,91272.6,40784.572
7565,2025-11-30 21:00:00,91281.5,91291.2,90891.7,91128.0,30454.833
7566,2025-11-30 22:00:00,91128.0,91288.9,91010.2,91179.0,39008.753
7567,2025-11-30 23:00:00,91191.9,91194.6,90333.5,90333.9,56737.657
7568,2025-12-01 00:00:00,90333.9,90392.9,87018.6,87049.1,152007.454
7569,2025-12-01 01:00:00,87049.1,87634.1,86971.4,87188.0,101463.364
7570,2025-12-01 02:00:00,87188.0,87444.7,86492.6,86698.7,84898.932
7571,2025-12-01 03:00:00,86698.7,86748.8,86182.3,86363.8,80786.925
7572,2025-12-01 04:00:00,86363.8,86365.5,85689.4,85767.7,75781.49
7573,2025-12-01 05:00:00,85767.7,85968.1,85614.8,85950.3,64664.284
7574,2025-12-01 06:00:00,85950.3,86266.1,85936.1,86183.7,56328.045
7575,2025-12-01 07:00:00,86183.7,86510.0,86025.2,86498.1,53427.926
7576,2025-12-01 08:00:00,86498.1,86807.9,86356.6,86801.4,38784.561
7577,2025-12-01 09:00:00,86802.6,86856.8,86513.2,86679.9,52469.61
7578,2025-12-01 10:00:00,86679.9,86945.0,86280.0,86598.9,49282.314
7579,2025-12-01 11:00:00,86598.9,86633.8,86105.2,86105.2,44868.461
7580,2025-12-01 12:00:00,86105.2,86171.8,84775.2,85379.7,89436.71
7581,2025-12-01 13:00:00,85379.6,86083.6,85357.1,85965.4,67549.203
7582,2025-12-01 14:00:00,85965.5,86500.0,85914.2,85999.0,65025.444
7583,2025-12-01 15:00:00,85999.0,86038.1,83872.1,84578.8,97660.339
7584,2025-12-01 16:00:00,84578.8,85347.9,84069.9,84555.2,75087.187
7585,2025-12-01 17:00:00,84528.1,85197.2,84437.1,84978.7,68702.232
7586,2025-12-01 18:00:00,84978.7,85454.1,84730.5,85198.6,70196.926
7587,2025-12-01 19:00:00,85198.6,85207.1,84602.1,84989.2,63624.682
7588,2025-12-01 20:00:00,84972.1,85750.7,84967.5,85482.6,60832.938
7589,2025-12-01 21:00:00,85482.6,86406.4,85450.0,86370.0,59115.098
7590,2025-12-01 22:00:00,86370.1,86792.2,84240.7,86573.7,66932.907
7591,2025-12-01 23:00:00,86573.7,86772.2,86233.2,86274.4,52455.707
7592,2025-12-02 00:00:00,86278.5,86580.0,86157.6,86471.9,32753.434
7593,2025-12-02 01:00:00,86472.0,91308.0,82000.0,86410.0,64495.393
7594,2025-12-02 02:00:00,86430.1,86781.5,86315.2,86498.3,44912.017
7595,2025-12-02 03:00:00,86500.8,86986.5,86191.1,86894.9,36971.178
7596,2025-12-02 04:00:00,86888.8,87185.4,86881.0,86924.9,32514.551
7597,2025-12-02 05:00:00,86928.1,87043.1,86815.1,86964.2,24448.058
7598,2025-12-02 06:00:00,86964.2,87124.2,86838.7,87082.5,27109.568
7599,2025-12-02 07:00:00,87065.4,87082.5,86869.3,86971.7,29200.647
7600,2025-12-02 08:00:00,86971.7,87005.2,86384.1,86390.0,44273.765
7601,2025-12-02 09:00:00,86390.0,86886.1,86383.7,86734.4,44701.807
7602,2025-12-02 10:00:00,86738.8,87550.9,86724.4,87263.7,39811.019
7603,2025-12-02 11:00:00,87254.7,87482.2,86978.6,87291.6,34715.748
7604,2025-12-02 12:00:00,87291.6,87461.7,87187.5,87196.2,30536.447
7605,2025-12-02 13:00:00,87196.2,87785.0,87025.2,87674.6,50113.006
7606,2025-12-02 14:00:00,87674.6,89185.4,87580.0,89185.4,77061.582
7607,2025-12-02 15:00:00,89185.4,91120.9,89177.3,90852.7,81327.501
7608,2025-12-02 16:00:00,90852.7,91200.0,90251.9,90788.2,82581.195
7609,2025-12-02 17:00:00,90834.9,91844.4,90740.0,91422.8,54613.196
7610,2025-12-02 18:00:00,91422.8,92111.7,91421.7,91906.2,50467.903
7611,2025-12-02 19:00:00,91905.0,92207.7,91860.2,91922.9,41782.45
7612,2025-12-02 20:00:00,91860.2,91922.9,90744.8,91031.4,59621.38
7613,2025-12-02 21:00:00,91031.4,91558.4,90937.6,91500.6,29242.486
7614,2025-12-02 22:00:00,91500.6,91922.0,91494.1,91922.0,34252.017
7615,2025-12-02 23:00:00,91922.0,91924.0,91273.0,91273.0,36071.086
7616,2025-12-03 00:00:00,91273.0,91698.2,90992.9,91602.4,62300.451
7617,2025-12-03 01:00:00,91602.4,92349.2,91467.3,92168.8,45874.032
7618,2025-12-03 02:00:00,92172.1,92955.1,92157.9,92745.1,56439.877
7619,2025-12-03 03:00:00,92745.1,92965.9,92592.3,92633.8,26064.601
7620,2025-12-03 04:00:00,92725.9,93389.0,92617.2,93256.4,58823.639
7621,2025-12-03 05:00:00,93265.4,93591.0,93112.0,93552.0,42760.575
7622,2025-12-03 06:00:00,93583.9,93877.5,93118.2,93262.0,49889.527
7623,2025-12-03 07:00:00,93292.9,93314.7,93257.0,93257.0,1484.888
7624,2025-12-03 08:00:00,93257.0,93317.3,93257.0,93311.0,840.768
7625,2025-12-03 09:00:00,93257.0,93317.3,92729.6,93129.6,35959.639
7626,2025-12-03 10:00:00,93129.2,93308.6,92814.7,92855.0,40416.921
7627,2025-12-03 11:00:00,92855.0,92980.7,92716.3,92933.2,24171.686
7628,2025-12-03 12:00:00,92933.2,93010.1,92651.3,92875.7,31198.776
7629,2025-12-03 13:00:00,92882.3,93171.6,92852.6,93073.9,34154.832
7630,2025-12-03 14:00:00,93044.6,93570.5,91683.9,92475.6,94854.179
7631,2025-12-03 15:00:00,92475.6,92876.6,91920.9,92326.7,75957.859
7632,2025-12-03 16:00:00,92332.3,92662.4,91785.0,92232.0,64817.57
7633,2025-12-03 17:00:00,92220.0,92979.1,92209.9,92917.2,44516.253
7634,2025-12-03 18:00:00,92914.5,93461.7,92392.6,92534.0,53373.816
7635,2025-12-03 19:00:00,92534.0,92993.4,92525.1,92972.9,36280.438
7636,2025-12-03 20:00:00,92972.9,93280.7,92851.4,92886.8,43990.906
7637,2025-12-03 21:00:00,92924.5,93678.4,92861.3,93678.2,40654.249
7638,2025-12-03 22:00:00,93678.2,93958.9,93266.4,93729.3,47151.35
7639,2025-12-03 23:00:00,93729.3,93961.7,93389.7,93389.7,32948.95
7640,2025-12-04 00:00:00,93391.0,93391.6,92684.1,93000.5,39928.274
7641,2025-12-04 01:00:00,93013.9,93673.5,93000.0,93144.8,41150.633
7642,2025-12-04 02:00:00,93144.8,93966.5,93130.8,93902.5,52868.116
7643,2025-12-04 03:00:00,93902.5,93989.0,93405.0,93499.9,34811.99
7644,2025-12-04 04:00:00,93500.0,93525.0,93212.0,93277.3,29385.215
7645,2025-12-04 05:00:00,93277.3,93300.4,92761.4,92905.7,34464.807
7646,2025-12-04 06:00:00,92905.7,93288.6,92854.4,93103.0,36261.218
7647,2025-12-04 07:00:00,93103.0,93340.1,92890.7,93340.1,30710.938
7648,2025-12-04 08:00:00,93304.7,93572.7,93042.7,93195.4,35175.588
7649,2025-12-04 09:00:00,93195.4,93564.8,93193.4,93414.5,33323.791
7650,2025-12-04 10:00:00,93414.5,93504.0,93151.0,93200.0,29791.782
7651,2025-12-04 11:00:00,93200.0,93238.0,92717.0,92894.9,32844.132
7652,2025-12-04 12:00:00,92894.9,93116.6,92755.7,92941.2,31344.329
7653,2025-12-04 13:00:00,92941.8,92962.7,92425.2,92532.3,50331.413
7654,2025-12-04 14:00:00,92532.3,92773.0,91826.4,91840.0,60741.456
7655,2025-12-04 15:00:00,91840.0,93201.2,91826.4,92985.5,64487.295
7656,2025-12-04 16:00:00,92985.5,93066.3,92240.9,92415.6,53863.108
7657,2025-12-04 17:00:00,92390.0,92494.6,91763.0,92373.9,58188.003
7658,2025-12-04 18:00:00,92373.9,92492.1,91960.3,92081.0,45897.438
7659,2025-12-04 19:00:00,92081.0,92117.8,90921.6,92000.0,69598.645
7660,2025-12-04 20:00:00,92000.0,92466.0,91716.0,92462.5,54557.908
7661,2025-12-04 21:00:00,92462.5,92607.2,92109.6,92111.0,31248.422
7662,2025-12-04 22:00:00,92111.1,92420.3,92111.0,92337.4,24122.111
7663,2025-12-04 23:00:00,92327.0,92397.4,92048.4,92079.9,18801.241
7664,2025-12-05 00:00:00,92070.0,92400.0,92052.8,92259.9,28519.363
7665,2025-12-05 01:00:00,92259.9,92483.7,92215.8,92339.9,24452.716
7666,2025-12-05 02:00:00,92328.6,92630.1,92232.7,92476.0,22854.276
7667,2025-12-05 03:00:00,92462.3,92581.8,91989.2,92121.8,22929.849
7668,2025-12-05 04:00:00,92135.3,92321.5,91791.3,91974.4,34299.702
7669,2025-12-05 05:00:00,91974.5,92144.9,91855.5,91895.0,25701.408
7670,2025-12-05 06:00:00,91895.0,92233.6,91855.5,92233.6,28043.493
7671,2025-12-05 07:00:00,92233.6,92441.6,92168.5,92186.0,26122.425
7672,2025-12-05 08:00:00,92186.0,92186.0,91922.7,92079.9,24787.964
7673,2025-12-05 09:00:00,92080.0,92097.2,90967.2,91091.9,55722.41
7674,2025-12-05 10:00:00,91088.2,91438.7,91058.0,91280.8,35151.596
7675,2025-12-05 11:00:00,91280.8,91476.0,91100.5,91308.0,39494.755
7676,2025-12-05 12:00:00,91308.0,91363.7,91075.3,91194.6,32374.529
7677,2025-12-05 13:00:00,91194.6,91232.3,90302.2,90436.5,66772.629
7678,2025-12-05 14:00:00,90441.9,90663.1,89972.4,90235.6,61943.486
7679,2025-12-05 15:00:00,90235.5,91329.3,86200.0,90370.3,90073.174
7680,2025-12-05 16:00:00,90370.3,90416.6,88052.6,88908.4,106738.424
7681,2025-12-05 17:00:00,88803.6,89390.0,88591.4,89281.0,61221.009
7682,2025-12-05 18:00:00,89270.2,89721.2,88878.8,88890.1,68713.456
7683,2025-12-05 19:00:00,88895.0,89740.0,88823.0,89643.3,65731.157
7684,2025-12-05 20:00:00,89609.3,89667.5,89200.8,89283.5,41576.315
7685,2025-12-05 21:00:00,89283.6,89437.6,89064.2,89116.2,30414.143
7686,2025-12-05 22:00:00,89116.1,89297.9,88918.9,89232.2,37132.47
7687,2025-12-05 23:00:00,89232.2,89333.2,88937.9,89290.6,30006.151
7688,2025-12-06 00:00:00,89290.6,89389.2,89028.2,89382.2,23985.028
7689,2025-12-06 01:00:00,89355.1,89416.7,89181.4,89286.7,22765.481
7690,2025-12-06 02:00:00,89284.6,89317.6,89158.6,89317.6,22190.4
7691,2025-12-06 03:00:00,89317.6,89727.5,89289.5,89656.5,36228.855
7692,2025-12-06 04:00:00,89656.5,89683.0,89513.2,89625.7,18465.54
7693,2025-12-06 05:00:00,89625.8,89683.7,89497.5,89556.7,20917.397
7694,2025-12-06 06:00:00,89556.7,89700.6,89496.8,89641.6,19608.283
7695,2025-12-06 07:00:00,89641.4,89655.8,89439.7,89545.2,17486.515
7696,2025-12-06 08:00:00,89545.2,89584.1,89190.3,89232.6,27041.222
7697,2025-12-06 09:00:00,89238.1,89608.3,89224.1,89540.1,27729.068
7698,2025-12-06 10:00:00,89540.1,89636.1,89444.7,89492.8,16272.076
7699,2025-12-06 11:00:00,89493.9,89667.7,89463.1,89582.1,20391.595
7700,2025-12-06 12:00:00,89582.0,89582.1,89524.2,89533.1,15281.299
7701,2025-12-06 13:00:00,89550.9,89736.1,89539.5,89619.5,15508.725
7702,2025-12-06 14:00:00,89619.4,90230.0,89603.8,89980.3,32248.562
7703,2025-12-06 15:00:00,89980.3,89980.4,89502.0,89701.6,39765.712
7704,2025-12-06 16:00:00,89695.3,89922.2,89635.9,89660.9,24714.999
7705,2025-12-06 17:00:00,89636.0,89740.8,89579.6,89661.8,18474.184
7706,2025-12-06 18:00:00,89661.8,89727.3,88920.1,89605.3,23853.703
7707,2025-12-06 19:00:00,89605.3,89694.9,89300.6,89368.0,29121.114
7708,2025-12-06 20:00:00,89369.4,89515.3,89307.0,89513.9,12101.422
7709,2025-12-06 21:00:00,89514.0,89525.3,89376.7,89387.9,15515.273
7710,2025-12-06 22:00:00,89405.6,89482.8,89224.6,89224.6,24643.887
7711,2025-12-06 23:00:00,89249.7,89272.0,88912.1,89179.3,29817.549
7712,2025-12-07 00:00:00,89205.9,89503.1,89150.0,89412.7,33939.73
7713,2025-12-07 01:00:00,89412.7,89516.8,89297.4,89297.4,16788.191
7714,2025-12-07 02:00:00,89297.4,89601.1,89270.3,89585.2,28024.717
7715,2025-12-07 03:00:00,89601.0,89685.8,89513.5,89674.2,13338.145
7716,2025-12-07 04:00:00,89674.2,89742.3,89457.0,89495.2,29975.608
7717,2025-12-07 05:00:00,89495.2,89500.0,89382.2,89475.5,11114.758
7718,2025-12-07 06:00:00,89473.5,89645.4,89450.0,89643.5,26956.197
7719,2025-12-07 07:00:00,89643.5,89688.0,89196.4,89346.6,41629.743
7720,2025-12-07 08:00:00,89341.1,89471.2,89155.1,89260.2,39771.796
7721,2025-12-07 09:00:00,89269.5,89340.1,89027.7,89097.2,31555.061
7722,2025-12-07 10:00:00,89080.0,89321.4,89070.4,89195.7,39111.677
7723,2025-12-07 11:00:00,89217.1,89227.1,89118.5,89118.5,6372.001
7724,2025-12-07 12:00:00,89118.5,89513.2,89083.4,89427.7,33834.2
7725,2025-12-07 13:00:00,89427.7,89452.2,88785.0,88987.5,41442.029
7726,2025-12-07 14:00:00,88987.5,89045.6,87728.3,88209.0,87854.776
7727,2025-12-07 15:00:00,88209.0,89530.6,88145.0,89513.2,76411.88
7728,2025-12-07 16:00:00,89513.2,89664.0,89117.1,89664.0,47092.141
7729,2025-12-07 17:00:00,89664.0,91177.2,89584.8,90914.4,95906.493
7730,2025-12-07 18:00:00,90914.5,91651.9,90908.5,91327.7,72160.403
7731,2025-12-07 19:00:00,91309.1,91480.2,91202.9,91359.7,46826.777
7732,2025-12-07 20:00:00,91359.7,91448.8,91255.7,91404.0,30602.229
7733,2025-12-07 21:00:00,91407.0,91409.3,89892.2,90189.2,89258.83
7734,2025-12-07 22:00:00,90189.2,90189.2,88925.4,89560.8,107453.096
7735,2025-12-07 23:00:00,89557.8,90382.9,89508.8,90345.4,82291.429
7736,2025-12-08 00:00:00,90376.1,90543.9,89956.7,90303.4,62567.38
7737,2025-12-08 01:00:00,90312.8,91597.8,90275.8,90864.6,88488.205
7738,2025-12-08 02:00:00,90864.6,91399.9,90798.9,91327.1,64775.233
7739,2025-12-08 03:00:00,91327.1,91399.9,90968.1,91036.6,49042.498
7740,2025-12-08 04:00:00,91036.6,91409.1,91016.6,91227.2,34050.862
7741,2025-12-08 05:00:00,91227.1,91365.5,91035.8,91276.8,40931.78
7742,2025-12-08 06:00:00,91276.8,91603.7,91220.1,91420.2,59024.296
7743,2025-12-08 07:00:00,91420.5,92000.0,91276.8,91476.0,50678.528
7744,2025-12-08 08:00:00,91476.1,91851.3,91276.8,91799.0,56516.265
7745,2025-12-08 09:00:00,91799.1,92212.7,90990.0,91865.2,56580.515
7746,2025-12-08 10:00:00,91861.1,92500.0,90800.0,92092.6,44592.831
7747,2025-12-08 11:00:00,92090.6,92118.0,91632.1,91922.5,33204.505
7748,2025-12-08 12:00:00,91922.5,92100.0,91100.0,91765.0,51366.329
7749,2025-12-08 13:00:00,91733.9,92465.3,91191.5,91415.0,81898.054
7750,2025-12-08 14:00:00,91415.0,91634.0,90000.0,90834.3,80559.605
7751,2025-12-08 15:00:00,90834.3,92000.0,89005.0,89927.9,100766.342
7752,2025-12-08 16:00:00,89926.9,91753.3,89100.0,90376.1,81554.841
7753,2025-12-08 17:00:00,90376.1,91500.0,89300.0,90187.7,77967.589
7754,2025-12-08 18:00:00,90190.4,90713.5,89300.0,89863.3,66420.517
7755,2025-12-08 19:00:00,89867.4,90505.0,89781.3,90066.9,69337.272
7756,2025-12-08 20:00:00,90066.9,90999.0,89900.0,90711.3,66235.795
7757,2025-12-08 21:00:00,90711.3,91387.4,90667.4,91298.2,69542.241
7758,2025-12-08 22:00:00,91298.2,91387.4,90705.4,90804.2,64195.633
7759,2025-12-08 23:00:00,90804.2,91180.0,90362.0,90595.7,51561.257
7760,2025-12-09 00:00:00,90594.7,91042.0,89896.9,90377.2,38447.518
7761,2025-12-09 01:00:00,90377.2,90648.0,89896.9,89963.1,51076.115
7762,2025-12-09 02:00:00,89989.7,90638.0,89781.3,90023.0,46690.449
7763,2025-12-09 03:00:00,90021.6,90500.0,89458.9,90377.8,48833.267
7764,2025-12-09 04:00:00,90377.8,91600.0,89341.1,89884.8,41861.487
7765,2025-12-09 05:00:00,89896.8,90326.0,89435.0,89857.5,44286.793
7766,2025-12-09 06:00:00,89877.8,90326.0,89550.0,90134.1,56695.067
7767,2025-12-09 07:00:00,90124.9,90967.4,89560.0,90437.6,35554.979
7768,2025-12-09 08:00:00,90437.5,90967.4,90240.0,90465.0,35314.951
7769,2025-12-09 09:00:00,90465.0,92267.5,89213.0,90103.4,38543.334
7770,2025-12-09 10:00:00,90103.4,92449.0,89213.0,90255.7,42765.505
7771,2025-12-09 11:00:00,90255.6,92000.0,90100.2,90329.6,37184.949
7772,2025-12-09 12:00:00,90329.2,91000.0,89990.0,90545.2,22660.042
7773,2025-12-09 13:00:00,90545.2,91305.4,90134.0,90369.3,64486.566
7774,2025-12-09 14:00:00,90369.3,91782.9,89890.0,90315.3,100215.049
7775,2025-12-09 15:00:00,90315.3,92798.6,89213.0,92625.3,119235.862
7776,2025-12-09 16:00:00,92625.3,94700.0,89213.0,94161.3,92622.547
7777,2025-12-09 17:00:00,94161.3,94700.0,89500.0,93786.9,64085.959
7778,2025-12-09 18:00:00,93788.1,94179.7,93200.0,93464.0,49991.173
7779,2025-12-09 19:00:00,93862.0,94700.0,93200.0,93761.5,52524.592
7780,2025-12-09 20:00:00,93761.5,94490.0,92640.2,92954.5,72655.076
7781,2025-12-09 21:00:00,93038.9,95500.0,91904.0,92643.9,49148.96
7782,2025-12-09 22:00:00,92647.2,94500.0,92270.8,92836.5,58314.714
7783,2025-12-09 23:00:00,92836.7,94213.0,92270.8,92638.4,39808.877
7784,2025-12-10 00:00:00,92637.8,94200.0,90658.0,92102.4,52498.813
7785,2025-12-10 01:00:00,92102.4,93900.0,90000.0,92269.1,41895.735
7786,2025-12-10 02:00:00,92269.1,93900.0,91320.0,92437.3,45113.231
7787,2025-12-10 03:00:00,92437.3,93300.0,91400.0,92378.5,29965.019
7788,2025-12-10 04:00:00,92379.6,93000.0,91445.2,92700.0,29068.615
7789,2025-12-10 05:00:00,92509.9,93601.0,92111.0,92515.7,22636.846
7790,2025-12-10 06:00:00,92513.3,92873.6,92200.0,92655.3,23244.469
7791,2025-12-10 07:00:00,92655.3,92880.0,92300.0,92682.0,28901.195
7792,2025-12-10 08:00:00,92682.0,92880.0,92300.0,92587.7,28097.854
7793,2025-12-10 09:00:00,92587.7,93601.0,92200.0,92865.6,24380.61
7794,2025-12-10 10:00:00,92865.6,93552.7,92000.0,92313.7,56051.24
7795,2025-12-10 11:00:00,92313.8,95000.0,91740.1,92065.4,39027.969
7796,2025-12-10 12:00:00,92065.4,92474.6,91515.0,91987.5,51230.103
7797,2025-12-10 13:00:00,91985.3,95500.0,91900.0,92263.5,46807.553
7798,2025-12-10 14:00:00,92263.5,92900.0,91637.7,91728.1,40657.276
7799,2025-12-10 15:00:00,91728.1,92750.0,91583.0,92009.0,63330.078
7800,2025-12-10 16:00:00,92019.9,92700.0,91500.0,92116.5,90860.146
7801,2025-12-10 17:00:00,92116.6,92511.7,91800.0,92348.7,57353.838
7802,2025-12-10 18:00:00,92383.9,93919.1,91828.0,92406.2,74250.874
7803,2025-12-10 19:00:00,92408.5,93500.0,91576.6,92884.2,152499.952
7804,2025-12-10 20:00:00,92980.0,94850.0,90960.0,92365.9,100607.215
7805,2025-12-10 21:00:00,92366.5,93379.9,91000.0,92267.6,77931.032
7806,2025-12-10 22:00:00,92270.5,93349.0,91318.0,92508.9,65657.407
7807,2025-12-10 23:00:00,92508.9,92800.0,91830.8,91960.4,48376.579
7808,2025-12-11 00:00:00,91960.7,92150.0,91000.0,91343.8,62615.017
7809,2025-12-11 01:00:00,91343.9,94500.0,90540.0,90636.9,54124.698
7810,2025-12-11 02:00:00,90636.9,91650.0,89690.5,89934.7,73704.754
7811,2025-12-11 03:00:00,90011.0,90092.2,89346.0,89831.3,56555.954
7812,2025-12-11 04:00:00,89832.5,95000.6,89479.4,90369.9,48368.252
7813,2025-12-11 05:00:00,90370.0,93897.0,90000.0,90254.2,40373.741
7814,2025-12-11 06:00:00,90254.3,92460.9,89742.3,90254.7,49440.158
7815,2025-12-11 07:00:00,90253.1,90255.0,89781.4,90212.3,27146.062
7816,2025-12-11 08:00:00,90212.3,90267.3,89782.0,90143.3,32915.351
7817,2025-12-11 09:00:00,90143.3,91611.0,89963.4,90166.9,51422.137
7818,2025-12-11 10:00:00,90166.9,90639.8,89999.8,90274.9,28546.63
7819,2025-12-11 11:00:00,90274.7,91050.0,90000.0,90260.3,30055.126
7820,2025-12-11 12:00:00,90260.3,90859.0,89988.9,89988.9,42035.801
7821,2025-12-11 13:00:00,89989.3,90200.0,89797.1,90050.8,48136.851
7822,2025-12-11 14:00:00,90050.8,91040.9,89213.0,89521.1,104044.3
7823,2025-12-11 15:00:00,89529.7,90838.2,89393.7,89896.1,162962.248
7824,2025-12-11 16:00:00,89896.2,90720.0,89249.1,89636.0,148262.262
7825,2025-12-11 17:00:00,89635.9,90450.0,89378.2,89943.1,112573.538
7826,2025-12-11 18:00:00,89932.7,91110.1,89711.3,90655.8,112930.698
7827,2025-12-11 19:00:00,90653.2,91655.3,90588.7,90841.6,141741.001
7828,2025-12-11 20:00:00,90841.6,92000.0,90400.0,91754.8,146491.329
7829,2025-12-11 21:00:00,91757.9,93600.0,90000.0,92823.6,155972.625
7830,2025-12-11 22:00:00,92823.6,93152.2,91900.0,92407.0,126332.615
7831,2025-12-11 23:00:00,92407.0,93000.0,91900.0,92436.9,95531.645
7832,2025-12-12 00:00:00,92294.2,92715.5,91498.9,91499.9,91953.121
7833,2025-12-12 01:00:00,91499.9,92400.9,91493.8,92107.9,83999.093
7834,2025-12-12 02:00:00,92107.9,92707.1,91400.0,92512.3,103152.712
7835,2025-12-12 03:00:00,92511.4,93000.0,91500.0,92236.8,71798.908
7836,2025-12-12 04:00:00,92236.8,92500.0,91066.0,92351.9,32517.049
7837,2025-12-12 05:00:00,92349.8,92435.8,90250.0,92425.8,66745.059
7838,2025-12-12 06:00:00,92425.8,92711.7,91500.0,92473.7,54904.42
7839,2025-12-12 07:00:00,92473.7,92710.9,91600.0,92393.0,42233.632
7840,2025-12-12 08:00:00,92393.0,92402.0,91930.0,92221.7,28261.401
7841,2025-12-12 09:00:00,92223.3,92493.7,92025.0,92489.8,86587.614
7842,2025-12-12 10:00:00,92489.8,92711.7,92000.0,92477.0,43164.757
7843,2025-12-12 11:00:00,92514.8,92800.0,92200.0,92334.5,35903.926
7844,2025-12-12 12:00:00,92347.8,92558.2,91800.0,92307.3,64904.739
7845,2025-12-12 13:00:00,92349.3,93000.0,91895.1,92266.3,59613.004
7846,2025-12-12 14:00:00,92266.3,93000.0,91500.0,92467.3,111710.397
7847,2025-12-12 15:00:00,92467.3,92900.0,89797.8,89816.7,197567.192
7848,2025-12-12 16:00:00,89816.6,91500.0,89482.8,89965.8,177083.066
7849,2025-12-12 17:00:00,89966.3,92600.0,89841.0,90019.5,133009.649
7850,2025-12-12 18:00:00,90019.8,92000.0,89917.5,90301.3,103878.69
7851,2025-12-12 19:00:00,90302.0,90852.0,89892.1,90158.4,120998.686
7852,2025-12-12 20:00:00,90158.4,91200.0,89841.9,90190.7,102512.741
7853,2025-12-12 21:00:00,90190.7,90272.1,89841.9,90157.8,43322.65
7854,2025-12-12 22:00:00,90157.8,90600.0,90000.0,90267.8,43813.436
7855,2025-12-12 23:00:00,90268.1,90637.0,90000.0,90228.6,24430.131
7856,2025-12-13 00:00:00,90228.7,90600.0,90000.0,90279.9,34286.635
7857,2025-12-13 01:00:00,90279.9,90350.0,90000.0,90146.0,33855.22
7858,2025-12-13 02:00:00,90159.9,90299.0,90000.0,90299.0,35945.824
7859,2025-12-13 03:00:00,90195.0,90500.0,90020.5,90300.0,32354.235
7860,2025-12-13 04:00:00,90304.0,90500.0,90135.0,90327.5,22204.828
7861,2025-12-13 05:00:00,90334.6,90500.0,90108.9,90296.9,12319.003
7862,2025-12-13 06:00:00,90296.9,90500.0,90020.5,90329.8,4420.439
7863,2025-12-13 07:00:00,90329.8,90500.0,90114.0,90292.9,9919.157
7864,2025-12-13 08:00:00,90332.0,90800.0,90130.0,90404.6,35904.982
7865,2025-12-13 09:00:00,90410.4,91000.0,90354.1,90359.9,27344.935
7866,2025-12-13 10:00:00,90368.6,90830.0,90359.8,90546.3,22710.069
7867,2025-12-13 11:00:00,90546.7,90800.0,90149.8,90305.5,42223.151
7868,2025-12-13 12:00:00,90305.5,90650.0,90130.0,90309.1,35450.117
7869,2025-12-13 13:00:00,90309.7,90500.0,90127.5,90230.4,38298.714
7870,2025-12-13 14:00:00,90230.4,90300.0,89841.9,90076.2,44504.553
7871,2025-12-13 15:00:00,90076.2,91800.0,89841.9,90042.6,40820.447
7872,2025-12-13 16:00:00,90042.6,91500.0,89841.9,90073.0,32847.727
7873,2025-12-13 17:00:00,90081.6,90081.7,89841.9,90022.3,19621.935
7874,2025-12-13 18:00:00,90022.4,92200.0,89900.0,90089.2,5382.438
7875,2025-12-13 19:00:00,90089.1,90609.0,90074.8,90149.4,16533.157
7876,2025-12-13 20:00:00,90150.2,90609.0,89900.0,90010.1,30545.384
7877,2025-12-13 21:00:00,90023.9,90270.0,89761.6,90140.1,53964.006
7878,2025-12-13 22:00:00,90140.1,90270.0,89992.8,90102.7,25475.25
7879,2025-12-13 23:00:00,90092.4,90361.8,89900.0,90197.0,20716.114
7880,2025-12-14 00:00:00,90197.0,90499.0,89950.0,90304.8,52494.789
7881,2025-12-14 01:00:00,90304.8,90499.0,90000.0,90208.0,37936.461
7882,2025-12-14 02:00:00,90210.7,90499.0,89950.0,90228.6,34881.335
7883,2025-12-14 03:00:00,90228.9,90501.0,89975.0,90220.9,18126.6
7884,2025-12-14 04:00:00,90221.7,90360.0,89993.0,90159.2,36229.5
7885,2025-12-14 05:00:00,90159.3,90501.0,89884.3,90161.0,19329.075
7886,2025-12-14 06:00:00,90161.0,90450.0,89800.0,90105.0,17491.099
7887,2025-12-14 07:00:00,90105.1,90444.0,89904.7,90201.4,15892.267
7888,2025-12-14 08:00:00,90223.1,90445.0,89860.0,90100.0,25601.159
7889,2025-12-14 09:00:00,90100.0,90253.8,89698.1,89700.0,17137.273
7890,2025-12-14 10:00:00,89997.9,90300.0,89555.0,89833.1,42333.906
7891,2025-12-14 11:00:00,89833.1,91200.0,88659.1,89342.1,134634.438
7892,2025-12-14 12:00:00,89342.1,90157.1,88100.0,89368.2,93064.264
7893,2025-12-14 13:00:00,89369.9,90100.0,88426.0,89353.7,69072.072
7894,2025-12-14 14:00:00,89362.9,89934.0,88819.9,89074.1,90352.755
7895,2025-12-14 15:00:00,89074.1,89934.0,88500.0,89021.5,79575.844
7896,2025-12-14 16:00:00,89021.5,89300.1,88502.0,88749.8,52644.405
7897,2025-12-14 17:00:00,88749.8,89252.2,86000.0,88753.8,98946.562
7898,2025-12-14 18:00:00,88754.1,89168.5,88151.0,88964.6,85786.521
7899,2025-12-14 19:00:00,88952.3,89000.0,88060.0,88543.8,99363.911
7900,2025-12-14 20:00:00,88543.7,89000.0,87900.9,88515.8,81446.775
7901,2025-12-14 21:00:00,88515.9,89000.0,88160.0,88412.5,64922.02
7902,2025-12-14 22:00:00,88412.5,88986.0,88000.0,88386.0,106269.133
7903,2025-12-14 23:00:00,88386.0,88915.0,86200.0,88100.2,154864.771
7904,2025-12-15 00:00:00,88101.1,88899.0,87800.0,88446.4,128663.918
7905,2025-12-15 01:00:00,88446.3,89259.0,86000.0,89200.3,129517.823
7906,2025-12-15 02:00:00,89200.3,90999.0,87000.0,89266.1,122958.631
7907,2025-12-15 03:00:00,89266.2,90999.0,89000.0,89229.5,69258.211
7908,2025-12-15 04:00:00,89240.0,90990.0,89000.0,89714.2,69446.232
7909,2025-12-15 05:00:00,89714.3,90500.0,89040.0,89576.8,55193.273
7910,2025-12-15 06:00:00,89576.8,90000.0,89000.0,89690.9,72757.815
7911,2025-12-15 07:00:00,89690.9,90000.0,87000.0,89711.1,78151.078
7912,2025-12-15 08:00:00,89711.1,89987.0,87505.0,89722.3,78245.016
7913,2025-12-15 09:00:00,89722.3,90000.0,88396.0,89820.3,62813.71
7914,2025-12-15 10:00:00,89820.3,90000.0,88677.0,89808.0,43413.47
7915,2025-12-15 11:00:00,89811.5,90500.0,89200.0,89600.6,29886.363
7916,2025-12-15 12:00:00,89600.6,90000.0,88758.3,89657.8,59631.297
7917,2025-12-15 13:00:00,89657.4,90100.0,88758.3,89401.5,86328.037
7918,2025-12-15 14:00:00,89419.4,90100.0,87728.0,88054.8,156050.687
7919,2025-12-15 15:00:00,88054.8,89000.0,80600.0,87005.9,237485.4
7920,2025-12-15 16:00:00,87005.9,88028.4,84837.6,86380.6,176384.977
7921,2025-12-15 17:00:00,86380.6,87670.0,85500.0,85701.0,161548.302
7922,2025-12-15 18:00:00,85700.5,86800.0,81111.0,86194.5,202909.538
7923,2025-12-15 19:00:00,86205.7,86939.0,85500.0,86104.1,132030.614
7924,2025-12-15 20:00:00,86104.1,86370.7,85309.5,85831.3,134722.282
7925,2025-12-15 21:00:00,85831.4,86300.0,85408.0,86187.2,130315.091
7926,2025-12-15 22:00:00,86190.3,87768.0,85737.0,86151.6,68106.011
7927,2025-12-15 23:00:00,86125.1,87500.0,85631.0,86391.0,76982.072
7928,2025-12-16 00:00:00,86391.1,88000.0,85408.0,85833.6,92944.943
7929,2025-12-16 01:00:00,85833.7,87100.0,85309.5,85875.1,118933.383
7930,2025-12-16 02:00:00,85875.2,86555.0,85309.5,85901.7,77299.636
7931,2025-12-16 03:00:00,85900.6,86555.0,85310.0,85829.7,101477.853
7932,2025-12-16 04:00:00,85823.9,86250.0,85206.5,85794.1,87748.558
7933,2025-12-16 05:00:00,85794.1,86215.2,85258.8,85981.2,60063.045
7934,2025-12-16 06:00:00,85981.2,87000.0,85440.1,86458.1,79456.409
7935,2025-12-16 07:00:00,86466.1,88187.5,85682.2,85991.8,88593.161
7936,2025-12-16 08:00:00,85992.6,86794.0,85682.2,86230.5,110788.481
7937,2025-12-16 09:00:00,86230.4,86643.6,85863.7,86307.6,133546.924
7938,2025-12-16 10:00:00,86307.6,87500.0,86262.4,86983.9,167372.565
7939,2025-12-16 11:00:00,86983.1,87397.3,86830.4,87208.8,191580.52
7940,2025-12-16 12:00:00,87208.5,87400.0,87044.7,87182.8,135338.27
7941,2025-12-16 13:00:00,87178.7,87624.5,86465.4,86465.4,223993.569
7942,2025-12-16 14:00:00,86465.4,87682.9,86144.7,87267.0,276429.609
7943,2025-12-16 15:00:00,87262.0,88200.0,86887.2,87946.7,225230.62
7944,2025-12-16 16:00:00,87945.3,87983.8,87081.0,87575.5,193205.428
7945,2025-12-16 17:00:00,87601.9,87771.7,87097.0,87097.0,135974.616
7946,2025-12-16 18:00:00,87097.0,89000.0,87034.5,87724.5,162443.952
7947,2025-12-16 19:00:00,87724.5,87899.9,87104.7,87560.2,172484.366
7948,2025-12-16 20:00:00,87552.9,87932.3,87340.8,87583.4,155830.535
7949,2025-12-16 21:00:00,87583.4,87888.6,87385.0,87747.7,163187.3
7950,2025-12-16 22:00:00,87747.7,87943.8,87603.8,87719.6,206482.916
7951,2025-12-16 23:00:00,87753.6,87880.0,87600.0,87824.3,150455.437
7952,2025-12-17 00:00:00,87810.4,87824.3,87393.0,87499.2,131534.259
7953,2025-12-17 01:00:00,87499.2,87886.0,87344.0,87493.5,164957.298
7954,2025-12-17 02:00:00,87493.5,87681.8,87100.0,87455.7,168270.941
7955,2025-12-17 03:00:00,87455.7,87886.0,87128.0,87178.1,150911.028
7956,2025-12-17 04:00:00,87178.2,87500.0,86500.0,86728.2,211561.434
7957,2025-12-17 05:00:00,86728.2,86792.1,86111.7,86596.9,179684.602
7958,2025-12-17 06:00:00,86596.9,86955.0,86559.2,86735.4,158377.834
7959,2025-12-17 07:00:00,86780.0,87200.0,86585.4,87011.3,169680.823
7960,2025-12-17 08:00:00,87011.3,87011.3,86305.4,86361.2,123638.396
7961,2025-12-17 09:00:00,86361.2,86647.0,86105.6,86413.1,107794.255
7962,2025-12-17 10:00:00,86428.6,86900.0,86237.3,86587.1,134967.6
7963,2025-12-17 11:00:00,86587.8,87068.8,86439.9,86940.8,158276.97
7964,2025-12-17 12:00:00,86940.8,87164.5,86818.2,86975.9,208214.288
7965,2025-12-17 13:00:00,86975.9,87677.0,86811.3,87563.9,177846.391
7966,2025-12-17 14:00:00,87570.6,90000.0,87164.2,89653.1,237442.811
7967,2025-12-17 15:00:00,89734.0,90233.9,87115.1,87221.5,273799.328
7968,2025-12-17 16:00:00,87221.5,87719.5,86168.2,86940.6,259792.85
7969,2025-12-17 17:00:00,86941.0,87201.0,86254.0,86380.7,211059.881
7970,2025-12-17 18:00:00,86387.0,86874.7,85634.4,85749.0,208899.404
7971,2025-12-17 19:00:00,85754.8,86165.0,85274.2,85972.6,194413.94
7972,2025-12-17 20:00:00,85972.6,86161.8,85636.3,85843.3,163195.829
7973,2025-12-17 21:00:00,85843.4,86089.9,85612.5,85953.3,117537.987
7974,2025-12-17 22:00:00,85953.3,86358.7,85864.2,86293.8,138186.129
7975,2025-12-17 23:00:00,86293.8,86293.8,85706.7,86139.7,113487.479
7976,2025-12-18 00:00:00,86137.8,86400.0,85923.8,86198.3,97810.582
7977,2025-12-18 01:00:00,86198.4,86210.0,85860.1,86073.2,139177.066
7978,2025-12-18 02:00:00,86073.2,86875.0,85996.1,86649.5,143659.97
7979,2025-12-18 03:00:00,86649.6,86654.9,86167.2,86567.6,165095.248
7980,2025-12-18 04:00:00,86567.6,86890.0,86560.4,86717.0,204956.603
7981,2025-12-18 05:00:00,86717.0,86768.2,86361.2,86368.3,123624.888
7982,2025-12-18 06:00:00,86368.3,86651.1,86361.2,86607.9,78376.766
7983,2025-12-18 07:00:00,86603.3,86862.0,86580.4,86771.5,134373.489
7984,2025-12-18 08:00:00,86771.5,87233.2,86667.3,86935.0,139686.063
7985,2025-12-18 09:00:00,86935.1,87410.7,86652.8,87250.0,174203.976
7986,2025-12-18 10:00:00,87250.0,87380.2,87187.6,87270.6,160342.825
7987,2025-12-18 11:00:00,87264.2,87379.2,86959.1,87224.7,106890.944
7988,2025-12-18 12:00:00,87224.7,87465.7,86900.8,87215.1,133133.996
7989,2025-12-18 13:00:00,87213.3,89378.2,87212.8,88817.8,250922.859
7990,2025-12-18 14:00:00,88817.8,89298.9,87740.1,88314.0,249037.937
7991,2025-12-18 15:00:00,88320.1,89298.1,87983.8,88488.3,198544.462
7992,2025-12-18 16:00:00,88488.3,88498.0,87944.3,87998.0,99635.866
7993,2025-12-18 17:00:00,87998.0,88443.2,81234.0,88443.2,12086.36
7994,2025-12-18 18:00:00,87118.8,88491.3,85200.0,86800.0,1575.387
7995,2025-12-18 19:00:00,85984.5,88488.0,81700.0,84898.5,1999.596
7996,2025-12-18 20:00:00,84824.6,86250.0,83600.0,85598.0,746.603
7997,2025-12-18 21:00:00,84786.0,86400.0,84502.0,85580.0,706.07
7998,2025-12-18 22:00:00,85679.0,88497.0,85035.0,85600.2,2665.202
7999,2025-12-18 23:00:00,86905.0,87718.3,85134.0,85800.0,626.113
8000,2025-12-19 00:00:00,86461.2,87123.0,85200.0,85210.1,780.861
8001,2025-12-19 01:00:00,85210.1,87122.0,85000.0,85300.0,856.823
8002,2025-12-19 02:00:00,85292.2,87000.0,85100.0,86031.7,461.419
8003,2025-12-19 03:00:00,85731.8,87718.3,85100.0,86716.9,873.871
8004,2025-12-19 04:00:00,86555.1,87718.3,85950.0,87073.4,95983.157
8005,2025-12-19 05:00:00,87073.4,87207.6,86559.5,87054.9,177509.898
8006,2025-12-19 06:00:00,87054.9,87500.0,86745.0,87423.4,147286.155
8007,2025-12-19 07:00:00,87423.4,88336.1,87414.7,87910.6,226926.72
8008,2025-12-19 08:00:00,87909.3,88268.3,87710.9,88134.4,211239.187
8009,2025-12-19 09:00:00,88134.4,88135.4,87796.6,88068.0,203922.982
8010,2025-12-19 10:00:00,88068.0,88268.3,87786.7,88233.7,185551.982
8011,2025-12-19 11:00:00,88237.2,88324.4,88066.2,88163.9,178683.319
8012,2025-12-19 12:00:00,88165.0,88257.1,87786.7,87861.3,149817.697
8013,2025-12-19 13:00:00,87861.3,88170.1,87833.1,87968.1,176872.017
8014,2025-12-19 14:00:00,87968.1,89000.0,87575.1,88145.6,223248.674
8015,2025-12-19 15:00:00,88145.4,89317.0,87720.1,87946.3,307305.259
8016,2025-12-19 16:00:00,87925.7,88797.0,87854.4,87943.5,278900.217
8017,2025-12-19 17:00:00,87944.3,88292.9,86839.0,86918.1,322973.407
8018,2025-12-19 18:00:00,86920.8,87434.5,86767.3,87126.2,209594.711
8019,2025-12-19 19:00:00,87123.4,88058.8,87096.7,87812.8,203347.997
8020,2025-12-19 20:00:00,87812.9,88332.2,87576.4,87996.0,231888.684
8021,2025-12-19 21:00:00,87996.0,88013.1,87783.7,87793.3,126907.362
8022,2025-12-19 22:00:00,87801.9,88555.0,87793.3,88296.5,231431.587
8023,2025-12-19 23:00:00,88296.5,88348.6,87918.1,88100.1,99174.878
8024,2025-12-20 00:00:00,88100.0,88150.1,87875.0,87967.8,77907.795
8025,2025-12-20 01:00:00,87967.8,88132.2,87875.0,88025.0,31530.204
8026,2025-12-20 02:00:00,88025.0,88297.2,87875.0,88167.8,111609.566
8027,2025-12-20 03:00:00,88167.8,88350.0,88130.1,88177.0,132908.704
8028,2025-12-20 04:00:00,88177.0,88300.0,88078.0,88245.9,107833.589
8029,2025-12-20 05:00:00,88245.9,88539.0,88078.2,88251.2,106250.822
8030,2025-12-20 06:00:00,88251.2,88395.1,88070.0,88262.2,77093.695
8031,2025-12-20 07:00:00,88262.2,88400.0,88070.0,88221.1,151404.734
8032,2025-12-20 08:00:00,88221.2,88382.3,88077.0,88225.8,65493.694
8033,2025-12-20 09:00:00,88225.7,88301.9,88077.0,88191.6,116601.417
8034,2025-12-20 10:00:00,88191.6,88295.0,88070.0,88133.6,145423.395
8035,2025-12-20 11:00:00,88133.7,88266.5,88077.2,88256.4,112271.812
8036,2025-12-20 12:00:00,88256.4,88269.5,88075.0,88213.9,139430.648
8037,2025-12-20 13:00:00,88214.0,88294.0,87820.2,88230.9,118980.658
8038,2025-12-20 14:00:00,88230.9,88247.5,87994.0,88220.0,98643.014
8039,2025-12-20 15:00:00,88225.0,88242.2,87900.0,88140.5,103148.823
8040,2025-12-20 16:00:00,88140.5,88250.0,88089.8,88115.3,141769.448
8041,2025-12-20 17:00:00,88115.3,88239.0,87995.0,88142.9,167304.002
8042,2025-12-20 18:00:00,88142.9,88500.0,87987.8,88279.9,171992.808
8043,2025-12-20 19:00:00,88279.9,88288.1,87820.2,88196.3,91355.411
8044,2025-12-20 20:00:00,88196.3,88246.9,87820.2,88246.3,39371.188
8045,2025-12-20 21:00:00,88246.3,88500.0,87980.0,88169.2,61419.526
8046,2025-12-20 22:00:00,88169.2,88306.0,88000.0,88306.0,115216.437
8047,2025-12-20 23:00:00,88275.6,88500.0,88230.5,88338.0,41999.147
8048,2025-12-21 00:00:00,88338.0,88539.0,88243.0,88342.8,67681.897
8049,2025-12-21 01:00:00,88343.9,88344.9,88000.1,88000.1,64991.804
8050,2025-12-21 02:00:00,88000.1,88310.0,87800.0,87911.5,110280.232
8051,2025-12-21 03:00:00,87911.5,88200.0,87887.8,88043.3,51269.604
8052,2025-12-21 04:00:00,88043.2,88198.0,88019.9,88063.2,87129.579
8053,2025-12-21 05:00:00,88063.2,88200.0,88035.2,88102.0,78749.99
8054,2025-12-21 06:00:00,88102.0,88190.0,88034.0,88057.3,152907.571
8055,2025-12-21 07:00:00,88057.3,88190.0,88027.5,88107.1,82292.721
8056,2025-12-21 08:00:00,88107.1,88800.0,88015.1,88509.1,173540.028
8057,2025-12-21 09:00:00,88509.1,89000.0,88498.6,88850.0,186253.025
8058,2025-12-21 10:00:00,88850.0,88988.8,88557.9,88620.8,112140.36
8059,2025-12-21 11:00:00,88621.1,88787.9,88551.4,88570.6,119721.867
8060,2025-12-21 12:00:00,88570.6,88987.0,88447.0,88580.7,105226.256
8061,2025-12-21 13:00:00,88580.7,88676.9,87522.6,87630.5,213547.216
8062,2025-12-21 14:00:00,87630.5,88175.0,87600.3,88019.0,185117.763
8063,2025-12-21 15:00:00,88019.1,88211.0,87759.7,88024.8,135080.425
8064,2025-12-21 16:00:00,88024.8,88394.0,87947.8,88295.9,141645.193
8065,2025-12-21 17:00:00,88295.9,88442.5,88255.6,88283.7,129971.212
8066,2025-12-21 18:00:00,88283.6,88405.1,87919.4,88405.1,153713.309
8067,2025-12-21 19:00:00,88405.1,88700.0,88227.9,88448.4,169730.817
8068,2025-12-21 20:00:00,88470.8,88477.1,88222.0,88222.0,105010.372
8069,2025-12-21 21:00:00,88222.0,88412.8,88000.0,88121.9,132216.246
8070,2025-12-21 22:00:00,88121.8,88500.0,88014.2,88429.9,158676.638
8071,2025-12-21 23:00:00,88429.9,88750.0,88139.0,88595.9,199677.66
8072,2025-12-22 00:00:00,88595.9,89578.1,88485.4,88743.4,287143.051
8073,2025-12-22 01:00:00,88743.4,89200.0,88139.0,88622.6,194487.895
8074,2025-12-22 02:00:00,88621.0,88800.0,87934.1,88417.1,228124.799
8075,2025-12-22 03:00:00,88417.1,88930.0,88248.1,88727.5,148402.56
8076,2025-12-22 04:00:00,88727.5,88982.9,88677.0,88872.9,154681.727
8077,2025-12-22 05:00:00,88872.9,88950.0,88744.5,88790.7,187324.158
8078,2025-12-22 06:00:00,88790.8,88954.8,88675.4,88864.5,164612.558
8079,2025-12-22 07:00:00,88864.6,89147.1,88817.6,89127.7,118988.743
8080,2025-12-22 08:00:00,89131.5,89950.0,88950.1,89275.4,224889.723
8081,2025-12-22 09:00:00,89275.4,89750.0,88100.0,89750.0,156818.17
8082,2025-12-22 10:00:00,89750.0,89950.0,89462.7,89761.1,91994.191
8083,2025-12-22 11:00:00,89761.1,89997.0,89480.0,89905.1,130630.708
8084,2025-12-22 12:00:00,89905.9,90480.0,89813.0,90203.7,165958.103
8085,2025-12-22 13:00:00,90203.7,90253.0,89673.5,89882.7,126112.052
8086,2025-12-22 14:00:00,89882.6,90261.0,88988.9,90088.5,220627.51
8087,2025-12-22 15:00:00,90088.4,90298.2,89190.1,89688.5,231282.655
8088,2025-12-22 16:00:00,89680.6,90067.2,89500.0,89535.9,232407.074
8089,2025-12-22 17:00:00,89535.9,89537.7,88900.0,89265.9,239023.524
8090,2025-12-22 18:00:00,89265.8,89479.5,88900.0,89137.4,184102.178
8091,2025-12-22 19:00:00,89142.6,89142.7,87888.8,88036.4,272311.257
8092,2025-12-22 20:00:00,88061.9,88450.0,87910.5,88313.9,231746.363
8093,2025-12-22 21:00:00,88312.4,88566.5,88100.0,88232.4,127278.961
8094,2025-12-22 22:00:00,88231.7,88746.3,88129.9,88616.5,172041.527
8095,2025-12-22 23:00:00,88616.6,88654.6,88317.0,88502.4,159978.822
8096,2025-12-23 00:00:00,88497.3,88894.5,88450.0,88750.2,168870.386
8097,2025-12-23 01:00:00,88750.2,88838.1,88408.8,88495.2,167092.546
8098,2025-12-23 02:00:00,88495.2,88888.0,88129.8,88164.6,158326.499
8099,2025-12-23 03:00:00,88164.6,88315.7,87808.4,88186.9,186396.614
8100,2025-12-23 04:00:00,88187.0,88330.1,87904.1,87917.3,114903.935
8101,2025-12-23 05:00:00,87917.3,88014.3,87600.0,87750.1,167905.473
8102,2025-12-23 06:00:00,87750.2,87759.1,87066.7,87355.3,237647.896
8103,2025-12-23 07:00:00,87355.4,88000.0,87350.0,87531.3,137996.544
8104,2025-12-23 08:00:00,87531.3,88000.0,87349.3,87426.8,182008.598
8105,2025-12-23 09:00:00,87426.8,87582.7,87287.0,87494.3,112873.385
8106,2025-12-23 10:00:00,87494.2,87704.0,87350.0,87570.3,125490.127
8107,2025-12-23 11:00:00,87570.3,87963.6,87526.9,87810.0,123871.176
8108,2025-12-23 12:00:00,87821.2,88000.0,87575.0,87818.6,126598.682
8109,2025-12-23 13:00:00,87773.0,87819.0,87272.0,87565.5,196819.882
8110,2025-12-23 14:00:00,87565.5,87791.0,86526.9,86804.2,199205.861
8111,2025-12-23 15:00:00,86804.3,87463.5,86678.0,87433.1,187292.141
8112,2025-12-23 16:00:00,87433.2,88081.9,87292.9,87959.8,178572.028
8113,2025-12-23 17:00:00,87954.0,88476.3,87173.2,87173.2,232165.929
8114,2025-12-23 18:00:00,87173.2,88106.7,87000.0,87950.0,211868.171
8115,2025-12-23 19:00:00,87950.0,88018.4,87539.2,87724.2,184620.422
8116,2025-12-23 20:00:00,87724.2,88322.9,87522.9,87687.0,213933.789
8117,2025-12-23 21:00:00,87687.0,87961.7,87526.4,87696.0,162400.923
8118,2025-12-23 22:00:00,87696.0,87726.4,87257.0,87363.5,200839.976
8119,2025-12-23 23:00:00,87363.5,87634.0,87165.1,87440.0,128404.484
8120,2025-12-24 00:00:00,87438.1,87700.0,87241.0,87624.8,172167.976
8121,2025-12-24 01:00:00,87624.8,88138.0,87482.0,87633.3,197466.375
8122,2025-12-24 02:00:00,87633.3,87637.1,86915.0,87115.4,186719.891
8123,2025-12-24 03:00:00,87115.4,87350.0,86861.6,87311.5,168593.627
8124,2025-12-24 04:00:00,87303.3,87409.9,86986.5,87110.5,174884.372
8125,2025-12-24 05:00:00,87110.5,87320.1,86761.5,86920.1,212531.101
8126,2025-12-24 06:00:00,86920.1,87095.8,86700.0,86979.7,115098.241
8127,2025-12-24 07:00:00,86979.7,87200.0,86908.9,86908.9,156407.793
8128,2025-12-24 08:00:00,86908.9,87049.7,86700.0,86738.0,131401.631
8129,2025-12-24 09:00:00,86738.2,86845.3,86612.7,86776.6,128235.687
8130,2025-12-24 10:00:00,86776.6,87134.1,86646.1,87042.8,151938.725
8131,2025-12-24 11:00:00,87042.8,87428.0,87032.7,87172.5,130237.693
8132,2025-12-24 12:00:00,87172.5,87600.0,87108.0,87393.1,137932.067
8133,2025-12-24 13:00:00,87393.1,87403.3,86856.0,87248.9,135806.303
8134,2025-12-24 14:00:00,87248.9,87390.0,86200.0,86899.0,262566.211
8135,2025-12-24 15:00:00,86899.0,87300.0,86623.3,87011.7,232555.329
8136,2025-12-24 16:00:00,87011.7,87598.5,86913.0,87250.6,176988.692
8137,2025-12-24 17:00:00,87250.6,87660.1,87198.3,87256.5,157197.903
8138,2025-12-24 18:00:00,87256.5,87594.1,87195.6,87435.1,143685.499
8139,2025-12-24 19:00:00,87435.1,87589.0,87358.4,87521.3,115748.205
8140,2025-12-24 20:00:00,87521.3,87620.2,87416.7,87518.7,76775.921
8141,2025-12-24 21:00:00,87518.7,90329.9,87400.0,87653.8,50173.504
8142,2025-12-24 22:00:00,87653.8,87972.3,87653.8,87962.0,58161.495
8143,2025-12-24 23:00:00,87962.0,87967.4,87552.8,87627.1,98935.473
8144,2025-12-25 00:00:00,87627.1,87800.1,87400.0,87532.1,127022.129
8145,2025-12-25 01:00:00,87532.1,87887.0,87401.9,87652.9,117955.786
8146,2025-12-25 02:00:00,87652.9,87878.0,87405.0,87847.8,130190.706
8147,2025-12-25 03:00:00,87847.8,87869.9,87678.0,87811.5,97088.264
8148,2025-12-25 04:00:00,87811.5,87811.5,87700.8,87758.1,112475.125
8149,2025-12-25 05:00:00,87758.1,87792.0,87623.2,87706.0,58014.407
8150,2025-12-25 06:00:00,87706.0,87804.0,87620.0,87799.6,85181.937
8151,2025-12-25 07:00:00,87799.5,87804.7,87620.0,87795.9,117426.865
8152,2025-12-25 08:00:00,87795.9,87853.0,87353.4,87560.1,173804.083
8153,2025-12-25 09:00:00,87560.1,87586.4,87242.4,87482.2,119473.438
8154,2025-12-25 10:00:00,87482.2,87563.5,87132.0,87379.4,96155.474
8155,2025-12-25 11:00:00,87379.8,87548.5,87100.0,87489.2,129789.823
8156,2025-12-25 12:00:00,87489.2,87547.7,87000.7,87530.0,91041.527
8157,2025-12-25 13:00:00,87530.0,87844.5,87271.9,87583.1,125012.359
8158,2025-12-25 14:00:00,87555.1,87800.0,87515.9,87673.5,80347.393
8159,2025-12-25 15:00:00,87673.5,88503.6,87628.6,88288.1,181400.689
8160,2025-12-25 16:00:00,88283.6,88420.1,87827.7,88042.1,146252.525
8161,2025-12-25 17:00:00,88042.0,88144.1,87862.5,88131.5,128681.572
8162,2025-12-25 18:00:00,88131.1,88393.2,88107.9,88198.5,182665.393
8163,2025-12-25 19:00:00,88198.5,88221.1,88049.3,88112.3,38697.106
8164,2025-12-25 20:00:00,88112.3,88128.8,87597.7,87852.1,80789.214
8165,2025-12-25 21:00:00,87852.1,88130.0,87596.8,87862.0,124745.325
8166,2025-12-25 22:00:00,87862.0,88063.0,87341.0,87611.0,87470.967
8167,2025-12-25 23:00:00,87611.0,87750.3,86930.6,87214.5,150299.684
8168,2025-12-26 00:00:00,87214.5,87270.3,86868.7,87076.2,153438.985
8169,2025-12-26 01:00:00,87076.2,87719.3,87014.7,87400.2,142905.127
8170,2025-12-26 02:00:00,87400.2,89418.8,87330.0,89125.0,261931.197
8171,2025-12-26 03:00:00,89125.0,89228.2,88672.5,88796.2,204910.521
8172,2025-12-26 04:00:00,88834.8,90000.0,88400.0,88927.1,178104.975
8173,2025-12-26 05:00:00,88927.1,89700.0,88659.9,88954.7,95480.517
8174,2025-12-26 06:00:00,88954.7,89460.0,88902.7,89111.4,168166.855
8175,2025-12-26 07:00:00,89111.4,89465.7,88329.9,88411.8,200739.806
8176,2025-12-26 08:00:00,88411.8,88850.1,88402.3,88703.8,156388.609
8177,2025-12-26 09:00:00,88703.8,88860.2,88607.0,88805.5,122418.447
8178,2025-12-26 10:00:00,88805.5,88855.5,88646.0,88713.0,168451.813
8179,2025-12-26 11:00:00,88713.0,88803.5,88350.0,88530.3,63879.291
8180,2025-12-26 12:00:00,88530.3,88888.0,88299.9,88649.6,94120.663
8181,2025-12-26 13:00:00,88649.6,89100.0,88608.6,89000.3,149352.661
8182,2025-12-26 14:00:00,89000.3,89078.0,87000.0,87348.1,251978.105
8183,2025-12-26 15:00:00,87346.9,87348.1,86653.2,87100.0,301664.11
8184,2025-12-26 16:00:00,87092.6,88700.0,86815.5,86817.5,231450.7
8185,2025-12-26 17:00:00,86815.6,87419.6,86700.0,87271.8,234183.916
8186,2025-12-26 18:00:00,87271.8,87400.0,87097.3,87222.6,150261.368
8187,2025-12-26 19:00:00,87222.6,87691.0,87206.4,87453.7,172577.081
8188,2025-12-26 20:00:00,87453.7,87728.1,87279.0,87540.4,162296.713
8189,2025-12-26 21:00:00,87540.4,87648.7,87430.0,87430.0,103371.673
8190,2025-12-26 22:00:00,87430.0,87612.0,87250.0,87499.9,123314.033
8191,2025-12-26 23:00:00,87499.9,87612.0,87210.0,87327.0,95356.276
8192,2025-12-27 00:00:00,87326.9,87374.4,87200.0,87364.7,107049.291
8193,2025-12-27 01:00:00,87364.7,87431.6,87165.2,87431.6,64357.902
8194,2025-12-27 02:00:00,87431.6,87440.7,87165.2,87405.2,5413.183
8195,2025-12-27 03:00:00,87405.2,87612.0,87170.0,87468.0,74523.118
8196,2025-12-27 04:00:00,87468.0,87612.0,87413.0,87427.9,25682.706
8197,2025-12-27 05:00:00,87441.4,87703.7,87414.5,87466.2,37406.564
8198,2025-12-27 06:00:00,87466.2,87702.0,87374.6,87421.4,48780.73
8199,2025-12-27 07:00:00,87421.4,87700.0,87374.6,87491.0,90453.527
8200,2025-12-27 08:00:00,87491.0,87700.0,87490.0,87545.7,51752.804
8201,2025-12-27 09:00:00,87545.7,87619.2,87400.0,87575.4,94810.761
8202,2025-12-27 10:00:00,87575.4,87591.0,87200.0,87468.2,100211.572
8203,2025-12-27 11:00:00,87468.2,87584.9,87386.6,87433.7,102934.552
8204,2025-12-27 12:00:00,87420.7,87573.0,87409.6,87432.0,62427.754
8205,2025-12-27 13:00:00,87431.9,87567.0,87210.0,87423.3,50847.401
8206,2025-12-27 14:00:00,87423.3,87567.0,87387.2,87500.7,94120.418
8207,2025-12-27 15:00:00,87500.7,87573.0,87460.0,87512.5,63872.661
8208,2025-12-27 16:00:00,87512.5,87553.9,87210.0,87450.0,66987.05
8209,2025-12-27 17:00:00,87450.0,87549.2,87426.0,87514.0,85845.09
8210,2025-12-27 18:00:00,87514.0,87546.0,87430.1,87452.8,78227.789
8211,2025-12-27 19:00:00,87452.8,87534.0,87443.1,87522.4,91176.087
8212,2025-12-27 20:00:00,87534.0,87561.3,86573.7,87514.9,85401.326
8213,2025-12-27 21:00:00,87514.9,87627.1,87400.0,87623.6,66030.89
8214,2025-12-27 22:00:00,87623.5,87863.2,87422.4,87590.0,120028.797
8215,2025-12-27 23:00:00,87561.3,87898.5,87448.0,87823.1,88864.738
8216,2025-12-28 00:00:00,87823.1,87899.6,87700.8,87811.7,138334.792
8217,2025-12-28 01:00:00,87811.7,87898.8,87710.0,87749.3,139710.585
8218,2025-12-28 02:00:00,87749.3,87834.0,87710.0,87770.9,105554.029
8219,2025-12-28 03:00:00,87825.0,87826.0,87700.1,87707.8,98213.234
8220,2025-12-28 04:00:00,87707.8,87796.0,87673.6,87693.7,113044.773
8221,2025-12-28 05:00:00,87687.9,87796.0,87589.0,87616.2,67980.498
8222,2025-12-28 06:00:00,87616.2,87796.0,87606.1,87696.0,95976.092
8223,2025-12-28 07:00:00,87695.9,87773.7,87636.8,87697.6,102618.797
8224,2025-12-28 08:00:00,87697.5,88058.0,87687.0,87771.0,133710.019
8225,2025-12-28 09:00:00,87771.1,87852.1,87589.0,87761.6,34083.693
8226,2025-12-28 10:00:00,87761.6,88058.0,87650.0,87828.7,134469.488
8227,2025-12-28 11:00:00,87828.7,87895.9,87682.1,87842.8,35785.682
8228,2025-12-28 12:00:00,87842.8,87850.4,87657.6,87820.5,46546.927
8229,2025-12-28 13:00:00,87820.5,88058.0,87635.3,87862.6,56893.774
8230,2025-12-28 14:00:00,87874.8,88050.0,87857.4,87874.0,45564.081
8231,2025-12-28 15:00:00,87874.1,88058.0,87671.1,87797.7,125341.326
8232,2025-12-28 16:00:00,87805.6,87842.7,87639.6,87780.1,88659.736
8233,2025-12-28 17:00:00,87780.1,88025.1,87589.0,87730.2,87923.031
8234,2025-12-28 18:00:00,87730.1,87735.8,87524.0,87585.6,134470.994
8235,2025-12-28 19:00:00,87585.6,87754.0,87000.0,87518.0,97963.294
8236,2025-12-28 20:00:00,87518.0,87754.0,87250.0,87501.7,61356.894
8237,2025-12-28 21:00:00,87501.7,87564.0,87366.0,87546.4,67896.1
8238,2025-12-28 22:00:00,87546.4,88000.0,87366.0,87868.7,111912.876
8239,2025-12-28 23:00:00,87868.7,88000.0,87603.2,87879.9,156129.994
8240,2025-12-29 00:00:00,87879.9,88500.0,87790.0,88272.1,192370.271
8241,2025-12-29 01:00:00,88272.1,88600.0,87890.6,88418.0,176987.009
8242,2025-12-29 02:00:00,88418.0,89320.2,88403.9,89134.8,223899.922
8243,2025-12-29 03:00:00,89134.5,90329.9,86485.8,90091.7,246918.223
8244,2025-12-29 04:00:00,90085.7,90312.7,89000.0,90130.1,189421.98
8245,2025-12-29 05:00:00,90130.1,90329.9,85555.0,89966.6,97205.922
8246,2025-12-29 06:00:00,89966.6,90088.0,89606.6,89743.3,156944.885
8247,2025-12-29 07:00:00,89743.3,89806.4,89492.9,89583.0,114969.623
8248,2025-12-29 08:00:00,89609.2,89806.4,89000.0,89519.0,150430.298
8249,2025-12-29 09:00:00,89519.0,89563.1,87500.0,88030.9,222374.859
8250,2025-12-29 10:00:00,88030.9,88800.0,87640.1,87747.1,162262.009
8251,2025-12-29 11:00:00,87747.2,87753.2,87561.8,87563.5,147946.819
8252,2025-12-29 12:00:00,87563.5,88200.0,86777.8,87344.1,199428.605
8253,2025-12-29 13:00:00,87345.9,87482.4,87166.4,87328.3,155641.217
8254,2025-12-29 14:00:00,87328.3,88106.2,87238.5,87398.7,247092.911
8255,2025-12-29 15:00:00,87398.7,88300.0,87217.7,87668.2,178120.824
8256,2025-12-29 16:00:00,87703.5,87747.9,87423.9,87602.2,107049.474
8257,2025-12-29 17:00:00,87602.2,87978.0,87250.0,87798.5,166329.996
8258,2025-12-29 18:00:00,87798.5,87930.9,87250.0,87413.3,173583.603
8259,2025-12-29 19:00:00,87413.3,87772.5,87260.0,87329.0,156123.72
8260,2025-12-29 20:00:00,87328.9,87629.3,86972.9,87212.0,172389.974
8261,2025-12-29 21:00:00,87212.0,87341.4,87200.0,87311.2,121421.439
8262,2025-12-29 22:00:00,87311.2,87370.6,86972.9,87320.1,125461.251
8263,2025-12-29 23:00:00,87320.1,87370.6,87155.8,87214.0,96304.806
8264,2025-12-30 00:00:00,87214.0,87315.5,86900.0,87218.0,115128.445
8265,2025-12-30 01:00:00,87218.0,87307.7,87113.9,87278.2,125948.911
8266,2025-12-30 02:00:00,87278.2,87310.6,86926.0,87072.5,183110.593
8267,2025-12-30 03:00:00,87072.6,87364.8,86666.0,87334.8,169445.058
8268,2025-12-30 04:00:00,87334.8,87607.0,87184.0,87264.7,108286.186
8269,2025-12-30 05:00:00,87264.7,87323.6,87131.5,87216.1,136852.65
8270,2025-12-30 06:00:00,87216.1,87600.0,87173.1,87424.5,115415.282
8271,2025-12-30 07:00:00,87424.5,87600.0,87344.6,87457.6,112391.523
8272,2025-12-30 08:00:00,87457.5,88141.4,87440.0,87828.0,165511.522
8273,2025-12-30 09:00:00,87828.1,87966.1,87629.7,87952.0,112216.387
8274,2025-12-30 10:00:00,87952.0,88421.2,87400.0,87914.3,105325.125
8275,2025-12-30 11:00:00,87930.0,88432.0,87507.2,87839.3,152971.526
8276,2025-12-30 12:00:00,87839.3,88199.8,87743.1,87984.9,89939.892
8277,2025-12-30 13:00:00,87984.9,88150.0,87585.1,88080.1,144088.377
8278,2025-12-30 14:00:00,88080.1,89016.2,87585.1,88835.0,191818.816
8279,2025-12-30 15:00:00,88846.7,89098.1,88184.3,88919.7,214676.705
8280,2025-12-30 16:00:00,88919.6,89296.2,88545.7,88727.9,219863.764
8281,2025-12-30 17:00:00,88727.9,88849.4,88047.0,88364.2,153724.149
8282,2025-12-30 18:00:00,88364.2,89000.0,88039.2,88275.0,158514.869
8283,2025-12-30 19:00:00,88268.3,88400.0,87943.6,88191.3,169528.442
8284,2025-12-30 20:00:00,88191.3,88208.6,87750.0,87877.6,179505.843
8285,2025-12-30 21:00:00,87877.6,88400.0,87750.0,88235.2,127900.63
8286,2025-12-30 22:00:00,88235.2,88417.8,88214.0,88366.0,86728.424
8287,2025-12-30 23:00:00,88366.0,89000.0,88291.4,88472.1,59232.148
8288,2025-12-31 00:00:00,88472.1,88478.8,88220.8,88226.2,128951.359
8289,2025-12-31 01:00:00,88226.2,88776.1,88011.8,88604.7,182876.259
8290,2025-12-31 02:00:00,88604.7,88715.4,88488.8,88639.3,140232.004
8291,2025-12-31 03:00:00,88639.4,88749.9,88272.0,88400.2,110904.783
8292,2025-12-31 04:00:00,88400.2,88400.2,88400.2,88400.2,0.0
8293,2025-12-31 05:00:00,88400.2,88400.2,88400.2,88400.2,0.0
8294,2025-12-31 06:00:00,88404.8,90338.1,87250.0,88470.9,36113.623
8295,2025-12-31 07:00:00,88470.9,90289.7,88264.3,88567.4,94271.502
8296,2025-12-31 08:00:00,88567.4,88700.0,88300.0,88389.0,115652.564
8297,2025-12-31 09:00:00,88389.0,88897.8,88300.0,88631.2,91698.351
8298,2025-12-31 10:00:00,88630.9,88938.4,88545.8,88794.9,97666.158
8299,2025-12-31 11:00:00,88794.9,88967.7,88766.2,88967.7,96295.307
8300,2025-12-31 12:00:00,88967.6,88976.9,88404.2,88713.1,69784.241
8301,2025-12-31 13:00:00,88713.1,88990.3,88538.1,88954.3,110948.071
8302,2025-12-31 14:00:00,88954.3,89255.0,88280.3,88417.1,216491.269
8303,2025-12-31 15:00:00,88417.3,88420.9,87500.0,87905.9,150114.063
8304,2025-12-31 16:00:00,87907.2,88102.5,87398.2,87625.9,218914.402
8305,2025-12-31 17:00:00,87625.9,88200.0,87300.0,87587.2,157950.059
8306,2025-12-31 18:00:00,87596.9,88000.0,87542.4,87701.6,142300.28
8307,2025-12-31 19:00:00,87701.6,87825.7,87531.8,87560.0,76602.709
8308,2025-12-31 20:00:00,87571.8,87826.1,87263.0,87657.6,168803.867
8309,2025-12-31 21:00:00,87657.6,87800.0,87652.1,87764.0,97370.84
8310,2025-12-31 22:00:00,87764.0,87842.3,87637.1,87695.0,96437.858
8311,2025-12-31 23:00:00,87694.9,87700.6,87601.0,87608.4,93139.696
8312,2026-01-01 00:00:00,87608.4,87808.0,87586.5,87773.4,78096.528
8313,2026-01-01 01:00:00,87773.4,87995.5,87737.9,87923.9,128646.028
8314,2026-01-01 02:00:00,87923.9,88100.0,87866.0,87884.7,85519.056
8315,2026-01-01 03:00:00,87884.7,88029.0,87810.9,87815.2,98308.112
8316,2026-01-01 04:00:00,87815.2,87985.0,87539.0,87567.0,111653.122
8317,2026-01-01 05:00:00,87567.0,87708.2,87554.3,87674.7,44793.237
8318,2026-01-01 06:00:00,87674.7,87674.7,87602.9,87630.1,34175.995
8319,2026-01-01 07:00:00,87630.1,87674.7,87597.0,87635.2,16219.724
8320,2026-01-01 08:00:00,87635.2,87781.2,87000.0,87741.5,63982.236
8321,2026-01-01 09:00:00,87741.5,88000.0,87600.0,87842.4,76812.856
8322,2026-01-01 10:00:00,87842.4,87992.3,87500.5,87833.8,95634.409
8323,2026-01-01 11:00:00,87833.8,87950.0,87797.0,87950.0,44024.329
8324,2026-01-01 12:00:00,87950.0,87998.5,87886.5,87909.5,27612.892
8325,2026-01-01 13:00:00,87909.5,87978.4,87837.1,87871.8,45901.11
8326,2026-01-01 14:00:00,87871.8,87999.9,87768.8,87916.0,88551.661
8327,2026-01-01 15:00:00,87916.2,88036.7,87842.4,87986.8,79340.614
8328,2026-01-01 16:00:00,87986.9,87987.2,87848.3,87952.6,64726.364
8329,2026-01-01 17:00:00,87952.6,88567.4,87898.5,88281.2,168798.795
8330,2026-01-01 18:00:00,88281.2,88315.7,88066.7,88165.3,85269.363
8331,2026-01-01 19:00:00,88165.3,88650.0,87912.8,88328.9,128733.055
8332,2026-01-01 20:00:00,88329.0,88355.3,88103.0,88220.5,93377.63
8333,2026-01-01 21:00:00,88220.5,88521.1,88115.6,88346.1,114484.803
8334,2026-01-01 22:00:00,88346.1,88647.9,88343.2,88604.7,125392.45
8335,2026-01-01 23:00:00,88604.7,88878.1,88350.2,88804.7,153648.034
8336,2026-01-02 00:00:00,88804.7,88831.9,88467.0,88786.8,133522.792
8337,2026-01-02 01:00:00,88786.8,88893.4,88467.0,88600.0,130459.18
8338,2026-01-02 02:00:00,88578.8,88607.2,88370.5,88580.2,133345.715
8339,2026-01-02 03:00:00,88580.2,89100.0,88525.1,88873.4,201473.846
8340,2026-01-02 04:00:00,88872.8,88941.1,88400.0,88599.9,120459.868
8341,2026-01-02 05:00:00,88599.9,88800.0,88400.0,88720.8,82354.129
8342,2026-01-02 06:00:00,88720.7,89100.0,88666.6,88899.9,121954.078
8343,2026-01-02 07:00:00,88899.9,89100.0,88666.6,88838.1,160160.079
8344,2026-01-02 08:00:00,88845.0,89149.2,88666.6,89149.2,152009.429
8345,2026-01-02 09:00:00,89148.8,89450.0,88666.6,89424.9,202157.808
8346,2026-01-02 10:00:00,89424.9,89989.9,89323.2,89611.7,170313.686
8347,2026-01-02 11:00:00,89611.7,89679.0,89202.6,89468.9,123610.214
8348,2026-01-02 12:00:00,89468.9,89683.1,89222.9,89360.1,173107.404
8349,2026-01-02 13:00:00,89360.1,89683.1,89230.0,89296.6,179002.414
8350,2026-01-02 14:00:00,89296.6,90048.8,88476.5,89542.7,302058.858
8351,2026-01-02 15:00:00,89542.7,89989.9,88643.1,89373.0,337225.105
8352,2026-01-02 16:00:00,89373.0,90734.2,89190.0,90334.0,341168.668
8353,2026-01-02 17:00:00,90334.0,90893.1,90165.4,90300.0,261573.225
8354,2026-01-02 18:00:00,90300.0,90720.0,89544.7,89735.3,264165.618
8355,2026-01-02 19:00:00,89735.3,90044.3,89579.0,89850.6,208187.023
8356,2026-01-02 20:00:00,89850.6,90019.1,89512.8,89717.5,200168.181
8357,2026-01-02 21:00:00,89714.6,90350.0,89700.0,90025.6,101606.862
8358,2026-01-02 22:00:00,90025.4,90347.9,89983.5,90155.0,167810.669
8359,2026-01-02 23:00:00,90148.9,90253.0,87000.0,89951.4,135062.263
8360,2026-01-03 00:00:00,89951.4,90250.0,89600.0,90113.9,132527.175
8361,2026-01-03 01:00:00,90113.9,90500.0,90027.6,90235.6,147736.707
8362,2026-01-03 02:00:00,90236.0,90333.8,90087.4,90303.2,137194.476
8363,2026-01-03 03:00:00,90300.4,90333.4,90100.0,90280.0,117552.45
8364,2026-01-03 04:00:00,90280.0,90678.0,90001.5,90121.8,117729.216
8365,2026-01-03 05:00:00,90122.0,90356.2,89633.0,89988.0,136375.79
8366,2026-01-03 06:00:00,89988.0,90256.0,89808.9,89831.5,107109.651
8367,2026-01-03 07:00:00,89827.3,89999.5,89153.7,89535.9,188406.475
8368,2026-01-03 08:00:00,89535.9,89907.0,89389.2,89633.0,171937.765
8369,2026-01-03 09:00:00,89633.0,89928.5,89437.6,89771.7,180793.35
8370,2026-01-03 10:00:00,89771.7,90000.0,89668.9,89771.9,74641.932
8371,2026-01-03 11:00:00,89771.9,89900.5,89330.0,89706.4,54121.629
8372,2026-01-03 12:00:00,89706.4,90000.0,89500.0,89957.8,89115.532
8373,2026-01-03 13:00:00,89957.7,92345.0,89775.4,89972.2,80929.639
8374,2026-01-03 14:00:00,89993.9,90400.0,89849.8,90087.4,136230.215
8375,2026-01-03 15:00:00,90087.4,90306.1,89800.0,89927.1,47901.862
8376,2026-01-03 16:00:00,89927.1,90379.1,89800.0,90059.2,132213.017
8377,2026-01-03 17:00:00,90058.6,90311.0,89982.1,90041.1,69480.136
8378,2026-01-03 18:00:00,90041.1,90370.0,89994.1,90105.3,70659.44
8379,2026-01-03 19:00:00,90105.3,90370.0,90029.8,90083.6,110998.021
8380,2026-01-03 20:00:00,90083.9,90550.0,89992.9,90333.0,106695.951
8381,2026-01-03 21:00:00,90333.1,91000.0,90305.7,90528.0,115678.377
8382,2026-01-03 22:00:00,90530.3,90789.3,90385.1,90559.7,105898.113
8383,2026-01-03 23:00:00,90559.7,90793.1,90390.0,90595.8,55232.182
8384,2026-01-04 00:00:00,90655.3,91474.1,90500.3,91308.9,225922.825
8385,2026-01-04 01:00:00,91308.8,91428.5,87400.0,91200.0,195635.324
8386,2026-01-04 02:00:00,91200.0,91392.5,90950.0,91099.2,73632.467
8387,2026-01-04 03:00:00,91099.2,91410.0,90690.0,91202.3,71811.81
8388,2026-01-04 04:00:00,91252.6,91554.9,91163.3,91352.9,92490.633
8389,2026-01-04 05:00:00,91352.9,91445.6,91148.5,91442.5,155240.301
8390,2026-01-04 06:00:00,91442.5,91750.0,91148.5,91212.9,198507.334
8391,2026-01-04 07:00:00,91212.8,91482.7,91191.7,91482.6,128692.086
8392,2026-01-04 08:00:00,91482.6,91489.8,91149.9,91337.8,160057.226
8393,2026-01-04 09:00:00,91337.6,91450.0,91223.5,91413.8,139974.266
8394,2026-01-04 10:00:00,91413.8,91722.5,91255.0,91553.3,75529.801
8395,2026-01-04 11:00:00,91553.3,91553.3,91194.7,91262.7,150075.808
8396,2026-01-04 12:00:00,91262.7,91416.5,90900.0,91112.9,91007.79
8397,2026-01-04 13:00:00,91098.6,91524.2,90900.0,91321.2,83117.061
8398,2026-01-04 14:00:00,91227.4,91535.2,91111.1,91298.2,131215.695
8399,2026-01-04 15:00:00,91298.2,91500.0,90850.0,91292.7,136192.373
8400,2026-01-04 16:00:00,91292.7,91401.3,91221.2,91282.2,123454.905
8401,2026-01-04 17:00:00,91282.2,91400.0,91129.3,91297.1,80522.363
8402,2026-01-04 18:00:00,91297.1,91454.0,90876.0,91170.0,95655.087
8403,2026-01-04 19:00:00,91170.1,91192.3,90840.0,91102.8,126489.323
8404,2026-01-04 20:00:00,91102.8,91393.4,91076.7,91251.6,103521.609
8405,2026-01-04 21:00:00,91251.6,91386.8,91152.8,91240.0,99972.151
8406,2026-01-04 22:00:00,91240.0,91358.4,91123.7,91179.9,98177.1
8407,2026-01-04 23:00:00,91179.9,91490.9,91143.8,91490.9,180269.7
8408,2026-01-05 00:00:00,91490.9,92382.7,91485.0,92363.4,228257.5
8409,2026-01-05 01:00:00,92382.7,93274.8,92272.0,92912.7,222352.319
8410,2026-01-05 02:00:00,92912.7,93092.4,92700.0,92990.4,152067.362
8411,2026-01-05 03:00:00,92990.4,93260.2,92770.0,92837.6,148966.906
8412,2026-01-05 04:00:00,92837.6,92930.9,92336.5,92587.4,181483.775
8413,2026-01-05 05:00:00,92564.3,92678.7,92322.4,92323.2,132816.185
8414,2026-01-05 06:00:00,92322.5,92800.0,88025.0,92454.4,103983.428
8415,2026-01-05 07:00:00,92454.4,92800.0,92368.2,92492.2,233045.971
8416,2026-01-05 08:00:00,92451.8,92716.1,92350.0,92437.0,151356.541
8417,2026-01-05 09:00:00,92436.0,92805.8,92307.9,92662.2,176639.516
8418,2026-01-05 10:00:00,92661.7,93300.0,92653.3,93048.9,143953.038
8419,2026-01-05 11:00:00,93048.9,93239.9,92273.1,93093.3,134142.759
8420,2026-01-05 12:00:00,93094.6,93234.2,92273.1,92748.6,147203.846
8421,2026-01-05 13:00:00,92825.4,93500.0,92404.2,92684.2,116317.021
8422,2026-01-05 14:00:00,92684.2,93569.1,92403.5,93384.0,252482.813
8423,2026-01-05 15:00:00,93384.8,93925.0,93050.0,93906.3,268840.543
8424,2026-01-05 16:00:00,93906.3,94007.9,93546.2,93646.6,185689.125
8425,2026-01-05 17:00:00,93646.9,94302.4,93229.4,94280.2,164889.747
8426,2026-01-05 18:00:00,94285.8,94700.0,93733.8,94430.1,188729.926
8427,2026-01-05 19:00:00,94430.1,94655.4,94097.7,94235.2,133910.282
8428,2026-01-05 20:00:00,94235.2,94850.0,93899.0,94104.7,198195.576
8429,2026-01-05 21:00:00,94104.7,94200.0,93650.0,94051.6,219043.718
8430,2026-01-05 22:00:00,94051.6,94337.9,93960.0,94125.2,125258.821
8431,2026-01-05 23:00:00,94125.2,94185.3,93822.3,93822.4,81804.415
8432,2026-01-06 00:00:00,93822.4,93926.3,93513.5,93768.1,157192.333
8433,2026-01-06 01:00:00,93768.1,94155.3,93630.6,93792.2,129477.322
8434,2026-01-06 02:00:00,93792.2,93889.3,93348.5,93602.7,100816.382
8435,2026-01-06 03:00:00,93602.7,93917.2,93568.3,93725.8,159752.877
8436,2026-01-06 04:00:00,93739.8,93964.3,93500.1,93780.9,109042.329
8437,2026-01-06 05:00:00,93780.9,93885.0,93526.2,93529.9,92883.473
8438,2026-01-06 06:00:00,93529.9,93883.2,93520.8,93727.6,163543.876
8439,2026-01-06 07:00:00,93727.6,93728.7,93000.0,93207.4,132103.024
8440,2026-01-06 08:00:00,93214.3,93508.0,93030.0,93220.1,53131.362
8441,2026-01-06 09:00:00,93197.1,93541.0,93188.8,93429.2,222551.303
8442,2026-01-06 10:00:00,93429.2,93607.2,93322.9,93531.8,101280.519
8443,2026-01-06 11:00:00,93531.8,93855.2,93530.5,93799.7,199334.517
8444,2026-01-06 12:00:00,93799.7,93925.0,93642.1,93861.1,123437.645
8445,2026-01-06 13:00:00,93861.0,93954.0,93611.0,93678.0,146880.117
8446,2026-01-06 14:00:00,93678.0,94500.0,93526.6,93800.7,305348.791
8447,2026-01-06 15:00:00,93796.2,94239.1,93307.1,93568.6,257957.272
8448,2026-01-06 16:00:00,93568.6,94150.0,92353.0,92640.0,235293.311
8449,2026-01-06 17:00:00,92643.0,92900.0,91536.8,91540.6,249649.849
8450,2026-01-06 18:00:00,91539.2,92461.6,91100.0,92016.7,330584.924
8451,2026-01-06 19:00:00,92008.8,92289.5,91902.2,92072.7,279513.172
8452,2026-01-06 20:00:00,92072.7,92654.1,92072.7,92480.1,173473.595
8453,2026-01-06 21:00:00,92480.1,93838.4,92358.7,93254.5,227991.882
8454,2026-01-06 22:00:00,93254.5,93510.0,92835.8,93319.9,207112.314
8455,2026-01-06 23:00:00,93319.9,93821.7,93286.2,93708.1,154799.207
8456,2026-01-07 00:00:00,93725.0,93725.0,92720.3,92720.3,223780.925
8457,2026-01-07 01:00:00,92720.3,92846.4,92350.9,92431.2,195521.98
8458,2026-01-07 02:00:00,92431.2,92995.5,92282.6,92918.9,116682.351
8459,2026-01-07 03:00:00,92918.9,93170.6,92300.0,92741.9,123722.468
8460,2026-01-07 04:00:00,92774.1,92880.5,92635.5,92789.1,76616.645
8461,2026-01-07 05:00:00,92721.1,92880.5,92357.7,92504.0,34973.888
8462,2026-01-07 06:00:00,92582.1,92880.5,92300.0,92577.5,6399.806
8463,2026-01-07 07:00:00,92707.6,92884.9,92207.0,92744.7,986.5
8464,2026-01-07 08:00:00,92381.1,92990.3,92207.0,92948.9,2306.903
8465,2026-01-07 09:00:00,92680.3,92990.3,91000.0,91681.0,12932.041
8466,2026-01-07 10:00:00,91845.0,92269.9,91000.0,91898.5,1950.413
8467,2026-01-07 11:00:00,91939.1,92273.0,91380.5,92046.6,2220.337
8468,2026-01-07 12:00:00,92046.7,92281.1,91500.0,91672.6,1090.487
8469,2026-01-07 13:00:00,91953.3,92281.1,91500.0,91860.0,1112.905
8470,2026-01-07 14:00:00,92020.3,92281.1,85122.4,85122.4,4810.936
8471,2026-01-07 15:00:00,85122.4,85122.4,85122.4,85122.4,0.0
8472,2026-01-07 16:00:00,85122.4,85122.4,85122.4,85122.4,0.0
8473,2026-01-07 17:00:00,89235.4,118244.8,85555.0,91010.1,10646.626
8474,2026-01-07 18:00:00,91264.6,92500.0,86890.2,89877.5,6364.39
8475,2026-01-07 19:00:00,90854.4,93072.4,85222.0,90843.8,5392.496
8476,2026-01-07 20:00:00,91143.6,93100.0,90790.9,90895.0,365.086
8477,2026-01-07 21:00:00,91106.5,92500.0,90791.1,91100.6,673.068
8478,2026-01-07 22:00:00,91270.3,92290.0,90600.0,91264.9,3370.644
8479,2026-01-07 23:00:00,91264.9,92252.0,90600.0,91000.0,399.977
8480,2026-01-08 00:00:00,91328.1,91686.0,90898.0,91524.0,1316.662
8481,2026-01-08 01:00:00,91504.1,92024.0,88000.0,91470.3,786.223
8482,2026-01-08 02:00:00,91740.9,91799.9,88000.0,90936.2,2422.564
8483,2026-01-08 03:00:00,90936.2,92630.1,88000.0,90680.1,4898.715
8484,2026-01-08 04:00:00,90549.8,105000.0,89000.0,90926.6,4830.363
8485,2026-01-08 05:00:00,91012.6,95859.0,90170.0,90779.0,858.662
8486,2026-01-08 06:00:00,90779.0,92765.9,88094.4,89884.1,9486.647
8487,2026-01-08 07:00:00,89884.1,90666.9,88000.0,90500.0,4089.314
8488,2026-01-08 08:00:00,90476.8,98500.0,89604.7,90339.0,1864.937
8489,2026-01-08 09:00:00,90325.9,90899.0,89843.3,90008.0,754.257
8490,2026-01-08 10:00:00,90008.1,90660.0,89500.0,90461.0,1925.025
8491,2026-01-08 11:00:00,90460.9,90555.0,89545.0,90190.4,72881.427
8492,2026-01-08 12:00:00,90190.4,90201.6,89761.0,89958.4,175240.112
8493,2026-01-08 13:00:00,89958.4,90055.4,89816.7,89930.0,118808.088
8494,2026-01-08 14:00:00,89930.0,90185.6,89158.5,90001.3,160757.529
8495,2026-01-08 15:00:00,90001.3,90888.0,89789.2,90835.8,158333.599
8496,2026-01-08 16:00:00,90775.5,90883.1,89800.0,90793.3,157995.645
8497,2026-01-08 17:00:00,90793.3,91515.5,90629.9,91349.1,137570.522
8498,2026-01-08 18:00:00,91349.0,91394.0,90949.3,91054.5,126634.592
8499,2026-01-08 19:00:00,91054.5,91248.0,90768.5,90881.7,132051.844
8500,2026-01-08 20:00:00,90881.7,90920.5,90405.5,90869.2,124793.98
8501,2026-01-08 21:00:00,90868.1,91251.8,90867.7,91220.7,98216.275
8502,2026-01-08 22:00:00,91223.1,91500.0,91020.0,91158.8,104713.73
8503,2026-01-08 23:00:00,91158.8,91272.0,91035.7,91060.3,91782.425
8504,2026-01-09 00:00:00,91061.5,91249.9,91024.5,91248.1,100064.716
8505,2026-01-09 01:00:00,91248.1,91492.4,90750.7,91017.4,92968.54
8506,2026-01-09 02:00:00,91017.4,91500.0,90975.6,90993.9,117545.594
8507,2026-01-09 03:00:00,90995.4,91226.2,90949.3,91198.7,105483.667
8508,2026-01-09 04:00:00,91198.8,91226.2,90569.0,90978.6,134063.568
8509,2026-01-09 05:00:00,90978.6,91177.0,90881.5,91058.1,101182.07
8510,2026-01-09 06:00:00,91058.2,91150.0,90961.1,91115.5,154808.105
8511,2026-01-09 07:00:00,91115.5,91147.2,90569.0,90797.3,72418.124
8512,2026-01-09 08:00:00,90741.1,90817.9,89686.2,89930.0,238516.207
8513,2026-01-09 09:00:00,89930.0,90572.3,89919.2,90294.7,151241.405
8514,2026-01-09 10:00:00,90294.7,90494.3,90075.6,90485.8,117898.067
8515,2026-01-09 11:00:00,90485.8,90626.3,90361.2,90385.0,152670.805
8516,2026-01-09 12:00:00,90384.9,90519.9,90100.0,90400.2,108903.758
8517,2026-01-09 13:00:00,90400.2,90815.2,90395.2,90625.4,180703.784
8518,2026-01-09 14:00:00,90625.4,90637.5,89932.3,90188.9,220361.571
8519,2026-01-09 15:00:00,90192.5,91949.4,89700.0,91085.5,341903.848
8520,2026-01-09 16:00:00,91085.5,91805.2,91043.5,91589.9,229068.795
8521,2026-01-09 17:00:00,91589.9,91638.7,90988.1,91391.6,202164.692
8522,2026-01-09 18:00:00,91391.6,91458.1,90339.3,90773.8,192533.896
8523,2026-01-09 19:00:00,90773.8,90773.9,90047.3,90308.3,178147.099
8524,2026-01-09 20:00:00,90361.8,90510.2,90000.0,90261.2,164834.658
8525,2026-01-09 21:00:00,90261.2,90706.0,90180.0,90503.9,155191.704
8526,2026-01-09 22:00:00,90503.9,90755.5,90320.4,90582.5,101741.4
8527,2026-01-09 23:00:00,90582.5,91000.0,90561.9,90583.6,126875.953
8528,2026-01-10 00:00:00,90583.6,90770.0,90376.0,90565.1,125055.546
8529,2026-01-10 01:00:00,90565.1,90902.0,90553.5,90615.0,83608.533
8530,2026-01-10 02:00:00,90645.5,90738.2,90561.8,90650.9,77046.179
8531,2026-01-10 03:00:00,90650.9,90774.0,90388.0,90595.6,68016.535
8532,2026-01-10 04:00:00,90595.6,90718.0,89832.6,90415.0,117625.701
8533,2026-01-10 05:00:00,90415.0,90718.0,90200.0,90570.5,81849.691
8534,2026-01-10 06:00:00,90575.1,90717.9,90210.5,90475.0,94409.467
8535,2026-01-10 07:00:00,90475.0,90718.0,90292.0,90627.1,132178.023
8536,2026-01-10 08:00:00,90627.1,90718.0,90579.5,90628.6,120186.054
8537,2026-01-10 09:00:00,90628.6,90718.0,90592.2,90714.9,71995.273
8538,2026-01-10 10:00:00,90714.9,90790.2,90588.6,90770.4,62834.828
8539,2026-01-10 11:00:00,90790.1,90790.2,90640.0,90692.8,63981.493
8540,2026-01-10 12:00:00,90692.8,90756.8,90623.5,90684.2,23544.404
8541,2026-01-10 13:00:00,90684.2,90715.1,90606.4,90620.9,34302.006
8542,2026-01-10 14:00:00,90620.9,90694.2,90499.9,90544.9,102341.912
8543,2026-01-10 15:00:00,90544.9,90715.1,90524.0,90622.7,85433.61
8544,2026-01-10 16:00:00,90622.0,90684.9,90570.0,90640.7,81516.259
8545,2026-01-10 17:00:00,90640.7,90722.9,90300.0,90510.0,86440.216
8546,2026-01-10 18:00:00,90509.9,90698.7,90300.0,90560.6,130642.429
8547,2026-01-10 19:00:00,90560.6,90688.0,90544.9,90591.3,73237.659
8548,2026-01-10 20:00:00,90591.3,90688.0,90538.0,90539.0,46084.864
8549,2026-01-10 21:00:00,90539.0,90688.0,90300.0,90469.9,85486.921
8550,2026-01-10 22:00:00,90469.9,90650.0,90350.0,90416.5,103416.975
8551,2026-01-10 23:00:00,90416.5,90650.0,90300.0,90469.7,140970.547
8552,2026-01-11 00:00:00,90470.1,90650.0,90337.7,90603.2,99920.694
8553,2026-01-11 01:00:00,90603.1,90650.0,90521.2,90597.9,87113.346
8554,2026-01-11 02:00:00,90597.9,90677.6,90579.2,90654.8,36482.288
8555,2026-01-11 03:00:00,90654.8,90695.6,90586.8,90693.6,41842.249
8556,2026-01-11 04:00:00,90693.0,90748.8,90579.2,90748.8,80389.982
8557,2026-01-11 05:00:00,90748.8,91050.0,90579.2,90730.4,93911.006
8558,2026-01-11 06:00:00,90730.4,90752.5,90521.2,90698.8,52646.468
8559,2026-01-11 07:00:00,90698.8,90708.5,90628.1,90663.9,46943.712
8560,2026-01-11 08:00:00,90663.9,90756.6,90600.0,90753.7,93354.79
8561,2026-01-11 09:00:00,90753.8,90765.6,90606.0,90689.9,95749.914
8562,2026-01-11 10:00:00,90689.9,90700.7,90626.6,90689.4,64032.892
8563,2026-01-11 11:00:00,90689.5,90700.0,90606.0,90683.5,67380.935
8564,2026-01-11 12:00:00,90667.3,90965.0,90606.0,90902.4,99362.458
8565,2026-01-11 13:00:00,90902.4,91000.0,90780.1,90812.0,93320.675
8566,2026-01-11 14:00:00,90812.0,91076.1,90800.3,91068.4,86208.814
8567,2026-01-11 15:00:00,91074.8,91093.5,90606.0,90834.1,122394.9
8568,2026-01-11 16:00:00,90834.2,91300.0,90834.1,91000.0,61599.693
8569,2026-01-11 17:00:00,91000.0,91089.4,90889.7,90944.7,26876.687
8570,2026-01-11 18:00:00,90944.8,90945.1,90606.0,90827.7,52932.08
8571,2026-01-11 19:00:00,90827.7,90941.0,90606.0,90606.0,67533.681
8572,2026-01-11 20:00:00,90644.0,90682.2,90200.0,90664.4,54313.729
8573,2026-01-11 21:00:00,90655.6,90750.0,90558.8,90723.3,31687.839
8574,2026-01-11 22:00:00,90724.2,90724.2,90266.0,90514.0,38440.92
8575,2026-01-11 23:00:00,90514.0,90930.7,90258.8,90930.7,74229.114
8576,2026-01-12 00:00:00,90913.5,91299.0,90517.6,91150.0,71528.756
8577,2026-01-12 01:00:00,91158.6,91642.3,90876.8,91362.2,113221.085
8578,2026-01-12 02:00:00,91362.2,92310.0,91353.4,92180.3,228920.24
8579,2026-01-12 03:00:00,92180.3,92467.4,91763.0,91770.6,187421.233
8580,2026-01-12 04:00:00,91770.7,92500.0,91721.8,92124.9,179335.127
8581,2026-01-12 05:00:00,92124.9,92500.0,91842.1,92066.6,116298.844
8582,2026-01-12 06:00:00,92050.0,92450.0,91764.1,91789.4,142694.027
8583,2026-01-12 07:00:00,91789.3,92450.0,91200.0,91370.1,174161.302
8584,2026-01-12 08:00:00,91370.1,91642.2,90240.6,90727.6,273093.702
8585,2026-01-12 09:00:00,90727.5,90965.0,90526.9,90640.1,186203.372
8586,2026-01-12 10:00:00,90636.3,90883.6,90240.6,90365.6,150275.333
8587,2026-01-12 11:00:00,90365.6,90883.6,90342.3,90639.0,127371.175
8588,2026-01-12 12:00:00,90639.1,90883.6,90467.7,90743.7,156616.645
8589,2026-01-12 13:00:00,90743.8,90883.6,90500.0,90597.0,191326.457
8590,2026-01-12 14:00:00,90596.8,91063.5,90117.3,90865.7,252898.207
8591,2026-01-12 15:00:00,90865.7,91584.3,90708.3,91584.3,220287.563
8592,2026-01-12 16:00:00,91584.3,92400.0,91528.3,92075.9,267226.394
8593,2026-01-12 17:00:00,92075.9,92350.0,90870.0,91465.2,277615.158
8594,2026-01-12 18:00:00,91465.1,92149.3,91360.9,91649.6,172398.911
8595,2026-01-12 19:00:00,91649.6,92300.0,91392.8,91794.8,214310.936
8596,2026-01-12 20:00:00,91794.8,91983.1,91390.5,91423.9,177618.623
8597,2026-01-12 21:00:00,91438.8,91664.7,90822.2,91002.0,232109.146
8598,2026-01-12 22:00:00,91002.0,91490.9,91001.8,91204.0,115685.439
8599,2026-01-12 23:00:00,91204.0,91272.1,91040.3,91252.5,72390.689
8600,2026-01-13 00:00:00,91252.6,91540.7,91100.9,91437.6,163990.498
8601,2026-01-13 01:00:00,91437.6,91540.7,91036.9,91157.4,107354.615
8602,2026-01-13 02:00:00,91157.4,91510.2,91075.5,91093.5,112347.953
8603,2026-01-13 03:00:00,91093.5,91540.7,91075.5,91369.2,138437.204
8604,2026-01-13 04:00:00,91369.2,91600.0,91105.9,91479.3,145379.631
8605,2026-01-13 05:00:00,91479.3,92216.9,91400.0,91872.6,201708.847
8606,2026-01-13 06:00:00,91872.6,92220.0,91782.9,92175.9,152013.519
8607,2026-01-13 07:00:00,92205.6,92208.6,91600.0,91917.1,204192.531
8608,2026-01-13 08:00:00,91917.1,92207.8,91781.5,92132.0,142175.701
8609,2026-01-13 09:00:00,92132.0,92878.7,91942.4,92239.6,195781.67
8610,2026-01-13 10:00:00,92239.6,92293.4,91987.5,92092.5,135662.642
8611,2026-01-13 11:00:00,92092.5,92291.5,91808.0,91962.0,140961.124
8612,2026-01-13 12:00:00,91962.0,92250.0,91793.0,92073.3,157346.763
8613,2026-01-13 13:00:00,92073.2,92570.1,91800.2,92012.9,167348.064
8614,2026-01-13 14:00:00,92012.9,92900.0,91792.4,92421.1,286375.259
8615,2026-01-13 15:00:00,92421.2,93345.1,92107.8,93345.1,253111.761
8616,2026-01-13 16:00:00,93343.2,94000.0,93000.0,93344.0,232834.864
8617,2026-01-13 17:00:00,93344.1,93429.2,93086.4,93190.5,195804.776
8618,2026-01-13 18:00:00,93190.5,93733.5,93086.4,93577.1,215778.001
8619,2026-01-13 19:00:00,93577.1,94300.0,93437.7,94150.1,195807.835
8620,2026-01-13 20:00:00,94166.8,94439.4,94076.8,94380.0,196596.383
8621,2026-01-13 21:00:00,94380.0,94454.3,94034.0,94035.4,109907.204
8622,2026-01-13 22:00:00,94035.4,96569.1,94034.0,95714.0,235872.779
8623,2026-01-13 23:00:00,95730.5,96038.0,95036.8,95369.7,201657.203
8624,2026-01-14 00:00:00,95363.1,95694.2,95112.9,95265.0,214597.67
8625,2026-01-14 01:00:00,95265.0,95522.0,95100.3,95255.9,212187.735
8626,2026-01-14 02:00:00,95256.0,95498.0,95050.0,95275.1,157937.275
8627,2026-01-14 03:00:00,95275.1,95800.0,95109.0,95661.1,130259.915
8628,2026-01-14 04:00:00,95660.7,95718.9,95109.0,95192.2,171368.202
8629,2026-01-14 05:00:00,95192.2,95600.0,94949.3,94967.1,97298.262
8630,2026-01-14 06:00:00,94967.1,95010.0,94604.8,94973.5,207894.988
8631,2026-01-14 07:00:00,94973.5,95179.9,94580.0,95169.6,175562.739
8632,2026-01-14 08:00:00,95169.6,95400.0,94650.0,94866.2,164205.412
8633,2026-01-14 09:00:00,94866.2,95152.0,94809.2,95051.6,99531.33
8634,2026-01-14 10:00:00,95051.5,95373.3,94650.0,95053.1,153755.173
8635,2026-01-14 11:00:00,95053.1,95066.8,93076.4,94755.4,191177.764
8636,2026-01-14 12:00:00,94755.3,95111.8,94666.4,95041.6,99357.167
8637,2026-01-14 13:00:00,95041.6,95371.3,94755.9,94963.7,129122.178
8638,2026-01-14 14:00:00,94963.6,96800.0,94943.5,96429.4,312407.407
8639,2026-01-14 15:00:00,96429.4,97190.0,96194.6,96680.3,260293.366
8640,2026-01-14 16:00:00,96681.1,97594.2,96500.0,97210.6,260633.477
8641,2026-01-14 17:00:00,97210.5,97888.0,96680.3,96895.1,286041.864
8642,2026-01-14 18:00:00,96899.6,97161.3,96262.2,96768.2,231136.217
8643,2026-01-14 19:00:00,96768.2,97777.0,96653.3,97217.3,223788.518
8644,2026-01-14 20:00:00,97216.2,97864.4,97098.5,97586.6,230178.512
8645,2026-01-14 21:00:00,97599.3,97649.1,97346.6,97515.1,166569.959
8646,2026-01-14 22:00:00,97515.1,97560.8,96747.3,96856.8,164239.869
8647,2026-01-14 23:00:00,96856.8,97302.6,96747.3,96908.0,178612.394
8648,2026-01-15 00:00:00,96891.3,96973.1,96350.0,96799.2,176236.062
8649,2026-01-15 01:00:00,96799.2,97100.0,96279.3,96402.5,162930.935
8650,2026-01-15 02:00:00,96402.5,96555.8,95632.6,96297.2,184026.23
8651,2026-01-15 03:00:00,96297.3,96500.0,95361.1,95951.3,196083.822
8652,2026-01-15 04:00:00,95951.4,96455.4,95798.7,96154.0,141895.712
8653,2026-01-15 05:00:00,96154.0,96455.4,96047.1,96386.7,193129.011
8654,2026-01-15 06:00:00,96387.2,96509.0,96047.1,96271.6,151360.847
8655,2026-01-15 07:00:00,96242.3,96771.0,96000.0,96560.7,175497.498
8656,2026-01-15 08:00:00,96560.7,96602.7,96100.0,96596.2,150419.964
8657,2026-01-15 09:00:00,96602.7,97200.0,96270.9,96999.5,160279.389
8658,2026-01-15 10:00:00,96999.5,97157.9,96698.6,96763.2,123014.619
8659,2026-01-15 11:00:00,96763.3,96855.0,96270.9,96550.0,145172.414
8660,2026-01-15 12:00:00,96550.0,97037.3,96179.0,96943.3,157597.191
8661,2026-01-15 13:00:00,96943.4,97152.4,96411.4,96801.0,177045.992
8662,2026-01-15 14:00:00,96801.0,97173.1,95572.2,96013.7,268517.323
8663,2026-01-15 15:00:00,96011.9,96800.0,95345.7,96652.6,322176.562
8664,2026-01-15 16:00:00,96683.8,96848.7,96254.7,96694.2,194786.842
8665,2026-01-15 17:00:00,96694.2,97159.0,96387.9,96587.5,215341.857
8666,2026-01-15 18:00:00,96587.4,96587.4,95594.2,95806.9,202968.835
8667,2026-01-15 19:00:00,95807.0,95890.0,95173.4,95469.2,205652.198
8668,2026-01-15 20:00:00,95469.2,95749.8,95080.1,95168.7,229146.179
8669,2026-01-15 21:00:00,95168.7,97000.0,95166.6,95550.0,114251.7
8670,2026-01-15 22:00:00,95550.0,97000.0,95180.0,95536.8,143731.405
8671,2026-01-15 23:00:00,95536.8,95693.0,95362.6,95561.0,173936.385
8672,2026-01-16 00:00:00,95543.6,95762.4,95300.0,95567.6,91143.302
8673,2026-01-16 01:00:00,95567.6,95758.4,95410.4,95623.7,117145.614
8674,2026-01-16 02:00:00,95623.7,95720.1,95300.0,95479.0,122022.667
8675,2026-01-16 03:00:00,95479.0,95720.1,95319.7,95319.7,79039.205
8676,2026-01-16 04:00:00,95319.7,95518.8,95007.0,95233.5,167243.483
8677,2026-01-16 05:00:00,95233.5,95720.1,95000.8,95615.8,132264.91
8678,2026-01-16 06:00:00,95615.8,95770.1,95000.0,95702.5,140916.901
8679,2026-01-16 07:00:00,95702.5,95708.0,95338.6,95608.2,88870.899
8680,2026-01-16 08:00:00,95608.3,95799.9,95412.0,95672.3,111927.312
8681,2026-01-16 09:00:00,95672.4,95743.0,95381.5,95583.5,124624.591
8682,2026-01-16 10:00:00,95583.5,95754.6,95000.0,95272.6,107383.58
8683,2026-01-16 11:00:00,95272.6,95728.0,95000.0,95393.0,52329.843
8684,2026-01-16 12:00:00,95393.0,95529.5,95325.5,95405.0,50076.314
8685,2026-01-16 13:00:00,95405.0,95709.9,95264.1,95399.7,97146.154
8686,2026-01-16 14:00:00,95399.7,95742.8,95050.0,95146.7,168037.089
8687,2026-01-16 15:00:00,95146.7,95799.9,94263.0,94571.7,293330.921
8688,2026-01-16 16:00:00,94571.8,95093.9,94369.5,94810.0,270899.937
8689,2026-01-16 17:00:00,94810.4,95093.9,94540.9,95083.7,210655.561
8690,2026-01-16 18:00:00,95083.8,95351.1,94978.6,94999.9,124179.654
8691,2026-01-16 19:00:00,95008.0,95008.1,94500.0,94965.7,97555.14
8692,2026-01-16 20:00:00,94965.6,95468.6,94652.0,95461.1,262547.694
8693,2026-01-16 21:00:00,95438.8,95799.9,95328.0,95469.6,121019.791
8694,2026-01-16 22:00:00,95469.7,95507.6,95212.7,95436.9,85949.507
8695,2026-01-16 23:00:00,95436.9,95700.0,95389.4,95503.7,125962.578
8696,2026-01-17 00:00:00,95503.7,95700.0,95392.8,95416.9,75023.163
8697,2026-01-17 01:00:00,95416.9,95463.8,95332.8,95344.2,20523.056
8698,2026-01-17 02:00:00,95344.1,95359.1,95049.7,95324.9,95612.513
8699,2026-01-17 03:00:00,95324.9,95344.2,95000.0,95339.1,55455.83
8700,2026-01-17 04:00:00,95339.1,95345.6,95000.0,95313.6,89397.597
8701,2026-01-17 05:00:00,95313.6,95320.0,95242.7,95250.4,3390.798
8702,2026-01-17 06:00:00,95270.5,95345.6,95000.0,95219.1,153475.759
8703,2026-01-17 07:00:00,95219.1,95801.8,95020.3,95061.1,98835.579
8704,2026-01-17 08:00:00,95046.9,95801.8,95017.1,95208.3,192227.014
8705,2026-01-17 09:00:00,95208.9,95801.8,94925.3,95219.4,191051.229
8706,2026-01-17 10:00:00,95219.4,95323.4,94925.3,95076.7,176273.388
8707,2026-01-17 11:00:00,95076.6,95316.2,95024.9,95255.0,148371.123
8708,2026-01-17 12:00:00,95255.0,95316.2,95025.0,95204.8,109692.443
8709,2026-01-17 13:00:00,95204.8,95389.8,94994.7,95389.8,89987.621
8710,2026-01-17 14:00:00,95369.9,95673.0,95334.8,95391.0,66557.934
8711,2026-01-17 15:00:00,95391.0,95750.0,95363.9,95526.9,119865.434
8712,2026-01-17 16:00:00,95526.9,95526.9,95034.0,95265.0,70595.962
8713,2026-01-17 17:00:00,95265.1,95387.5,95246.9,95307.2,33391.367
8714,2026-01-17 18:00:00,95307.2,95421.5,95275.8,95389.2,19497.635
8715,2026-01-17 19:00:00,95384.6,95389.2,95247.0,95247.1,33390.729
8716,2026-01-17 20:00:00,95258.1,95332.8,95246.9,95332.8,34897.036
8717,2026-01-17 21:00:00,95332.8,95359.5,95247.0,95272.7,22345.594
8718,2026-01-17 22:00:00,95272.7,95359.5,94642.0,95120.8,140195.623
8719,2026-01-17 23:00:00,95120.8,95359.5,95007.1,95106.9,133165.311
8720,2026-01-18 00:00:00,95106.9,95359.1,95018.0,95070.1,112969.585
8721,2026-01-18 01:00:00,95070.0,95070.1,94642.0,94928.8,65713.215
8722,2026-01-18 02:00:00,94928.9,95026.2,94642.0,94984.6,62382.226
8723,2026-01-18 03:00:00,94984.6,95359.5,94983.6,95154.9,105933.41
8724,2026-01-18 04:00:00,95154.9,95359.5,95020.3,95057.5,73234.137
8725,2026-01-18 05:00:00,95057.4,95359.5,95020.1,95154.5,73887.154
8726,2026-01-18 06:00:00,95154.5,95359.5,95020.0,95142.1,139315.829
8727,2026-01-18 07:00:00,95142.1,95222.2,94985.6,95001.7,60580.086
8728,2026-01-18 08:00:00,95014.7,95330.0,94986.6,95150.2,88629.519
8729,2026-01-18 09:00:00,95150.2,95300.2,95027.4,95233.3,176335.726
8730,2026-01-18 10:00:00,95233.3,95330.0,95027.4,95145.2,165940.521
8731,2026-01-18 11:00:00,95145.2,95359.5,95027.4,95130.9,86573.774
8732,2026-01-18 12:00:00,95130.9,95359.5,95027.4,95068.7,112819.064
8733,2026-01-18 13:00:00,95068.7,95300.0,94871.1,95105.0,125787.855
8734,2026-01-18 14:00:00,95105.0,95362.5,94898.1,94908.3,148774.959
8735,2026-01-18 15:00:00,94908.3,95066.8,94890.3,95059.8,27265.64
8736,2026-01-18 16:00:00,95057.8,95300.0,95024.1,95137.1,165981.381
8737,2026-01-18 17:00:00,95137.1,95300.0,95024.1,95189.1,158288.479
8738,2026-01-18 18:00:00,95183.1,95800.0,95024.1,95396.3,132232.791
8739,2026-01-18 19:00:00,95396.3,95470.8,95291.7,95335.6,69854.161
8740,2026-01-18 20:00:00,95335.6,95403.1,95250.0,95259.3,38381.825
8741,2026-01-18 21:00:00,95259.3,95389.7,95242.2,95386.4,38666.056
8742,2026-01-18 22:00:00,95337.7,95631.0,95337.0,95443.0,82661.537
8743,2026-01-18 23:00:00,95442.9,95443.1,93521.0,93600.1,197082.875
8744,2026-01-19 00:00:00,93600.0,93852.8,92000.0,92672.9,306051.22
8745,2026-01-19 01:00:00,92673.0,92779.3,92145.2,92527.1,195567.043
8746,2026-01-19 02:00:00,92523.3,92659.9,92128.0,92516.8,157967.17
8747,2026-01-19 03:00:00,92516.8,92740.7,92459.1,92656.7,140924.313
8748,2026-01-19 04:00:00,92656.6,92682.5,92472.2,92650.0,131052.415
8749,2026-01-19 05:00:00,92650.0,92719.9,92469.3,92471.4,174953.64
8750,2026-01-19 06:00:00,92471.4,92656.3,92360.1,92526.0,169925.389
8751,2026-01-19 07:00:00,92526.0,92971.0,92510.8,92787.9,121012.713
8752,2026-01-19 08:00:00,92787.9,93811.0,92500.0,93226.6,189507.389
8753,2026-01-19 09:00:00,93226.6,93340.6,92743.9,92997.5,155025.577
8754,2026-01-19 10:00:00,92996.7,93033.2,92743.9,93021.2,162305.801
8755,2026-01-19 11:00:00,93021.2,93433.0,92770.6,93137.0,94417.575
8756,2026-01-19 12:00:00,93137.0,93166.8,92743.9,93025.8,84045.636
8757,2026-01-19 13:00:00,93025.9,93090.5,92743.9,92992.2,97345.767
8758,2026-01-19 14:00:00,92992.3,92999.9,92705.5,92779.8,187236.453
8759,2026-01-19 15:00:00,92780.0,93031.1,92779.6,93030.3,157837.06
8760,2026-01-19 16:00:00,93030.3,93500.0,92839.9,93265.0,123759.243
8761,2026-01-19 17:00:00,93268.1,93359.8,93121.1,93198.4,147323.539
8762,2026-01-19 18:00:00,93198.4,93350.0,92753.6,93023.0,119366.104
8763,2026-01-19 19:00:00,93024.9,93109.3,92753.6,93098.0,54615.965
8764,2026-01-19 20:00:00,93098.0,93350.0,93069.7,93107.4,73699.644
8765,2026-01-19 21:00:00,93107.4,93350.0,92753.6,92983.9,91367.843
8766,2026-01-19 22:00:00,92983.8,92999.8,92408.8,92531.3,198207.137
8767,2026-01-19 23:00:00,92531.3,92706.4,92103.5,92589.7,209930.85
8768,2026-01-20 00:00:00,92589.7,92816.2,92352.9,92645.3,183543.702
8769,2026-01-20 01:00:00,92645.3,92978.3,92445.6,92681.6,179121.869
8770,2026-01-20 02:00:00,92681.6,92689.5,92355.3,92519.6,140176.631
8771,2026-01-20 03:00:00,92519.6,92600.6,92066.0,92397.0,160908.391
8772,2026-01-20 04:00:00,92406.6,92501.7,91985.9,92026.2,122182.066
8773,2026-01-20 05:00:00,92030.6,92222.7,91291.0,91596.0,197915.165
8774,2026-01-20 06:00:00,91596.0,91755.1,90748.6,90892.3,221802.559
8775,2026-01-20 07:00:00,90891.8,91436.5,90841.5,90949.9,196702.206
8776,2026-01-20 08:00:00,91132.3,91395.1,90603.4,91073.0,297471.481
8777,2026-01-20 09:00:00,91072.5,91074.3,90861.7,91007.2,94718.425
8778,2026-01-20 10:00:00,91007.2,91410.2,90928.0,91217.7,125323.59
8779,2026-01-20 11:00:00,91217.7,91410.2,91176.0,91176.1,146565.383
8780,2026-01-20 12:00:00,91176.0,91430.0,90928.0,91240.0,168387.336
8781,2026-01-20 13:00:00,91240.0,91358.2,90801.8,90900.1,130896.858
8782,2026-01-20 14:00:00,90900.1,91319.6,90311.1,90482.5,229327.915
8783,2026-01-20 15:00:00,90478.0,91000.0,89800.0,90631.8,295214.437
8784,2026-01-20 16:00:00,90629.6,90960.0,89850.0,90135.0,213685.314
8785,2026-01-20 17:00:00,90135.0,90552.3,89450.0,89734.9,242581.57
8786,2026-01-20 18:00:00,89734.9,89879.4,89407.1,89470.0,162384.44
8787,2026-01-20 19:00:00,89470.0,89750.0,89105.0,89716.1,235769.116
8788,2026-01-20 20:00:00,89716.1,89807.5,89088.8,89672.3,224773.617
8789,2026-01-20 21:00:00,89678.8,89784.4,89100.0,89495.9,125424.74
8790,2026-01-20 22:00:00,89503.5,89786.7,87967.4,88462.3,200226.913
8791,2026-01-20 23:00:00,88463.0,89786.7,87927.5,88390.6,222793.459
8792,2026-01-21 00:00:00,88400.6,88944.6,88287.9,88895.7,219526.373
8793,2026-01-21 01:00:00,88895.7,89082.8,88702.0,88995.6,105731.611
8794,2026-01-21 02:00:00,88995.6,89297.9,88951.6,89015.0,193238.135
8795,2026-01-21 03:00:00,89015.0,89550.1,89007.1,89385.0,189461.669
8796,2026-01-21 04:00:00,89385.0,89786.7,89312.8,89405.7,79612.262
8797,2026-01-21 05:00:00,89405.7,90104.6,89405.7,89895.7,195039.286
8798,2026-01-21 06:00:00,89895.7,90041.1,89437.1,89613.0,130200.701
8799,2026-01-21 07:00:00,89613.0,89725.2,89037.3,89131.5,247509.762
8800,2026-01-21 08:00:00,89127.7,89337.7,88961.3,89160.5,141509.779
8801,2026-01-21 09:00:00,89156.7,89430.1,88888.8,89055.2,124467.219
8802,2026-01-21 10:00:00,89055.3,89343.6,88900.0,89209.7,76622.088
8803,2026-01-21 11:00:00,89209.7,89344.4,88694.0,88760.6,118089.298
8804,2026-01-21 12:00:00,88760.6,88953.4,88180.6,88692.7,208142.698
8805,2026-01-21 13:00:00,88692.7,89725.7,88545.6,88695.2,192456.097
8806,2026-01-21 14:00:00,88694.0,89893.2,88579.8,89754.1,324387.586
8807,2026-01-21 15:00:00,89755.7,90500.0,89713.8,90243.2,256986.121
8808,2026-01-21 16:00:00,90243.2,90427.7,87500.0,87565.4,289561.29
8809,2026-01-21 17:00:00,87565.4,89751.4,87000.0,87911.4,269560.451
8810,2026-01-21 18:00:00,87910.2,88554.7,87500.0,88443.2,220657.509
8811,2026-01-21 19:00:00,88444.8,90531.8,88252.9,90297.4,251296.48
8812,2026-01-21 20:00:00,90314.3,90531.8,87833.5,90144.7,236134.131
8813,2026-01-21 21:00:00,90141.8,90531.8,89990.8,90199.9,121901.349
8814,2026-01-21 22:00:00,90199.9,90531.8,87833.5,89816.8,166004.985
8815,2026-01-21 23:00:00,89816.0,90099.8,88111.0,89415.7,197618.598
8816,2026-01-22 00:00:00,89415.7,90392.5,89362.3,89865.0,145270.137
8817,2026-01-22 01:00:00,89865.0,90137.9,89701.6,90080.9,90487.351
8818,2026-01-22 02:00:00,90080.9,90387.2,89845.4,89901.9,151548.431
8819,2026-01-22 03:00:00,89901.9,90116.7,88000.0,89857.9,145247.575
8820,2026-01-22 04:00:00,89857.9,90127.3,89500.0,90015.2,132486.493
8821,2026-01-22 05:00:00,90016.3,90027.0,89706.4,89914.5,28197.912
8822,2026-01-22 06:00:00,89914.5,90392.5,89706.4,90122.9,91673.613
8823,2026-01-22 07:00:00,90122.9,90145.8,89706.4,89764.3,119977.922
8824,2026-01-22 08:00:00,89764.3,90100.0,89701.9,89864.0,249428.263
8825,2026-01-22 09:00:00,89858.4,90079.8,89697.5,89986.5,55628.648
8826,2026-01-22 10:00:00,89986.5,90066.8,89932.9,90066.4,41935.519
8827,2026-01-22 11:00:00,90066.8,90109.1,89700.0,89909.6,60247.753
8828,2026-01-22 12:00:00,89909.7,90041.5,89697.8,89993.3,39577.485
8829,2026-01-22 13:00:00,89993.3,90379.1,89000.0,89548.8,119830.863
8830,2026-01-22 14:00:00,89538.7,89654.9,88432.0,89150.0,198887.782
8831,2026-01-22 15:00:00,89150.0,89307.9,88500.0,88982.3,225886.212
8832,2026-01-22 16:00:00,88982.3,89215.2,88548.9,88993.1,278429.876
8833,2026-01-22 17:00:00,88993.1,89538.0,88888.0,89497.9,249815.588
8834,2026-01-22 18:00:00,89480.6,89713.0,89084.7,89294.3,185918.011
8835,2026-01-22 19:00:00,89295.5,90150.0,89075.7,89741.2,284486.147
8836,2026-01-22 20:00:00,89741.2,89918.3,89288.6,89383.6,221728.216
8837,2026-01-22 21:00:00,89383.6,89600.6,89205.4,89211.7,129808.777
8838,2026-01-22 22:00:00,89211.7,89529.2,89157.1,89304.7,129680.311
8839,2026-01-22 23:00:00,89301.2,89631.5,89132.8,89517.6,158439.542
8840,2026-01-23 00:00:00,89511.1,89596.0,89124.0,89477.2,50980.821
8841,2026-01-23 01:00:00,89477.2,89923.0,89477.1,89887.7,99219.788
8842,2026-01-23 02:00:00,89887.9,89904.0,89453.0,89617.1,191397.096
8843,2026-01-23 03:00:00,89617.1,89892.0,89604.5,89879.9,121981.354
8844,2026-01-23 04:00:00,89879.9,90028.5,89876.8,89930.2,47082.762
8845,2026-01-23 05:00:00,89930.7,89967.1,89481.0,89586.5,100521.328
8846,2026-01-23 06:00:00,89586.5,89880.0,89255.5,89474.9,118063.571
8847,2026-01-23 07:00:00,89474.9,89634.9,89153.9,89526.7,60060.861
8848,2026-01-23 08:00:00,89526.7,89581.4,89132.1,89169.3,129819.834
8849,2026-01-23 09:00:00,89223.2,89508.5,88796.0,88940.0,140608.07
8850,2026-01-23 10:00:00,88940.1,89091.8,88855.5,89001.7,91892.873
8851,2026-01-23 11:00:00,89002.2,89500.0,88966.7,89151.1,113043.499
8852,2026-01-23 12:00:00,89151.1,89555.0,88807.1,89246.8,53062.343
8853,2026-01-23 13:00:00,89246.8,89600.0,89222.2,89292.9,119890.142
8854,2026-01-23 14:00:00,89289.1,89650.7,88663.0,88960.4,192511.211
8855,2026-01-23 15:00:00,88960.4,89790.7,88569.3,89703.1,152664.893
8856,2026-01-23 16:00:00,89703.1,90395.2,89461.7,90081.6,145097.26
8857,2026-01-23 17:00:00,90081.6,91805.0,89952.2,90575.9,192367.567
8858,2026-01-23 18:00:00,90575.9,90978.3,90452.1,90486.3,149215.399
8859,2026-01-23 19:00:00,90486.3,90489.0,89572.5,89938.3,180458.593
8860,2026-01-23 20:00:00,89938.4,90088.7,89220.0,89463.4,176424.035
8861,2026-01-23 21:00:00,89456.4,89628.2,89296.5,89301.1,90619.693
8862,2026-01-23 22:00:00,89301.2,89702.6,89294.0,89585.4,68759.081
8863,2026-01-23 23:00:00,89585.4,89585.4,89450.1,89565.2,30188.165
8864,2026-01-24 00:00:00,89565.2,89590.9,89384.7,89414.0,44838.351
8865,2026-01-24 01:00:00,89414.2,89553.0,89384.7,89512.8,42095.176
8866,2026-01-24 02:00:00,89512.8,89669.7,89512.8,89666.3,24840.303
8867,2026-01-24 03:00:00,89666.3,89893.7,89656.0,89738.5,44292.695
8868,2026-01-24 04:00:00,89738.5,89807.8,89681.1,89806.7,21092.502
8869,2026-01-24 05:00:00,89806.7,89817.4,89438.0,89738.9,15443.959
8870,2026-01-24 06:00:00,89738.9,89800.0,89610.6,89612.4,17376.688
8871,2026-01-24 07:00:00,89612.4,89648.8,89530.7,89611.5,18524.208
8872,2026-01-24 08:00:00,89611.5,89659.1,89500.0,89652.6,22654.443
8873,2026-01-24 09:00:00,89652.6,89659.1,89554.1,89575.5,1756.128
8874,2026-01-24 10:00:00,89567.4,89631.8,89500.0,89590.1,7775.78
8875,2026-01-24 11:00:00,89590.1,89617.1,84500.0,89562.2,12459.433
8876,2026-01-24 12:00:00,89562.2,89564.2,89454.4,89497.7,33953.118
8877,2026-01-24 13:00:00,89497.6,89500.0,89370.0,89375.9,12137.334
8878,2026-01-24 14:00:00,89375.9,89470.9,81111.0,89470.2,45696.161
8879,2026-01-24 15:00:00,89470.2,89470.9,89230.0,89235.0,22894.826
8880,2026-01-24 16:00:00,89238.1,89308.9,89136.7,89248.6,41982.073
8881,2026-01-24 17:00:00,89248.6,89371.6,89239.5,89365.3,30921.218
8882,2026-01-24 18:00:00,89365.3,89415.1,89349.8,89351.6,16553.736
8883,2026-01-24 19:00:00,89351.6,89351.7,89230.4,89286.1,31592.434
8884,2026-01-24 20:00:00,89286.1,89362.8,89286.0,89333.7,21540.753
8885,2026-01-24 21:00:00,89333.7,89340.1,89231.5,89340.1,43090.967
8886,2026-01-24 22:00:00,89340.1,89428.5,89257.3,89384.9,39939.972
8887,2026-01-24 23:00:00,89384.9,89397.4,89179.2,89180.8,28446.499
8888,2026-01-25 00:00:00,89179.5,89263.4,89141.1,89263.4,33177.705
8889,2026-01-25 01:00:00,89263.4,89280.4,89092.0,89139.6,42744.935
8890,2026-01-25 02:00:00,89139.6,89219.9,89092.0,89102.0,32196.545
8891,2026-01-25 03:00:00,89102.0,89141.3,85555.0,88934.5,62132.595
8892,2026-01-25 04:00:00,88941.6,89048.0,88905.7,88981.7,39099.823
8893,2026-01-25 05:00:00,88981.7,89012.9,88836.4,88966.0,54713.586
8894,2026-01-25 06:00:00,88966.0,88968.0,88639.9,88817.4,68806.848
8895,2026-01-25 07:00:00,88817.4,88817.5,88607.1,88630.3,21452.185
8896,2026-01-25 08:00:00,88630.3,88721.8,88167.1,88289.9,66209.474
8897,2026-01-25 09:00:00,88289.8,88451.0,88190.8,88361.5,87856.476
8898,2026-01-25 10:00:00,88361.5,88629.0,88358.8,88618.6,44821.557
8899,2026-01-25 11:00:00,88618.6,88666.6,88492.5,88500.0,39696.247
8900,2026-01-25 12:00:00,88500.0,88755.1,88411.0,88752.1,50758.175
8901,2026-01-25 13:00:00,88752.1,88925.7,88650.7,88875.2,56292.519
8902,2026-01-25 14:00:00,88875.2,88925.2,88591.8,88667.2,47013.581
8903,2026-01-25 15:00:00,88667.2,88722.6,88380.6,88404.2,60796.629
8904,2026-01-25 16:00:00,88404.3,88409.9,87655.3,88072.0,139252.31
8905,2026-01-25 17:00:00,88073.5,88073.5,87735.9,87840.2,116985.573
8906,2026-01-25 18:00:00,87841.1,87934.8,87018.7,87410.9,172273.233
8907,2026-01-25 19:00:00,87410.9,87452.8,86206.3,86444.8,226993.598
8908,2026-01-25 20:00:00,86457.6,86632.5,86209.1,86604.3,139821.302
8909,2026-01-25 21:00:00,86604.3,86927.9,86423.9,86538.7,143817.481
8910,2026-01-25 22:00:00,86538.7,86626.1,86183.5,86490.4,186202.014
8911,2026-01-25 23:00:00,86490.4,86745.9,86039.9,86627.6,218806.546
8912,2026-01-26 00:00:00,86627.6,87074.8,86463.3,86808.5,195208.573
8913,2026-01-26 01:00:00,86808.5,87727.6,86790.0,87597.1,207463.264
8914,2026-01-26 02:00:00,87597.5,87901.4,87426.8,87512.7,149980.716
8915,2026-01-26 03:00:00,87512.7,87619.8,87062.0,87199.9,119579.611
8916,2026-01-26 04:00:00,87197.6,89472.0,87197.6,87699.9,167742.985
8917,2026-01-26 05:00:00,87699.9,87880.8,87635.3,87822.8,136953.559
8918,2026-01-26 06:00:00,87822.9,87986.7,87716.3,87906.1,109728.49
8919,2026-01-26 07:00:00,87906.1,87981.6,87686.1,87964.1,104612.249
8920,2026-01-26 08:00:00,87964.1,88230.8,87819.9,87946.0,146909.342
8921,2026-01-26 09:00:00,87941.9,87964.7,87568.4,87620.0,107633.854
8922,2026-01-26 10:00:00,87620.0,87910.0,87619.9,87858.1,95987.025
8923,2026-01-26 11:00:00,87858.1,87940.3,87736.7,87819.8,45456.741
8924,2026-01-26 12:00:00,87819.8,87934.4,87708.6,87762.0,100121.666
8925,2026-01-26 13:00:00,87762.0,89474.6,87671.7,87917.8,78572.991
8926,2026-01-26 14:00:00,87917.8,88354.4,87460.0,88183.3,209923.577
8927,2026-01-26 15:00:00,88162.5,88786.2,87312.7,87609.5,245763.703
8928,2026-01-26 16:00:00,87609.5,87886.6,87194.3,87595.0,244338.313
8929,2026-01-26 17:00:00,87595.0,87729.1,87073.4,87699.9,190949.058
8930,2026-01-26 18:00:00,87699.9,88360.1,86990.0,88360.1,208888.552
8931,2026-01-26 19:00:00,88360.0,88463.1,87915.7,87952.3,141912.74
8932,2026-01-26 20:00:00,87965.4,88048.5,87518.4,87573.9,90028.633
8933,2026-01-26 21:00:00,87573.9,88177.3,87541.3,88026.3,117201.903
8934,2026-01-26 22:00:00,88026.3,88228.8,87959.9,88097.9,90656.871
8935,2026-01-26 23:00:00,88097.9,88619.3,88000.1,88346.5,116243.603
8936,2026-01-27 00:00:00,88346.5,88390.6,88164.5,88319.5,77930.074
8937,2026-01-27 01:00:00,88319.5,88672.6,86990.0,88523.6,104759.349
8938,2026-01-27 02:00:00,88525.8,88793.9,88520.9,88785.7,219472.484
8939,2026-01-27 03:00:00,88785.8,88834.8,82555.0,88678.0,81789.745
8940,2026-01-27 04:00:00,88676.9,88883.4,88498.9,88533.5,77698.319
8941,2026-01-27 05:00:00,88533.5,88546.0,88356.4,88424.0,54483.252
8942,2026-01-27 06:00:00,88397.1,88493.3,88259.4,88295.4,28435.775
8943,2026-01-27 07:00:00,88295.4,88514.5,88284.6,88284.6,52229.925
8944,2026-01-27 08:00:00,88284.6,88352.1,88090.5,88134.8,54435.876
8945,2026-01-27 09:00:00,88137.5,88137.6,87828.7,87852.6,62116.642
8946,2026-01-27 10:00:00,87852.6,88018.0,87727.7,87751.2,61755.162
8947,2026-01-27 11:00:00,87754.1,88038.6,87726.7,87982.0,79561.8
8948,2026-01-27 12:00:00,87980.8,88113.5,87927.9,87952.2,58977.837
8949,2026-01-27 13:00:00,87952.2,88012.6,87778.7,87945.2,57112.971
8950,2026-01-27 14:00:00,87945.1,88356.0,87636.7,87726.3,176769.229
8951,2026-01-27 15:00:00,87712.1,88154.0,87582.4,88009.1,200419.315
8952,2026-01-27 16:00:00,88011.0,88763.8,88000.2,88607.5,155785.366
8953,2026-01-27 17:00:00,88607.5,88656.7,87287.2,87510.3,198146.781
8954,2026-01-27 18:00:00,87510.4,88436.0,87416.9,88246.6,137678.021
8955,2026-01-27 19:00:00,88246.6,88508.1,87698.5,88364.2,148267.702
8956,2026-01-27 20:00:00,88364.2,89422.9,88362.7,89287.5,206178.452
8957,2026-01-27 21:00:00,89287.5,89468.8,88986.7,89004.6,124130.976
8958,2026-01-27 22:00:00,89004.6,89355.3,84000.0,89203.1,87276.308
8959,2026-01-27 23:00:00,89203.1,89479.3,89117.3,89200.0,86773.704
8960,2026-01-28 00:00:00,89200.0,89402.4,89112.0,89402.4,98380.761
8961,2026-01-28 01:00:00,89392.1,89444.6,89171.7,89376.0,91349.046
8962,2026-01-28 02:00:00,89376.0,89426.0,89072.8,89227.3,83254.96
8963,2026-01-28 03:00:00,89227.3,89258.1,88960.2,89079.9,93089.389
8964,2026-01-28 04:00:00,89079.9,89481.1,88809.4,88943.1,94893.723
8965,2026-01-28 05:00:00,88943.9,89055.2,88816.6,89051.1,80242.941
8966,2026-01-28 06:00:00,89053.8,89339.4,89050.9,89296.9,108588.633
8967,2026-01-28 07:00:00,89297.0,89339.4,89106.9,89122.2,48715.194
8968,2026-01-28 08:00:00,89122.2,89221.6,88863.7,88901.0,59272.514
8969,2026-01-28 09:00:00,88901.1,89406.8,88848.6,89406.3,90543.739
8970,2026-01-28 10:00:00,89355.2,89628.8,85000.0,89397.2,103466.258
8971,2026-01-28 11:00:00,89397.2,90087.7,89300.8,90039.4,119147.301
8972,2026-01-28 12:00:00,90080.0,90106.0,89746.1,89950.9,126666.922
8973,2026-01-28 13:00:00,89950.9,90400.6,89946.1,90192.1,161119.569
8974,2026-01-28 14:00:00,90192.1,90202.7,89432.5,89586.3,154500.219
8975,2026-01-28 15:00:00,89621.8,92004.7,89009.7,89443.0,199847.153
8976,2026-01-28 16:00:00,89443.0,89745.6,89233.4,89604.0,160446.082
8977,2026-01-28 17:00:00,89604.0,90496.8,89316.4,90142.9,124421.508
8978,2026-01-28 18:00:00,90143.0,90193.9,89384.6,89489.6,157636.536
8979,2026-01-28 19:00:00,89510.2,91550.0,88977.1,89443.4,243005.364
8980,2026-01-28 20:00:00,89446.7,89762.6,88983.0,89106.3,168888.184
8981,2026-01-28 21:00:00,89106.3,89437.8,88855.2,89369.3,131731.454
8982,2026-01-28 22:00:00,89374.8,89433.2,89100.7,89350.1,95228.687
8983,2026-01-28 23:00:00,89350.1,89426.6,89185.8,89261.7,73525.111
8984,2026-01-29 00:00:00,89190.1,89291.3,88891.8,89059.6,75873.407
8985,2026-01-29 01:00:00,89091.4,89111.9,85000.0,88561.8,123210.263
8986,2026-01-29 02:00:00,88561.8,88707.6,87691.4,87855.6,147820.467
8987,2026-01-29 03:00:00,87855.6,88184.5,87743.5,88012.4,117940.0
8988,2026-01-29 04:00:00,88005.4,88284.3,87864.6,88272.0,72450.978
8989,2026-01-29 05:00:00,88271.9,88362.5,88111.2,88149.4,53180.983
8990,2026-01-29 06:00:00,88149.4,88300.0,88111.2,88267.6,35530.353
8991,2026-01-29 07:00:00,88267.6,88385.9,88214.7,88280.2,42008.659
8992,2026-01-29 08:00:00,88280.2,88416.2,87880.0,88041.7,156719.624
8993,2026-01-29 09:00:00,88039.4,88108.9,87859.8,87862.7,64763.796
8994,2026-01-29 10:00:00,87859.8,87955.3,87819.7,87955.3,34701.825
8995,2026-01-29 11:00:00,87920.1,88016.0,87728.0,87799.2,77813.377
8996,2026-01-29 12:00:00,87799.2,88055.5,87792.1,88055.5,77698.127
8997,2026-01-29 13:00:00,88055.5,88096.8,87929.6,87993.1,18881.26
8998,2026-01-29 14:00:00,87993.1,88028.9,86988.0,86988.3,216571.926
8999,2026-01-29 15:00:00,86988.0,91000.0,84365.5,84885.3,372849.384
9000,2026-01-29 16:00:00,84885.3,85260.1,84291.2,85255.0,282018.654
9001,2026-01-29 17:00:00,85255.0,85573.4,84000.0,84188.8,265728.3
9002,2026-01-29 18:00:00,84188.8,84560.4,83413.5,83442.6,238459.534
9003,2026-01-29 19:00:00,83442.6,84219.9,83344.4,84000.0,197351.548
9004,2026-01-29 20:00:00,84000.5,84315.5,83790.0,84244.8,175700.2
9005,2026-01-29 21:00:00,84248.8,84593.1,84189.1,84489.2,123165.205
9006,2026-01-29 22:00:00,84489.2,84578.2,84295.1,84529.5,60326.776
9007,2026-01-29 23:00:00,84529.5,84689.8,84409.5,84654.0,71127.784
9008,2026-01-30 00:00:00,84654.0,84654.3,84137.9,84205.8,111366.183
9009,2026-01-30 01:00:00,84180.0,84205.8,81511.3,82443.1,270983.42
9010,2026-01-30 02:00:00,82443.1,82485.6,81149.9,82101.6,284084.528
9011,2026-01-30 03:00:00,82078.2,82663.4,80888.0,82640.9,168129.574
9012,2026-01-30 04:00:00,82640.8,83256.4,82640.8,82949.8,156151.622
9013,2026-01-30 05:00:00,82949.8,86000.0,80100.0,82915.9,159899.196
9014,2026-01-30 06:00:00,82902.1,82916.0,82036.7,82590.3,224416.179
9015,2026-01-30 07:00:00,82562.8,82998.2,82451.9,82802.5,181513.251
9016,2026-01-30 08:00:00,82800.7,87500.0,82432.2,82618.6,167124.967
9017,2026-01-30 09:00:00,82614.6,82750.0,81800.0,82326.4,148180.522
9018,2026-01-30 10:00:00,82326.4,82822.8,82169.3,82772.8,133702.888
9019,2026-01-30 11:00:00,82771.9,83199.5,82651.6,83104.8,126276.328
9020,2026-01-30 12:00:00,83104.7,83232.5,82645.8,82739.9,134920.839
9021,2026-01-30 13:00:00,82740.0,82916.1,82506.0,82697.7,178219.065
9022,2026-01-30 14:00:00,82692.2,83694.7,82643.0,83009.4,255314.113
9023,2026-01-30 15:00:00,83009.4,83532.4,82440.2,82854.4,284899.94
9024,2026-01-30 16:00:00,82850.6,83411.8,82537.8,83108.7,249694.904
9025,2026-01-30 17:00:00,83108.7,83419.9,82631.8,82964.4,272262.356
9026,2026-01-30 18:00:00,82967.0,84004.4,81881.4,83900.3,315437.685
9027,2026-01-30 19:00:00,83900.3,84519.1,83890.7,84196.1,240101.661
9028,2026-01-30 20:00:00,84196.1,84213.4,83544.8,83945.5,254756.586
9029,2026-01-30 21:00:00,83939.9,84467.7,83773.9,84328.6,196158.554
9030,2026-01-30 22:00:00,84328.6,84328.6,83880.4,84177.4,106572.509
9031,2026-01-30 23:00:00,84177.4,84231.1,83928.6,84212.0,83279.794
9032,2026-01-31 00:00:00,84212.0,84231.1,83976.5,84028.0,42340.039
9033,2026-01-31 01:00:00,84028.1,84201.0,83880.1,83958.1,68115.476
9034,2026-01-31 02:00:00,83958.1,84134.3,81100.0,84099.2,73091.278
9035,2026-01-31 03:00:00,84099.2,84237.1,83996.8,83998.0,50429.992
9036,2026-01-31 04:00:00,84013.7,84106.4,83916.7,83957.0,32900.026
9037,2026-01-31 05:00:00,83957.0,84033.2,83862.4,83961.9,28673.662
9038,2026-01-31 06:00:00,83961.9,84008.2,83619.9,83739.1,66744.497
9039,2026-01-31 07:00:00,83739.1,83786.8,83375.0,83500.1,62794.32
9040,2026-01-31 08:00:00,83501.0,83561.1,82650.1,83033.3,228178.562
9041,2026-01-31 09:00:00,83033.1,83245.0,82872.8,83070.0,151973.396
9042,2026-01-31 10:00:00,83070.4,83147.8,82900.0,83121.0,81343.477
9043,2026-01-31 11:00:00,83120.1,87500.0,82892.6,82970.4,68057.586
9044,2026-01-31 12:00:00,82970.4,83108.4,82696.0,82730.1,105989.205
9045,2026-01-31 13:00:00,82730.1,82875.3,82481.2,82727.2,102262.326
9046,2026-01-31 14:00:00,82727.2,82886.9,80904.7,81493.8,300417.828
9047,2026-01-31 15:00:00,81493.8,81715.8,81084.4,81302.4,188481.222
9048,2026-01-31 16:00:00,81302.4,81853.5,80103.6,80325.9,343656.76
9049,2026-01-31 17:00:00,80324.1,80484.0,78570.0,78852.3,370848.264
9050,2026-01-31 18:00:00,78853.6,79040.1,76785.7,77999.2,351147.536
9051,2026-01-31 19:00:00,77999.2,78362.5,77193.6,77745.9,349480.478
9052,2026-01-31 20:00:00,77745.9,78021.6,77058.2,78019.3,347823.373
9053,2026-01-31 21:00:00,78019.3,78290.8,77363.0,78221.8,247472.762
9054,2026-01-31 22:00:00,78221.8,78427.5,77960.1,78124.9,215732.653
9055,2026-01-31 23:00:00,78119.3,79140.2,78061.5,78733.1,235971.853
9056,2026-02-01 00:00:00,78733.1,79346.8,78632.4,78863.2,230667.964
9057,2026-02-01 01:00:00,78863.1,78893.9,78312.3,78490.4,202018.956
9058,2026-02-01 02:00:00,78468.3,78990.0,78357.9,78907.8,186826.669
9059,2026-02-01 03:00:00,78904.5,78955.2,78659.5,78837.0,118246.489
9060,2026-02-01 04:00:00,78836.9,79059.5,78687.7,78989.6,84899.168
9061,2026-02-01 05:00:00,78989.3,79006.4,78524.1,78592.1,142854.747
9062,2026-02-01 06:00:00,78583.9,78769.0,78243.9,78299.2,135911.432
9063,2026-02-01 07:00:00,78299.2,78621.2,77983.9,78318.1,185154.494
9064,2026-02-01 08:00:00,78318.1,78817.0,78252.6,78567.7,131865.901
9065,2026-02-01 09:00:00,78567.8,79057.0,78532.3,78970.5,104590.541
9066,2026-02-01 10:00:00,78970.5,79180.2,78153.6,78238.2,191833.027
9067,2026-02-01 11:00:00,78235.1,78823.2,78235.1,78703.4,121748.968
9068,2026-02-01 12:00:00,78703.4,78712.1,78220.4,78420.6,159636.657
9069,2026-02-01 13:00:00,78420.6,78715.3,78196.7,78275.0,130944.133
9070,2026-02-01 14:00:00,78275.2,78430.3,77235.3,78204.7,298432.494
9071,2026-02-01 15:00:00,78206.9,78219.6,76850.1,77566.5,316985.771
9072,2026-02-01 16:00:00,77545.5,77726.8,77070.2,77460.7,254929.449
9073,2026-02-01 17:00:00,77460.7,77700.0,77274.6,77692.7,199678.33
9074,2026-02-01 18:00:00,77692.7,78275.6,77691.4,77934.5,218949.07
9075,2026-02-01 19:00:00,77934.5,77995.8,76970.5,77142.5,194311.69
9076,2026-02-01 20:00:00,77142.4,77626.6,76618.5,77129.3,251243.434
9077,2026-02-01 21:00:00,77073.7,77129.3,76374.6,76473.7,372967.389
9078,2026-02-01 22:00:00,76473.7,77633.2,76448.2,77211.5,317746.265
9079,2026-02-01 23:00:00,77210.5,77448.8,75700.1,76931.5,363439.474
9080,2026-02-02 00:00:00,76931.5,78018.9,76630.2,77638.6,283364.494
9081,2026-02-02 01:00:00,77634.0,77867.9,76670.3,77483.4,347625.72
9082,2026-02-02 02:00:00,77483.4,77496.7,76430.7,76432.1,287624.883
9083,2026-02-02 03:00:00,76432.1,76508.2,74596.6,76252.6,439417.471
9084,2026-02-02 04:00:00,76250.5,76529.4,75347.8,75856.3,341614.555
9085,2026-02-02 05:00:00,75856.3,75946.6,74592.6,75511.5,360118.817
9086,2026-02-02 06:00:00,75500.0,76545.0,74909.9,76480.6,352881.848
9087,2026-02-02 07:00:00,76480.6,76812.7,76340.8,76625.5,246267.219
9088,2026-02-02 08:00:00,76655.3,77040.8,76608.8,76890.4,273543.504
9089,2026-02-02 09:00:00,76890.4,77752.8,74585.0,77624.2,264545.339
9090,2026-02-02 10:00:00,77626.3,77789.0,77444.3,77463.4,188181.653
9091,2026-02-02 11:00:00,77463.3,77906.1,77432.2,77680.8,181389.662
9092,2026-02-02 12:00:00,77680.8,86800.0,77677.9,77950.0,203312.698
9093,2026-02-02 13:00:00,77947.4,86500.0,77779.8,78212.8,194209.602
9094,2026-02-02 14:00:00,78212.0,78818.9,77609.2,77848.8,308609.959
9095,2026-02-02 15:00:00,77856.7,79235.1,77632.6,78791.5,352741.167
9096,2026-02-02 16:00:00,78791.6,79205.3,78553.2,78583.0,250481.378
9097,2026-02-02 17:00:00,78583.0,79146.7,78565.2,78936.8,212527.224
9098,2026-02-02 18:00:00,78939.9,78939.9,78348.3,78527.0,187545.259
9099,2026-02-02 19:00:00,78527.0,78630.2,78285.3,78298.2,173150.68
9100,2026-02-02 20:00:00,78297.7,78607.0,77919.3,77948.1,195043.766
9101,2026-02-02 21:00:00,77948.1,78485.7,77896.5,78476.0,181372.947
9102,2026-02-02 22:00:00,78476.0,78808.5,78475.6,78756.7,129312.659
9103,2026-02-02 23:00:00,78756.7,78894.2,77700.0,78692.5,150425.757
9104,2026-02-03 00:00:00,78692.4,79060.8,78387.5,79051.8,202780.921
9105,2026-02-03 01:00:00,79060.7,79132.3,78702.8,78980.1,181904.448
9106,2026-02-03 02:00:00,78980.2,78980.4,77786.9,77787.1,226827.338
9107,2026-02-03 03:00:00,77787.1,78836.9,77681.8,78713.0,218396.135
9108,2026-02-03 04:00:00,78713.0,78953.3,78469.2,78767.4,132907.219
9109,2026-02-03 05:00:00,78767.4,78771.3,78205.6,78209.0,153335.155
9110,2026-02-03 06:00:00,78209.0,84000.0,77914.2,78557.3,176263.874
9111,2026-02-03 07:00:00,78557.3,78855.9,78500.0,78684.8,124955.167
9112,2026-02-03 08:00:00,78680.8,78989.0,78448.5,78708.7,204532.87
9113,2026-02-03 09:00:00,78709.7,78783.8,77943.6,78355.7,203969.542
9114,2026-02-03 10:00:00,78355.7,78513.4,78039.4,78076.0,157426.347
9115,2026-02-03 11:00:00,78076.0,78295.2,77987.1,78056.6,134526.14
9116,2026-02-03 12:00:00,78056.6,78370.1,77965.9,78289.7,146854.526
9117,2026-02-03 13:00:00,78289.7,78418.2,78164.1,78239.0,128007.466
9118,2026-02-03 14:00:00,78239.0,78381.9,77142.6,77164.9,284521.947
9119,2026-02-03 15:00:00,77164.5,78136.3,77064.5,78103.3,376693.145
9120,2026-02-03 16:00:00,78099.8,78123.7,76482.2,76482.2,280403.745
9121,2026-02-03 17:00:00,76482.2,79128.0,74890.6,74890.6,362607.282
9122,2026-02-03 18:00:00,74890.6,75223.8,73130.7,73130.7,408597.416
9123,2026-02-03 19:00:00,73130.7,75200.0,72956.9,74906.7,415598.209
9124,2026-02-03 20:00:00,74906.7,76526.3,74567.9,76521.9,360733.959
9125,2026-02-03 21:00:00,76483.0,76863.2,76148.8,76199.7,226341.284
9126,2026-02-03 22:00:00,76199.8,76222.4,75416.1,75696.6,268059.145
9127,2026-02-03 23:00:00,75696.6,75932.8,75412.4,75724.9,231006.907
9128,2026-02-04 00:00:00,75724.9,76192.3,75458.7,75871.1,241772.29
9129,2026-02-04 01:00:00,75871.1,76728.6,75857.8,76392.1,222240.622
9130,2026-02-04 02:00:00,76392.1,76541.8,75727.8,75953.3,203042.13
9131,2026-02-04 03:00:00,75953.2,76849.5,75873.5,76661.2,177467.133
9132,2026-02-04 04:00:00,76661.2,76782.2,76404.4,76445.2,110116.103
9133,2026-02-04 05:00:00,76445.2,76489.8,75720.0,76247.9,117672.744
9134,2026-02-04 06:00:00,76238.3,76745.2,76238.3,76617.5,136367.006
9135,2026-02-04 07:00:00,76617.5,76626.6,76319.8,76482.7,139626.109
9136,2026-02-04 08:00:00,76470.9,76537.3,76069.7,76499.9,197736.613
9137,2026-02-04 09:00:00,76499.9,76551.9,75966.1,76069.4,159227.82
9138,2026-02-04 10:00:00,76069.4,76288.0,76057.3,76271.7,90286.573
9139,2026-02-04 11:00:00,76266.8,76271.7,75679.3,76033.5,216868.021
9140,2026-02-04 12:00:00,76063.0,76218.1,75987.2,76158.2,128370.631
9141,2026-02-04 13:00:00,76158.2,76158.2,74844.6,74844.6,228231.463
9142,2026-02-04 14:00:00,74844.6,75569.9,74253.6,74306.4,343285.536
9143,2026-02-04 15:00:00,74273.9,75179.1,73819.0,74088.1,447519.04
9144,2026-02-04 16:00:00,74088.1,74149.4,73064.7,73611.2,403104.66
9145,2026-02-04 17:00:00,73610.2,73772.0,72271.1,72550.0,427781.746
9146,2026-02-04 18:00:00,72551.2,74019.4,72256.9,73393.1,419110.191
9147,2026-02-04 19:00:00,73386.6,73950.3,73041.9,73842.4,326613.065
9148,2026-02-04 20:00:00,73842.4,74104.0,73420.9,73489.6,280850.093
9149,2026-02-04 21:00:00,73489.3,73595.8,72206.2,72776.0,284371.033
9150,2026-02-04 22:00:00,72790.0,73625.1,71945.5,72541.3,386880.122
9151,2026-02-04 23:00:00,72541.3,73479.1,72458.2,73148.9,282302.545
9152,2026-02-05 00:00:00,73148.4,73271.0,72756.0,72832.9,260175.107
9153,2026-02-05 01:00:00,72838.9,73287.3,71994.0,72387.5,351665.953
9154,2026-02-05 02:00:00,72387.5,72736.8,71295.0,71433.3,386108.438
9155,2026-02-05 03:00:00,71431.4,71758.6,71350.3,71553.8,43229.316
9156,2026-02-05 04:00:00,71553.7,73191.8,70724.8,70846.7,90875.148
9157,2026-02-05 05:00:00,70846.7,71099.9,70134.0,70690.1,350161.752
9158,2026-02-05 06:00:00,70690.4,70932.9,70452.1,70911.4,270678.487
9159,2026-02-05 07:00:00,70911.4,71536.2,70616.5,70697.8,308811.119
9160,2026-02-05 08:00:00,70696.1,71465.9,70642.2,71046.7,296470.719
9161,2026-02-05 09:00:00,71046.7,71860.8,71045.7,71517.3,239992.72
9162,2026-02-05 10:00:00,71517.4,71681.6,70665.7,70820.4,293258.995
9163,2026-02-05 11:00:00,70820.4,70986.4,69916.6,70280.0,339304.183
9164,2026-02-05 12:00:00,70280.0,70874.8,69158.3,69529.8,435980.949
9165,2026-02-05 13:00:00,69529.8,69728.7,69250.9,69656.3,300789.86
9166,2026-02-05 14:00:00,69656.3,70717.1,69340.9,69376.1,393533.121
9167,2026-02-05 15:00:00,69376.1,69468.7,65510.2,67455.0,487187.36
9168,2026-02-05 16:00:00,67455.0,68623.5,66941.9,68252.5,492706.033
9169,2026-02-05 17:00:00,68252.5,68292.0,66152.9,66158.5,546002.142
9170,2026-02-05 18:00:00,66172.9,66474.1,65382.5,66329.4,509972.619
9171,2026-02-05 19:00:00,66329.4,70927.2,45678.0,65232.7,758317.974
9172,2026-02-05 20:00:00,65232.7,73288.0,45119.9,63755.8,743454.438
9173,2026-02-05 21:00:00,63755.8,64591.0,62889.5,63208.2,631652.556
9174,2026-02-05 22:00:00,63207.4,64514.5,62740.2,63913.3,605448.612
9175,2026-02-05 23:00:00,63913.3,64841.2,62752.2,62878.9,497375.984
9176,2026-02-06 00:00:00,62880.2,63719.6,60133.2,63467.5,605138.443
9177,2026-02-06 01:00:00,63467.2,65673.2,63467.2,65555.4,569381.805
9178,2026-02-06 02:00:00,65557.4,65880.7,59000.0,64850.7,489857.016
9179,2026-02-06 03:00:00,64850.7,65053.8,63820.5,64136.6,384464.858
9180,2026-02-06 04:00:00,64136.6,65297.0,63935.9,64879.8,287815.954
9181,2026-02-06 05:00:00,64879.1,66730.6,64773.2,66365.2,396644.201
9182,2026-02-06 06:00:00,66365.8,66730.6,64388.7,64973.5,470952.997
9183,2026-02-06 07:00:00,64973.5,65444.0,64617.8,64782.6,394438.396
9184,2026-02-06 08:00:00,64784.1,65096.0,64474.9,64850.2,375334.938
9185,2026-02-06 09:00:00,64850.2,66084.2,64722.8,65762.2,414716.193
9186,2026-02-06 10:00:00,65762.2,66136.6,65552.1,65929.4,281297.035
9187,2026-02-06 11:00:00,65941.3,66628.7,65747.7,66577.9,288651.546
9188,2026-02-06 12:00:00,66565.5,66582.2,66112.1,66523.0,263627.328
9189,2026-02-06 13:00:00,66488.0,67576.0,66459.3,67275.0,398929.878
9190,2026-02-06 14:00:00,67275.0,68532.7,66613.7,68147.8,501974.921
9191,2026-02-06 15:00:00,68147.8,69038.1,67742.3,68551.0,484627.436
9192,2026-02-06 16:00:00,68551.0,70151.2,68418.0,69895.9,438172.973
9193,2026-02-06 17:00:00,69895.9,71358.2,69569.0,70776.2,447471.75
9194,2026-02-06 18:00:00,70776.2,70850.3,69337.6,69725.0,341214.199
9195,2026-02-06 19:00:00,69757.1,70826.9,69641.6,70679.1,413462.636
9196,2026-02-06 20:00:00,70670.1,71000.0,66000.0,69984.7,290265.065
9197,2026-02-06 21:00:00,69984.7,70420.0,69911.2,70305.0,228315.449
9198,2026-02-06 22:00:00,70305.1,71462.4,70248.1,71334.5,337486.898
9199,2026-02-06 23:00:00,71334.5,71683.7,70517.7,70520.7,287244.027
9200,2026-02-07 00:00:00,70524.0,70534.4,69701.1,69917.1,324650.804
9201,2026-02-07 01:00:00,69907.3,70628.5,69730.9,70440.3,234734.908
9202,2026-02-07 02:00:00,70470.2,70566.6,70132.9,70322.0,150848.072
9203,2026-02-07 03:00:00,70322.0,70870.8,70255.7,70870.8,194431.742
9204,2026-02-07 04:00:00,70870.8,71570.4,70614.9,70690.0,241072.017
9205,2026-02-07 05:00:00,70686.8,71143.9,69934.4,70070.8,213505.856
9206,2026-02-07 06:00:00,70070.8,70253.3,68761.7,68761.7,219829.109
9207,2026-02-07 07:00:00,68761.7,68991.2,67358.7,68068.0,268028.838
9208,2026-02-07 08:00:00,68070.1,71500.0,67807.0,68504.6,289224.892
9209,2026-02-07 09:00:00,68504.6,68698.8,67885.0,68085.0,272844.16
9210,2026-02-07 10:00:00,68079.9,68232.0,67596.6,67996.3,230532.877
9211,2026-02-07 11:00:00,67996.9,68111.0,67689.7,67936.9,208791.419
9212,2026-02-07 12:00:00,67951.4,69833.8,67000.0,68979.3,437954.007
9213,2026-02-07 13:00:00,68979.3,69275.6,68804.1,69013.4,283073.333
9214,2026-02-07 14:00:00,69013.4,69127.8,68407.1,68612.6,304018.092
9215,2026-02-07 15:00:00,68607.5,69627.1,68547.5,69110.7,293432.004
9216,2026-02-07 16:00:00,69108.0,69714.2,68844.1,68995.5,273684.021
9217,2026-02-07 17:00:00,68995.5,69326.3,68625.5,69154.2,253540.572
9218,2026-02-07 18:00:00,69154.2,69654.9,68981.3,69484.4,361388.26
9219,2026-02-07 19:00:00,69484.7,69528.1,69242.6,69258.0,395740.371
9220,2026-02-07 20:00:00,69247.3,73000.0,66700.0,69578.8,439568.268
9221,2026-02-07 21:00:00,69577.6,69652.9,67750.0,69418.9,303431.756
9222,2026-02-07 22:00:00,69418.9,69650.5,69290.8,69399.6,423602.622
9223,2026-02-07 23:00:00,69399.6,69419.6,68763.4,69286.4,408856.908
9224,2026-02-08 00:00:00,69286.4,69383.5,68870.9,69079.1,435151.913
9225,2026-02-08 01:00:00,69079.1,69447.1,69039.8,69345.3,463710.944
9226,2026-02-08 02:00:00,69345.5,69612.8,69150.4,69327.4,479714.842
9227,2026-02-08 03:00:00,69327.4,69382.8,69043.4,69064.8,269803.444
9228,2026-02-08 04:00:00,69066.3,69350.0,68945.9,69277.0,225019.326
9229,2026-02-08 05:00:00,69267.8,69361.2,69123.7,69186.7,204592.616
9230,2026-02-08 06:00:00,69186.7,69349.4,64383.6,69311.0,253941.994
9231,2026-02-08 07:00:00,69311.0,69657.8,64309.1,69642.6,329877.274
9232,2026-02-08 08:00:00,69642.7,72500.0,69482.3,70619.4,417262.964
9233,2026-02-08 09:00:00,70600.4,70652.0,69482.0,70177.2,317794.397
9234,2026-02-08 10:00:00,70177.2,70370.3,69849.6,70219.6,378224.455
9235,2026-02-08 11:00:00,70219.6,71102.5,70204.7,70949.8,218710.79
9236,2026-02-08 12:00:00,70947.9,73628.1,70672.6,71190.7,274172.62
9237,2026-02-08 13:00:00,71190.7,71438.1,70969.7,71438.1,244274.672
9238,2026-02-08 14:00:00,71438.1,71496.8,68000.0,71170.0,242634.672
9239,2026-02-08 15:00:00,71166.1,74841.7,68000.0,71078.1,358650.942
9240,2026-02-08 16:00:00,71090.4,71192.9,70298.4,70387.1,387870.669
9241,2026-02-08 17:00:00,70383.4,70805.3,70373.6,70741.8,340317.338
9242,2026-02-08 18:00:00,70741.8,71353.3,70738.0,71115.2,429147.316
9243,2026-02-08 19:00:00,71115.2,71474.7,71113.2,71373.8,312835.886
9244,2026-02-08 20:00:00,71374.8,71381.1,70696.5,70801.6,390657.92
9245,2026-02-08 21:00:00,70804.8,71068.9,70520.1,70683.1,380703.973
9246,2026-02-08 22:00:00,70683.1,71055.8,70626.1,71019.4,445279.449
9247,2026-02-08 23:00:00,71019.4,72208.7,70007.7,70325.7,540169.115
9248,2026-02-09 00:00:00,70327.0,70722.0,70000.0,70469.1,476830.79
9249,2026-02-09 01:00:00,70469.1,70867.7,70045.0,70327.9,507580.03
9250,2026-02-09 02:00:00,70327.9,71375.4,70177.8,70593.1,417512.985
9251,2026-02-09 03:00:00,70593.0,71348.3,70578.4,71303.9,325832.779
9252,2026-02-09 04:00:00,71306.0,71311.7,70901.3,70967.2,466009.438
9253,2026-02-09 05:00:00,70967.2,71066.1,70789.7,70932.2,397113.238
9254,2026-02-09 06:00:00,70932.2,71011.0,70360.3,70625.9,352350.186
9255,2026-02-09 07:00:00,70625.9,70811.9,70335.2,70396.7,180133.902
9256,2026-02-09 08:00:00,70396.7,70554.0,69163.1,69843.3,348626.548
9257,2026-02-09 09:00:00,69843.5,70067.8,69450.1,69582.7,409958.522
9258,2026-02-09 10:00:00,69581.2,69670.5,68408.9,68700.1,518613.81
9259,2026-02-09 11:00:00,68701.3,68973.1,68574.2,68832.0,463269.16
9260,2026-02-09 12:00:00,68832.0,70100.0,65000.0,69104.1,371364.711
9261,2026-02-09 13:00:00,69104.1,69245.8,68592.0,68600.5,391314.621
9262,2026-02-09 14:00:00,68600.5,69667.6,68386.5,69249.9,507954.797
9263,2026-02-09 15:00:00,69238.4,69768.1,68794.5,69504.3,391685.116
9264,2026-02-09 16:00:00,69506.0,70297.6,65100.0,70048.5,403626.655
9265,2026-02-09 17:00:00,70048.6,70866.2,69800.0,70572.9,391699.714
9266,2026-02-09 18:00:00,70572.9,70977.5,70055.2,70374.6,396038.892
9267,2026-02-09 19:00:00,70374.6,71006.4,70222.2,70879.2,342445.652
9268,2026-02-09 20:00:00,70879.2,71049.6,70450.1,70749.6,247184.241
9269,2026-02-09 21:00:00,70749.6,70791.2,69796.3,70376.0,235545.076
9270,2026-02-09 22:00:00,70376.0,70639.9,70266.2,70334.2,193986.812
9271,2026-02-09 23:00:00,70345.0,70542.6,70055.9,70100.1,217252.922
9272,2026-02-10 00:00:00,70081.9,70213.2,69720.3,69837.3,198062.821
9273,2026-02-10 01:00:00,69850.6,70436.9,69800.1,70371.1,253070.425
9274,2026-02-10 02:00:00,70371.1,70411.5,66000.0,70074.1,176266.926
9275,2026-02-10 03:00:00,70074.1,70098.7,69261.8,69473.3,187567.173
9276,2026-02-10 04:00:00,69457.0,69839.1,69456.9,69814.0,156270.421
9277,2026-02-10 05:00:00,69814.1,69839.1,66250.0,69415.3,191615.862
9278,2026-02-10 06:00:00,69415.3,72900.0,68703.4,68871.7,228648.974
9279,2026-02-10 07:00:00,68875.6,69117.6,68814.6,68894.0,153292.126
9280,2026-02-10 08:00:00,68894.0,69500.0,68715.2,69074.6,142240.128
9281,2026-02-10 09:00:00,69074.5,69336.9,68989.9,69112.0,117020.716
9282,2026-02-10 10:00:00,69100.0,69211.7,68917.5,68921.6,75264.234
9283,2026-02-10 11:00:00,68921.6,72000.0,66000.0,68494.2,182755.615
9284,2026-02-10 12:00:00,68480.6,68801.3,68441.6,68568.2,131165.459
9285,2026-02-10 13:00:00,68568.2,69063.1,67000.0,68968.8,173831.8
9286,2026-02-10 14:00:00,68951.0,69478.0,67914.9,68431.9,200394.96
9287,2026-02-10 15:00:00,68423.6,69500.0,68290.8,69251.6,229271.633
9288,2026-02-10 16:00:00,69251.5,69692.6,68922.1,69548.5,173962.52
9289,2026-02-10 17:00:00,69548.4,69912.0,69289.3,69868.2,155903.525
9290,2026-02-10 18:00:00,69868.2,69868.3,68657.0,68878.2,139902.4
9291,2026-02-10 19:00:00,68899.2,69227.9,68699.9,69008.9,126915.076
9292,2026-02-10 20:00:00,69003.5,69055.7,68641.2,68735.0,134622.94
9293,2026-02-10 21:00:00,68749.5,68965.0,68347.4,68629.1,112021.977
9294,2026-02-10 22:00:00,68629.0,68766.1,68568.4,68634.0,107182.16
9295,2026-02-10 23:00:00,68634.0,68804.6,68527.0,68804.5,89220.55
9296,2026-02-11 00:00:00,68804.5,69176.8,68757.3,69161.7,118587.315
9297,2026-02-11 01:00:00,69176.7,69238.4,68893.8,68960.1,127662.542
9298,2026-02-11 02:00:00,68969.9,69089.2,68592.5,68663.0,124984.656
9299,2026-02-11 03:00:00,68663.0,68699.1,68012.6,68137.0,139477.583
9300,2026-02-11 04:00:00,68137.0,68260.0,67352.7,67547.6,126959.631
9301,2026-02-11 05:00:00,67548.8,67735.5,67376.5,67390.1,117223.681
9302,2026-02-11 06:00:00,67400.2,67440.3,66568.5,66765.1,108825.045
9303,2026-02-11 07:00:00,66765.2,67206.2,66630.0,67015.8,157266.765
9304,2026-02-11 08:00:00,67015.7,67069.2,66463.2,66980.0,142635.123
9305,2026-02-11 09:00:00,66980.0,67044.2,66721.0,66805.0,122492.969
9306,2026-02-11 10:00:00,66805.0,66848.3,66376.9,66492.5,175848.747
9307,2026-02-11 11:00:00,66492.5,67039.9,66340.8,67023.9,131126.981
9308,2026-02-11 12:00:00,67023.2,67372.9,66951.3,67112.7,125316.591
9309,2026-02-11 13:00:00,67112.6,67457.8,66770.3,67409.0,213374.893
9310,2026-02-11 14:00:00,67409.0,71500.0,65000.0,66573.5,229074.585
9311,2026-02-11 15:00:00,66573.7,66739.9,65744.2,66497.1,223028.889
9312,2026-02-11 16:00:00,66496.7,67800.0,65980.4,66018.3,184526.778
9313,2026-02-11 17:00:00,66011.0,66856.5,65909.2,66508.4,229243.069
9314,2026-02-11 18:00:00,66508.0,67252.3,66165.6,67234.0,200196.273
9315,2026-02-11 19:00:00,67239.1,67780.3,67085.0,67547.7,193813.326
9316,2026-02-11 20:00:00,67544.7,67682.9,67166.7,67568.2,157195.066
9317,2026-02-11 21:00:00,67568.2,68230.1,67451.3,67817.3,164025.827
9318,2026-02-11 22:00:00,67807.8,67823.9,65200.0,67445.3,163290.432
9319,2026-02-11 23:00:00,67416.4,67491.3,66768.2,67011.5,145566.272
9320,2026-02-12 00:00:00,67011.5,67640.0,67003.0,67454.9,126230.01
9321,2026-02-12 01:00:00,67454.9,67995.0,67449.4,67668.4,154842.34
9322,2026-02-12 02:00:00,67668.4,67702.1,67407.8,67410.5,129778.145
9323,2026-02-12 03:00:00,67410.5,67553.5,67322.4,67552.1,79716.108
9324,2026-02-12 04:00:00,67551.8,67629.1,66984.1,66985.1,144084.023
9325,2026-02-12 05:00:00,66984.1,67142.0,66653.1,67097.0,146638.487
9326,2026-02-12 06:00:00,67091.1,67295.1,67005.6,67088.0,111054.882
9327,2026-02-12 07:00:00,67075.3,67263.1,66928.0,67181.5,117509.066
9328,2026-02-12 08:00:00,67184.3,67279.8,66892.4,67098.8,131859.034
9329,2026-02-12 09:00:00,67098.8,67647.2,66905.0,67532.5,117436.575
9330,2026-02-12 10:00:00,67531.2,67915.0,67397.6,67915.0,142289.917
9331,2026-02-12 11:00:00,67915.0,68209.7,67726.3,68076.9,123200.163
9332,2026-02-12 12:00:00,68074.9,68112.4,67700.0,67822.7,119506.217
9333,2026-02-12 13:00:00,67824.9,68319.3,67661.3,68312.7,137341.405
9334,2026-02-12 14:00:00,68312.8,68319.3,67480.7,67621.3,206803.694
9335,2026-02-12 15:00:00,67625.7,67947.1,67050.0,67051.0,236465.715
9336,2026-02-12 16:00:00,67051.0,67392.3,65611.3,65780.4,218205.245
9337,2026-02-12 17:00:00,65780.3,66165.8,65371.0,65371.0,233537.756
9338,2026-02-12 18:00:00,65371.0,65725.5,65101.8,65538.4,186738.535
9339,2026-02-12 19:00:00,65552.3,66063.7,65300.0,65812.7,179237.606
9340,2026-02-12 20:00:00,65775.2,65987.2,65220.9,65403.6,167759.422
9341,2026-02-12 21:00:00,65416.0,65842.7,65401.7,65794.4,154555.974
9342,2026-02-12 22:00:00,65794.6,66316.1,63000.0,66281.7,193392.583
9343,2026-02-12 23:00:00,66281.7,66430.6,66173.1,66266.6,121403.89
9344,2026-02-13 00:00:00,66263.9,66464.3,65862.0,65938.5,156211.582
9345,2026-02-13 01:00:00,65938.5,66553.9,65914.0,66393.7,145036.157
9346,2026-02-13 02:00:00,66393.7,66672.3,66357.8,66660.8,123619.013
9347,2026-02-13 03:00:00,66660.8,66819.9,66442.6,66442.6,106025.82
9348,2026-02-13 04:00:00,66468.0,66612.3,66296.5,66301.7,116236.668
9349,2026-02-13 05:00:00,66301.7,66444.6,66190.1,66190.1,123511.117
9350,2026-02-13 06:00:00,66190.1,66341.7,66011.1,66330.4,85902.156
9351,2026-02-13 07:00:00,66330.3,66519.8,66045.1,66181.8,142970.092
9352,2026-02-13 08:00:00,66183.2,66686.7,66140.4,66626.7,139461.307
9353,2026-02-13 09:00:00,66626.6,66988.5,66580.2,66920.3,129849.817
9354,2026-02-13 10:00:00,66920.3,67046.1,66599.0,66948.4,88131.287
9355,2026-02-13 11:00:00,66948.4,67157.9,66768.1,67136.8,97622.279
9356,2026-02-13 12:00:00,67136.8,67160.9,66923.5,67050.1,83235.144
9357,2026-02-13 13:00:00,67051.5,67489.7,66922.0,67261.5,155952.749
9358,2026-02-13 14:00:00,67261.5,67963.6,66888.2,67693.4,206584.056
9359,2026-02-13 15:00:00,67674.3,69213.0,67663.3,68620.0,252010.529
9360,2026-02-13 16:00:00,68619.8,69313.0,68514.8,68920.9,191311.942
9361,2026-02-13 17:00:00,68922.0,69169.2,68628.2,69003.9,145790.671
9362,2026-02-13 18:00:00,69003.8,69315.0,68901.7,69076.1,157337.085
9363,2026-02-13 19:00:00,69080.9,69175.4,63830.0,68967.6,109987.88
9364,2026-02-13 20:00:00,68967.6,68969.5,68662.4,68708.5,123581.633
9365,2026-02-13 21:00:00,68708.4,69025.0,68662.4,68850.8,116087.621
9366,2026-02-13 22:00:00,68784.3,68953.7,68726.3,68927.7,115118.196
9367,2026-02-13 23:00:00,68927.7,68946.5,68831.4,68869.4,41642.682
9368,2026-02-14 00:00:00,68874.8,69082.0,68764.2,69047.1,80002.463
9369,2026-02-14 01:00:00,69047.1,69068.9,68893.1,68939.6,54050.328
9370,2026-02-14 02:00:00,68938.5,68968.3,68846.1,68861.3,42521.556
9371,2026-02-14 03:00:00,68860.0,68950.0,68818.0,68947.9,21808.079
9372,2026-02-14 04:00:00,68947.6,68949.8,68770.1,68770.6,43131.207
9373,2026-02-14 05:00:00,68770.6,68866.7,68742.1,68742.1,24229.717
9374,2026-02-14 06:00:00,68744.8,68884.7,68730.0,68884.6,30723.497
9375,2026-02-14 07:00:00,68884.6,69287.1,68858.9,69182.1,66449.068
9376,2026-02-14 08:00:00,69188.2,69783.1,69047.8,69707.4,146532.307
9377,2026-02-14 09:00:00,69707.3,69832.1,69559.6,69695.1,77480.597
9378,2026-02-14 10:00:00,69690.1,69695.1,69559.5,69633.8,21973.631
9379,2026-02-14 11:00:00,69633.8,70440.4,69633.7,70440.4,165563.495
9380,2026-02-14 12:00:00,70440.4,70444.6,68730.0,69731.3,96601.132
9381,2026-02-14 13:00:00,69752.6,69792.0,69190.0,69400.9,95250.157
9382,2026-02-14 14:00:00,69400.8,69788.0,69339.5,69701.1,116593.105
9383,2026-02-14 15:00:00,69726.5,69965.0,69531.5,69722.9,95762.32
9384,2026-02-14 16:00:00,69722.9,69776.8,69267.2,69711.2,125218.7
9385,2026-02-14 17:00:00,69711.2,71500.0,66292.0,69692.7,103596.334
9386,2026-02-14 18:00:00,69694.1,69815.5,69668.1,69727.6,61099.077
9387,2026-02-14 19:00:00,69727.6,69864.1,69607.7,69843.7,77125.554
9388,2026-02-14 20:00:00,69844.1,69987.5,69780.2,69987.5,70321.402
9389,2026-02-14 21:00:00,69987.5,70196.9,69645.6,69883.9,96784.18
9390,2026-02-14 22:00:00,69872.6,70000.0,69280.0,69929.2,73028.799
9391,2026-02-14 23:00:00,69929.2,69975.9,69707.1,69771.0,60014.134
9392,2026-02-15 00:00:00,69777.3,69799.3,69607.8,69760.0,72192.451
9393,2026-02-15 01:00:00,69760.0,69846.0,69366.0,69656.9,115916.359
9394,2026-02-15 02:00:00,69656.9,69697.1,69375.5,69507.9,86006.802
9395,2026-02-15 03:00:00,69519.3,69960.1,69266.4,69920.7,83289.052
9396,2026-02-15 04:00:00,69922.4,70483.2,69920.7,70116.0,112323.09
9397,2026-02-15 05:00:00,70105.8,70418.0,67500.0,70250.0,93369.13
9398,2026-02-15 06:00:00,70247.8,70490.2,70161.9,70370.2,74820.492
9399,2026-02-15 07:00:00,70370.9,70823.4,70283.0,70746.9,112896.768
9400,2026-02-15 08:00:00,70746.9,70889.4,70160.9,70404.9,117662.979
9401,2026-02-15 09:00:00,70404.9,70593.5,70360.2,70385.1,73079.345
9402,2026-02-15 10:00:00,70382.5,70470.3,70213.6,70391.4,104585.212
9403,2026-02-15 11:00:00,70391.4,70475.4,70246.5,70268.7,53420.692
9404,2026-02-15 12:00:00,70269.2,70343.4,66292.0,69297.0,114861.693
9405,2026-02-15 13:00:00,69297.0,69559.7,68792.9,68904.9,144468.459
9406,2026-02-15 14:00:00,68901.3,69136.1,68877.7,69105.8,92273.395
9407,2026-02-15 15:00:00,69105.8,69190.5,68858.8,69042.3,87469.885
9408,2026-02-15 16:00:00,69042.3,69051.7,68790.0,68981.3,71424.752
9409,2026-02-15 17:00:00,68981.3,70850.0,67000.0,68618.9,112575.621
9410,2026-02-15 18:00:00,68618.9,68848.1,68345.7,68412.5,160075.818
9411,2026-02-15 19:00:00,68412.5,68503.4,68067.3,68275.8,133475.522
9412,2026-02-15 20:00:00,68275.7,68502.2,68144.1,68418.2,99656.39
9413,2026-02-15 21:00:00,68418.2,68872.2,68375.1,68862.6,121717.155
9414,2026-02-15 22:00:00,68862.6,69017.6,68776.4,68904.3,90504.484
9415,2026-02-15 23:00:00,68904.3,68915.2,68314.8,68793.3,147110.104
9416,2026-02-16 00:00:00,68793.3,70402.1,68696.9,68827.2,118243.682
9417,2026-02-16 01:00:00,68827.2,68941.2,68462.9,68590.8,126019.653
9418,2026-02-16 02:00:00,68590.8,68688.0,68231.9,68295.1,121955.888
9419,2026-02-16 03:00:00,68294.1,68409.9,68140.1,68387.9,104911.771
9420,2026-02-16 04:00:00,68388.0,68832.7,68382.2,68832.7,96673.161
9421,2026-02-16 05:00:00,68832.7,68834.9,68279.5,68367.7,102813.937
9422,2026-02-16 06:00:00,68367.7,68473.0,68220.0,68434.6,54169.142
9423,2026-02-16 07:00:00,68434.6,68630.9,68359.7,68545.5,84031.43
9424,2026-02-16 08:00:00,68517.6,68729.1,68517.6,68727.4,73268.951
9425,2026-02-16 09:00:00,68727.4,69000.0,68564.3,68959.9,73979.276
9426,2026-02-16 10:00:00,68959.9,68960.1,68691.0,68777.4,65560.21
9427,2026-02-16 11:00:00,68777.4,68829.8,68343.8,68828.0,77098.938
9428,2026-02-16 12:00:00,68828.4,69766.1,68783.3,69746.0,128999.873
9429,2026-02-16 13:00:00,69746.1,70004.2,68230.8,68363.3,196092.319
9430,2026-02-16 14:00:00,68374.6,68591.4,68268.6,68400.1,124247.257
9431,2026-02-16 15:00:00,68400.2,68528.8,67295.5,67511.6,155124.797
9432,2026-02-16 16:00:00,67511.7,67890.9,67487.3,67837.9,112894.418
9433,2026-02-16 17:00:00,67837.8,68220.0,67300.0,67922.9,122851.136
9434,2026-02-16 18:00:00,67922.9,68180.3,67826.6,67832.8,100107.062
9435,2026-02-16 19:00:00,67832.9,68047.7,67806.0,67921.9,97216.844
9436,2026-02-16 20:00:00,67935.7,68483.7,67823.4,68483.7,145629.504
9437,2026-02-16 21:00:00,68483.6,68875.7,68409.6,68875.6,105137.696
9438,2026-02-16 22:00:00,68875.6,68875.7,68513.7,68585.3,114652.85
9439,2026-02-16 23:00:00,68585.3,68947.2,68518.5,68860.3,106622.624
9440,2026-02-17 00:00:00,68860.2,74850.8,68670.7,68842.1,121223.246
9441,2026-02-17 01:00:00,68842.3,68949.3,68569.9,68600.0,117036.557
9442,2026-02-17 02:00:00,68638.2,69130.8,68393.4,68827.7,132548.405
9443,2026-02-17 03:00:00,68840.0,68940.2,68446.4,68446.4,97151.741
9444,2026-02-17 04:00:00,68446.4,68637.3,68261.7,68449.7,92900.299
9445,2026-02-17 05:00:00,68449.7,72381.0,67909.2,68207.3,123209.126
9446,2026-02-17 06:00:00,68205.6,68459.9,68202.2,68381.0,74135.08
9447,2026-02-17 07:00:00,68381.0,68435.2,68174.0,68350.6,107958.547
9448,2026-02-17 08:00:00,68350.2,68435.2,68115.0,68147.3,76977.045
9449,2026-02-17 09:00:00,68149.9,68400.0,66300.0,68105.1,96108.39
9450,2026-02-17 10:00:00,68109.9,68133.5,67714.8,67810.2,94143.631
9451,2026-02-17 11:00:00,67795.6,70000.0,67699.2,67858.0,104377.391
9452,2026-02-17 12:00:00,67852.1,68238.8,67821.0,67887.3,120144.687
9453,2026-02-17 13:00:00,67887.4,68303.0,67742.3,68099.4,134991.564
9454,2026-02-17 14:00:00,68095.7,68287.1,66727.8,66851.0,197487.61
9455,2026-02-17 15:00:00,66853.1,67365.3,66678.3,67335.6,197727.053
9456,2026-02-17 16:00:00,67346.6,68074.3,67100.0,67473.3,177830.427
9457,2026-02-17 17:00:00,67473.4,67669.8,66928.9,67205.8,181107.322
9458,2026-02-17 18:00:00,67205.7,68102.6,67105.8,68074.2,155181.466
9459,2026-02-17 19:00:00,68072.6,68156.7,67764.1,67766.1,116514.138
9460,2026-02-17 20:00:00,67766.1,67877.2,67519.2,67713.2,123189.922
9461,2026-02-17 21:00:00,67713.2,67862.9,67520.1,67640.9,90352.558
9462,2026-02-17 22:00:00,67640.8,67749.9,67497.5,67510.6,97335.893
9463,2026-02-17 23:00:00,67498.1,67546.0,67386.8,67475.9,72994.553
9464,2026-02-18 00:00:00,67474.1,67577.8,67269.9,67270.0,81287.618
9465,2026-02-18 01:00:00,67276.7,67342.4,66884.7,67137.2,125381.761
9466,2026-02-18 02:00:00,67137.2,67372.7,67132.1,67298.0,87311.25
9467,2026-02-18 03:00:00,67324.1,67635.7,67297.9,67619.4,119066.245
9468,2026-02-18 04:00:00,67635.6,67814.3,67479.8,67790.9,86465.933
9469,2026-02-18 05:00:00,67790.9,67877.5,67591.9,67617.7,84178.364
9470,2026-02-18 06:00:00,67608.5,67904.0,67597.3,67810.1,90679.13
9471,2026-02-18 07:00:00,67810.0,68157.8,67663.0,68101.6,106114.232
9472,2026-02-18 08:00:00,68129.8,68421.0,68066.7,68099.4,114782.819
9473,2026-02-18 09:00:00,68099.9,68232.2,66310.0,68132.9,83748.546
9474,2026-02-18 10:00:00,68133.0,68151.4,67742.1,67759.4,82402.96
9475,2026-02-18 11:00:00,67759.3,67767.9,67102.4,67348.8,109450.838
9476,2026-02-18 12:00:00,67348.8,67630.9,67348.8,67430.4,109782.872
9477,2026-02-18 13:00:00,67430.5,67546.7,67089.6,67194.2,69727.69
9478,2026-02-18 14:00:00,67194.2,67325.4,66701.7,67156.4,110946.603
9479,2026-02-18 15:00:00,67157.4,68299.1,66500.0,67671.8,153584.64
9480,2026-02-18 16:00:00,67671.9,67675.5,66980.5,67123.2,156767.97
9481,2026-02-18 17:00:00,67110.5,67423.8,67038.8,67148.4,121299.002
9482,2026-02-18 18:00:00,67148.3,67184.9,66273.6,66319.9,135853.882
9483,2026-02-18 19:00:00,66293.8,66521.1,65852.7,66163.0,174515.979
9484,2026-02-18 20:00:00,66175.4,66485.8,66117.7,66234.6,122307.718
9485,2026-02-18 21:00:00,66234.6,66422.2,66080.1,66302.9,108122.795
9486,2026-02-18 22:00:00,66302.9,66419.1,66211.9,66419.0,79280.066
9487,2026-02-18 23:00:00,66419.0,66460.3,66258.3,66412.5,81530.201
9488,2026-02-19 00:00:00,66436.0,66557.3,66326.3,66410.8,77965.203
9489,2026-02-19 01:00:00,66410.9,66840.2,66225.0,66834.0,96371.679
9490,2026-02-19 02:00:00,66834.1,66919.4,66617.5,66828.7,93132.051
9491,2026-02-19 03:00:00,66833.1,66929.0,66734.0,66929.0,86991.568
9492,2026-02-19 04:00:00,66929.0,67005.3,64500.0,66811.3,103878.744
9493,2026-02-19 05:00:00,66811.3,66844.6,66675.0,66842.4,78940.74
9494,2026-02-19 06:00:00,66844.1,67183.7,66842.4,67116.4,82182.889
9495,2026-02-19 07:00:00,67116.4,67242.9,65000.0,67176.0,78375.975
9496,2026-02-19 08:00:00,67176.1,67176.1,66815.8,66909.7,99657.177
9497,2026-02-19 09:00:00,66916.7,67145.4,66738.8,66849.3,100053.913
9498,2026-02-19 10:00:00,66828.6,67094.7,59927.2,66810.7,87720.833
9499,2026-02-19 11:00:00,66810.8,66889.0,65820.0,66468.7,81488.481
9500,2026-02-19 12:00:00,66467.0,66632.3,66329.7,66489.6,102103.065
9501,2026-02-19 13:00:00,66489.5,66504.1,65810.9,65883.1,153868.917
9502,2026-02-19 14:00:00,65878.8,66583.5,65623.7,66343.0,182716.674
9503,2026-02-19 15:00:00,66338.8,66642.4,65961.4,66373.8,201909.881
9504,2026-02-19 16:00:00,66372.0,66479.9,65904.3,66289.3,165660.413
9505,2026-02-19 17:00:00,66289.3,66973.2,66159.2,66337.4,153987.267
9506,2026-02-19 18:00:00,66337.5,67018.7,66244.8,67005.9,172657.265
9507,2026-02-19 19:00:00,67008.2,67127.3,66694.8,67014.9,154131.241
9508,2026-02-19 20:00:00,67014.9,67120.1,66861.7,67076.0,101466.965
9509,2026-02-19 21:00:00,67076.0,67124.5,66872.6,66880.1,53892.671
9510,2026-02-19 22:00:00,66880.6,66936.7,66634.9,66919.0,101176.715
9511,2026-02-19 23:00:00,66911.6,66974.4,66795.8,66956.8,60478.298
9512,2026-02-20 00:00:00,66956.8,67364.9,66925.6,67216.6,105963.274
9513,2026-02-20 01:00:00,67191.6,67370.0,67133.6,67248.3,73052.998
9514,2026-02-20 02:00:00,67248.4,67314.6,67156.9,67250.2,51064.318
9515,2026-02-20 03:00:00,67263.5,67446.4,67233.3,67335.0,72059.182
9516,2026-02-20 04:00:00,67346.2,67355.8,64230.0,67235.0,83774.506
9517,2026-02-20 05:00:00,67233.5,68000.0,67177.2,67755.2,127343.602
9518,2026-02-20 06:00:00,67755.1,67856.6,67660.0,67809.4,67387.323
9519,2026-02-20 07:00:00,67826.0,67928.8,67763.2,67785.4,74516.72
9520,2026-02-20 08:00:00,67785.4,67900.9,67735.5,67843.8,71243.384
9521,2026-02-20 09:00:00,67843.8,68171.9,67843.1,68171.9,65876.827
9522,2026-02-20 10:00:00,68171.9,68245.3,67890.2,67899.5,67696.381
9523,2026-02-20 11:00:00,67899.8,67930.9,67262.7,67269.0,102142.824
9524,2026-02-20 12:00:00,67262.7,71500.0,63000.0,67487.4,124586.072
9525,2026-02-20 13:00:00,67464.8,67487.6,66495.4,66787.3,149713.909
9526,2026-02-20 14:00:00,66784.8,67198.5,66643.9,67025.2,148996.236
9527,2026-02-20 15:00:00,67025.2,68232.0,66634.4,67509.9,231095.866
9528,2026-02-20 16:00:00,67509.9,67841.8,67268.4,67787.6,172557.553
9529,2026-02-20 17:00:00,67787.6,67788.8,66968.3,67582.2,173884.263
9530,2026-02-20 18:00:00,67582.0,67950.0,67330.6,67901.0,168153.88
9531,2026-02-20 19:00:00,67900.7,67952.7,67536.6,67616.8,127887.988
9532,2026-02-20 20:00:00,67624.1,67795.9,67549.9,67707.6,94276.537
9533,2026-02-20 21:00:00,67707.6,67787.5,67606.9,67787.5,60853.92
9534,2026-02-20 22:00:00,67787.5,68053.5,67624.4,68048.4,130604.651
9535,2026-02-20 23:00:00,68046.5,68180.2,67895.0,67990.2,79485.195
9536,2026-02-21 00:00:00,67996.0,68006.8,67784.9,67805.2,51453.786
9537,2026-02-21 01:00:00,67805.6,67964.7,67784.9,67929.7,25920.559
9538,2026-02-21 02:00:00,67929.7,68052.4,67885.1,67970.3,51029.133
9539,2026-02-21 03:00:00,67968.9,67982.8,67523.1,67624.2,72193.224
9540,2026-02-21 04:00:00,67616.7,68000.7,67577.4,67784.4,62976.634
9541,2026-02-21 05:00:00,67784.5,67845.5,67769.9,67827.2,15082.193
9542,2026-02-21 06:00:00,67813.6,67883.8,67729.7,67760.2,31815.559
9543,2026-02-21 07:00:00,67760.2,67829.8,67578.0,67808.9,15516.473
9544,2026-02-21 08:00:00,67806.5,68023.6,67790.4,68016.8,39823.594
9545,2026-02-21 09:00:00,68016.8,68239.3,67945.2,68115.7,71635.37
9546,2026-02-21 10:00:00,68115.7,68212.0,68114.0,68177.4,35370.529
9547,2026-02-21 11:00:00,68157.6,68231.5,68060.1,68060.9,49041.097
9548,2026-02-21 12:00:00,68060.1,68166.5,67900.6,68166.5,82541.6
9549,2026-02-21 13:00:00,68149.9,68210.7,68088.0,68210.7,30083.771
9550,2026-02-21 14:00:00,68210.7,68534.4,68172.9,68443.0,50165.012
9551,2026-02-21 15:00:00,68443.0,68640.5,65000.0,68588.2,59483.995
9552,2026-02-21 16:00:00,68574.1,68595.0,68109.9,68320.2,76597.732
9553,2026-02-21 17:00:00,68320.2,68399.9,68162.1,68399.9,51301.379
9554,2026-02-21 18:00:00,68399.9,68593.8,68367.0,68547.5,54907.27
9555,2026-02-21 19:00:00,68523.9,68612.3,68496.5,68505.8,31892.647
9556,2026-02-21 20:00:00,68505.8,70662.0,63435.4,68319.7,92400.991
9557,2026-02-21 21:00:00,68319.7,68335.3,68174.4,68335.0,29888.456
9558,2026-02-21 22:00:00,68335.0,68368.9,67923.6,67948.3,85416.824
9559,2026-02-21 23:00:00,67948.3,68071.6,67912.6,67946.9,45630.027
9560,2026-02-22 00:00:00,67946.9,68003.9,67809.1,67899.1,53125.453
9561,2026-02-22 01:00:00,67895.4,68134.1,67895.0,68103.1,72436.655
9562,2026-02-22 02:00:00,68103.2,68169.2,67863.2,67871.4,64293.413
9563,2026-02-22 03:00:00,67871.4,68026.4,67800.0,68020.6,41274.818
9564,2026-02-22 04:00:00,67978.3,68040.5,67936.6,67950.1,26244.784
9565,2026-02-22 05:00:00,67950.1,67972.5,67700.0,67940.4,59161.186
9566,2026-02-22 06:00:00,67940.4,68123.2,67930.9,68030.0,42582.093
9567,2026-02-22 07:00:00,68030.0,68053.8,67973.0,67980.8,34181.244
9568,2026-02-22 08:00:00,67980.8,67981.0,67883.6,67950.1,38371.635
9569,2026-02-22 09:00:00,67950.1,68061.0,67935.0,68038.5,44975.988
9570,2026-02-22 10:00:00,68040.7,68107.6,67983.1,68107.0,17121.619
9571,2026-02-22 11:00:00,68107.0,68200.0,68098.2,68174.1,35840.216
9572,2026-02-22 12:00:00,68157.3,68174.1,67854.0,67906.3,66825.352
9573,2026-02-22 13:00:00,67902.2,67998.4,66293.4,67665.5,245433.694
9574,2026-02-22 14:00:00,67642.9,67700.0,66000.0,67415.4,716774.088
9575,2026-02-22 15:00:00,67423.6,67783.9,67000.0,67673.2,526344.521
9576,2026-02-22 16:00:00,67673.2,67696.2,67111.0,67605.9,684408.136
9577,2026-02-22 17:00:00,67605.9,67709.5,63800.0,67346.3,899052.141
9578,2026-02-22 18:00:00,67346.4,67702.1,66151.2,67402.2,862560.208
9579,2026-02-22 19:00:00,67402.2,67794.0,66000.0,67476.0,843450.285
9580,2026-02-22 20:00:00,67402.1,67784.0,66000.0,67374.9,861521.881
9581,2026-02-22 21:00:00,67374.9,67784.0,66300.0,67543.1,796285.547
9582,2026-02-22 22:00:00,67582.5,67784.0,66666.0,67641.8,574718.069
9583,2026-02-22 23:00:00,67641.8,67700.8,66440.0,67642.4,743684.465
9584,2026-02-23 00:00:00,67642.4,67649.8,66250.0,66721.0,672363.513
9585,2026-02-23 01:00:00,66721.0,67644.5,56452.3,64480.9,723207.692
9586,2026-02-23 02:00:00,64469.1,65000.0,64313.6,64735.6,111695.903
9587,2026-02-23 03:00:00,64735.6,65199.0,64715.2,64936.6,21529.092
9588,2026-02-23 04:00:00,64936.6,64981.9,64658.7,64777.2,115279.623
9589,2026-02-23 05:00:00,64773.1,65126.5,64772.8,65030.7,77264.974
9590,2026-02-23 06:00:00,65030.7,65728.8,62000.0,65722.0,167393.167
9591,2026-02-23 07:00:00,65728.8,65960.5,65650.0,65915.8,102089.03
9592,2026-02-23 08:00:00,65922.9,65923.0,65546.2,65649.4,82242.612
9593,2026-02-23 09:00:00,65650.0,66399.9,65649.4,66399.9,109885.066
9594,2026-02-23 10:00:00,66374.9,66469.7,66227.4,66297.1,69606.885
9595,2026-02-23 11:00:00,66297.1,66413.3,66104.0,66168.7,75233.602
9596,2026-02-23 12:00:00,66170.8,66450.0,65895.0,66226.8,87382.121
9597,2026-02-23 13:00:00,66225.6,66325.3,66000.0,66113.3,64263.113
9598,2026-02-23 14:00:00,66151.6,66220.0,65529.4,65879.8,121827.391
9599,2026-02-23 15:00:00,65853.9,66167.6,65603.6,65656.3,167156.357
9600,2026-02-23 16:00:00,65656.3,66000.0,65208.4,65336.2,172219.925
9601,2026-02-23 17:00:00,65303.8,65402.5,64161.1,64732.0,202732.46
9602,2026-02-23 18:00:00,64732.0,65125.0,64579.8,64602.8,176781.008
9603,2026-02-23 19:00:00,64602.9,64799.0,64112.4,64270.8,168399.609
9604,2026-02-23 20:00:00,64270.8,64427.2,63902.9,64427.2,181648.642
9605,2026-02-23 21:00:00,64427.2,64738.4,64420.8,64574.7,125758.334
9606,2026-02-23 22:00:00,64574.7,64972.2,64541.7,64711.5,126195.859
9607,2026-02-23 23:00:00,64711.5,64859.2,64549.8,64631.6,89820.304
9608,2026-02-24 00:00:00,64636.7,64958.6,64629.4,64911.9,130622.651
9609,2026-02-24 01:00:00,64911.9,64914.9,63200.0,64130.1,213756.412
9610,2026-02-24 02:00:00,64130.1,64281.6,63990.1,64280.6,97003.245
9611,2026-02-24 03:00:00,64281.6,64281.6,63421.1,63537.3,69121.931
9612,2026-02-24 04:00:00,63537.2,63602.8,62874.9,63334.6,181551.281
9613,2026-02-24 05:00:00,63334.5,63512.1,62696.1,63064.4,167948.297
9614,2026-02-24 06:00:00,63062.8,63267.7,62906.5,63050.4,153737.006
9615,2026-02-24 07:00:00,63050.3,63306.6,62920.4,63137.3,166094.842
9616,2026-02-24 08:00:00,63135.2,63379.1,63031.3,63379.1,134978.162
9617,2026-02-24 09:00:00,63377.5,63380.1,62933.2,63203.1,136242.974
9618,2026-02-24 10:00:00,63203.0,63303.1,63102.9,63258.6,82853.86
9619,2026-02-24 11:00:00,63261.7,63303.1,63051.0,63195.1,68725.963
9620,2026-02-24 12:00:00,63192.2,63292.3,62948.7,62948.7,127097.928
9621,2026-02-24 13:00:00,62952.5,63058.5,62632.5,62879.6,144476.646
9622,2026-02-24 14:00:00,62879.6,64092.2,62790.9,63419.9,182779.654
9623,2026-02-24 15:00:00,63420.4,63948.0,63327.5,63937.5,174042.224
9624,2026-02-24 16:00:00,63937.5,64370.0,63600.0,64195.4,165186.007
9625,2026-02-24 17:00:00,64195.4,64427.9,64031.2,64210.4,126142.844
9626,2026-02-24 18:00:00,64210.4,64465.6,63932.6,64385.3,133013.018
9627,2026-02-24 19:00:00,64385.3,64668.2,64232.8,64434.6,130939.098
9628,2026-02-24 20:00:00,64413.8,64521.5,64297.7,64420.0,82696.845
9629,2026-02-24 21:00:00,64418.8,64420.9,63851.3,64021.2,119502.246
9630,2026-02-24 22:00:00,64021.2,64180.5,63964.1,64095.2,83911.389
9631,2026-02-24 23:00:00,64091.7,64197.6,63837.2,64020.2,112203.805
9632,2026-02-25 00:00:00,64020.2,64256.2,63907.6,64192.2,114118.349
9633,2026-02-25 01:00:00,64192.2,66206.7,64119.1,65875.5,202596.453
9634,2026-02-25 02:00:00,65876.1,66244.6,65861.0,65870.9,118914.499
9635,2026-02-25 03:00:00,65869.8,65898.4,65355.7,65361.6,130549.702
9636,2026-02-25 04:00:00,65361.6,65595.7,65215.3,65421.9,117046.105
9637,2026-02-25 05:00:00,65422.0,65465.4,64753.7,64846.3,126483.655
9638,2026-02-25 06:00:00,64847.6,66262.0,64281.6,64855.4,243226.388
9639,2026-02-25 07:00:00,64855.4,65151.0,64776.0,65001.2,309294.359
9640,2026-02-25 08:00:00,65001.2,65528.4,64936.2,65480.8,208623.348
9641,2026-02-25 09:00:00,65481.1,65619.1,65407.2,65528.9,164538.006
9642,2026-02-25 10:00:00,65528.9,65548.9,65329.7,65353.7,130641.316
9643,2026-02-25 11:00:00,65357.2,65428.0,65184.7,65391.8,125966.361
9644,2026-02-25 12:00:00,65392.0,66155.5,65301.6,66025.0,218565.213
9645,2026-02-25 13:00:00,66025.0,66591.2,66003.6,66203.3,216942.929
9646,2026-02-25 14:00:00,66203.3,66904.5,66190.1,66868.5,312106.312
9647,2026-02-25 15:00:00,66894.8,67512.4,66695.4,67286.4,260341.627
9648,2026-02-25 16:00:00,67286.4,68235.2,67278.5,68233.7,238165.408
9649,2026-02-25 17:00:00,68210.5,68829.8,68016.6,68668.6,329817.813
9650,2026-02-25 18:00:00,68668.6,69473.7,68365.0,69268.5,317822.867
9651,2026-02-25 19:00:00,69293.3,69343.7,68784.1,68998.7,241232.567
9652,2026-02-25 20:00:00,69002.1,69339.1,68609.9,69125.4,290614.91
9653,2026-02-25 21:00:00,69127.9,69907.2,68758.6,68896.0,297249.307
9654,2026-02-25 22:00:00,68896.0,69132.9,68051.5,68431.0,220509.572
9655,2026-02-25 23:00:00,68431.0,68638.9,67604.9,67951.9,256349.571
9656,2026-02-26 00:00:00,67951.9,68467.9,67705.8,68308.3,286641.409
9657,2026-02-26 01:00:00,68303.7,68593.3,68207.0,68221.4,192600.577
9658,2026-02-26 02:00:00,68221.4,68267.0,67790.1,68243.2,237025.347
9659,2026-02-26 03:00:00,68243.2,68287.7,68030.9,68187.5,128263.068
9660,2026-02-26 04:00:00,68189.0,68770.9,68160.1,68538.7,225110.624
9661,2026-02-26 05:00:00,68538.7,72000.0,68114.5,68395.7,165834.662
9662,2026-02-26 06:00:00,68395.8,68461.4,68061.2,68146.1,136096.709
9663,2026-02-26 07:00:00,68153.7,68233.5,67803.9,67805.6,155065.385
9664,2026-02-26 08:00:00,67805.7,68160.1,67805.6,67923.5,147423.373
9665,2026-02-26 09:00:00,67923.5,69999.0,67917.8,68546.0,254964.737
9666,2026-02-26 10:00:00,68546.0,68675.8,68235.9,68271.9,125765.846
9667,2026-02-26 11:00:00,68271.9,68350.1,67967.4,68012.8,150688.088
9668,2026-02-26 12:00:00,68004.7,68253.6,68001.4,68111.9,145678.439
9669,2026-02-26 13:00:00,68120.8,68170.0,67830.4,67904.8,164404.35
9670,2026-02-26 14:00:00,67889.2,68197.0,65200.0,67671.7,360879.38
9671,2026-02-26 15:00:00,67670.5,67690.6,66785.8,67338.3,360972.833
9672,2026-02-26 16:00:00,67337.4,67482.0,66558.9,66616.0,346977.219
9673,2026-02-26 17:00:00,66616.0,66987.0,66500.0,66813.0,228092.372
9674,2026-02-26 18:00:00,66814.5,67312.7,66553.9,67289.9,200809.041
9675,2026-02-26 19:00:00,67289.9,67728.4,67273.8,67562.8,209446.566
9676,2026-02-26 20:00:00,67589.0,67777.5,67265.8,67385.5,139300.763
9677,2026-02-26 21:00:00,67373.2,67531.3,67139.0,67432.1,124684.707
9678,2026-02-26 22:00:00,67408.7,67585.4,67294.2,67512.1,99556.196
9679,2026-02-26 23:00:00,67512.2,67587.0,67323.6,67448.2,113013.105
9680,2026-02-27 00:00:00,67448.2,67491.2,67012.6,67189.4,194193.41
9681,2026-02-27 01:00:00,67189.4,67323.0,66870.1,67315.9,187065.507
9682,2026-02-27 02:00:00,67315.9,67485.2,67243.0,67243.0,183037.947
9683,2026-02-27 03:00:00,67243.0,67671.8,67063.5,67566.7,216827.444
9684,2026-02-27 04:00:00,67568.7,68127.4,67480.8,67699.1,220594.658
9685,2026-02-27 05:00:00,67699.2,67865.7,67657.2,67674.9,125739.79
9686,2026-02-27 06:00:00,67682.3,67774.6,67497.2,67617.1,172657.8
9687,2026-02-27 07:00:00,67617.0,67706.5,67424.6,67661.4,154377.952
9688,2026-02-27 08:00:00,67661.4,68007.1,67630.6,67916.7,203012.773
9689,2026-02-27 09:00:00,67916.7,68079.9,67276.8,67345.1,213727.889
9690,2026-02-27 10:00:00,67343.9,67355.7,66558.4,66577.1,267155.038
9691,2026-02-27 11:00:00,66577.1,66744.0,65949.0,66100.4,302362.93
9692,2026-02-27 12:00:00,66114.3,66139.2,65729.8,65831.7,165086.192
9693,2026-02-27 13:00:00,65831.7,66283.9,65648.5,66240.2,331356.062
9694,2026-02-27 14:00:00,66240.2,66274.6,65691.7,65870.5,313299.077
9695,2026-02-27 15:00:00,65870.7,66202.2,65830.0,66073.7,303976.967
9696,2026-02-27 16:00:00,66082.9,66085.4,65451.9,65452.5,226204.813
9697,2026-02-27 17:00:00,65451.9,65714.2,65167.5,65681.2,287446.901
9698,2026-02-27 18:00:00,65681.0,65719.6,65230.1,65286.4,233701.598
9699,2026-02-27 19:00:00,65289.9,65425.7,65152.5,65379.5,171382.731
9700,2026-02-27 20:00:00,65381.6,65615.4,65379.5,65565.0,97213.998
9701,2026-02-27 21:00:00,65537.2,65694.5,65388.2,65502.2,109646.517
9702,2026-02-27 22:00:00,65502.1,65631.7,65000.0,65583.0,192213.366
9703,2026-02-27 23:00:00,65595.6,65917.3,65517.7,65825.1,154396.03
9704,2026-02-28 00:00:00,65825.1,65969.4,65732.0,65906.3,139802.091
9705,2026-02-28 01:00:00,65906.3,65938.3,65725.2,65784.7,118441.272
9706,2026-02-28 02:00:00,65788.1,65969.4,65759.7,65943.9,47587.143
9707,2026-02-28 03:00:00,65943.9,65950.0,65724.5,65774.1,75776.583
9708,2026-02-28 04:00:00,65769.7,65803.8,65476.8,65632.1,126016.796
9709,2026-02-28 05:00:00,65632.1,65693.0,65476.0,65518.0,71597.332
9710,2026-02-28 06:00:00,65499.7,65556.3,63048.4,63204.0,353983.523
9711,2026-02-28 07:00:00,63204.0,64274.1,63087.4,63818.1,323671.018
9712,2026-02-28 08:00:00,63818.1,64000.0,63422.5,63523.3,253829.993
9713,2026-02-28 09:00:00,63461.2,63893.3,63361.0,63631.6,184335.298
9714,2026-02-28 10:00:00,63631.6,68000.0,63448.8,63964.0,185574.594
9715,2026-02-28 11:00:00,63964.0,64250.7,63774.0,63780.1,222684.503
9716,2026-02-28 12:00:00,63774.0,64032.9,63636.0,63977.0,163681.507
9717,2026-02-28 13:00:00,63977.0,65149.5,63862.2,65088.4,274348.353
9718,2026-02-28 14:00:00,65082.3,65309.5,62600.0,64411.9,326454.125
9719,2026-02-28 15:00:00,64412.3,64968.9,64237.2,64815.6,287364.986
9720,2026-02-28 16:00:00,64815.6,65125.4,63800.0,65107.0,189548.158
9721,2026-02-28 17:00:00,65107.0,65396.4,64844.3,65395.4,148027.118
9722,2026-02-28 18:00:00,65395.4,66071.8,65151.1,65872.6,247345.16
9723,2026-02-28 19:00:00,65872.5,66575.2,65585.1,66341.6,244518.16
9724,2026-02-28 20:00:00,66341.6,67047.8,66184.3,66915.6,224682.339
9725,2026-02-28 21:00:00,66915.6,66922.9,66363.7,66699.9,228922.868
9726,2026-02-28 22:00:00,66699.9,67578.0,66645.5,67091.1,275074.546
9727,2026-02-28 23:00:00,67091.1,67161.4,66751.4,66955.0,176925.683
9728,2026-03-01 00:00:00,66955.0,67853.0,66608.2,66757.3,204133.256
9729,2026-03-01 01:00:00,66758.7,67556.2,66059.3,67313.8,382294.93
9730,2026-03-01 02:00:00,67312.6,68115.4,67312.6,67602.9,357558.817
9731,2026-03-01 03:00:00,67602.2,67779.6,67387.7,67474.7,179287.321
9732,2026-03-01 04:00:00,67474.7,67554.5,67071.7,67300.0,181344.231
9733,2026-03-01 05:00:00,67300.0,67518.2,67196.9,67281.0,120926.888
9734,2026-03-01 06:00:00,67281.0,67302.0,66790.9,66894.5,165390.545
9735,2026-03-01 07:00:00,66894.3,67180.8,66761.0,67088.0,145556.761
9736,2026-03-01 08:00:00,67080.7,67265.8,66467.4,66535.0,237252.345
9737,2026-03-01 09:00:00,66533.8,66729.4,66234.4,66378.8,216465.254
9738,2026-03-01 10:00:00,66378.8,66694.7,66248.2,66447.0,208495.035
9739,2026-03-01 11:00:00,66447.0,66596.5,66349.1,66439.0,74913.914
9740,2026-03-01 12:00:00,66437.6,66512.1,65250.0,66287.4,175778.296
9741,2026-03-01 13:00:00,66287.4,67999.0,66135.0,66906.8,193958.006
9742,2026-03-01 14:00:00,66907.3,67248.1,65500.0,66863.2,229892.565
9743,2026-03-01 15:00:00,66863.2,67202.9,66794.2,66796.7,271452.826
9744,2026-03-01 16:00:00,66796.7,67042.7,65839.9,66112.1,238934.836
9745,2026-03-01 17:00:00,66112.1,66181.3,65709.9,65960.7,253452.202
9746,2026-03-01 18:00:00,65960.7,66563.6,65700.0,66288.0,141778.332
9747,2026-03-01 19:00:00,66288.0,66314.5,65793.1,65929.0,164447.513
9748,2026-03-01 20:00:00,65927.0,65931.4,65083.7,65299.9,261206.912
9749,2026-03-01 21:00:00,65299.9,65694.3,65250.4,65652.4,160838.874
9750,2026-03-01 22:00:00,65694.3,66323.8,65061.0,65219.7,296418.684
9751,2026-03-01 23:00:00,65219.7,66007.8,65171.1,65726.8,253504.331
9752,2026-03-02 00:00:00,65726.8,66749.5,65724.0,66466.0,264805.79
9753,2026-03-02 01:00:00,66466.0,66995.3,66365.0,66500.0,219241.895
9754,2026-03-02 02:00:00,66507.8,66551.2,65867.9,66242.1,195294.613
9755,2026-03-02 03:00:00,66245.3,66945.1,66000.0,66781.3,236508.134
9756,2026-03-02 04:00:00,66781.3,66917.6,66610.0,66761.0,157790.4
9757,2026-03-02 05:00:00,66768.5,66934.1,66574.5,66678.2,182792.985
9758,2026-03-02 06:00:00,66678.7,66692.1,66066.8,66180.0,198951.944
9759,2026-03-02 07:00:00,66180.0,66208.6,65529.3,65947.2,199366.556
9760,2026-03-02 08:00:00,65942.6,66249.2,65655.1,66221.9,228561.877
9761,2026-03-02 09:00:00,66221.6,66637.6,66140.0,66140.0,169557.919
9762,2026-03-02 10:00:00,66140.0,66308.4,66094.2,66225.4,91875.556
9763,2026-03-02 11:00:00,66225.5,66360.0,66026.8,66286.4,117468.467
9764,2026-03-02 12:00:00,66279.9,66355.9,65904.2,65941.6,94829.927
9765,2026-03-02 13:00:00,65930.1,66018.2,65351.8,65438.7,140436.856
9766,2026-03-02 14:00:00,65440.1,67200.0,65290.4,67116.3,191419.404
9767,2026-03-02 15:00:00,67061.6,69500.0,66985.7,69089.1,253024.5
9768,2026-03-02 16:00:00,69090.9,69931.7,68915.2,69408.4,182942.606
9769,2026-03-02 17:00:00,69408.4,69547.6,65189.6,69143.3,186107.923
9770,2026-03-02 18:00:00,69143.3,69157.6,68829.8,68852.7,134669.868
9771,2026-03-02 19:00:00,68850.0,68962.4,68596.1,68918.6,122335.667
9772,2026-03-02 20:00:00,68918.6,69359.0,68595.3,69159.8,167720.551
9773,2026-03-02 21:00:00,69167.6,69461.1,69006.4,69369.3,110189.668
9774,2026-03-02 22:00:00,69369.3,69456.4,69131.4,69328.4,89300.189
9775,2026-03-02 23:00:00,69328.4,69449.0,68746.1,68756.7,116197.747
9776,2026-03-03 00:00:00,68768.0,69300.0,68652.2,69058.2,121521.078
9777,2026-03-03 01:00:00,69057.5,69148.6,68550.0,68740.4,133995.82
9778,2026-03-03 02:00:00,68740.4,68756.0,68281.8,68502.4,101134.267
9779,2026-03-03 03:00:00,68515.6,68518.2,68238.2,68337.1,87102.586
9780,2026-03-03 04:00:00,68337.1,68412.9,68044.9,68074.3,103163.295
9781,2026-03-03 05:00:00,68060.1,68462.7,67823.1,67897.9,143773.251
9782,2026-03-03 06:00:00,67897.9,68106.1,67802.7,68090.0,112038.07
9783,2026-03-03 07:00:00,68084.0,68197.3,67929.9,68150.0,71275.415
9784,2026-03-03 08:00:00,68197.3,68214.6,66877.8,66979.4,183126.361
9785,2026-03-03 09:00:00,66979.4,67125.8,66000.0,66625.3,141532.331
9786,2026-03-03 10:00:00,66620.8,66925.9,66441.1,66797.5,130869.189
9787,2026-03-03 11:00:00,66797.5,69700.0,66749.9,67089.9,139892.615
9788,2026-03-03 12:00:00,67090.0,68000.0,67046.1,67360.1,143239.41
9789,2026-03-03 13:00:00,67361.4,67361.6,66647.1,66883.4,137757.857
9790,2026-03-03 14:00:00,66883.4,67286.3,66289.9,66544.0,195889.72
9791,2026-03-03 15:00:00,66553.6,68100.0,66499.2,67704.7,219887.054
9792,2026-03-03 16:00:00,67704.7,68913.3,67463.1,68133.6,180975.517
9793,2026-03-03 17:00:00,68133.6,68350.0,67693.5,68261.8,181498.546
9794,2026-03-03 18:00:00,68260.6,68794.9,67975.3,68574.1,169101.347
9795,2026-03-03 19:00:00,68574.4,68813.4,68330.5,68400.0,168944.28
9796,2026-03-03 20:00:00,68400.0,68463.9,68081.0,68164.0,136743.308
9797,2026-03-03 21:00:00,68132.5,68188.2,67825.5,68000.1,99277.175
9798,2026-03-03 22:00:00,68032.3,68700.0,67992.7,68234.2,99037.064
9799,2026-03-03 23:00:00,68224.9,68803.0,68224.9,68264.0,117150.032
9800,2026-03-04 00:00:00,68230.9,68335.0,67889.9,68141.9,132327.17
9801,2026-03-04 01:00:00,68100.4,71000.0,66000.0,68366.9,172777.163
9802,2026-03-04 02:00:00,68366.6,68375.1,67975.8,68248.1,154826.458
9803,2026-03-04 03:00:00,68248.1,68327.6,67394.8,67693.5,109752.13
9804,2026-03-04 04:00:00,67682.4,71000.0,67000.0,67755.0,151239.988
9805,2026-03-04 05:00:00,67755.0,68339.6,67680.2,68194.9,112280.391
9806,2026-03-04 06:00:00,68195.2,68589.8,68058.8,68472.2,90872.86
9807,2026-03-04 07:00:00,68476.0,69555.0,68360.6,69506.2,118355.072
9808,2026-03-04 08:00:00,69480.4,71006.1,69123.4,70977.0,74398.836
9809,2026-03-04 09:00:00,70977.0,71823.4,70716.8,71481.5,170535.17
9810,2026-03-04 10:00:00,71481.5,72000.0,71198.7,71246.5,124974.565
9811,2026-03-04 11:00:00,71246.5,71424.1,70923.1,71098.8,133144.364
9812,2026-03-04 12:00:00,71101.1,71303.6,66130.0,71303.1,165009.504
9813,2026-03-04 13:00:00,71303.5,71553.2,71209.3,71450.0,89689.095
9814,2026-03-04 14:00:00,71457.0,72421.9,71375.7,71538.2,149918.618
9815,2026-03-04 15:00:00,71538.2,73377.7,71373.4,73377.5,165155.268
9816,2026-03-04 16:00:00,73377.5,73395.8,68000.0,73235.0,121950.13
9817,2026-03-04 17:00:00,73237.9,73661.2,72924.0,73185.3,142113.991
9818,2026-03-04 18:00:00,73185.3,73599.1,72924.1,73569.9,130514.723
9819,2026-03-04 19:00:00,73548.5,73957.5,73510.7,73599.6,150131.208
9820,2026-03-04 20:00:00,73602.0,73612.4,73072.9,73106.0,134979.715
9821,2026-03-04 21:00:00,73073.0,73266.9,72865.0,73266.9,108072.218
9822,2026-03-04 22:00:00,73267.0,73463.1,72619.7,72668.6,138008.619
9823,2026-03-04 23:00:00,72668.5,72777.6,72305.3,72701.3,146785.576
9824,2026-03-05 00:00:00,72704.7,72927.8,72547.0,72767.8,145770.665
9825,2026-03-05 01:00:00,72767.9,73176.8,72407.9,72479.1,117610.418
9826,2026-03-05 02:00:00,72466.7,72822.9,72329.4,72468.3,104292.545
9827,2026-03-05 03:00:00,72468.2,72670.9,72353.1,72468.2,81747.884
9828,2026-03-05 04:00:00,72468.1,72910.3,72412.8,72784.1,139370.861
9829,2026-03-05 05:00:00,72784.0,72847.1,72283.4,72365.3,108376.57
9830,2026-03-05 06:00:00,72365.3,72592.7,72019.0,72532.3,120892.167
9831,2026-03-05 07:00:00,72527.7,72624.9,71052.3,72020.1,112816.894
9832,2026-03-05 08:00:00,72015.2,72318.6,71759.8,72308.2,158247.18
9833,2026-03-05 09:00:00,72308.2,72753.0,72301.2,72564.0,144251.223
9834,2026-03-05 10:00:00,72565.1,73482.5,72492.6,73346.8,134055.891
9835,2026-03-05 11:00:00,73346.8,73406.5,72762.8,72872.0,108529.726
9836,2026-03-05 12:00:00,72875.3,73003.8,72658.1,72866.9,113246.203
9837,2026-03-05 13:00:00,72866.9,75300.0,72209.0,72422.9,136762.985
9838,2026-03-05 14:00:00,72404.6,72665.8,71943.5,72560.4,164451.446
9839,2026-03-05 15:00:00,72560.4,72689.5,71173.8,71576.6,193499.931
9840,2026-03-05 16:00:00,71576.6,71576.6,70773.3,71270.0,119589.89
9841,2026-03-05 17:00:00,71270.0,71498.6,70635.0,70689.4,118795.853
9842,2026-03-05 18:00:00,70689.4,71017.0,70660.2,70950.6,105453.255
9843,2026-03-05 19:00:00,70950.6,71346.7,70899.0,70939.4,135997.024
9844,2026-03-05 20:00:00,70939.4,71318.6,70872.9,71210.7,110486.088
9845,2026-03-05 21:00:00,71210.7,71491.0,71014.1,71102.1,118478.008
9846,2026-03-05 22:00:00,71102.4,71296.6,71045.1,71225.5,96354.16
9847,2026-03-05 23:00:00,71210.3,71241.6,70766.0,70850.1,83553.111
9848,2026-03-06 00:00:00,70850.2,70988.9,70823.3,70903.0,81194.54
9849,2026-03-06 01:00:00,70903.0,71226.6,70339.6,71211.5,140772.331
9850,2026-03-06 02:00:00,71217.0,71303.8,71074.6,71171.1,79312.428
9851,2026-03-06 03:00:00,71170.7,73000.0,70981.1,71030.0,85912.899
9852,2026-03-06 04:00:00,71030.0,71057.3,70349.8,70569.9,107187.191
9853,2026-03-06 05:00:00,70573.9,70588.9,70122.7,70400.0,118244.205
9854,2026-03-06 06:00:00,70410.5,70724.3,69241.1,70593.2,101095.652
9855,2026-03-06 07:00:00,70583.4,76055.2,66500.0,71043.9,237986.254
9856,2026-03-06 08:00:00,71043.9,71055.0,70725.8,70739.8,68078.528
9857,2026-03-06 09:00:00,70739.8,70751.8,70288.2,70541.5,85397.258
9858,2026-03-06 10:00:00,70540.6,74000.0,70441.0,70525.9,69156.933
9859,2026-03-06 11:00:00,70525.9,70598.4,70178.6,70184.9,62491.437
9860,2026-03-06 12:00:00,70178.6,70188.5,69702.5,69928.6,82183.669
9861,2026-03-06 13:00:00,69929.1,70230.6,69300.0,69301.5,114900.996
9862,2026-03-06 14:00:00,69300.0,69313.4,68240.8,68380.8,146273.972
9863,2026-03-06 15:00:00,68380.8,68960.7,68301.6,68493.0,153839.988
9864,2026-03-06 16:00:00,68493.0,68693.6,68250.9,68425.8,133352.605
9865,2026-03-06 17:00:00,68456.5,68600.6,67734.7,67991.8,129834.399
9866,2026-03-06 18:00:00,67991.8,68413.2,67928.1,68158.0,112319.103
9867,2026-03-06 19:00:00,68155.9,68407.9,68011.8,68091.2,100089.825
9868,2026-03-06 20:00:00,68093.1,68222.9,67789.2,68090.0,105989.842
9869,2026-03-06 21:00:00,68100.0,68278.1,67924.2,68247.5,72745.124
9870,2026-03-06 22:00:00,68247.1,68391.0,68200.1,68293.0,48970.212
9871,2026-03-06 23:00:00,68347.8,68349.9,68090.8,68090.8,47810.649
9872,2026-03-07 00:00:00,68094.5,68312.8,68090.8,68256.2,47645.539
9873,2026-03-07 01:00:00,68256.2,68315.8,68165.6,68288.2,33884.272
9874,2026-03-07 02:00:00,68288.2,68327.0,68067.5,68326.2,60239.76
9875,2026-03-07 03:00:00,68327.0,68431.3,68101.7,68116.8,43093.142
9876,2026-03-07 04:00:00,68118.2,68118.2,67802.8,68051.8,44364.88
9877,2026-03-07 05:00:00,68051.8,68085.9,67906.0,67999.5,51258.023
9878,2026-03-07 06:00:00,68021.6,68030.9,67680.1,67680.1,61990.546
9879,2026-03-07 07:00:00,67680.2,67808.3,67449.7,67808.1,65629.735
9880,2026-03-07 08:00:00,67808.3,67960.1,67652.1,67758.5,43640.196
9881,2026-03-07 09:00:00,67758.5,67993.6,67737.6,67983.4,29210.755
9882,2026-03-07 10:00:00,67984.5,68049.1,67859.0,67883.3,36643.468
9883,2026-03-07 11:00:00,67859.0,68169.6,67839.9,67995.4,63584.38
9884,2026-03-07 12:00:00,68000.9,68040.9,67881.5,67954.5,50157.07
9885,2026-03-07 13:00:00,67970.7,68020.1,67839.7,67887.3,48047.385
9886,2026-03-07 14:00:00,67887.1,68005.3,67572.5,68002.6,60118.02
9887,2026-03-07 15:00:00,68000.0,68005.8,67755.1,67860.3,61762.336
9888,2026-03-07 16:00:00,67860.3,67879.1,67705.7,67745.5,29555.175
9889,2026-03-07 17:00:00,67745.5,67879.8,67733.2,67749.8,39945.19
9890,2026-03-07 18:00:00,67749.8,67749.8,67494.8,67534.5,50936.403
9891,2026-03-07 19:00:00,67533.3,67534.5,66977.0,67062.0,85350.902
9892,2026-03-07 20:00:00,67062.0,67372.0,67052.5,67337.3,72644.544
9893,2026-03-07 21:00:00,67347.4,67436.4,67261.9,67415.4,57954.31
9894,2026-03-07 22:00:00,67415.4,67415.4,67132.2,67201.2,50760.264
9895,2026-03-07 23:00:00,67209.1,67352.5,67185.5,67223.1,59762.288
9896,2026-03-08 00:00:00,67228.6,67418.5,67160.7,67161.1,67268.701
9897,2026-03-08 01:00:00,67161.0,67320.3,67069.5,67262.0,61169.211
9898,2026-03-08 02:00:00,67261.1,67389.2,66874.8,66890.9,100216.839
9899,2026-03-08 03:00:00,66888.6,67034.4,66874.8,66995.0,53428.824
9900,2026-03-08 04:00:00,67025.9,67040.3,66582.1,66616.0,85445.291
9901,2026-03-08 05:00:00,66619.0,67189.9,66616.0,67115.4,83052.624
9902,2026-03-08 06:00:00,67115.5,67189.9,67022.3,67160.3,41779.503
9903,2026-03-08 07:00:00,67138.0,67354.4,67126.0,67240.8,39383.185
9904,2026-03-08 08:00:00,67244.1,67502.2,67155.8,67491.0,64987.11
9905,2026-03-08 09:00:00,67491.0,67785.7,67447.5,67671.9,53430.907
9906,2026-03-08 10:00:00,67671.9,68153.9,67671.9,67864.2,77236.348
9907,2026-03-08 11:00:00,67864.2,67864.2,67434.2,67500.1,86433.175
9908,2026-03-08 12:00:00,67500.1,67572.8,66887.5,67276.0,72345.551
9909,2026-03-08 13:00:00,67288.1,67342.1,66842.5,67209.3,102957.951
9910,2026-03-08 14:00:00,67209.3,67348.6,67054.5,67258.5,91146.029
9911,2026-03-08 15:00:00,67277.9,67309.8,67054.1,67174.8,68557.144
9912,2026-03-08 16:00:00,67174.7,67190.1,66826.8,66836.5,80710.218
9913,2026-03-08 17:00:00,66854.2,67112.1,66787.8,66950.2,54451.913
9914,2026-03-08 18:00:00,66943.5,67010.0,66739.7,66813.8,50327.005
9915,2026-03-08 19:00:00,66813.8,67393.6,66750.0,67281.1,78619.503
9916,2026-03-08 20:00:00,67281.1,67488.3,67028.1,67190.0,73769.512
9917,2026-03-08 21:00:00,67190.0,67214.3,66558.0,66937.0,62892.146
9918,2026-03-08 22:00:00,66937.0,66937.0,65500.0,66187.2,151974.997
9919,2026-03-08 23:00:00,66187.2,66481.3,65932.6,65934.4,137322.207
9920,2026-03-09 00:00:00,65933.9,66632.2,65822.1,66344.8,121888.775
9921,2026-03-09 01:00:00,66343.2,66625.3,66135.7,66167.4,111921.962
9922,2026-03-09 02:00:00,66167.4,66700.0,65943.8,66536.1,123033.65
9923,2026-03-09 03:00:00,66536.1,67630.0,66536.1,67165.4,126934.116
9924,2026-03-09 04:00:00,67165.4,67578.1,65222.0,67133.7,106518.955
9925,2026-03-09 05:00:00,67133.7,68036.4,67091.9,67860.9,108042.232
9926,2026-03-09 06:00:00,67860.4,67862.4,67241.6,67255.2,95231.34
9927,2026-03-09 07:00:00,67255.2,67496.2,66931.1,67452.3,107189.807
9928,2026-03-09 08:00:00,67475.6,67865.0,67398.7,67749.2,110503.029
9929,2026-03-09 09:00:00,67749.2,68374.3,67579.9,67950.0,133288.81
9930,2026-03-09 10:00:00,67950.0,68006.2,67547.1,67589.9,92950.987
9931,2026-03-09 11:00:00,67589.9,67798.6,67339.2,67709.9,88749.046
9932,2026-03-09 12:00:00,67709.9,68301.6,67709.6,68130.2,107773.363
9933,2026-03-09 13:00:00,68130.2,69172.2,66200.0,68965.7,132568.777
9934,2026-03-09 14:00:00,68965.7,70621.0,68683.1,69074.7,156648.557
9935,2026-03-09 15:00:00,69081.9,69205.2,65555.0,68854.6,134462.797
9936,2026-03-09 16:00:00,68854.6,69094.4,68707.2,68930.0,110300.308
9937,2026-03-09 17:00:00,68930.0,69006.4,68342.8,68596.8,110822.067
9938,2026-03-09 18:00:00,68596.8,68606.9,68238.9,68335.2,101481.819
9939,2026-03-09 19:00:00,68336.0,69404.0,68335.2,68967.6,117667.832
9940,2026-03-09 20:00:00,68975.0,69014.6,68758.7,68927.1,79176.083
9941,2026-03-09 21:00:00,68927.1,69045.2,68800.0,68949.6,60040.726
9942,2026-03-09 22:00:00,68937.8,68968.1,68581.9,68606.4,66343.053
9943,2026-03-09 23:00:00,68606.4,68651.9,68350.9,68350.9,58650.502
9944,2026-03-10 00:00:00,68364.9,69244.5,68350.9,69088.1,117135.897
9945,2026-03-10 01:00:00,69073.1,69278.0,68818.6,69257.9,104871.721
9946,2026-03-10 02:00:00,69269.7,70502.6,69094.2,70242.0,110873.387
9947,2026-03-10 03:00:00,70237.0,70284.5,69394.0,69394.0,95312.697
9948,2026-03-10 04:00:00,69394.0,70024.8,69394.0,70024.8,98654.64
9949,2026-03-10 05:00:00,70023.0,70221.8,69880.3,69921.5,82932.626
9950,2026-03-10 06:00:00,69929.9,70100.5,69737.3,69856.6,82173.781
9951,2026-03-10 07:00:00,69884.0,70436.9,69817.7,70310.0,90571.833
9952,2026-03-10 08:00:00,70318.6,71000.0,70303.6,70505.4,29693.085
9953,2026-03-10 09:00:00,70505.4,71566.0,70504.6,71044.0,4068.092
9954,2026-03-10 10:00:00,71044.0,71888.0,70495.4,70788.0,7987.502
9955,2026-03-10 11:00:00,70788.0,72000.0,70303.6,70592.0,10559.232
9956,2026-03-10 12:00:00,70561.0,70623.0,70301.0,70301.1,6877.817
9957,2026-03-10 13:00:00,70301.1,71349.9,68948.0,69871.7,5889.483
9958,2026-03-10 14:00:00,69871.0,71500.0,69000.0,71170.2,8219.886
9959,2026-03-10 15:00:00,71102.6,72002.0,70001.0,71200.0,7727.422
9960,2026-03-10 16:00:00,71170.3,71800.0,70601.0,71210.0,1850.098
9961,2026-03-10 17:00:00,71210.0,71450.0,70001.0,70828.6,4560.718
9962,2026-03-10 18:00:00,70828.6,71099.9,68948.0,69982.0,9183.741
9963,2026-03-10 19:00:00,69983.0,71465.0,69000.0,69805.0,5982.461
9964,2026-03-10 20:00:00,69794.8,70440.0,69700.0,70188.9,831.436
9965,2026-03-10 21:00:00,70188.9,70440.0,69000.0,69704.5,10452.346
9966,2026-03-10 22:00:00,69704.5,70100.0,68100.0,69596.6,1686.042
9967,2026-03-10 23:00:00,69634.9,71465.0,68100.0,69415.8,2221.275
9968,2026-03-11 00:00:00,69647.4,71200.0,68400.0,69832.8,1169.501
9969,2026-03-11 01:00:00,69832.8,71100.0,69300.0,70040.1,771.849
9970,2026-03-11 02:00:00,70082.7,73000.0,66000.0,69773.9,39937.724
9971,2026-03-11 03:00:00,69773.9,70500.0,66315.1,69514.4,22916.17
9972,2026-03-11 04:00:00,69514.4,70161.0,68000.0,70084.0,45225.901
9973,2026-03-11 05:00:00,70088.6,70105.8,67601.0,69327.6,35174.07
9974,2026-03-11 06:00:00,69465.0,69912.2,67600.0,69868.0,74807.42
9975,2026-03-11 07:00:00,69861.0,69916.6,68999.0,69500.4,18696.518
9976,2026-03-11 08:00:00,69611.6,69704.3,68888.0,69600.0,18033.472
9977,2026-03-11 09:00:00,69531.5,69910.0,68772.4,69400.0,4184.848
9978,2026-03-11 10:00:00,69400.0,69908.2,69200.0,69570.5,939.833
9979,2026-03-11 11:00:00,69570.5,69910.0,68888.0,69022.9,1151.792
9980,2026-03-11 12:00:00,69144.7,69900.0,68765.6,69311.6,5349.15
9981,2026-03-11 13:00:00,69222.1,71400.0,69100.0,69935.1,42713.124
9982,2026-03-11 14:00:00,69935.1,71400.0,69500.0,70565.9,60577.724
9983,2026-03-11 15:00:00,70565.9,71399.0,69640.7,70186.9,65963.658
9984,2026-03-11 16:00:00,70297.3,71000.0,70171.7,70531.2,70516.185
9985,2026-03-11 17:00:00,70531.2,71400.0,70526.6,70749.0,86677.978
9986,2026-03-11 18:00:00,70724.6,71399.1,70323.3,70586.5,65508.331
9987,2026-03-11 19:00:00,70586.5,71111.0,70342.8,70586.6,60795.107
9988,2026-03-11 20:00:00,70586.6,70587.7,70406.7,70587.7,48166.714
9989,2026-03-11 21:00:00,70587.7,70706.8,70495.1,70702.3,55811.939
9990,2026-03-11 22:00:00,70702.4,70723.4,70236.9,70286.4,55890.284
9991,2026-03-11 23:00:00,70286.4,70437.5,70140.7,70160.6,57283.575
9992,2026-03-12 00:00:00,70160.6,70331.9,70124.5,70176.9,54422.333
9993,2026-03-12 01:00:00,70173.4,70184.0,69782.6,69782.6,50577.501
9994,2026-03-12 02:00:00,69782.8,69821.0,69240.8,69261.0,67410.584
9995,2026-03-12 03:00:00,69261.0,69566.2,69241.8,69411.0,61753.148
9996,2026-03-12 04:00:00,69411.0,69583.2,69283.9,69332.8,45076.34
9997,2026-03-12 05:00:00,69330.7,69497.1,69236.2,69418.4,59572.508
9998,2026-03-12 06:00:00,69418.4,69495.2,69356.4,69436.7,34455.485
9999,2026-03-12 07:00:00,69428.9,69787.9,69428.9,69783.4,54867.791
10000,2026-03-12 08:00:00,69783.4,69938.0,69695.1,69828.2,74939.002
10001,2026-03-12 09:00:00,69828.1,70071.2,69589.8,69939.5,73496.347
10002,2026-03-12 10:00:00,69938.5,70394.5,69860.7,70377.9,83780.401
10003,2026-03-12 11:00:00,70386.5,70709.4,70351.3,70379.6,73388.312
10004,2026-03-12 12:00:00,70379.6,70482.2,70298.3,70330.0,68128.041
10005,2026-03-12 13:00:00,70344.1,70463.3,69808.0,69868.0,124919.512
10006,2026-03-12 14:00:00,69868.0,70389.3,69397.1,69510.2,100761.919
10007,2026-03-12 15:00:00,69510.2,70395.9,69426.0,70292.6,85780.808
10008,2026-03-12 16:00:00,70306.8,70423.6,69748.0,70375.2,90929.087
10009,2026-03-12 17:00:00,70385.5,70444.4,70179.9,70200.0,76510.581
10010,2026-03-12 18:00:00,70200.0,70220.8,69787.0,69787.5,80077.613
10011,2026-03-12 19:00:00,69791.2,70457.0,69787.0,70453.1,82525.223
10012,2026-03-12 20:00:00,70457.0,70457.0,70105.9,70150.4,57838.68
10013,2026-03-12 21:00:00,70150.8,70361.6,70150.4,70244.5,65027.819
10014,2026-03-12 22:00:00,70244.4,70252.1,69998.5,70143.5,81079.393
10015,2026-03-12 23:00:00,70141.1,70514.8,70100.0,70464.9,69209.652
10016,2026-03-13 00:00:00,70461.3,72000.0,70379.9,71394.1,95900.334
10017,2026-03-13 01:00:00,71394.1,71649.2,71361.0,71593.6,66170.788
10018,2026-03-13 02:00:00,71583.4,71593.6,71048.6,71183.3,87445.237
10019,2026-03-13 03:00:00,71183.3,71353.3,71011.7,71353.3,77239.608
10020,2026-03-13 04:00:00,71353.3,71429.9,71232.5,71364.4,61984.041
10021,2026-03-13 05:00:00,71364.4,71555.0,71255.8,71555.0,66944.111
10022,2026-03-13 06:00:00,71555.0,71560.1,71228.1,71232.1,49739.456
10023,2026-03-13 07:00:00,71254.7,71273.3,71227.5,71244.9,1015.418
10024,2026-03-13 08:00:00,71234.1,71925.8,71223.0,71752.7,63567.314
10025,2026-03-13 09:00:00,71752.7,72012.7,71578.2,71960.0,81792.763
10026,2026-03-13 10:00:00,71978.7,72502.8,71814.7,72411.5,58359.559
10027,2026-03-13 11:00:00,72411.5,72444.7,72193.6,72193.6,59308.675
10028,2026-03-13 12:00:00,72200.0,72719.6,72193.6,72719.6,81451.495
10029,2026-03-13 13:00:00,72713.8,73497.9,72612.2,73405.8,96069.388
10030,2026-03-13 14:00:00,73408.1,74000.0,72351.9,72351.9,99832.818
10031,2026-03-13 15:00:00,72351.9,72794.7,71794.8,71835.3,128120.233
10032,2026-03-13 16:00:00,71835.3,71936.0,71273.2,71901.5,84606.017
10033,2026-03-13 17:00:00,71936.0,72072.5,71005.8,71061.4,96948.925
10034,2026-03-13 18:00:00,71061.4,71244.2,70933.7,71030.6,78998.997
10035,2026-03-13 19:00:00,71030.6,71230.6,71001.9,71141.4,67588.848
10036,2026-03-13 20:00:00,71141.4,71384.5,71129.2,71310.0,58323.136
10037,2026-03-13 21:00:00,71310.0,71431.0,71120.0,71158.1,63258.04
10038,2026-03-13 22:00:00,71158.2,71158.2,70612.5,70747.2,89154.923
10039,2026-03-13 23:00:00,70747.2,70935.3,70705.9,70897.5,41957.912
10040,2026-03-14 00:00:00,70897.5,70916.8,70598.0,70606.7,73779.305
10041,2026-03-14 01:00:00,70602.0,70841.6,70601.6,70840.3,42116.631
10042,2026-03-14 02:00:00,70840.3,70845.1,70704.1,70817.7,40500.452
10043,2026-03-14 03:00:00,70817.7,71109.3,70808.4,71041.8,50374.035
10044,2026-03-14 04:00:00,71044.8,71236.2,70996.5,70996.5,71949.364
10045,2026-03-14 05:00:00,70996.5,71210.0,70930.7,70973.9,36559.111
10046,2026-03-14 06:00:00,70973.9,70973.9,70489.8,70624.1,69906.325
10047,2026-03-14 07:00:00,70624.1,70675.1,70481.9,70571.0,63445.896
10048,2026-03-14 08:00:00,70571.2,70634.2,70517.8,70537.2,28903.143
10049,2026-03-14 09:00:00,70537.2,70651.8,70476.5,70495.6,52207.635
10050,2026-03-14 10:00:00,70495.6,70521.9,70393.9,70515.7,58381.586
10051,2026-03-14 11:00:00,70515.3,70696.0,70515.2,70662.0,29739.033
10052,2026-03-14 12:00:00,70662.0,70792.4,70593.5,70692.9,52569.447
10053,2026-03-14 13:00:00,70692.9,70913.6,70685.6,70829.7,53373.316
10054,2026-03-14 14:00:00,70829.7,70889.9,70576.9,70620.2,59929.258
10055,2026-03-14 15:00:00,70576.9,70678.1,70499.1,70569.2,50616.303
10056,2026-03-14 16:00:00,70565.0,70646.4,70476.8,70645.9,44615.372
10057,2026-03-14 17:00:00,70645.9,70655.8,70555.4,70562.1,20262.649
10058,2026-03-14 18:00:00,70555.4,70630.0,70545.3,70630.0,24848.794
10059,2026-03-14 19:00:00,70623.5,70685.8,70590.1,70671.6,16737.616
10060,2026-03-14 20:00:00,70685.8,70798.6,70616.4,70785.9,46703.446
10061,2026-03-14 21:00:00,70794.0,70798.6,70631.7,70757.1,47092.334
10062,2026-03-14 22:00:00,70757.0,70761.3,70675.5,70683.7,29385.556
10063,2026-03-14 23:00:00,70678.5,71183.0,70675.5,71181.0,90646.077
10064,2026-03-15 00:00:00,71181.0,71183.0,70952.2,70960.8,61462.142
10065,2026-03-15 01:00:00,70960.8,70978.7,70867.7,70974.0,57023.954
10066,2026-03-15 02:00:00,70974.0,71393.6,70962.9,71393.6,67422.852
10067,2026-03-15 03:00:00,71393.6,71457.6,71266.3,71275.1,62743.283
10068,2026-03-15 04:00:00,71275.0,71593.2,71266.3,71500.0,48906.829
10069,2026-03-15 05:00:00,71499.0,71638.8,71449.8,71449.8,37376.058
10070,2026-03-15 06:00:00,71449.8,71638.8,71371.4,71413.0,41723.226
10071,2026-03-15 07:00:00,71413.0,71600.0,71399.2,71400.0,30439.574
10072,2026-03-15 08:00:00,71399.3,71602.3,71399.2,71602.2,49850.211
10073,2026-03-15 09:00:00,71602.2,71866.0,71580.8,71779.5,67982.304
10074,2026-03-15 10:00:00,71779.5,71837.5,71703.0,71746.3,45233.041
10075,2026-03-15 11:00:00,71746.3,71820.2,71646.7,71805.7,48862.926
10076,2026-03-15 12:00:00,71801.5,71805.7,71652.7,71679.1,36283.16
10077,2026-03-15 13:00:00,71679.1,71679.6,71329.6,71517.6,95200.852
10078,2026-03-15 14:00:00,71513.2,71577.3,71349.9,71577.3,65791.048
10079,2026-03-15 15:00:00,71577.3,71577.7,71468.2,71476.3,36695.815
10080,2026-03-15 16:00:00,71476.3,71545.5,71331.1,71394.2,63506.407
10081,2026-03-15 17:00:00,71393.8,71818.9,71380.9,71807.9,70694.117
10082,2026-03-15 18:00:00,71811.7,71818.9,71339.1,71348.1,80662.072
10083,2026-03-15 19:00:00,71349.0,71701.1,71335.3,71509.1,42727.373
10084,2026-03-15 20:00:00,71509.1,71744.8,71416.7,71718.4,46603.683
10085,2026-03-15 21:00:00,71718.4,72160.1,71592.8,72040.2,102499.351
10086,2026-03-15 22:00:00,72040.2,72763.6,71738.0,72756.6,97951.205
10087,2026-03-15 23:00:00,72756.6,73000.0,72449.9,72780.3,79119.235
10088,2026-03-16 00:00:00,72782.0,72916.9,72475.6,72514.6,83066.8
10089,2026-03-16 01:00:00,72511.8,72723.8,72280.2,72723.8,70256.309
10090,2026-03-16 02:00:00,72723.8,72780.2,72361.5,72486.2,69822.187
10091,2026-03-16 03:00:00,72491.3,74000.0,72440.0,73558.6,101568.02
10092,2026-03-16 04:00:00,73606.9,74003.5,73550.4,73799.4,80067.193
10093,2026-03-16 05:00:00,73801.0,74137.7,73751.5,74137.7,74152.935
10094,2026-03-16 06:00:00,74137.7,74152.9,73686.8,73708.1,81990.437
10095,2026-03-16 07:00:00,73708.1,73846.8,73381.0,73443.9,95288.709
10096,2026-03-16 08:00:00,73469.3,73698.6,72952.5,73048.3,75395.675
10097,2026-03-16 09:00:00,73048.3,73281.3,73047.0,73240.0,62978.816
10098,2026-03-16 10:00:00,73240.0,73698.6,73200.2,73670.5,81086.859
10099,2026-03-16 11:00:00,73670.5,73698.7,73497.7,73539.6,62780.122
10100,2026-03-16 12:00:00,73550.0,73856.3,73487.4,73810.4,97447.496
10101,2026-03-16 13:00:00,73810.4,74324.4,73770.5,73993.6,78557.884
10102,2026-03-16 14:00:00,73993.6,74326.5,73116.8,73463.3,116753.002
10103,2026-03-16 15:00:00,73437.6,73864.8,73305.3,73305.3,73797.795
10104,2026-03-16 16:00:00,73305.3,73854.2,73170.5,73727.9,73600.388
10105,2026-03-16 17:00:00,73745.0,73923.6,73637.6,73911.7,67434.509
10106,2026-03-16 18:00:00,73911.7,74339.9,73893.9,73919.9,98752.995
10107,2026-03-16 19:00:00,73924.8,74200.1,73843.0,73965.6,74696.966
10108,2026-03-16 20:00:00,73973.0,74148.3,73869.4,74148.3,64143.343
10109,2026-03-16 21:00:00,74148.3,74600.0,74118.8,74399.8,76100.513
10110,2026-03-16 22:00:00,74399.8,75000.0,74399.8,74683.0,63743.419
10111,2026-03-16 23:00:00,74683.0,74859.1,74303.5,74831.9,77421.894
10112,2026-03-17 00:00:00,74831.9,76000.0,74681.5,75188.8,83921.11
10113,2026-03-17 01:00:00,75167.9,76000.0,75114.5,75473.6,79981.591
10114,2026-03-17 02:00:00,75471.0,75486.3,75095.5,75194.7,67897.248
10115,2026-03-17 03:00:00,75194.7,75276.1,74306.3,74385.2,103303.196
10116,2026-03-17 04:00:00,74393.2,74628.6,74054.2,74234.9,90457.022
10117,2026-03-17 05:00:00,74237.9,74372.9,73868.8,74006.8,97983.363
10118,2026-03-17 06:00:00,74006.8,74217.1,73868.3,74052.8,78629.59
10119,2026-03-17 07:00:00,74054.0,74372.9,74045.1,74243.0,43393.771
10120,2026-03-17 08:00:00,74243.5,74379.9,74146.3,74146.3,82649.6
10121,2026-03-17 09:00:00,74146.4,74272.3,73867.9,73869.8,78175.275
10122,2026-03-17 10:00:00,73868.0,74113.9,73615.4,73706.2,71796.561
10123,2026-03-17 11:00:00,73706.2,74107.3,73700.1,74058.1,65478.063
10124,2026-03-17 12:00:00,74058.2,74113.4,73685.6,73711.0,77341.159
10125,2026-03-17 13:00:00,73711.0,73994.7,73505.7,73590.5,103822.73
10126,2026-03-17 14:00:00,73593.0,74315.8,73500.1,74314.0,95155.613
10127,2026-03-17 15:00:00,74314.0,74432.3,73726.0,73896.0,94451.379
10128,2026-03-17 16:00:00,73896.0,74186.0,73871.9,74107.2,73666.727
10129,2026-03-17 17:00:00,74107.3,74479.6,74104.1,74479.6,68822.444
10130,2026-03-17 18:00:00,74479.5,74678.1,74379.3,74639.8,60030.261
10131,2026-03-17 19:00:00,74643.3,74745.8,74460.5,74475.9,70111.897
10132,2026-03-17 20:00:00,74460.6,74569.6,74377.8,74513.5,43959.762
10133,2026-03-17 21:00:00,74513.5,74731.8,74443.5,74650.2,68156.679
10134,2026-03-17 22:00:00,74649.7,74731.0,74019.8,74239.1,100908.705
10135,2026-03-17 23:00:00,74239.1,74323.5,73888.8,73888.8,66034.068
10136,2026-03-18 00:00:00,73888.8,73987.4,73564.0,73808.3,70950.215
10137,2026-03-18 01:00:00,73812.9,74144.4,73808.3,74036.5,60345.453
10138,2026-03-18 02:00:00,74039.6,74334.9,74026.4,74330.3,50870.361
10139,2026-03-18 03:00:00,74330.3,74519.7,74215.4,74451.9,44958.001
10140,2026-03-18 04:00:00,74452.0,74458.2,74150.1,74190.2,49025.016
10141,2026-03-18 05:00:00,74190.2,74242.3,73859.3,73869.7,64942.772
10142,2026-03-18 06:00:00,73869.7,74169.5,73859.7,73923.9,56782.438
10143,2026-03-18 07:00:00,73923.9,74044.7,73692.3,73850.3,60485.154
10144,2026-03-18 08:00:00,73855.4,74045.0,73838.8,74001.0,41746.705
10145,2026-03-18 09:00:00,74001.0,74212.3,73986.3,74103.8,52256.807
10146,2026-03-18 10:00:00,74103.7,74205.4,73833.1,73868.2,66787.662
10147,2026-03-18 11:00:00,73868.2,73945.1,72916.8,72916.8,118326.911
10148,2026-03-18 12:00:00,72916.8,72937.5,72300.0,72325.1,96573.225
10149,2026-03-18 13:00:00,72324.1,72478.5,72017.7,72110.0,90754.803
10150,2026-03-18 14:00:00,72182.4,72182.5,71338.9,71338.9,109531.669
10151,2026-03-18 15:00:00,71572.6,71978.7,71109.1,71469.4,112546.943
10152,2026-03-18 16:00:00,71469.4,71478.6,71121.3,71292.1,86553.542
10153,2026-03-18 17:00:00,71292.1,71681.7,71200.1,71593.6,66312.259
10154,2026-03-18 18:00:00,71593.3,71869.1,71082.4,71102.4,107103.095
10155,2026-03-18 19:00:00,71102.4,71500.0,70990.2,71080.3,64848.419
10156,2026-03-18 20:00:00,71017.6,71223.6,70671.3,71212.5,86523.746
10157,2026-03-18 21:00:00,71212.5,71312.4,71180.8,71250.0,60901.395
10158,2026-03-18 22:00:00,71250.0,71253.9,70944.5,71092.6,78367.379
10159,2026-03-18 23:00:00,71056.4,71321.5,71056.4,71212.3,68249.955
10160,2026-03-19 00:00:00,71245.1,71245.4,70985.9,71030.3,74978.917
10161,2026-03-19 01:00:00,71030.3,71125.0,70954.1,71117.7,55860.179
10162,2026-03-19 02:00:00,71117.7,71199.0,70996.0,71021.8,66609.212
10163,2026-03-19 03:00:00,71021.9,71479.2,71021.8,71198.6,68999.069
10164,2026-03-19 04:00:00,71198.6,71226.9,70671.3,70823.5,102101.18
10165,2026-03-19 05:00:00,70823.5,70836.5,70699.1,70793.3,67936.375
10166,2026-03-19 06:00:00,70793.1,70856.4,70578.8,70679.8,94003.715
10167,2026-03-19 07:00:00,70640.0,70679.8,69760.7,70200.1,109298.233
10168,2026-03-19 08:00:00,70200.1,70238.4,69930.6,69935.3,68134.296
10169,2026-03-19 09:00:00,69933.1,70477.3,69933.1,70464.0,79569.51
10170,2026-03-19 10:00:00,70429.0,70467.7,70121.9,70140.3,63252.726
10171,2026-03-19 11:00:00,70140.3,70194.2,69921.8,69927.0,74575.756
10172,2026-03-19 12:00:00,69927.0,69994.5,69247.4,69261.0,114119.625
10173,2026-03-19 13:00:00,69264.7,69994.5,69190.9,69837.7,104713.249
10174,2026-03-19 14:00:00,69837.7,69941.8,69099.5,69484.9,101524.34
10175,2026-03-19 15:00:00,69491.9,69941.8,68400.0,69411.3,107692.304
10176,2026-03-19 16:00:00,69411.7,69534.0,69217.9,69395.9,79507.051
10177,2026-03-19 17:00:00,69392.0,69837.6,69173.0,69819.1,97492.483
10178,2026-03-19 18:00:00,69819.1,69837.6,69593.0,69696.6,70441.434
10179,2026-03-19 19:00:00,69696.6,70557.6,69663.7,70218.8,110148.797
10180,2026-03-19 20:00:00,70216.4,70549.4,70188.3,70423.0,69713.399
10181,2026-03-19 21:00:00,70423.0,70646.8,70401.1,70401.1,51595.972
10182,2026-03-19 22:00:00,70401.1,70427.4,69917.4,70116.0,72167.859
10183,2026-03-19 23:00:00,70116.3,70224.9,69720.0,69880.9,86615.543
10184,2026-03-20 00:00:00,69880.9,70229.2,69826.0,70159.6,64862.225
10185,2026-03-20 01:00:00,70159.1,70525.1,70159.1,70367.5,84375.786
10186,2026-03-20 02:00:00,70367.5,70480.3,70083.4,70384.5,74006.854
10187,2026-03-20 03:00:00,70295.2,70725.5,70295.2,70725.5,64524.519
10188,2026-03-20 04:00:00,70725.5,70909.4,70545.9,70746.6,74489.565
10189,2026-03-20 05:00:00,70748.7,70801.5,70550.5,70555.1,63690.695
10190,2026-03-20 06:00:00,70555.1,70578.6,70369.1,70449.9,63666.166
10191,2026-03-20 07:00:00,70462.0,70812.0,70217.6,70812.0,87524.484
10192,2026-03-20 08:00:00,70812.0,71200.0,70797.2,71027.4,61175.369
10193,2026-03-20 09:00:00,71027.4,71040.1,70484.5,70520.1,63084.196
10194,2026-03-20 10:00:00,70520.1,70578.0,70262.6,70577.2,71657.549
10195,2026-03-20 11:00:00,70577.2,70723.0,70312.1,70417.3,61577.529
10196,2026-03-20 12:00:00,70417.4,70608.7,70245.1,70298.8,60126.079
10197,2026-03-20 13:00:00,70298.8,70604.7,69833.6,69835.5,117866.812
10198,2026-03-20 14:00:00,69933.5,70290.9,69620.1,69763.3,95508.646
10199,2026-03-20 15:00:00,69761.5,69933.6,69586.1,69933.5,82042.399
10200,2026-03-20 16:00:00,69933.6,70041.1,69730.4,69823.4,73378.016
10201,2026-03-20 17:00:00,69823.4,69864.4,69545.3,69825.9,88658.884
10202,2026-03-20 18:00:00,69742.9,69961.4,69552.9,69697.9,78792.783
10203,2026-03-20 19:00:00,69697.9,70108.2,69671.1,70108.2,97646.801
10204,2026-03-20 20:00:00,70108.2,70183.3,69791.1,70004.4,63078.919
10205,2026-03-20 21:00:00,70004.4,70538.9,69942.8,70517.5,77893.191
10206,2026-03-20 22:00:00,70515.9,70818.2,70515.9,70752.1,83292.129
10207,2026-03-20 23:00:00,70752.1,70767.5,70441.8,70472.7,67345.868
10208,2026-03-21 00:00:00,70472.7,70674.0,70470.4,70664.5,64029.902
10209,2026-03-21 01:00:00,70664.5,70703.5,70466.6,70466.6,61367.532
10210,2026-03-21 02:00:00,70466.6,70714.5,70445.2,70700.0,55395.182
10211,2026-03-21 03:00:00,70700.0,70718.9,70600.1,70637.8,36192.426
10212,2026-03-21 04:00:00,70637.8,70739.1,70606.1,70610.0,27920.853
10213,2026-03-21 05:00:00,70610.0,70751.6,70600.0,70676.5,43250.153
10214,2026-03-21 06:00:00,70676.5,70755.5,70676.5,70725.9,26421.303
10215,2026-03-21 07:00:00,70725.9,70861.7,70679.1,70680.1,41901.311
10216,2026-03-21 08:00:00,70713.5,70713.5,70491.0,70563.4,49061.599
10217,2026-03-21 09:00:00,70563.4,70685.2,70553.1,70631.3,47171.774
10218,2026-03-21 10:00:00,70631.3,70633.4,70547.8,70561.0,23601.624
10219,2026-03-21 11:00:00,70560.9,70569.1,70547.8,70569.1,7452.051
10220,2026-03-21 12:00:00,70569.1,70699.9,70565.7,70683.2,40347.806
10221,2026-03-21 13:00:00,70683.2,70751.9,70677.6,70700.3,23950.08
10222,2026-03-21 14:00:00,70704.9,70976.0,70674.6,70677.6,77311.161
10223,2026-03-21 15:00:00,70677.6,70696.6,70536.2,70619.9,49142.367
10224,2026-03-21 16:00:00,70619.9,70625.8,70249.9,70250.0,56612.726
10225,2026-03-21 17:00:00,70250.0,70376.5,70204.1,70280.0,49634.129
10226,2026-03-21 18:00:00,70275.4,70440.7,70265.9,70359.3,39546.371
10227,2026-03-21 19:00:00,70358.9,70404.5,70335.8,70363.7,11147.359
10228,2026-03-21 20:00:00,70361.6,70460.0,70329.8,70451.6,44523.291
10229,2026-03-21 21:00:00,70451.6,70455.0,70254.7,70312.1,28429.24
10230,2026-03-21 22:00:00,70312.1,70327.4,70245.2,70253.2,40596.924
10231,2026-03-21 23:00:00,70245.3,70261.4,69492.4,69879.6,77131.264
10232,2026-03-22 00:00:00,69984.6,70120.0,68395.5,68876.4,87076.541
10233,2026-03-22 01:00:00,68876.4,69026.9,68802.9,68920.1,72414.303
10234,2026-03-22 02:00:00,68914.6,69456.0,68913.1,69250.1,69609.463
10235,2026-03-22 03:00:00,69258.8,69443.3,69121.8,69274.8,60694.893
10236,2026-03-22 04:00:00,69274.8,69485.6,69196.0,69292.3,85161.929
10237,2026-03-22 05:00:00,69292.3,69297.2,69145.2,69146.0,33122.932
10238,2026-03-22 06:00:00,69169.5,69192.2,69076.1,69125.5,44673.655
10239,2026-03-22 07:00:00,69123.9,69170.0,68948.4,68948.4,55966.044
10240,2026-03-22 08:00:00,68948.4,69170.0,68586.5,68746.0,104630.256
10241,2026-03-22 09:00:00,68746.0,68823.4,68618.3,68789.0,56315.292
10242,2026-03-22 10:00:00,68789.0,68791.7,68585.4,68605.4,54537.215
10243,2026-03-22 11:00:00,68603.0,68634.0,68186.5,68191.8,83682.968
10244,2026-03-22 12:00:00,68191.8,68616.9,68189.5,68616.9,56289.972
10245,2026-03-22 13:00:00,68616.9,68793.0,68569.2,68705.1,81796.905
10246,2026-03-22 14:00:00,68705.1,68823.1,68565.0,68668.2,72369.861
10247,2026-03-22 15:00:00,68665.9,68861.1,68665.8,68792.6,63954.753
10248,2026-03-22 16:00:00,68792.6,68793.5,68684.3,68786.2,44992.983
10249,2026-03-22 17:00:00,68786.2,68793.5,68658.4,68658.5,21827.645
10250,2026-03-22 18:00:00,68658.5,68692.0,68429.1,68535.0,70261.315
10251,2026-03-22 19:00:00,68535.0,68552.8,68177.4,68180.8,82462.037
10252,2026-03-22 20:00:00,68180.8,68405.1,68141.8,68141.9,85867.87
10253,2026-03-22 21:00:00,68141.9,68160.8,67334.9,67800.1,80289.1
10254,2026-03-22 22:00:00,67800.1,68285.5,67610.0,68269.9,74320.841
10255,2026-03-22 23:00:00,68269.9,68338.0,67836.8,67847.1,91838.347
10256,2026-03-23 00:00:00,67840.3,68105.7,67571.6,67670.2,108295.968
10257,2026-03-23 01:00:00,67670.2,68108.3,67600.0,67896.1,85525.016
10258,2026-03-23 02:00:00,67896.1,68320.3,67874.9,68259.1,83904.704
10259,2026-03-23 03:00:00,68259.1,68482.4,68057.7,68057.7,77991.97
10260,2026-03-23 04:00:00,68058.1,68454.9,68047.6,68454.8,66123.094
10261,2026-03-23 05:00:00,68454.8,68804.3,68443.2,68695.6,90989.713
10262,2026-03-23 06:00:00,68757.3,68804.3,67774.0,67802.6,106918.188
10263,2026-03-23 07:00:00,67802.6,68400.0,67616.3,68330.0,85661.829
10264,2026-03-23 08:00:00,68335.2,68582.0,68329.9,68427.2,67911.036
10265,2026-03-23 09:00:00,68407.1,68430.1,67925.2,68232.2,80566.893
10266,2026-03-23 10:00:00,68231.2,68598.9,68231.1,68517.6,72798.202
10267,2026-03-23 11:00:00,68518.8,70720.0,68515.5,70076.2,151821.706
10268,2026-03-23 12:00:00,70076.4,70793.0,69702.4,70610.1,87776.168
10269,2026-03-23 13:00:00,70565.5,71480.0,70565.5,71378.6,116717.21
10270,2026-03-23 14:00:00,71378.6,71631.7,70626.0,71409.7,95166.086
10271,2026-03-23 15:00:00,71409.8,71570.6,70182.1,70182.1,96084.123
10272,2026-03-23 16:00:00,70182.1,70598.3,70180.0,70534.4,74967.044
10273,2026-03-23 17:00:00,70542.6,71076.1,70359.9,71069.9,104928.45
10274,2026-03-23 18:00:00,71076.1,71093.3,70881.5,70980.7,69923.318
10275,2026-03-23 19:00:00,70980.7,71070.1,70680.7,70680.7,77478.269
10276,2026-03-23 20:00:00,70680.7,70900.0,70591.4,70900.0,40282.725
10277,2026-03-23 21:00:00,70900.0,70934.4,70839.0,70877.5,47582.783
10278,2026-03-23 22:00:00,70862.5,70877.5,70528.9,70744.8,75682.82
10279,2026-03-23 23:00:00,70720.1,70880.4,70394.9,70879.4,79457.358
10280,2026-03-24 00:00:00,70879.4,70944.3,70540.5,70656.7,86532.017
10281,2026-03-24 01:00:00,70657.5,70758.8,70388.6,70512.5,83193.606
10282,2026-03-24 02:00:00,70478.7,70587.2,70427.7,70429.2,68051.925
10283,2026-03-24 03:00:00,70429.2,70514.0,70409.8,70514.0,43015.607
10284,2026-03-24 04:00:00,70514.0,70620.1,70265.0,70357.1,99415.11
10285,2026-03-24 05:00:00,70357.1,70498.2,70138.6,70247.2,55890.267
10286,2026-03-24 06:00:00,70247.2,70476.2,70237.5,70476.2,55243.696
10287,2026-03-24 07:00:00,70476.2,71076.1,70455.5,71076.1,87492.822
10288,2026-03-24 08:00:00,71076.1,71217.8,70863.1,70919.0,60702.201
10289,2026-03-24 09:00:00,70892.4,71247.9,70877.0,71175.4,71621.731
10290,2026-03-24 10:00:00,71219.7,71300.2,71109.1,71176.9,70260.146
10291,2026-03-24 11:00:00,71199.3,71244.3,70967.9,71106.9,80124.743
10292,2026-03-24 12:00:00,71089.9,71111.1,70872.2,70913.2,69164.187
10293,2026-03-24 13:00:00,70912.6,70981.4,70003.4,70003.4,130955.759
10294,2026-03-24 14:00:00,70003.4,70369.3,69518.3,69833.3,103683.351
10295,2026-03-24 15:00:00,69833.6,70151.1,69833.3,69846.5,86651.99
10296,2026-03-24 16:00:00,69846.6,69895.2,69400.0,69434.4,84598.808
10297,2026-03-24 17:00:00,69423.4,69463.9,68962.4,69153.3,88216.752
10298,2026-03-24 18:00:00,69123.4,69586.0,69111.8,69438.3,82146.067
10299,2026-03-24 19:00:00,69438.3,69619.7,69283.6,69316.1,64590.008
10300,2026-03-24 20:00:00,69316.1,70127.0,69276.9,70033.9,95222.91
10301,2026-03-24 21:00:00,70033.9,70345.8,69934.5,70279.8,78664.921
10302,2026-03-24 22:00:00,70279.8,70514.3,70182.6,70330.5,57959.941
10303,2026-03-24 23:00:00,70332.8,70772.2,70248.3,70523.9,79296.485
10304,2026-03-25 00:00:00,70550.1,70949.9,70489.2,70853.3,94630.441
10305,2026-03-25 01:00:00,70853.3,70886.8,70615.1,70694.7,55428.068
10306,2026-03-25 02:00:00,70694.7,70712.5,70497.8,70531.8,70408.762
10307,2026-03-25 03:00:00,70531.8,70742.5,70415.7,70740.1,64051.294
10308,2026-03-25 04:00:00,70706.6,70899.2,70700.4,70895.0,65898.866
10309,2026-03-25 05:00:00,70895.0,71250.0,70718.8,71080.1,79308.308
10310,2026-03-25 06:00:00,71080.1,71199.0,71003.6,71165.5,51051.718
10311,2026-03-25 07:00:00,71165.5,71175.0,70877.4,70888.0,70429.465
10312,2026-03-25 08:00:00,70888.0,71350.3,70794.1,71219.9,93353.931
10313,2026-03-25 09:00:00,71219.9,71318.1,71125.4,71261.0,65735.43
10314,2026-03-25 10:00:00,71257.5,71549.3,71253.9,71462.8,77392.256
10315,2026-03-25 11:00:00,71462.8,71903.8,71446.1,71650.2,91138.366
10316,2026-03-25 12:00:00,71650.7,71797.2,71206.3,71797.1,98644.703
10317,2026-03-25 13:00:00,71797.2,71829.3,71590.0,71604.6,80446.342
10318,2026-03-25 14:00:00,71604.6,71629.2,71277.3,71277.3,82477.343
10319,2026-03-25 15:00:00,71277.3,71284.7,70620.5,70811.8,109311.366
10320,2026-03-25 16:00:00,70816.6,71830.6,70797.8,71290.0,96139.519
10321,2026-03-25 17:00:00,71263.9,71310.3,70780.6,70780.6,89501.833
10322,2026-03-25 18:00:00,70780.6,71075.9,70772.8,70786.8,70603.773
10323,2026-03-25 19:00:00,70786.8,70944.6,70772.8,70834.6,76623.032
10324,2026-03-25 20:00:00,70832.9,70986.5,70668.7,70986.1,79299.04
10325,2026-03-25 21:00:00,70986.5,71075.9,70937.6,71000.2,52555.298
10326,2026-03-25 22:00:00,71000.2,71382.7,70950.6,71323.3,71682.365
10327,2026-03-25 23:00:00,71323.3,71381.9,71191.8,71294.6,62167.341
10328,2026-03-26 00:00:00,71299.9,71382.6,71175.3,71222.8,75024.589
10329,2026-03-26 01:00:00,71237.9,71327.7,71165.6,71212.8,63431.176
10330,2026-03-26 02:00:00,71212.9,71231.2,70720.2,70858.3,75799.001
10331,2026-03-26 03:00:00,70855.1,70917.7,70709.0,70851.1,74992.05
10332,2026-03-26 04:00:00,70851.1,70851.9,70707.2,70750.1,56815.955
10333,2026-03-26 05:00:00,70750.1,70763.4,69980.1,69980.2,130397.139
10334,2026-03-26 06:00:00,69980.2,70763.4,69965.7,70070.5,91946.985
10335,2026-03-26 07:00:00,70057.4,70114.2,69922.0,70101.3,70801.25
10336,2026-03-26 08:00:00,70110.0,70110.0,69800.0,69990.0,70337.999
10337,2026-03-26 09:00:00,69992.9,70031.5,69412.4,69566.4,90414.562
10338,2026-03-26 10:00:00,69566.4,69644.5,69458.0,69459.8,69313.971
10339,2026-03-26 11:00:00,69459.8,69598.5,69276.1,69314.7,85885.725
10340,2026-03-26 12:00:00,69314.7,69410.0,69273.8,69409.8,72599.844
10341,2026-03-26 13:00:00,69409.8,69900.0,69253.2,69583.6,105490.586
10342,2026-03-26 14:00:00,69583.5,70050.0,69359.6,69455.2,100565.801
10343,2026-03-26 15:00:00,69455.2,69455.5,68842.5,69060.7,94328.639
10344,2026-03-26 16:00:00,69060.7,69063.5,68857.0,68934.9,66044.267
10345,2026-03-26 17:00:00,68934.9,69086.8,68633.5,68633.8,98259.138
10346,2026-03-26 18:00:00,68633.7,68720.0,68210.1,68412.1,90213.486
10347,2026-03-26 19:00:00,68409.0,68639.8,68336.8,68532.6,80475.475
10348,2026-03-26 20:00:00,68532.8,69237.1,68426.5,68982.0,100458.287
10349,2026-03-26 21:00:00,68982.0,69100.0,68870.4,68893.8,60273.071
10350,2026-03-26 22:00:00,68893.8,68961.3,68732.4,68844.4,88959.588
10351,2026-03-26 23:00:00,68844.4,68900.1,68633.6,68787.4,60821.715
10352,2026-03-27 00:00:00,68787.4,68900.1,68626.5,68738.9,82089.349
10353,2026-03-27 01:00:00,68738.9,68953.3,68681.5,68953.3,74298.703
10354,2026-03-27 02:00:00,68946.1,69076.6,68865.1,68907.1,69422.363
10355,2026-03-27 03:00:00,68907.2,68928.2,68704.6,68735.1,76576.288
10356,2026-03-27 04:00:00,68735.1,68740.2,68350.1,68552.6,83487.311
10357,2026-03-27 05:00:00,68552.6,68768.6,68533.2,68585.2,79990.182
10358,2026-03-27 06:00:00,68585.2,68753.4,68572.7,68658.5,63109.572
10359,2026-03-27 07:00:00,68658.5,68904.2,68526.7,68526.8,103948.564
10360,2026-03-27 08:00:00,68526.8,68583.7,67762.0,67902.4,109058.581
10361,2026-03-27 09:00:00,67894.2,67929.2,67633.5,67681.2,94687.036
10362,2026-03-27 10:00:00,67681.2,67815.7,66000.0,66477.3,107595.663
10363,2026-03-27 11:00:00,66477.3,67624.7,66378.6,66663.2,69380.917
10364,2026-03-27 12:00:00,66650.0,66679.4,66454.3,66570.7,82269.833
10365,2026-03-27 13:00:00,66570.7,66640.0,66101.6,66155.4,111709.886
10366,2026-03-27 14:00:00,66153.9,66640.0,65708.7,66046.1,103274.578
10367,2026-03-27 15:00:00,66046.1,66640.0,65977.1,66099.8,95918.461
10368,2026-03-27 16:00:00,66102.2,66122.2,65813.8,65947.8,90510.19
10369,2026-03-27 17:00:00,65947.8,66199.9,65596.3,65612.4,97347.402
10370,2026-03-27 18:00:00,65612.4,65855.8,65612.2,65846.2,66787.234
10371,2026-03-27 19:00:00,65846.2,65972.6,65709.3,65972.6,87152.07
10372,2026-03-27 20:00:00,65972.5,66199.9,65809.6,65972.5,81259.658
10373,2026-03-27 21:00:00,65972.5,66135.6,65971.7,66044.9,57684.855
10374,2026-03-27 22:00:00,66047.2,66047.3,65913.8,65991.2,67291.482
10375,2026-03-27 23:00:00,65991.2,66347.2,65943.9,66310.2,78755.306
10376,2026-03-28 00:00:00,66310.2,66446.9,66254.9,66395.1,73643.173
10377,2026-03-28 01:00:00,66389.9,66439.8,66070.9,66136.9,74727.068
10378,2026-03-28 02:00:00,66137.1,66210.1,65943.5,66023.3,61212.987
10379,2026-03-28 03:00:00,66020.0,66194.7,66013.7,66194.7,33154.672
10380,2026-03-28 04:00:00,66194.7,66258.7,66098.1,66243.6,44819.695
10381,2026-03-28 05:00:00,66244.7,66329.8,66189.7,66308.1,50984.804
10382,2026-03-28 06:00:00,66309.1,66439.8,66285.1,66358.4,69476.197
10383,2026-03-28 07:00:00,66358.4,66524.8,66358.2,66523.4,37653.045
10384,2026-03-28 08:00:00,66523.4,66524.9,66356.3,66362.3,36457.794
10385,2026-03-28 09:00:00,66356.3,66363.7,66246.7,66271.0,43738.836
10386,2026-03-28 10:00:00,66246.7,66356.3,66142.9,66167.1,59788.891
10387,2026-03-28 11:00:00,66142.9,66313.8,66142.5,66310.6,44073.3
10388,2026-03-28 12:00:00,66313.8,66408.7,66210.6,66408.7,64552.039
10389,2026-03-28 13:00:00,66398.5,66938.0,66391.4,66753.1,83262.341
10390,2026-03-28 14:00:00,66793.1,66896.0,66691.4,66718.3,87940.175
10391,2026-03-28 15:00:00,66718.3,67315.8,66692.8,66937.9,82030.617
10392,2026-03-28 16:00:00,66949.7,67047.8,66839.2,66870.6,57661.862
10393,2026-03-28 17:00:00,66870.6,66935.2,66750.0,66808.6,66455.69
10394,2026-03-28 18:00:00,66808.6,66899.8,66808.6,66899.8,45000.609
10395,2026-03-28 19:00:00,66889.3,66899.8,66803.2,66830.1,18491.809
10396,2026-03-28 20:00:00,66830.1,66947.5,66815.6,66908.5,58132.651
10397,2026-03-28 21:00:00,66908.5,66908.7,66675.7,66675.7,72795.8
10398,2026-03-28 22:00:00,66746.4,66847.4,66583.3,66725.4,44653.352
10399,2026-03-28 23:00:00,66725.4,66725.4,66326.6,66334.7,67887.082
10400,2026-03-29 00:00:00,66326.6,66436.0,66311.7,66436.0,64702.063
10401,2026-03-29 01:00:00,66436.0,66582.0,66399.7,66536.1,68048.555
10402,2026-03-29 02:00:00,66536.1,66733.9,66487.0,66733.9,70758.965
10403,2026-03-29 03:00:00,66733.9,66974.6,66733.8,66875.8,64516.631
10404,2026-03-29 04:00:00,66875.7,66891.8,66700.4,66700.7,59765.039
10405,2026-03-29 05:00:00,66700.7,66711.4,66577.1,66711.3,50821.218
10406,2026-03-29 06:00:00,66711.3,66827.4,66616.7,66711.8,66955.304
10407,2026-03-29 07:00:00,66711.7,66800.6,66572.4,66636.6,53581.81
10408,2026-03-29 08:00:00,66636.6,66716.3,66616.8,66687.4,27998.564
10409,2026-03-29 09:00:00,66676.9,66716.3,66554.2,66573.4,50203.106
10410,2026-03-29 10:00:00,66573.4,66573.4,66429.0,66482.1,48617.712
10411,2026-03-29 11:00:00,66482.1,66871.0,66482.0,66807.5,73665.926
10412,2026-03-29 12:00:00,66820.0,66826.0,66700.0,66820.0,53502.181
10413,2026-03-29 13:00:00,66820.0,66826.1,66541.2,66565.0,77486.653
10414,2026-03-29 14:00:00,66565.0,66643.8,66491.6,66546.1,78304.52
10415,2026-03-29 15:00:00,66546.1,66649.6,66404.0,66506.3,85807.069
10416,2026-03-29 16:00:00,66506.3,66595.5,66430.9,66467.9,58144.822
10417,2026-03-29 17:00:00,66467.9,66478.7,66204.8,66356.6,87932.696
10418,2026-03-29 18:00:00,66356.6,66447.4,66334.9,66403.0,47669.152
10419,2026-03-29 19:00:00,66403.0,66447.5,66332.5,66332.5,50607.119
10420,2026-03-29 20:00:00,66332.5,66659.1,66332.4,66552.6,77983.71
10421,2026-03-29 21:00:00,66552.5,66669.0,66508.1,66669.0,76196.651
10422,2026-03-29 22:00:00,66669.0,66669.0,65709.0,65820.1,150310.82
10423,2026-03-29 23:00:00,65820.1,66230.1,65820.0,65967.0,78346.199
10424,2026-03-30 00:00:00,65966.0,66671.8,65837.0,66199.9,114339.154
10425,2026-03-30 01:00:00,66199.9,66691.3,66157.4,66611.6,70680.233
10426,2026-03-30 02:00:00,66611.6,67059.4,66571.5,67059.4,115224.483
10427,2026-03-30 03:00:00,67059.4,67187.5,66956.6,67144.7,70976.197
10428,2026-03-30 04:00:00,67140.9,67550.7,67140.8,67548.8,87679.312
10429,2026-03-30 05:00:00,67548.9,67704.9,67421.3,67473.1,70509.221
10430,2026-03-30 06:00:00,67473.1,67524.8,67290.5,67290.7,65896.9551
10431,2026-03-30 07:00:00,67300.0,67516.1,67227.0,67516.1,70816.511
10432,2026-03-30 08:00:00,67515.6,67834.6,67506.0,67719.9,69956.5382
10433,2026-03-30 09:00:00,67717.0,67719.9,67439.9,67447.7,28824.4831
10434,2026-03-30 10:00:00,67447.7,67468.1,67376.3,67453.4,48551.893
10435,2026-03-30 11:00:00,67453.5,67666.9,67453.3,67617.2,69180.7371
10436,2026-03-30 12:00:00,67617.2,67910.1,67603.1,67859.3,62996.8664
10437,2026-03-30 13:00:00,67859.3,67919.9,67569.1,67569.1,107115.4388
10438,2026-03-30 14:00:00,67569.1,67705.8,67186.7,67382.6,132514.9853
10439,2026-03-30 15:00:00,67705.8,67759.1,67340.1,67595.4,81764.3976
10440,2026-03-30 16:00:00,67579.7,67597.4,67304.7,67322.6,79802.9122
10441,2026-03-30 17:00:00,67322.6,67398.5,66767.1,66780.1,99114.2098
10442,2026-03-30 18:00:00,66786.0,66887.5,66576.1,66605.4,76162.486
10443,2026-03-30 19:00:00,66605.4,66700.3,66278.3,66469.2,95929.7431
10444,2026-03-30 20:00:00,66468.8,66624.1,66464.2,66615.1,49491.4524
10445,2026-03-30 21:00:00,66614.9,66905.9,66604.4,66807.9,92167.3694
10446,2026-03-30 22:00:00,66807.9,66929.5,66729.9,66746.5,67331.9447
10447,2026-03-30 23:00:00,66746.5,66752.4,66436.1,66723.0,84158.6272
10448,2026-03-31 00:00:00,66723.0,67127.4,66557.8,67127.1,110670.514
10449,2026-03-31 01:00:00,67104.6,68208.0,67046.1,67937.6,104805.3427
10450,2026-03-31 02:00:00,67937.6,67981.8,67848.6,67969.7,63222.8222
10451,2026-03-31 03:00:00,67971.5,67971.5,67639.5,67667.1,71473.8415
10452,2026-03-31 04:00:00,67667.1,67753.0,67493.6,67509.4,91444.5138
10453,2026-03-31 05:00:00,67510.1,67706.3,67390.0,67646.5,67209.1203
10454,2026-03-31 06:00:00,67643.4,67649.0,67379.3,67457.6,57885.8216
10455,2026-03-31 07:00:00,67457.6,67461.9,67106.7,67343.3,84624.6876
10456,2026-03-31 08:00:00,67342.6,67404.6,66775.4,66775.4,95109.2918
10457,2026-03-31 09:00:00,66775.4,66831.2,66074.9,66075.5,113570.2964
10458,2026-03-31 10:00:00,66075.5,66420.0,66074.9,66333.5,85152.8049
10459,2026-03-31 11:00:00,66335.9,66825.4,66230.3,66651.2,90727.2223
10460,2026-03-31 12:00:00,66651.2,66857.8,66562.8,66641.9,76963.7168
10461,2026-03-31 13:00:00,66641.9,67258.9,66641.9,67174.7,76316.718
10462,2026-03-31 14:00:00,67174.7,67674.4,66577.0,66577.0,131015.5172
10463,2026-03-31 15:00:00,66602.4,67253.2,66575.0,66777.8,90780.1291
10464,2026-03-31 16:00:00,66777.8,67707.7,66777.8,67558.7,100524.6963
10465,2026-03-31 17:00:00,67558.7,68268.3,67498.0,67529.6,111408.3568
10466,2026-03-31 18:00:00,67588.6,67825.9,67490.8,67786.3,78519.4079
10467,2026-03-31 19:00:00,67762.3,67976.9,67732.6,67818.8,73961.0252
10468,2026-03-31 20:00:00,67818.6,68230.4,67818.6,68229.8,94383.8005
10469,2026-03-31 21:00:00,68230.4,68351.3,67900.1,68237.4,91763.2081
10470,2026-03-31 22:00:00,68238.1,68263.6,68017.2,68169.6,82011.052
10471,2026-03-31 23:00:00,68179.9,68330.4,68089.1,68237.6,85768.3701
10472,2026-04-01 00:00:00,68237.6,68261.9,67911.7,68246.1,89184.5543
10473,2026-04-01 01:00:00,68246.1,68296.2,67794.0,67794.0,80544.1604
10474,2026-04-01 02:00:00,67835.0,67881.0,67580.6,67586.0,88490.7704
10475,2026-04-01 03:00:00,67580.6,68181.6,67580.6,68089.6,87203.0073
10476,2026-04-01 04:00:00,68089.6,68323.0,68024.5,68267.5,77928.4928
10477,2026-04-01 05:00:00,68267.5,68572.9,68142.1,68420.6,85161.0113
10478,2026-04-01 06:00:00,68422.2,69095.4,68420.6,69095.4,88977.7953
10479,2026-04-01 07:00:00,69095.4,69181.5,68658.7,68659.4,89782.0922
10480,2026-04-01 08:00:00,68658.7,68744.1,68500.1,68709.0,58183.5928
10481,2026-04-01 09:00:00,68709.0,68744.1,68397.5,68623.4,78726.504
10482,2026-04-01 10:00:00,68613.3,68623.4,68437.7,68516.9,55566.406
10483,2026-04-01 11:00:00,68516.9,68646.1,68498.5,68619.0,55763.5614
10484,2026-04-01 12:00:00,68645.6,68655.1,68302.3,68363.8,89182.2063
10485,2026-04-01 13:00:00,68363.8,68536.3,67983.4,68200.0,104387.6627
10486,2026-04-01 14:00:00,68119.0,68571.9,68070.0,68570.8,82667.6028
10487,2026-04-01 15:00:00,68570.8,68866.6,68454.8,68851.8,84248.978
10488,2026-04-01 16:00:00,68851.8,68897.6,68608.3,68800.8,76243.1446
10489,2026-04-01 17:00:00,68800.8,68967.7,68237.4,68237.5,101178.8548
10490,2026-04-01 18:00:00,68237.5,68238.4,68001.1,68006.2,88186.9868
10491,2026-04-01 19:00:00,68004.5,68196.0,68001.1,68140.1,63490.7385
10492,2026-04-01 20:00:00,68140.2,68192.8,68009.2,68192.1,60786.6079
10493,2026-04-01 21:00:00,68192.0,68435.5,68154.8,68374.9,69549.6237
10494,2026-04-01 22:00:00,68371.0,68374.9,68110.2,68110.2,59926.8362
10495,2026-04-01 23:00:00,68113.3,68175.9,68003.3,68086.5,47887.7561
10496,2026-04-02 00:00:00,68077.5,68564.5,68069.4,68564.5,69861.4616
10497,2026-04-02 01:00:00,68564.5,68564.5,67102.8,67321.1,135477.4697
10498,2026-04-02 02:00:00,67321.1,67322.2,66733.4,66860.1,98536.2911
10499,2026-04-02 03:00:00,66860.1,66870.3,66526.4,66547.6,89589.062
10500,2026-04-02 04:00:00,66551.0,66598.9,66228.0,66307.2,57795.6049
10501,2026-04-02 05:00:00,66300.5,66577.9,66299.9,66577.8,81391.7186
10502,2026-04-02 06:00:00,66577.9,66778.1,66543.6,66640.8,71102.4436
10503,2026-04-02 07:00:00,66640.7,66884.7,66561.2,66884.7,88964.6229
10504,2026-04-02 08:00:00,66884.6,66884.7,66459.1,66459.5,79270.5787
10505,2026-04-02 09:00:00,66459.1,66462.2,66349.8,66418.3,49092.8454
10506,2026-04-02 10:00:00,66417.8,66425.2,66251.7,66425.1,55809.62
10507,2026-04-02 11:00:00,66425.1,66427.9,66252.6,66279.0,64556.4054
10508,2026-04-02 12:00:00,66308.3,66308.4,65943.6,66054.2,95743.7148
10509,2026-04-02 13:00:00,66054.2,66170.6,65806.4,66170.6,85413.66
10510,2026-04-02 14:00:00,66170.6,66884.7,66169.5,66847.0,117011.9789
10511,2026-04-02 15:00:00,66847.0,66889.9,66684.1,66777.1,83392.4566
10512,2026-04-02 16:00:00,66773.8,67196.0,66769.7,67072.4,83546.0622
10513,2026-04-02 17:00:00,67068.2,67336.5,66753.0,66753.0,87335.4179
10514,2026-04-02 18:00:00,66762.0,66959.5,66644.1,66958.2,80491.3344
10515,2026-04-02 19:00:00,66943.6,67018.9,66930.9,66951.0,54755.3326
10516,2026-04-02 20:00:00,66953.9,67018.9,66805.9,66909.8,57478.6075
10517,2026-04-02 21:00:00,66912.0,66926.7,66739.2,66827.9,74131.5243
10518,2026-04-02 22:00:00,66810.5,66998.6,66800.0,66998.3,53200.0744
10519,2026-04-02 23:00:00,66998.3,67021.0,66840.8,66864.5,58076.9965
10520,2026-04-03 00:00:00,66864.4,66924.8,66702.3,66704.4,69792.8996
10521,2026-04-03 01:00:00,66704.4,66843.9,66488.7,66558.2,85980.2604
10522,2026-04-03 02:00:00,66558.2,66710.1,66305.3,66454.3,75176.1763
10523,2026-04-03 03:00:00,66454.3,66670.8,66454.2,66580.0,61793.039
10524,2026-04-03 04:00:00,66594.8,66626.7,66505.6,66599.7,56031.906
10525,2026-04-03 05:00:00,66599.7,66710.1,66465.0,66559.7,83535.1647
10526,2026-04-03 06:00:00,66559.7,66731.3,66540.5,66731.3,30203.547
10527,2026-04-03 07:00:00,66731.2,67046.3,66728.9,66994.9,94249.6691
10528,2026-04-03 08:00:00,66994.9,67220.5,66899.0,66948.2,67465.0201
10529,2026-04-03 09:00:00,66936.6,66949.0,66763.8,66827.4,61972.3628
10530,2026-04-03 10:00:00,66823.4,66827.6,66713.2,66815.7,59859.4354
10531,2026-04-03 11:00:00,66815.7,66985.0,66806.0,66961.0,50645.7659
10532,2026-04-03 12:00:00,66971.8,67070.5,66708.1,66725.5,77823.6261
10533,2026-04-03 13:00:00,66724.8,66740.1,66533.7,66643.4,75192.2523
10534,2026-04-03 14:00:00,66643.4,66881.4,66620.6,66873.2,68720.2916
10535,2026-04-03 15:00:00,66873.3,66962.4,66802.7,66830.6,58313.8168
10536,2026-04-03 16:00:00,66830.6,66983.0,66809.1,66975.8,50015.7841
10537,2026-04-03 17:00:00,66975.8,67016.4,66796.4,66811.0,60380.093
10538,2026-04-03 18:00:00,66811.0,66884.6,66752.0,66793.4,44912.1785
10539,2026-04-03 19:00:00,66799.7,66865.7,66755.0,66857.1,36894.2614
10540,2026-04-03 20:00:00,66857.1,66877.2,66812.0,66812.0,23023.4378
10541,2026-04-03 21:00:00,66812.0,66881.2,66800.0,66881.2,18465.2709
10542,2026-04-03 22:00:00,66881.2,66900.0,66828.7,66878.4,21161.4595
10543,2026-04-03 23:00:00,66874.9,66915.7,66824.6,66915.6,53785.1816
10544,2026-04-04 00:00:00,66914.3,66918.8,66870.0,66875.8,5563.1038
10545,2026-04-04 01:00:00,66917.8,66918.8,66805.6,66819.8,25812.5789
10546,2026-04-04 02:00:00,66820.0,66887.9,66803.4,66812.0,24764.5997
10547,2026-04-04 03:00:00,66812.1,66871.6,66803.4,66804.5,17883.6929
10548,2026-04-04 04:00:00,66804.5,66821.7,66800.0,66821.0,4160.2754
10549,2026-04-04 05:00:00,66821.0,66904.2,66800.0,66889.1,43713.5493
10550,2026-04-04 06:00:00,66889.1,66980.8,66885.9,66978.3,28832.6651
10551,2026-04-04 07:00:00,66978.3,67004.0,66915.6,66982.0,9204.2236
10552,2026-04-04 08:00:00,66965.1,67004.1,66903.8,66903.9,30387.9227
10553,2026-04-04 09:00:00,66903.9,66949.6,66894.6,66946.3,11946.5061
10554,2026-04-04 10:00:00,66939.5,67029.9,66894.6,67029.9,47976.9229
10555,2026-04-04 11:00:00,67029.9,67142.5,66999.1,67085.0,32620.3054
10556,2026-04-04 12:00:00,67085.0,67140.6,67054.7,67079.0,35568.2185
10557,2026-04-04 13:00:00,67075.5,67218.5,67045.0,67192.3,33775.2713
10558,2026-04-04 14:00:00,67192.3,67201.0,67023.9,67111.2,28643.3388
10559,2026-04-04 15:00:00,67106.8,67410.7,67092.4,67305.7,66706.9524
10560,2026-04-04 16:00:00,67297.8,67458.2,67297.4,67378.3,49230.9159
10561,2026-04-04 17:00:00,67379.9,67382.1,67287.6,67305.4,40712.4001
10562,2026-04-04 18:00:00,67306.4,67313.0,67283.6,67289.5,6742.2074
10563,2026-04-04 19:00:00,67283.6,67405.9,67274.0,67297.7,49412.5041
10564,2026-04-04 20:00:00,67295.0,67297.8,67193.5,67235.7,20217.9487
10565,2026-04-04 21:00:00,67235.7,67400.1,67193.4,67364.9,33574.9339
10566,2026-04-04 22:00:00,67370.0,67405.2,67316.9,67350.8,21103.3108
10567,2026-04-04 23:00:00,67366.5,67368.9,67249.4,67249.4,27386.9658
10568,2026-04-05 00:00:00,67249.5,67252.1,67152.1,67152.2,24479.9295
10569,2026-04-05 01:00:00,67152.1,67179.6,67052.2,67059.9,20726.3417
10570,2026-04-05 02:00:00,67059.9,67125.0,66972.7,67119.1,49284.0078
10571,2026-04-05 03:00:00,67105.1,67119.2,67099.6,67110.5,1960.6254
10572,2026-04-05 04:00:00,67113.5,67133.9,67050.1,67066.5,43459.8088
10573,2026-04-05 05:00:00,67066.5,67108.3,66960.0,66960.1,31615.7775
10574,2026-04-05 06:00:00,66960.1,66961.9,66705.6,66801.2,82651.4396
10575,2026-04-05 07:00:00,66797.9,66873.9,66711.7,66787.5,50017.6872
10576,2026-04-05 08:00:00,66787.5,66876.3,66785.9,66876.3,13916.0101
10577,2026-04-05 09:00:00,66853.6,66980.0,66853.5,66980.0,29948.1033
10578,2026-04-05 10:00:00,66980.0,67072.9,66969.1,67019.9,20582.6128
10579,2026-04-05 11:00:00,67013.6,67046.5,66971.5,66975.0,11709.6313
10580,2026-04-05 12:00:00,66975.9,66976.0,66699.9,66760.0,60071.9206
10581,2026-04-05 13:00:00,66760.1,66861.9,66720.1,66834.8,48075.2101
10582,2026-04-05 14:00:00,66858.8,66916.9,66802.4,66910.8,30189.7117
10583,2026-04-05 15:00:00,66910.8,67406.3,66824.4,67288.6,108301.0041
10584,2026-04-05 16:00:00,67288.8,67346.8,67170.4,67170.4,27591.6511
10585,2026-04-05 17:00:00,67180.9,67366.5,67167.7,67283.2,59638.5624
10586,2026-04-05 18:00:00,67284.7,67408.2,67261.4,67398.2,29340.6457
10587,2026-04-05 19:00:00,67398.2,67489.1,67271.5,67298.9,64031.6913
10588,2026-04-05 20:00:00,67298.7,67635.8,67298.6,67610.0,55997.277
10589,2026-04-05 21:00:00,67610.0,67621.7,67414.8,67570.8,60467.5233
10590,2026-04-05 22:00:00,67571.0,68297.9,67406.6,68297.9,101490.6264
10591,2026-04-05 23:00:00,68269.6,69054.8,68060.4,68971.0,74817.2671
10592,2026-04-06 00:00:00,68971.0,69364.7,68923.5,69086.6,102040.1094
10593,2026-04-06 01:00:00,69086.6,69097.3,68810.2,68810.3,53648.1928
10594,2026-04-06 02:00:00,68810.3,69342.5,68777.1,69185.0,91570.2253
10595,2026-04-06 03:00:00,69181.1,69197.2,69072.1,69077.9,52285.9029
10596,2026-04-06 04:00:00,69077.3,69142.7,68966.0,69122.2,53283.4525
10597,2026-04-06 05:00:00,69136.2,69177.8,69072.6,69170.5,43913.3598
10598,2026-04-06 06:00:00,69170.5,69229.9,68830.7,68951.2,87085.6698
10599,2026-04-06 07:00:00,68951.2,69150.8,68816.9,69068.9,72931.9243
10600,2026-04-06 08:00:00,69068.9,69262.7,69053.8,69215.2,58235.5473
10601,2026-04-06 09:00:00,69215.2,70058.0,69187.0,69705.0,106723.09
10602,2026-04-06 10:00:00,69705.0,69870.1,69691.8,69730.6,58237.4399
10603,2026-04-06 11:00:00,69730.6,69735.9,69547.0,69547.3,42138.6308
10604,2026-04-06 12:00:00,69547.3,69570.8,69325.2,69336.0,60326.4419
10605,2026-04-06 13:00:00,69366.8,69450.3,69241.7,69346.5,54398.6658
10606,2026-04-06 14:00:00,69346.5,69684.1,69213.8,69613.8,95109.2044
10607,2026-04-06 15:00:00,69613.8,69870.1,69553.6,69789.2,68515.0481
10608,2026-04-06 16:00:00,69808.9,70125.0,69789.2,69813.8,93778.9833
10609,2026-04-06 17:00:00,69813.8,70125.0,69290.1,69533.9,97574.9533
10610,2026-04-06 18:00:00,69533.9,69833.0,69466.7,69833.0,78856.3923
10611,2026-04-06 19:00:00,69824.7,69833.0,69557.6,69703.1,62311.0081
10612,2026-04-06 20:00:00,69661.5,69920.7,69620.9,69794.5,63037.1037
10613,2026-04-06 21:00:00,69794.5,69820.9,69426.8,69426.8,64122.1921
10614,2026-04-06 22:00:00,69426.8,69528.1,68929.2,69125.0,100361.7421
10615,2026-04-06 23:00:00,69125.0,69291.7,68495.2,68818.3,90943.8903
10616,2026-04-07 00:00:00,68809.1,68972.8,68715.8,68814.4,83821.3677
10617,2026-04-07 01:00:00,68814.4,68823.6,68413.9,68417.4,91687.6124
10618,2026-04-07 02:00:00,68413.9,68656.0,68350.7,68654.9,55683.9992
10619,2026-04-07 03:00:00,68656.0,68742.2,68620.0,68742.2,39735.8717
10620,2026-04-07 04:00:00,68742.2,68870.5,68576.5,68834.1,69060.3386
10621,2026-04-07 05:00:00,68834.1,68869.3,68590.1,68590.3,56749.0694
10622,2026-04-07 06:00:00,68590.3,68604.5,68436.8,68540.9,71532.258
10623,2026-04-07 07:00:00,68552.1,68643.6,68475.9,68594.3,60013.5749
10624,2026-04-07 08:00:00,68594.5,68913.7,68582.9,68907.0,68078.1089
10625,2026-04-07 09:00:00,68907.0,69158.8,68895.8,69104.7,75171.8212
10626,2026-04-07 10:00:00,69104.7,69176.9,68201.3,68217.4,128763.4933
10627,2026-04-07 11:00:00,68217.4,68399.9,68138.0,68318.7,62873.2276
10628,2026-04-07 12:00:00,68318.7,68373.8,68140.1,68370.5,77675.3639
10629,2026-04-07 13:00:00,68370.5,68698.9,68250.0,68251.0,85386.1511
10630,2026-04-07 14:00:00,68319.3,68389.0,67764.0,67846.1,110796.6268
10631,2026-04-07 15:00:00,67846.2,68159.5,67761.0,68138.6,62137.8401
10632,2026-04-07 16:00:00,68138.2,68331.9,68103.6,68213.4,65417.4923
10633,2026-04-07 17:00:00,68212.7,68748.6,68209.5,68744.5,90446.8858
10634,2026-04-07 18:00:00,68744.5,68748.6,68361.7,68361.7,68061.6156
10635,2026-04-07 19:00:00,68364.5,68965.9,68348.7,68952.4,98072.4125
10636,2026-04-07 20:00:00,68950.9,69489.2,68950.9,69274.7,67257.1163
10637,2026-04-07 21:00:00,69274.7,70000.0,69274.4,69864.9,114641.6537
10638,2026-04-07 22:00:00,69862.0,71244.6,69855.3,71244.6,104303.5826
10639,2026-04-07 23:00:00,71244.6,72340.4,71186.3,71913.1,113657.9471
10640,2026-04-08 00:00:00,71916.1,72061.8,71305.4,71616.4,79548.6539
10641,2026-04-08 01:00:00,71544.8,71686.5,71437.2,71458.7,63881.8424
10642,2026-04-08 02:00:00,71458.7,71649.9,71249.8,71300.2,74359.8283
10643,2026-04-08 03:00:00,71315.1,71408.4,71266.5,71266.5,54908.7229
10644,2026-04-08 04:00:00,71269.7,71607.0,71265.5,71556.0,52905.4973
10645,2026-04-08 05:00:00,71556.0,71728.5,71543.4,71716.6,50777.8016
10646,2026-04-08 06:00:00,71716.6,71858.5,71579.3,71716.8,61092.7505
10647,2026-04-08 07:00:00,71716.8,71791.9,71571.5,71590.7,55462.1299
10648,2026-04-08 08:00:00,71595.0,71762.5,71585.2,71715.6,55637.3489
10649,2026-04-08 09:00:00,71710.1,71838.8,71577.8,71665.8,80388.6803
10650,2026-04-08 10:00:00,71652.7,71681.9,71499.1,71499.1,52273.3223
10651,2026-04-08 11:00:00,71500.0,71639.7,71428.7,71507.2,81939.7434
10652,2026-04-08 12:00:00,71582.8,71947.3,71497.6,71947.3,83687.0705
10653,2026-04-08 13:00:00,71947.3,72759.9,71544.8,71573.2,120609.0433
10654,2026-04-08 14:00:00,71574.3,71651.9,70828.2,70839.7,106762.492
10655,2026-04-08 15:00:00,70839.7,71268.2,70839.2,71268.1,73964.7569
10656,2026-04-08 16:00:00,71268.2,71494.1,71240.9,71472.0,70201.8124
10657,2026-04-08 17:00:00,71472.0,71856.2,71471.9,71821.3,74380.9178
10658,2026-04-08 18:00:00,71829.7,71829.7,71196.1,71196.1,90095.9539
10659,2026-04-08 19:00:00,71196.1,71306.9,71088.0,71243.2,62518.7573
10660,2026-04-08 20:00:00,71243.2,71426.5,71240.9,71299.9,52962.4249
10661,2026-04-08 21:00:00,71299.9,71675.5,71298.9,71501.9,63356.7396
10662,2026-04-08 22:00:00,71501.9,71501.9,71081.1,71081.1,90149.9811
10663,2026-04-08 23:00:00,71081.1,71234.3,70954.5,71113.5,57935.2738
10664,2026-04-09 00:00:00,71113.6,71113.9,70664.8,70796.9,85327.8799
10665,2026-04-09 01:00:00,70796.9,70893.5,70516.5,70883.6,78528.3614
10666,2026-04-09 02:00:00,70887.8,71099.9,70804.4,71035.1,58868.5825
10667,2026-04-09 03:00:00,71035.1,71039.1,70864.7,70975.4,54168.0188
10668,2026-04-09 04:00:00,70975.4,70986.5,70737.5,70747.7,63725.1444
10669,2026-04-09 05:00:00,70747.7,70994.4,70732.5,70934.2,61915.3692
10670,2026-04-09 06:00:00,70934.2,71014.8,70803.0,70959.9,59459.4338
10671,2026-04-09 07:00:00,70959.9,71042.9,70933.5,70946.7,49141.264
10672,2026-04-09 08:00:00,70946.7,71233.0,70881.0,71214.7,83469.735
10673,2026-04-09 09:00:00,71214.7,71482.0,71094.6,71482.0,73501.1352
10674,2026-04-09 10:00:00,71482.0,71482.0,71315.0,71315.1,61411.4821
10675,2026-04-09 11:00:00,71315.1,71324.4,71038.8,71132.7,60450.7933
10676,2026-04-09 12:00:00,71140.6,71198.9,71038.8,71198.8,69283.3411
10677,2026-04-09 13:00:00,71198.8,71199.0,70731.3,70736.1,76684.0735
10678,2026-04-09 14:00:00,70736.1,71100.0,70558.9,71079.8,83510.2493
10679,2026-04-09 15:00:00,71079.7,72182.0,70946.6,72106.6,128530.2737
10680,2026-04-09 16:00:00,72107.9,72285.6,71765.9,71974.0,88605.7777
10681,2026-04-09 17:00:00,71976.7,72485.8,71973.9,72294.6,77569.2245
10682,2026-04-09 18:00:00,72294.6,72295.5,71773.3,71848.7,75034.458
10683,2026-04-09 19:00:00,71848.6,72216.8,71778.3,72065.3,80780.7909
10684,2026-04-09 20:00:00,72065.8,72370.5,71997.9,72338.0,62797.8289
10685,2026-04-09 21:00:00,72338.0,72459.8,72149.9,72237.0,82512.8531
10686,2026-04-09 22:00:00,72237.0,72755.3,72075.9,72075.9,96407.4696
10687,2026-04-09 23:00:00,72075.9,72171.0,71675.2,71736.4,88640.147
10688,2026-04-10 00:00:00,71736.4,71974.5,71642.0,71974.5,80160.6824
10689,2026-04-10 01:00:00,71971.7,72317.8,71775.5,72148.8,88666.0444
10690,2026-04-10 02:00:00,72148.8,72209.1,71915.0,71940.7,47535.9362
10691,2026-04-10 03:00:00,71929.9,71950.0,71790.0,71837.3,56489.8711
10692,2026-04-10 04:00:00,71842.0,71971.1,71801.8,71864.6,63003.1817
10693,2026-04-10 05:00:00,71971.1,72223.6,71864.6,72086.6,63051.0419
10694,2026-04-10 06:00:00,72074.9,72098.2,71791.2,71791.3,71689.4284
10695,2026-04-10 07:00:00,71791.3,71803.2,71418.0,71461.1,51878.0907
10696,2026-04-10 08:00:00,71435.0,71722.3,71418.0,71540.1,57363.4689
10697,2026-04-10 09:00:00,71540.1,71802.2,71540.0,71756.9,65567.0528
10698,2026-04-10 10:00:00,71756.9,71861.1,71708.4,71861.1,48144.0704
10699,2026-04-10 11:00:00,71860.8,72183.5,71860.7,72112.7,63143.1274
10700,2026-04-10 12:00:00,72113.3,72350.2,72057.5,72225.5,77880.6635
10701,2026-04-10 13:00:00,72225.5,72311.3,71918.4,72278.5,84293.2737
10702,2026-04-10 14:00:00,72247.8,73070.5,72166.8,72771.7,92086.1139
10703,2026-04-10 15:00:00,72750.1,73069.1,72407.2,72478.6,93603.3118
10704,2026-04-10 16:00:00,72478.6,72909.0,72407.2,72898.1,75293.3329
10705,2026-04-10 17:00:00,72898.0,73066.9,72776.3,73066.9,58480.8613
10706,2026-04-10 18:00:00,73066.9,73067.3,72885.0,73007.9,55593.4706
10707,2026-04-10 19:00:00,73007.9,73209.3,72900.0,73209.2,73630.1999
10708,2026-04-10 20:00:00,73209.2,73372.3,73062.8,73310.4,71262.749
10709,2026-04-10 21:00:00,73310.5,73314.3,72939.2,73124.1,61281.7667
10710,2026-04-10 22:00:00,73124.1,73179.5,72826.5,72828.0,66389.3804
10711,2026-04-10 23:00:00,72826.6,72922.8,72763.0,72906.5,49777.4351
10712,2026-04-11 00:00:00,72906.5,72906.6,72779.1,72792.4,38783.6944
10713,2026-04-11 01:00:00,72789.5,72955.4,72672.7,72901.8,61443.5089
10714,2026-04-11 02:00:00,72901.8,72989.3,72879.5,72917.9,62985.8093
10715,2026-04-11 03:00:00,72917.9,73033.1,72810.2,72889.9,59074.6045
10716,2026-04-11 04:00:00,72835.2,72913.6,72667.9,72764.9,55736.4041
10717,2026-04-11 05:00:00,72764.9,72768.4,72664.1,72677.4,31783.1491
10718,2026-04-11 06:00:00,72680.0,72689.0,72602.2,72689.0,42120.5093
10719,2026-04-11 07:00:00,72689.0,72768.4,72650.0,72672.9,31181.8773
10720,2026-04-11 08:00:00,72672.9,72745.9,72627.4,72627.4,22561.124
10721,2026-04-11 09:00:00,72627.4,72868.5,72600.0,72868.5,57184.2819
10722,2026-04-11 10:00:00,72866.7,72874.9,72750.0,72796.2,37936.2946
10723,2026-04-11 11:00:00,72796.2,72839.6,72782.8,72839.6,13438.7056
10724,2026-04-11 12:00:00,72839.6,72914.3,72799.0,72903.3,49644.3429
10725,2026-04-11 13:00:00,72903.3,72914.3,72581.7,72653.8,82353.7325
10726,2026-04-11 14:00:00,72653.8,72687.6,72572.4,72679.5,62806.2125
10727,2026-04-11 15:00:00,72687.6,72801.7,72679.4,72790.6,31829.4272
10728,2026-04-11 16:00:00,72789.3,73123.2,72787.3,73029.8,55817.1089
10729,2026-04-11 17:00:00,73029.9,73110.5,72954.7,73036.0,36533.6274
10730,2026-04-11 18:00:00,73036.0,73549.1,73008.2,73479.7,86694.2268
10731,2026-04-11 19:00:00,73476.5,73649.8,73461.9,73595.4,51387.746
10732,2026-04-11 20:00:00,73599.0,73600.0,73188.0,73270.5,74257.5844
10733,2026-04-11 21:00:00,73277.5,73469.1,73262.4,73426.0,54316.3551
10734,2026-04-11 22:00:00,73426.0,73485.0,73261.0,73333.4,63246.1015
10735,2026-04-11 23:00:00,73333.4,73338.6,72954.6,73013.5,86385.5162
10736,2026-04-12 00:00:00,73006.8,73068.1,72899.8,73015.9,64519.9253
10737,2026-04-12 01:00:00,73015.9,73073.0,71689.1,72600.0,140076.7504
10738,2026-04-12 02:00:00,72480.0,72635.0,71513.6,71745.1,75294.3269
10739,2026-04-12 03:00:00,71745.1,71808.7,71601.4,71622.3,73348.7209
10740,2026-04-12 04:00:00,71620.7,71628.9,71421.7,71449.4,71137.0544
10741,2026-04-12 05:00:00,71449.5,71716.8,71421.3,71673.6,57823.8239
10742,2026-04-12 06:00:00,71673.6,71694.7,71621.3,71629.2,42366.6091
10743,2026-04-12 07:00:00,71629.5,71663.4,71561.7,71663.3,46902.3471
10744,2026-04-12 08:00:00,71663.4,71717.3,71570.1,71578.7,49468.3948
10745,2026-04-12 09:00:00,71578.7,71587.9,71485.1,71499.5,53205.6777
10746,2026-04-12 10:00:00,71498.8,71635.7,71402.6,71404.3,76656.994
10747,2026-04-12 11:00:00,71402.7,71527.9,71391.6,71446.0,28370.9031
10748,2026-04-12 12:00:00,71446.0,71451.9,71101.1,71130.8,69986.0637
10749,2026-04-12 13:00:00,71130.8,71145.8,70853.6,70861.5,72640.9914
10750,2026-04-12 14:00:00,70858.3,71043.5,70684.7,70725.6,70726.287
10751,2026-04-12 15:00:00,70725.6,70976.0,70666.0,70856.3,69017.4228
10752,2026-04-12 16:00:00,70884.8,70912.7,70818.6,70854.1,57250.0263
10753,2026-04-12 17:00:00,70854.1,71061.5,70826.0,71061.5,57885.4489
10754,2026-04-12 18:00:00,71061.5,71141.0,71029.9,71069.8,52821.2718
10755,2026-04-12 19:00:00,71069.8,71166.3,71051.0,71082.8,31444.1751
10756,2026-04-12 20:00:00,71089.3,71302.2,70931.6,71302.2,88374.6402
10757,2026-04-12 21:00:00,71300.0,71309.2,71190.0,71193.3,56161.82
10758,2026-04-12 22:00:00,71255.6,71306.9,70558.9,70872.0,108112.0163
10759,2026-04-12 23:00:00,70872.0,70872.0,70587.4,70709.3,77930.7911
10760,2026-04-13 00:00:00,70709.3,71306.9,70600.2,71128.2,60937.7689
10761,2026-04-13 01:00:00,71129.7,71147.2,71053.2,71147.1,64845.0535
10762,2026-04-13 02:00:00,71147.1,71177.0,70966.9,71043.9,71327.383
10763,2026-04-13 03:00:00,71020.0,71077.5,70907.6,70962.6,54463.2592
10764,2026-04-13 04:00:00,70962.6,71075.3,70873.3,70881.4,81008.5535
10765,2026-04-13 05:00:00,70881.4,70888.7,70705.4,70804.8,53418.602
10766,2026-04-13 06:00:00,70800.1,71038.4,70800.1,71029.4,60914.1208
10767,2026-04-13 07:00:00,71029.4,71038.4,70669.2,70780.0,75638.1133
10768,2026-04-13 08:00:00,70746.4,70787.5,70570.0,70706.7,84010.9883
10769,2026-04-13 09:00:00,70706.7,70858.0,70668.0,70758.4,41867.3803
10770,2026-04-13 10:00:00,70758.4,70785.6,70671.1,70705.8,58522.9168
10771,2026-04-13 11:00:00,70722.4,70899.0,70689.0,70892.8,53306.5314
10772,2026-04-13 12:00:00,70899.0,71042.9,70763.4,71042.9,99460.1678
10773,2026-04-13 13:00:00,71042.9,71495.6,70855.8,71438.9,103084.3992
10774,2026-04-13 14:00:00,71438.9,72300.0,70969.0,72090.2,109966.3235
10775,2026-04-13 15:00:00,72200.0,72300.0,71623.7,71818.5,76976.2848
10776,2026-04-13 16:00:00,71818.5,72350.0,71731.7,72148.1,73088.6493
10777,2026-04-13 17:00:00,72148.0,72407.4,72100.6,72103.7,83511.5091
10778,2026-04-13 18:00:00,72103.7,72405.0,72082.2,72404.8,57641.2361
10779,2026-04-13 19:00:00,72382.2,73339.4,72308.9,73300.0,85013.9353
10780,2026-04-13 20:00:00,73303.5,73304.0,72971.0,73091.1,68346.3402
10781,2026-04-13 21:00:00,73091.1,73287.8,73040.0,73160.2,52569.1623
10782,2026-04-13 22:00:00,73173.9,74478.3,73160.1,74478.3,139955.7224
10783,2026-04-13 23:00:00,74478.3,74734.4,74381.5,74443.3,81462.8813
10784,2026-04-14 00:00:00,74485.8,74517.9,74110.3,74122.1,79266.3419
10785,2026-04-14 01:00:00,74122.1,74326.5,74103.3,74300.0,45864.939
10786,2026-04-14 02:00:00,74299.9,74472.7,74259.5,74294.4,68403.2623
10787,2026-04-14 03:00:00,74294.3,74423.2,74226.2,74408.8,71900.9397
10788,2026-04-14 04:00:00,74401.3,74452.9,74343.2,74350.4,34213.2076
10789,2026-04-14 05:00:00,74350.4,74360.0,74184.0,74184.0,58130.2581
10790,2026-04-14 06:00:00,74184.1,74506.8,74184.0,74493.6,52771.4212
10791,2026-04-14 07:00:00,74502.2,74737.0,74451.0,74506.7,58019.4045
10792,2026-04-14 08:00:00,74499.3,74748.5,74466.0,74713.0,75833.9211
10793,2026-04-14 09:00:00,74713.1,74754.0,74450.1,74470.6,72640.83
10794,2026-04-14 10:00:00,74470.4,74570.0,74333.1,74360.1,51946.2571
10795,2026-04-14 11:00:00,74360.1,74399.9,74300.0,74339.8,65006.9684
10796,2026-04-14 12:00:00,74339.8,74396.1,74270.4,74381.6,67095.0196
10797,2026-04-14 13:00:00,74380.6,75358.0,74376.0,75358.0,91900.2925
10798,2026-04-14 14:00:00,75357.9,75853.0,75101.4,75101.4,92507.9511
10799,2026-04-14 15:00:00,75101.4,75316.0,74678.1,75288.5,80154.0377
10800,2026-04-14 16:00:00,75288.5,75601.2,74635.3,74635.3,92250.6507
10801,2026-04-14 17:00:00,74829.4,75203.7,74321.4,74692.3,84713.7795
10802,2026-04-14 18:00:00,74692.2,74696.7,74050.3,74066.5,92595.3375
10803,2026-04-14 19:00:00,74084.8,74276.1,73875.9,74180.1,72257.3513
10804,2026-04-14 20:00:00,74183.5,74295.2,74083.4,74083.4,71248.9645
10805,2026-04-14 21:00:00,74083.4,74201.2,73964.7,74120.0,70789.5175
10806,2026-04-14 22:00:00,74120.0,74296.0,73922.6,74035.3,75392.5251
10807,2026-04-14 23:00:00,74035.3,74250.0,73990.4,74132.4,76543.9865
10808,2026-04-15 00:00:00,74132.4,74612.4,74128.9,74522.2,74290.3434
10809,2026-04-15 01:00:00,74524.5,74656.4,74494.3,74569.3,67899.5167
10810,2026-04-15 02:00:00,74569.3,74640.1,74162.6,74280.6,82192.1247
10811,2026-04-15 03:00:00,74280.1,74321.6,74170.2,74296.8,62974.8086
10812,2026-04-15 04:00:00,74296.9,74323.6,74275.0,74276.5,16700.9428
10813,2026-04-15 05:00:00,74276.5,74372.1,73900.1,73993.9,82607.4038
10814,2026-04-15 06:00:00,73993.9,73998.1,73834.6,73840.4,48180.8935
10815,2026-04-15 07:00:00,73840.4,73971.3,73573.8,73705.1,74196.7458
10816,2026-04-15 08:00:00,73700.5,74107.1,73685.2,74079.9,61516.9127
10817,2026-04-15 09:00:00,74079.9,74110.0,73880.1,73964.4,58179.1397
10818,2026-04-15 10:00:00,73964.3,74191.8,73817.1,73866.1,86841.2326
10819,2026-04-15 11:00:00,73866.0,74191.8,73830.7,74155.1,52768.8279
10820,2026-04-15 12:00:00,74191.8,74372.1,74034.2,74266.7,58237.9236
10821,2026-04-15 13:00:00,74266.7,74286.2,73826.1,74030.5,103026.2571
10822,2026-04-15 14:00:00,74052.1,74378.4,73910.3,74111.3,80871.0097
10823,2026-04-15 15:00:00,74185.9,74221.0,73689.9,73776.4,95500.7791
10824,2026-04-15 16:00:00,73791.5,74094.7,73776.3,73893.9,64525.4026
10825,2026-04-15 17:00:00,73893.9,74081.1,73884.2,74074.8,61545.0655
10826,2026-04-15 18:00:00,74074.5,74337.3,74063.7,74337.3,58218.7333
10827,2026-04-15 19:00:00,74328.7,75203.9,74322.0,74985.0,89711.4386
10828,2026-04-15 20:00:00,74994.9,74995.0,74564.9,74819.6,71922.3774
10829,2026-04-15 21:00:00,74819.6,74819.7,74546.7,74702.9,70875.2559
10830,2026-04-15 22:00:00,74698.1,75080.7,74698.0,74996.9,82800.5981
10831,2026-04-15 23:00:00,74996.9,75059.9,74625.6,74726.5,60047.2691
10832,2026-04-16 00:00:00,74726.5,74779.1,74524.3,74772.0,73456.119
10833,2026-04-16 01:00:00,74779.0,74779.1,74517.1,74574.0,64419.2849
10834,2026-04-16 02:00:00,74574.0,75087.2,74572.9,74902.2,86363.2453
10835,2026-04-16 03:00:00,74906.2,75036.3,74863.2,74863.4,57175.6846
10836,2026-04-16 04:00:00,74886.2,74992.2,74822.6,74906.8,65940.8505
10837,2026-04-16 05:00:00,74906.8,75076.6,74883.2,74991.1,44007.5257
10838,2026-04-16 06:00:00,74991.1,75055.9,74883.2,74927.2,44647.121
10839,2026-04-16 07:00:00,74927.2,75026.9,74630.4,74658.3,55705.4721
10840,2026-04-16 08:00:00,74638.9,74718.3,74561.7,74634.2,69146.5524
10841,2026-04-16 09:00:00,74634.2,74800.0,74576.4,74611.9,48883.1686
10842,2026-04-16 10:00:00,74579.1,74612.0,74258.8,74267.7,88972.3247
10843,2026-04-16 11:00:00,74267.7,74453.2,74253.9,74453.1,33231.3058
10844,2026-04-16 12:00:00,74453.1,74736.1,74433.1,74576.3,47806.2627
10845,2026-04-16 13:00:00,74576.3,74943.4,74018.3,74180.8,103898.3644
10846,2026-04-16 14:00:00,74180.8,74410.0,73570.7,73944.5,99719.4366
10847,2026-04-16 15:00:00,73944.5,74634.7,73839.2,74628.4,87363.7743
10848,2026-04-16 16:00:00,74628.4,74794.4,74173.8,74173.8,75642.81
10849,2026-04-16 17:00:00,74173.9,74359.7,74010.2,74216.8,80421.7319
10850,2026-04-16 18:00:00,74216.8,74942.1,74211.0,74941.9,71328.9077
10851,2026-04-16 19:00:00,74885.5,75362.4,74746.9,75346.1,81077.1963
10852,2026-04-16 20:00:00,75346.8,75370.2,74999.9,75188.9,68463.1991
10853,2026-04-16 21:00:00,75188.9,75224.6,74861.3,74894.0,63520.9415
10854,2026-04-16 22:00:00,74894.0,75070.1,74855.9,74861.9,70358.3353
10855,2026-04-16 23:00:00,74856.0,75097.3,74855.9,75097.1,62584.8454
10856,2026-04-17 00:00:00,75097.1,75105.0,74897.6,74907.9,57517.3743
10857,2026-04-17 01:00:00,74907.9,74991.4,74573.4,74720.2,88642.6815
10858,2026-04-17 02:00:00,74720.3,74742.4,74564.7,74663.3,48922.8488
10859,2026-04-17 03:00:00,74663.3,74752.9,74582.5,74642.8,62270.5752
10860,2026-04-17 04:00:00,74658.0,74792.1,74580.2,74748.3,49846.8467
10861,2026-04-17 05:00:00,74748.3,74751.4,74580.1,74611.9,45497.4306
10862,2026-04-17 06:00:00,74645.0,74863.8,74575.2,74857.5,62584.9497
10863,2026-04-17 07:00:00,74857.8,75034.6,74857.2,74995.7,54898.6254
10864,2026-04-17 08:00:00,74987.3,75831.1,74951.2,75703.5,82245.6177
10865,2026-04-17 09:00:00,75703.5,76365.1,75572.3,75743.1,74272.5736
10866,2026-04-17 10:00:00,75730.1,75789.1,75179.4,75246.0,88186.974
10867,2026-04-17 11:00:00,75246.0,75547.3,75241.8,75545.8,62332.5677
10868,2026-04-17 12:00:00,75547.2,76101.7,75519.3,76101.7,74011.8901
10869,2026-04-17 13:00:00,76101.7,78000.0,76047.2,77254.7,96230.4245
10870,2026-04-17 14:00:00,77254.7,84000.0,77020.0,77872.3,96162.1056
10871,2026-04-17 15:00:00,77872.3,77972.4,77420.2,77726.4,80193.6055
10872,2026-04-17 16:00:00,77736.4,83000.0,77699.2,77817.8,87162.0954
10873,2026-04-17 17:00:00,77817.9,77827.2,77134.5,77483.6,89935.3466
10874,2026-04-17 18:00:00,77474.0,77497.1,77073.3,77097.8,69680.8182
10875,2026-04-17 19:00:00,77097.7,77374.2,77074.3,77366.8,71083.5818
10876,2026-04-17 20:00:00,77365.8,77536.9,77173.8,77295.7,57563.3725
10877,2026-04-17 21:00:00,77295.7,77422.7,77243.3,77420.1,62898.8536
10878,2026-04-17 22:00:00,77420.2,77465.4,77243.3,77250.8,63270.7406
10879,2026-04-17 23:00:00,77261.9,77283.8,77003.4,77087.6,68241.8131
10880,2026-04-18 00:00:00,77087.6,77163.3,77001.0,77112.7,63823.0898
10881,2026-04-18 01:00:00,77112.7,77283.8,77083.1,77141.0,58584.325
10882,2026-04-18 02:00:00,77141.0,77339.2,77091.0,77268.3,48613.0544
10883,2026-04-18 03:00:00,77268.3,77268.4,77075.5,77075.5,39926.5516
10884,2026-04-18 04:00:00,77082.0,77110.8,76865.9,77064.0,67377.2603
10885,2026-04-18 05:00:00,77067.0,77169.2,77045.1,77083.8,34713.1377
10886,2026-04-18 06:00:00,77083.8,77149.7,77061.8,77080.4,20538.2203
10887,2026-04-18 07:00:00,77080.4,77101.0,76875.4,76946.2,41347.1126
10888,2026-04-18 08:00:00,76942.2,76955.9,76502.4,76699.3,76099.6363
10889,2026-04-18 09:00:00,76699.3,76713.6,76404.5,76560.1,63195.4817
10890,2026-04-18 10:00:00,76560.5,76560.6,76120.0,76139.6,56057.5208
10891,2026-04-18 11:00:00,76139.6,76143.2,75741.9,75895.6,70871.3205
10892,2026-04-18 12:00:00,75895.6,76213.5,75889.2,76168.8,71731.449
10893,2026-04-18 13:00:00,76170.0,76213.5,75889.2,76079.0,80579.8191
10894,2026-04-18 14:00:00,76080.0,76218.1,75976.6,76211.2,64421.3119
10895,2026-04-18 15:00:00,76211.2,76246.0,76035.9,76139.3,63636.9141
10896,2026-04-18 16:00:00,76124.9,76200.7,75826.3,75830.2,74161.9435
10897,2026-04-18 17:00:00,75830.2,75843.3,75760.2,75840.9,31637.5948
10898,2026-04-18 18:00:00,75840.9,75843.2,75486.9,75611.9,76863.2105
10899,2026-04-18 19:00:00,75616.4,75736.8,75540.2,75613.3,52191.7395
10900,2026-04-18 20:00:00,75613.3,75753.2,75564.8,75748.2,53350.6916
10901,2026-04-18 21:00:00,75706.1,75763.4,75564.8,75763.4,46420.9351
10902,2026-04-18 22:00:00,75763.4,75774.7,75582.9,75773.4,57004.8325
10903,2026-04-18 23:00:00,75773.4,75798.5,75725.2,75725.3,26042.1244
10904,2026-04-19 00:00:00,75725.3,75736.2,75538.1,75591.8,69292.289
10905,2026-04-19 01:00:00,75607.1,75727.2,75500.0,75591.1,61441.7531
10906,2026-04-19 02:00:00,75591.1,75596.8,75427.9,75482.7,49751.4453
10907,2026-04-19 03:00:00,75482.7,75579.9,75430.2,75479.3,62491.2047
10908,2026-04-19 04:00:00,75479.3,75668.8,75465.8,75623.7,72005.2044
10909,2026-04-19 05:00:00,75623.7,75627.0,75469.0,75515.6,46975.3819
10910,2026-04-19 06:00:00,75514.7,75515.7,75350.3,75351.3,66917.5184
10911,2026-04-19 07:00:00,75351.3,75359.8,74965.7,75205.6,79019.5368
10912,2026-04-19 08:00:00,75198.5,75240.0,75075.2,75211.9,50339.5724
10913,2026-04-19 09:00:00,75212.0,75213.0,74933.4,74937.1,56357.8279
10914,2026-04-19 10:00:00,74953.2,75140.3,74933.4,75140.2,51625.8262
10915,2026-04-19 11:00:00,75140.3,75560.0,75055.5,75558.4,63031.1358
10916,2026-04-19 12:00:00,75558.6,75620.0,75436.9,75515.9,54694.9358
10917,2026-04-19 13:00:00,75516.0,76045.2,75512.5,75857.5,78990.5284
10918,2026-04-19 14:00:00,75852.7,76050.0,75664.4,75971.3,75919.9411
10919,2026-04-19 15:00:00,75961.4,76023.9,75634.4,75757.0,85349.5492
10920,2026-04-19 16:00:00,75756.9,75777.3,75426.1,75428.4,78970.6542
10921,2026-04-19 17:00:00,75426.2,75587.6,74904.6,74904.6,111377.7711
10922,2026-04-19 18:00:00,74904.6,75160.1,74618.8,74732.4,80439.3365
10923,2026-04-19 19:00:00,74732.4,74980.6,74732.0,74945.9,72968.1406
10924,2026-04-19 20:00:00,74945.9,74947.7,74546.4,74591.7,83422.5448
10925,2026-04-19 21:00:00,74591.7,74754.9,74401.8,74401.9,80972.4884
10926,2026-04-19 22:00:00,74402.2,74402.3,73836.6,74077.9,92212.1702
10927,2026-04-19 23:00:00,74072.6,74077.9,73793.0,73802.2,75515.051
10928,2026-04-20 00:00:00,73802.2,74294.6,73796.7,74240.9,57775.3502
10929,2026-04-20 01:00:00,74257.3,74680.3,74197.2,74551.2,75159.6564
10930,2026-04-20 02:00:00,74555.4,74599.0,74326.3,74433.3,44654.831
10931,2026-04-20 03:00:00,74433.6,74592.2,74319.4,74592.1,66597.9239
10932,2026-04-20 04:00:00,74577.1,74592.1,74437.7,74523.7,39792.536
10933,2026-04-20 05:00:00,74523.6,74530.0,74110.8,74226.5,79825.9541
10934,2026-04-20 06:00:00,74226.5,74749.9,74226.4,74723.5,95527.841
10935,2026-04-20 07:00:00,74723.5,75164.7,74664.3,74730.1,78809.6798
10936,2026-04-20 08:00:00,74762.7,74952.5,74658.7,74691.2,68853.255
10937,2026-04-20 09:00:00,74691.3,75167.0,74676.7,75030.0,69222.8239
10938,2026-04-20 10:00:00,75030.0,75308.7,75030.0,75052.8,70808.3087
10939,2026-04-20 11:00:00,75062.3,75184.7,75011.1,75152.9,54748.1943
10940,2026-04-20 12:00:00,75154.3,75500.1,75042.4,75245.1,77839.3628
10941,2026-04-20 13:00:00,75245.1,75261.1,75022.7,75239.9,74294.5515
10942,2026-04-20 14:00:00,75249.6,75589.5,74997.6,75028.5,101542.4685
10943,2026-04-20 15:00:00,75060.0,75643.9,74761.8,75640.5,88686.4113
10944,2026-04-20 16:00:00,75623.9,75645.3,75296.6,75300.0,68138.9596
10945,2026-04-20 17:00:00,75299.9,75926.5,75288.2,75873.3,78778.7742
10946,2026-04-20 18:00:00,75900.0,76353.7,75870.1,76250.4,95877.471
10947,2026-04-20 19:00:00,76250.4,76440.0,76122.8,76256.9,39937.5414
10948,2026-04-20 20:00:00,76256.0,76360.6,76114.2,76229.9,49085.1522
10949,2026-04-20 21:00:00,76229.9,76277.8,75786.2,75879.6,65972.9027
10950,2026-04-20 22:00:00,75879.6,76034.0,75878.3,75927.7,49124.6895
10951,2026-04-20 23:00:00,75927.7,75927.7,75614.5,75805.0,68317.6764
10952,2026-04-21 00:00:00,75805.0,75985.0,75782.5,75985.0,59499.8142
10953,2026-04-21 01:00:00,75982.1,76162.8,75868.9,75887.1,65998.1562
10954,2026-04-21 02:00:00,75895.5,75896.0,75572.9,75599.9,59451.3096
10955,2026-04-21 03:00:00,75572.9,75656.2,75468.8,75656.2,65098.9159
10956,2026-04-21 04:00:00,75656.2,75673.8,75575.2,75673.8,22614.4267
10957,2026-04-21 05:00:00,75673.7,75682.5,75580.6,75682.4,4039.6083
10958,2026-04-21 06:00:00,75606.9,75682.5,75580.6,75682.5,578.9259
10959,2026-04-21 07:00:00,75583.1,76078.7,75580.6,76050.1,17646.2436
10960,2026-04-21 08:00:00,75940.6,76569.0,75940.5,76476.2,63739.2198
10961,2026-04-21 09:00:00,76476.2,76486.4,76189.9,76312.5,63241.4207
10962,2026-04-21 10:00:00,76312.5,76569.3,76311.8,76569.3,43953.7146
10963,2026-04-21 11:00:00,76569.3,76569.3,76359.5,76435.3,6035.9739
10964,2026-04-21 12:00:00,76438.7,76536.2,75944.2,75944.3,58658.5958
10965,2026-04-21 13:00:00,75944.3,76022.4,75768.1,75859.8,23591.765
10966,2026-04-21 14:00:00,75859.9,76456.0,75711.5,75741.2,46481.5611
10967,2026-04-21 15:00:00,75717.1,76120.9,75579.5,75784.7,68175.7155
10968,2026-04-21 16:00:00,75786.2,76055.5,75784.5,75823.3,64662.8284
10969,2026-04-21 17:00:00,75823.4,75950.3,75108.6,75610.0,102998.1858
10970,2026-04-21 18:00:00,75610.0,75773.1,75327.3,75552.7,73816.6796
10971,2026-04-21 19:00:00,75552.7,75777.8,74938.2,74977.5,97331.4344
10972,2026-04-21 20:00:00,74969.5,75809.9,74969.5,75705.4,68930.0518
10973,2026-04-21 21:00:00,75705.4,75725.6,75472.8,75507.1,59371.5808
10974,2026-04-21 22:00:00,75506.4,75563.0,75288.5,75563.0,75476.1349
10975,2026-04-21 23:00:00,75563.0,76456.0,75562.6,76283.9,60025.5628
10976,2026-04-22 00:00:00,76283.8,76365.7,76193.7,76268.2,55132.9907
10977,2026-04-22 01:00:00,76268.2,76302.7,76123.3,76302.7,15087.8515
10978,2026-04-22 02:00:00,76277.1,77460.0,76223.1,77460.0,107920.0152
10979,2026-04-22 03:00:00,77460.0,77624.5,77396.4,77527.4,55254.5238
10980,2026-04-22 04:00:00,77550.3,77599.8,77392.2,77475.4,48450.2215
10981,2026-04-22 05:00:00,77475.4,80000.0,77409.1,77972.2,84060.3134
10982,2026-04-22 06:00:00,77972.2,77996.7,77892.7,77923.9,42135.6791
10983,2026-04-22 07:00:00,77923.9,78071.5,77812.9,77959.5,71059.7018
10984,2026-04-22 08:00:00,77959.5,78169.5,77920.1,78007.3,64773.1741
10985,2026-04-22 09:00:00,78024.6,78140.7,77936.8,77980.8,58442.6728
10986,2026-04-22 10:00:00,77980.8,78110.8,77933.6,78073.7,28112.5274
10987,2026-04-22 11:00:00,78073.7,78284.2,78073.6,78243.0,53319.7394
10988,2026-04-22 12:00:00,78243.0,78403.4,78162.5,78204.5,61077.4395
10989,2026-04-22 13:00:00,78204.6,79900.0,78165.3,78778.5,67875.6988
10990,2026-04-22 14:00:00,78778.5,79900.0,78687.5,78920.3,65598.8825
10991,2026-04-22 15:00:00,78920.3,79283.5,78864.5,79275.0,59990.4847
10992,2026-04-22 16:00:00,79275.0,79349.0,78686.6,78854.9,81865.5095
10993,2026-04-22 17:00:00,78795.8,78972.6,78698.1,78869.8,62363.448
10994,2026-04-22 18:00:00,78869.8,79087.9,78827.7,78987.4,63277.1692
10995,2026-04-22 19:00:00,78987.4,79000.0,78735.1,78800.9,67575.9931
10996,2026-04-22 20:00:00,78801.0,78841.3,78381.7,78385.5,64478.2632
10997,2026-04-22 21:00:00,78385.5,78744.9,78381.7,78744.8,50593.2037
10998,2026-04-22 22:00:00,78744.5,78750.1,78429.0,78520.0,41819.6378
10999,2026-04-22 23:00:00,78520.0,78538.2,78156.8,78156.8,71270.0342
11000,2026-04-23 00:00:00,78156.8,78422.6,77970.4,78384.7,88016.346
11001,2026-04-23 01:00:00,78398.1,78398.1,78069.0,78293.2,59661.1001
11002,2026-04-23 02:00:00,78293.2,78305.3,77789.1,77910.2,70052.9565
11003,2026-04-23 03:00:00,77917.3,77952.1,77512.3,77661.4,64736.6953
11004,2026-04-23 04:00:00,77660.0,77850.0,77649.9,77850.0,42368.3779
11005,2026-04-23 05:00:00,77850.0,77962.5,77820.0,77954.7,64257.3729
11006,2026-04-23 06:00:00,77954.7,78293.5,77954.6,78185.0,67060.6706
11007,2026-04-23 07:00:00,78185.0,78196.5,77973.8,77974.3,58568.0577
11008,2026-04-23 08:00:00,77979.1,78118.7,77709.8,77823.3,63068.2094
11009,2026-04-23 09:00:00,77823.3,77847.8,77503.6,77583.0,71248.935
11010,2026-04-23 10:00:00,77583.0,77668.9,77220.0,77364.1,90687.5165
11011,2026-04-23 11:00:00,77379.1,77676.0,77350.1,77673.7,61173.776
11012,2026-04-23 12:00:00,77676.0,77800.0,77608.9,77777.7,75468.7893
11013,2026-04-23 13:00:00,77777.7,77838.4,77475.3,77476.0,65408.7096
11014,2026-04-23 14:00:00,77475.9,78125.5,77415.8,78121.4,91656.3009
11015,2026-04-23 15:00:00,78125.4,78486.9,77938.7,78345.6,89155.8683
11016,2026-04-23 16:00:00,78345.6,78442.5,78244.7,78244.7,72213.1856
11017,2026-04-23 17:00:00,78369.3,78372.6,77445.0,77642.1,125129.282
11018,2026-04-23 18:00:00,77642.1,77977.1,77642.0,77886.1,74704.4779
11019,2026-04-23 19:00:00,77870.5,77945.6,77630.5,77735.0,73084.5469
11020,2026-04-23 20:00:00,77735.0,77945.6,77663.9,77841.3,76250.3221
11021,2026-04-23 21:00:00,77841.4,77978.6,77796.3,77889.1,43499.3688
11022,2026-04-23 22:00:00,77889.3,78266.3,77889.1,78189.9,75996.3532
11023,2026-04-23 23:00:00,78189.9,78224.3,78050.0,78219.6,64995.1028
11024,2026-04-24 00:00:00,78220.8,78415.6,78219.2,78332.9,63669.4051
11025,2026-04-24 01:00:00,78332.9,78415.6,77974.1,78021.4,108638.9945
11026,2026-04-24 02:00:00,78006.1,78484.1,77992.5,78009.9,71094.6936
11027,2026-04-24 03:00:00,78025.6,78246.7,77580.4,77580.5,88227.4553
11028,2026-04-24 04:00:00,77580.5,77771.7,77580.4,77648.4,51702.9002
11029,2026-04-24 05:00:00,77648.4,77930.0,77522.2,77929.9,93092.3898
11030,2026-04-24 06:00:00,77920.9,77930.0,77767.6,77857.9,60989.7696
11031,2026-04-24 07:00:00,77857.9,77901.6,77608.0,77664.8,73814.4153
11032,2026-04-24 08:00:00,77664.8,77829.2,77588.7,77739.1,80142.1052
11033,2026-04-24 09:00:00,77739.1,77829.0,77439.9,77503.3,87494.5527
11034,2026-04-24 10:00:00,77503.3,77699.9,77500.0,77681.6,62276.1939
11035,2026-04-24 11:00:00,77681.6,78246.4,77630.1,78209.5,87422.8
11036,2026-04-24 12:00:00,78239.2,78244.5,78143.4,78234.4,48539.0249
11037,2026-04-24 13:00:00,78143.5,78363.4,77987.2,78236.0,104418.6028
11038,2026-04-24 14:00:00,78160.0,78240.9,77654.0,77855.0,89084.3116
11039,2026-04-24 15:00:00,77855.0,78021.4,77602.1,77860.5,125673.5545
11040,2026-04-24 16:00:00,77775.4,78021.4,77610.1,77780.0,90799.6947
11041,2026-04-24 17:00:00,77778.3,77780.0,77499.9,77624.3,67235.4872
11042,2026-04-24 18:00:00,77624.4,77659.4,77430.0,77568.9,70847.1211
11043,2026-04-24 19:00:00,77568.9,77659.4,77504.6,77583.1,37893.096
11044,2026-04-24 20:00:00,77583.0,77633.1,77514.9,77627.3,68026.455
11045,2026-04-24 21:00:00,77633.0,77689.5,77538.2,77538.2,53284.3857
11046,2026-04-24 22:00:00,77538.2,77579.9,77295.2,77295.4,76765.2596
11047,2026-04-24 23:00:00,77295.3,77440.0,77273.3,77367.4,27391.0849
11048,2026-04-25 00:00:00,77363.6,77440.0,77287.6,77294.5,60355.8107
11049,2026-04-25 01:00:00,77364.8,77544.9,77292.8,77518.0,37387.2664
11050,2026-04-25 02:00:00,77530.9,77584.3,77459.8,77576.4,28407.2062
11051,2026-04-25 03:00:00,77581.9,77642.7,77522.4,77623.1,38433.5938
11052,2026-04-25 04:00:00,77623.1,77633.7,77560.1,77579.3,10737.0543
11053,2026-04-25 05:00:00,77579.3,77579.4,77465.8,77475.1,33085.4936
11054,2026-04-25 06:00:00,77475.0,77514.1,77448.9,77448.9,8613.2298
11055,2026-04-25 07:00:00,77456.9,77510.9,77420.1,77496.2,30472.9937
11056,2026-04-25 08:00:00,77496.2,77594.8,77460.1,77578.9,50425.2345
11057,2026-04-25 09:00:00,77578.9,77692.8,77562.9,77670.2,35054.8581
11058,2026-04-25 10:00:00,77666.0,77777.0,77600.1,77776.9,36435.1344
11059,2026-04-25 11:00:00,77776.9,77777.0,77619.7,77619.8,38839.1178
11060,2026-04-25 12:00:00,77619.8,77647.1,77519.9,77538.8,31210.1731
11061,2026-04-25 13:00:00,77538.8,77647.1,77519.9,77598.9,33948.1415
11062,2026-04-25 14:00:00,77647.0,77698.4,77594.8,77666.7,60383.9718
11063,2026-04-25 15:00:00,77698.3,77702.7,77448.1,77448.1,70821.5628
11064,2026-04-25 16:00:00,77448.1,77669.9,77230.2,77230.6,70831.7799
11065,2026-04-25 17:00:00,77230.3,77377.6,77230.2,77230.2,41005.3105
11066,2026-04-25 18:00:00,77230.2,77268.8,77213.5,77268.8,15554.2849
11067,2026-04-25 19:00:00,77268.8,77284.1,77199.8,77284.1,44442.2828
11068,2026-04-25 20:00:00,77284.1,77380.2,77278.9,77374.1,22291.2517
11069,2026-04-25 21:00:00,77380.1,77482.5,77369.8,77429.7,44145.0614
11070,2026-04-25 22:00:00,77429.7,77589.7,77401.2,77520.3,42015.9645
11071,2026-04-25 23:00:00,77519.9,77545.1,77494.1,77544.9,3511.9199
11072,2026-04-26 00:00:00,77544.9,77589.7,77425.1,77548.2,70257.1084
11073,2026-04-26 01:00:00,77548.4,77548.6,77460.8,77460.8,39754.4695
11074,2026-04-26 02:00:00,77460.8,77534.8,77425.9,77480.1,31901.8186
11075,2026-04-26 03:00:00,77477.7,77486.9,77315.9,77369.3,51412.1221
11076,2026-04-26 04:00:00,77369.3,77776.9,77349.2,77610.6,75616.7479
11077,2026-04-26 05:00:00,77670.0,78104.5,77488.7,77997.9,80562.4393
11078,2026-04-26 06:00:00,77997.9,78009.2,77877.7,77934.2,67439.335
11079,2026-04-26 07:00:00,77900.9,77982.4,77877.7,77928.8,36756.7929
11080,2026-04-26 08:00:00,77960.7,78073.6,77928.7,78000.0,57091.3834
11081,2026-04-26 09:00:00,78000.1,78007.9,77908.9,77909.0,54625.5476
11082,2026-04-26 10:00:00,77922.4,77996.0,77908.9,77950.0,22668.1951
11083,2026-04-26 11:00:00,77961.4,78080.0,77955.0,78063.0,35399.1137
11084,2026-04-26 12:00:00,78076.9,78077.0,77800.1,77811.5,63954.0588
11085,2026-04-26 13:00:00,77800.4,77923.4,77776.0,77903.1,41704.9164
11086,2026-04-26 14:00:00,77903.1,78084.2,77888.5,78059.2,66675.7956
11087,2026-04-26 15:00:00,78059.2,78084.0,77992.1,78002.6,29604.5365
11088,2026-04-26 16:00:00,77992.2,78045.3,77930.9,77930.9,38551.2712
11089,2026-04-26 17:00:00,77985.6,78010.1,77924.5,77989.6,40822.6852
11090,2026-04-26 18:00:00,77989.6,78267.8,77961.3,78187.8,70381.086
11091,2026-04-26 19:00:00,78187.8,78374.3,78067.7,78161.8,94294.0521
11092,2026-04-26 20:00:00,78165.0,78374.3,78067.7,78161.5,72265.2706
11093,2026-04-26 21:00:00,78161.6,78378.2,77884.8,78125.6,93693.3174
11094,2026-04-26 22:00:00,78125.6,78671.6,77874.9,78164.9,107705.7781
11095,2026-04-26 23:00:00,78163.4,78778.5,78163.1,78300.1,102612.6568
11096,2026-04-27 00:00:00,78778.5,79209.2,78293.7,79204.5,92623.6955
11097,2026-04-27 01:00:00,79204.4,79350.0,78858.1,79178.0,94905.6075
11098,2026-04-27 02:00:00,79178.0,79245.3,79013.5,79110.4,65858.4237
11099,2026-04-27 03:00:00,79110.5,79295.0,79007.2,79121.0,105499.7351
11100,2026-04-27 04:00:00,79120.9,79201.5,78914.8,79014.4,97283.4262
11101,2026-04-27 05:00:00,78914.9,79016.1,77693.0,77701.8,187261.4224
11102,2026-04-27 06:00:00,77735.0,78687.2,77549.5,77555.1,105951.4197
11103,2026-04-27 07:00:00,77555.1,77671.2,77554.9,77669.1,42634.9954
11104,2026-04-27 08:00:00,77644.6,77766.6,77521.4,77766.6,68462.1816
11105,2026-04-27 09:00:00,77761.5,77918.9,77729.8,77905.9,48431.1285
11106,2026-04-27 10:00:00,77892.8,77906.8,77774.8,77808.4,45572.9733
11107,2026-04-27 11:00:00,77808.4,77835.1,77715.9,77807.6,58032.5288
11108,2026-04-27 12:00:00,77804.8,77835.1,77591.6,77610.2,71606.5916
11109,2026-04-27 13:00:00,77610.2,77840.0,77564.1,77659.6,74416.8631
11110,2026-04-27 14:00:00,77659.0,78140.9,77633.0,77827.7,64308.1689
11111,2026-04-27 15:00:00,77827.7,77863.5,76713.8,76766.3,128607.5847
11112,2026-04-27 16:00:00,76791.1,76803.7,76572.5,76588.0,63905.8367
11113,2026-04-27 17:00:00,76649.2,76847.8,76583.3,76712.7,73531.8648
11114,2026-04-27 18:00:00,76712.7,76791.6,76654.2,76791.0,51627.8097
11115,2026-04-27 19:00:00,76791.0,76827.2,76546.5,76810.9,60489.2289
11116,2026-04-27 20:00:00,76810.9,77003.3,76803.8,76921.2,45162.0138
11117,2026-04-27 21:00:00,76920.9,76936.7,76794.7,76794.7,70101.9903
11118,2026-04-27 22:00:00,76794.7,77016.7,76755.6,77016.7,42635.4937
11119,2026-04-27 23:00:00,77016.7,77378.1,77003.2,77331.1,61003.6864
11120,2026-04-28 00:00:00,77330.2,77429.3,77179.2,77342.2,64718.4939
11121,2026-04-28 01:00:00,77342.2,77348.7,77063.5,77066.0,50436.4648
11122,2026-04-28 02:00:00,77066.0,77170.3,76682.8,76809.8,79108.7707
11123,2026-04-28 03:00:00,76771.4,76854.6,76668.2,76792.7,50635.0533
11124,2026-04-28 04:00:00,76792.7,76879.2,76715.8,76866.4,52633.4732
11125,2026-04-28 05:00:00,76860.0,77002.1,76825.4,76905.7,74875.3994
11126,2026-04-28 06:00:00,76905.7,76980.0,76657.9,76662.9,60684.6242
11127,2026-04-28 07:00:00,76663.7,76855.9,76533.8,76829.5,75026.5832
11128,2026-04-28 08:00:00,76829.5,76930.5,76742.7,76817.2,61526.907
11129,2026-04-28 09:00:00,76817.2,76821.0,76561.8,76561.8,50992.2042
11130,2026-04-28 10:00:00,76561.8,76659.0,76444.6,76557.2,47179.2721
11131,2026-04-28 11:00:00,76557.2,76565.7,76157.7,76172.6,86506.8645
11132,2026-04-28 12:00:00,76172.6,76327.6,76160.6,76327.6,58518.6344
11133,2026-04-28 13:00:00,76327.6,76327.9,76076.4,76163.0,75059.2189
11134,2026-04-28 14:00:00,76161.9,76163.0,75726.3,75835.6,76017.3808
11135,2026-04-28 15:00:00,75835.6,76025.8,75833.4,76022.5,62177.7847
11136,2026-04-28 16:00:00,76022.5,76041.7,75886.9,75988.6,52080.9623
11137,2026-04-28 17:00:00,75988.6,76194.3,75924.7,76154.2,70864.0072
11138,2026-04-28 18:00:00,76154.2,76217.2,76107.9,76199.9,50503.6266
11139,2026-04-28 19:00:00,76177.1,76329.8,76040.0,76306.2,50689.6688
11140,2026-04-28 20:00:00,76321.8,76429.1,76302.2,76428.5,27645.2684
11141,2026-04-28 21:00:00,76428.5,76440.0,76262.6,76353.7,43401.6561
11142,2026-04-28 22:00:00,76353.7,76368.7,76184.6,76206.2,35642.4748
11143,2026-04-28 23:00:00,76206.2,76278.7,76164.0,76278.7,16700.5501
11144,2026-04-29 00:00:00,76278.7,76441.4,76253.8,76416.4,67029.1604
11145,2026-04-29 01:00:00,76441.4,76556.8,76152.0,76517.1,72613.4219
11146,2026-04-29 02:00:00,76517.1,76556.6,76365.5,76467.1,55412.9551
11147,2026-04-29 03:00:00,76466.3,76989.4,76466.3,76946.9,75526.754
11148,2026-04-29 04:00:00,76925.2,77301.2,76856.9,77230.0,53315.1346
11149,2026-04-29 05:00:00,77230.0,77267.8,77167.3,77254.7,45303.0151
11150,2026-04-29 06:00:00,77254.7,77280.1,76900.5,76987.0,65879.4372
11151,2026-04-29 07:00:00,76980.7,77115.3,76972.5,76999.2,44103.1192
11152,2026-04-29 08:00:00,76999.2,77106.6,76951.7,76998.7,53627.965
11153,2026-04-29 09:00:00,76998.7,77704.5,76920.9,77598.8,76689.6088
11154,2026-04-29 10:00:00,77599.8,77746.2,77598.8,77648.3,38639.893
11155,2026-04-29 11:00:00,77648.3,77746.2,77457.2,77568.1,10016.8594
11156,2026-04-29 12:00:00,77558.0,77680.0,77191.4,77191.6,4781.6153
11157,2026-04-29 13:00:00,77191.5,77699.9,77188.0,77624.8,2677.7834
11158,2026-04-29 14:00:00,77483.5,77699.9,77188.0,77188.0,1766.6293
11159,2026-04-29 15:00:00,77188.0,77750.0,77185.4,77360.0,6102.7079
11160,2026-04-29 16:00:00,77223.8,77638.8,75739.4,75788.7,96076.3469
11161,2026-04-29 17:00:00,75774.6,76500.0,75774.6,76078.0,71902.6264
11162,2026-04-29 18:00:00,76078.0,76131.8,74972.7,75439.1,108793.4633
11163,2026-04-29 19:00:00,75440.0,75900.0,75280.9,75482.9,71811.1439
11164,2026-04-29 20:00:00,75482.9,75777.3,75453.1,75680.3,68835.5915
11165,2026-04-29 21:00:00,75682.8,75983.1,75592.3,75902.5,62116.0465
11166,2026-04-29 22:00:00,75902.5,75935.5,75835.4,75900.8,43039.1528
11167,2026-04-29 23:00:00,75895.3,75941.1,75752.5,75755.3,54280.1734
11168,2026-04-30 00:00:00,75755.3,76272.7,75633.5,76216.0,69697.1102
11169,2026-04-30 01:00:00,76225.4,76387.0,76164.0,76263.1,80923.2827
11170,2026-04-30 02:00:00,76303.0,76317.1,75557.6,75697.4,84089.5019
11171,2026-04-30 03:00:00,75697.4,75947.0,75674.3,75900.4,43224.4938
11172,2026-04-30 04:00:00,75907.0,75915.7,75437.3,75454.6,78523.3304
11173,2026-04-30 05:00:00,75456.5,75708.7,75388.3,75653.3,70925.7791
11174,2026-04-30 06:00:00,75653.3,75788.4,75555.8,75723.3,58830.7842
11175,2026-04-30 07:00:00,75745.8,76133.2,75723.4,76092.5,69745.1973
11176,2026-04-30 08:00:00,76100.0,76123.3,76025.5,76025.8,45367.8587
11177,2026-04-30 09:00:00,76025.7,76217.2,76000.4,76089.0,60909.8798
11178,2026-04-30 10:00:00,76089.0,76120.0,75950.0,76001.7,44667.5192
11179,2026-04-30 11:00:00,76001.7,76160.0,75904.7,76020.1,56726.7201
11180,2026-04-30 12:00:00,76020.1,76342.4,76002.6,76262.7,61201.9509
11181,2026-04-30 13:00:00,76262.7,76500.0,76163.0,76375.1,75376.408
11182,2026-04-30 14:00:00,76375.1,76525.5,76113.7,76270.1,79904.828
11183,2026-04-30 15:00:00,76270.1,76500.0,76190.0,76459.7,68736.6644
11184,2026-04-30 16:00:00,76481.1,76481.2,76190.0,76220.2,56419.5171
11185,2026-04-30 17:00:00,76223.9,76256.9,76103.0,76239.1,64991.4426
11186,2026-04-30 18:00:00,76239.2,76411.0,76214.2,76309.1,65755.1377
11187,2026-04-30 19:00:00,76309.1,76460.0,76284.4,76384.3,68444.0404
11188,2026-04-30 20:00:00,76384.3,76499.9,76339.4,76451.4,45609.6238
11189,2026-04-30 21:00:00,76451.4,76495.0,76230.3,76230.3,61416.1131
11190,2026-04-30 22:00:00,76230.3,76397.1,76224.1,76224.4,52559.8494
11191,2026-04-30 23:00:00,76224.4,76335.5,76214.0,76286.5,38423.5549
11192,2026-05-01 00:00:00,76286.5,76522.0,76286.3,76387.9,67051.2896
11193,2026-05-01 01:00:00,76387.9,76695.5,76378.2,76651.4,56558.7054
11194,2026-05-01 02:00:00,76651.4,76691.0,76500.0,76595.7,49961.4371
11195,2026-05-01 03:00:00,76595.7,77750.7,76510.1,77083.5,74078.1043
11196,2026-05-01 04:00:00,77092.8,77137.8,76979.0,77062.0,43041.5897
11197,2026-05-01 05:00:00,77008.3,77128.6,76998.8,77100.1,45696.3911
11198,2026-05-01 06:00:00,77100.1,77133.6,76859.8,76993.3,62457.9656
11199,2026-05-01 07:00:00,76993.3,77100.8,76940.0,77099.9,52954.381
11200,2026-05-01 08:00:00,77100.7,77419.8,77026.8,77343.3,72436.7858
11201,2026-05-01 09:00:00,77343.3,77343.6,77168.9,77222.8,40133.6733
11202,2026-05-01 10:00:00,77222.8,77324.1,77122.8,77240.8,34722.7374
11203,2026-05-01 11:00:00,77240.8,77426.4,77225.4,77426.4,42396.8382
11204,2026-05-01 12:00:00,77426.3,78050.6,77373.6,77910.3,75739.0482
11205,2026-05-01 13:00:00,77910.4,78691.9,77910.3,78663.3,76429.2772
11206,2026-05-01 14:00:00,78663.4,78702.7,78136.1,78285.1,76911.7147
11207,2026-05-01 15:00:00,78302.1,78627.5,78147.8,78373.1,77452.6544
11208,2026-05-01 16:00:00,78348.8,78617.7,78160.9,78201.0,72780.312
11209,2026-05-01 17:00:00,78201.0,78536.6,78138.2,78512.0,68772.5388
11210,2026-05-01 18:00:00,78512.0,78581.0,78344.9,78357.9,53125.8391
11211,2026-05-01 19:00:00,78357.9,78498.5,78285.5,78332.6,55430.3978
11212,2026-05-01 20:00:00,78332.6,78375.6,77841.8,77843.8,70721.3264
11213,2026-05-01 21:00:00,77843.8,78151.1,77841.8,78121.9,49176.5167
11214,2026-05-01 22:00:00,78123.9,78325.9,78100.9,78127.0,45822.3334
11215,2026-05-01 23:00:00,78127.0,78187.6,78000.0,78187.6,47310.9533
11216,2026-05-02 00:00:00,78187.5,78330.0,78142.6,78329.9,46486.3513
11217,2026-05-02 01:00:00,78329.9,78389.0,78257.9,78295.7,33519.8504
11218,2026-05-02 02:00:00,78295.7,78414.5,78234.6,78332.1,34348.8525
11219,2026-05-02 03:00:00,78332.1,78430.0,78213.3,78401.7,60472.4709
11220,2026-05-02 04:00:00,78401.7,78430.0,78114.7,78125.0,30319.7753
11221,2026-05-02 05:00:00,78125.0,78180.1,78009.2,78150.1,45451.5097
11222,2026-05-02 06:00:00,78150.1,78287.4,78150.0,78278.3,37801.1437
11223,2026-05-02 07:00:00,78278.4,78301.6,78168.6,78170.1,22493.2553
11224,2026-05-02 08:00:00,78170.1,78253.1,78147.0,78253.0,9205.3265
11225,2026-05-02 09:00:00,78253.0,78304.9,78224.8,78280.3,19024.2421
11226,2026-05-02 10:00:00,78280.3,78304.9,78183.3,78210.3,13338.3398
11227,2026-05-02 11:00:00,78208.1,78223.1,78090.6,78099.9,40674.2548
11228,2026-05-02 12:00:00,78099.9,78219.3,78079.8,78149.6,34154.4939
11229,2026-05-02 13:00:00,78149.6,78329.5,78149.3,78329.5,25160.0209
11230,2026-05-02 14:00:00,78303.4,78429.4,78231.4,78384.3,39277.4736
11231,2026-05-02 15:00:00,78384.3,78437.0,78331.6,78418.9,38945.5173
11232,2026-05-02 16:00:00,78418.9,78543.0,78404.7,78450.5,39389.7946
11233,2026-05-02 17:00:00,78450.5,78456.6,78362.1,78362.2,29284.8015
11234,2026-05-02 18:00:00,78362.2,78450.0,78277.1,78432.1,26725.3113
11235,2026-05-02 19:00:00,78449.9,78486.5,78410.0,78460.0,5138.7613
11236,2026-05-02 20:00:00,78471.9,78486.5,78379.4,78415.2,26055.5876
11237,2026-05-02 21:00:00,78415.2,78820.2,78407.9,78694.5,53583.2469
11238,2026-05-02 22:00:00,78694.5,78785.1,78575.4,78785.0,59158.7891
11239,2026-05-02 23:00:00,78785.0,78785.1,78618.7,78643.2,49813.2172
11240,2026-05-03 00:00:00,78623.5,78690.0,78491.6,78500.0,44169.1521
11241,2026-05-03 01:00:00,78500.1,78500.1,78148.3,78216.0,71247.9631
11242,2026-05-03 02:00:00,78216.0,78237.6,78077.9,78158.0,37715.7562
11243,2026-05-03 03:00:00,78140.1,78176.0,78077.7,78163.1,20519.8244
11244,2026-05-03 04:00:00,78166.8,78185.7,78076.2,78110.4,37988.0009
11245,2026-05-03 05:00:00,78102.9,78190.2,78102.7,78190.2,5924.3696
11246,2026-05-03 06:00:00,78190.2,78192.3,78041.0,78192.3,55795.2941
11247,2026-05-03 07:00:00,78192.3,78500.1,78181.4,78315.5,44623.6822
11248,2026-05-03 08:00:00,78315.4,78430.6,78315.4,78354.8,19683.5701
11249,2026-05-03 09:00:00,78354.5,78532.1,78329.9,78476.4,40155.5605
11250,2026-05-03 10:00:00,78476.4,78476.4,78370.8,78384.9,12822.589
11251,2026-05-03 11:00:00,78399.9,78692.9,78342.2,78630.2,54334.1544
11252,2026-05-03 12:00:00,78627.0,78826.1,78626.9,78715.3,34069.249
11253,2026-05-03 13:00:00,78715.3,78727.8,78564.6,78634.7,29388.8898
11254,2026-05-03 14:00:00,78634.7,78738.0,78588.9,78718.8,63138.1757
11255,2026-05-03 15:00:00,78718.8,78738.0,78623.7,78625.2,10952.1747
11256,2026-05-03 16:00:00,78623.7,78719.9,78585.4,78624.7,21938.2531
11257,2026-05-03 17:00:00,78624.7,78767.2,78577.7,78750.1,45056.5146
11258,2026-05-03 18:00:00,78750.1,78752.9,78652.9,78706.6,19908.6049
11259,2026-05-03 19:00:00,78706.7,78753.1,78652.9,78750.0,13256.3407
11260,2026-05-03 20:00:00,78753.1,79013.9,78702.7,78868.9,56026.3192
11261,2026-05-03 21:00:00,78868.9,79000.0,78620.0,78794.5,57933.5965
11262,2026-05-03 22:00:00,78794.5,79295.0,78794.5,79141.4,71738.8501
11263,2026-05-03 23:00:00,79141.5,79242.7,78536.9,78575.0,83515.8049
11264,2026-05-04 00:00:00,78575.0,78579.3,78312.9,78517.1,72703.0728
11265,2026-05-04 01:00:00,78517.1,79582.8,78387.1,79582.8,71495.1687
11266,2026-05-04 02:00:00,79582.8,80251.0,79511.3,80167.3,78193.2995
11267,2026-05-04 03:00:00,80167.3,80500.0,79904.0,80197.0,68698.68
11268,2026-05-04 04:00:00,80197.0,80474.7,80163.5,80295.6,69840.0562
11269,2026-05-04 05:00:00,80295.6,80316.0,79965.8,79967.8,57041.7649
11270,2026-05-04 06:00:00,79967.8,79975.4,79449.9,79857.0,67733.1417
11271,2026-05-04 07:00:00,79857.0,79872.0,79661.0,79712.8,47175.5458
11272,2026-05-04 08:00:00,79716.8,79828.4,79561.7,79666.0,59470.2473
11273,2026-05-04 09:00:00,79664.8,79859.1,79620.0,79846.8,51983.9886
11274,2026-05-04 10:00:00,79846.7,79846.8,78312.9,78865.3,116062.1891
11275,2026-05-04 11:00:00,78866.8,79053.2,78694.1,78760.8,71436.9189
11276,2026-05-04 12:00:00,78789.9,78959.4,78710.5,78959.4,48736.8524
11277,2026-05-04 13:00:00,78912.3,79859.1,78687.7,78800.0,90142.0826
11278,2026-05-04 14:00:00,78800.1,80347.2,78566.7,80199.9,92246.7291
11279,2026-05-04 15:00:00,80199.9,80347.2,79506.1,79929.8,74256.5073
11280,2026-05-04 16:00:00,79929.8,80304.0,79608.6,79980.0,69240.5473
11281,2026-05-04 17:00:00,79979.2,80476.2,79950.7,80400.0,71760.16
11282,2026-05-04 18:00:00,80414.4,80416.4,80010.7,80071.0,60739.1753
11283,2026-05-04 19:00:00,80071.0,80126.9,79888.7,80027.1,67752.0214
11284,2026-05-04 20:00:00,80027.1,80084.9,79851.4,79905.6,55113.6346
11285,2026-05-04 21:00:00,79905.6,80285.5,79905.6,80211.3,57381.7018
11286,2026-05-04 22:00:00,80216.9,80358.6,80068.0,80068.0,72655.9575
11287,2026-05-04 23:00:00,80068.8,80073.2,79720.1,79808.2,56234.18
11288,2026-05-05 00:00:00,79801.8,80129.1,79774.2,80129.1,64393.9964
11289,2026-05-05 01:00:00,80129.1,80330.4,80033.1,80311.0,61302.4641
11290,2026-05-05 02:00:00,80310.9,82000.0,80275.8,80486.6,56533.0553
11291,2026-05-05 03:00:00,80486.5,80897.7,80444.3,80816.4,59804.6681
11292,2026-05-05 04:00:00,80816.4,80899.9,80704.4,80855.9,72418.0181
11293,2026-05-05 05:00:00,80858.6,81139.4,80794.5,80953.2,58726.0004
11294,2026-05-05 06:00:00,80953.2,80990.4,80793.9,80934.7,44265.7446
11295,2026-05-05 07:00:00,80933.4,81080.5,80833.2,80833.2,67763.9685
11296,2026-05-05 08:00:00,80833.2,80980.0,80699.4,80751.9,39504.5213
11297,2026-05-05 09:00:00,80751.9,80751.9,80513.5,80533.1,46859.1052
11298,2026-05-05 10:00:00,80535.9,80785.6,80525.5,80777.1,47163.6446
11299,2026-05-05 11:00:00,80785.6,81024.9,80769.6,80953.7,56596.0635
11300,2026-05-05 12:00:00,80953.7,81257.9,80906.3,81245.8,40371.6947
11301,2026-05-05 13:00:00,81245.8,82000.0,81200.1,81315.5,80335.1592
11302,2026-05-05 14:00:00,81315.5,81409.2,81017.8,81270.7,63427.1977
11303,2026-05-05 15:00:00,81270.7,81615.9,81200.0,81516.9,59897.4058
11304,2026-05-05 16:00:00,81502.5,81535.9,81092.2,81213.9,66690.7578
11305,2026-05-05 17:00:00,81213.9,81381.2,81185.1,81272.9,48966.4934
11306,2026-05-05 18:00:00,81272.9,81510.5,81252.9,81472.5,62222.9671
11307,2026-05-05 19:00:00,81495.0,81619.1,81406.7,81550.7,50945.9852
11308,2026-05-05 20:00:00,81540.9,81815.0,81533.4,81582.7,58994.9338
11309,2026-05-05 21:00:00,81582.7,81724.7,81289.8,81398.1,62947.1478
11310,2026-05-05 22:00:00,81398.1,81527.9,80906.3,81074.1,77645.7503
11311,2026-05-05 23:00:00,81074.1,81108.4,80784.8,80874.5,67743.3003
11312,2026-05-06 00:00:00,80874.5,81151.4,80800.0,80982.6,62445.3695
11313,2026-05-06 01:00:00,80982.6,81428.6,80964.2,81390.4,56279.389
11314,2026-05-06 02:00:00,81390.4,81400.0,81020.2,81321.6,66153.1507
11315,2026-05-06 03:00:00,81321.6,81619.9,81321.3,81536.0,53401.3623
11316,2026-05-06 04:00:00,81536.0,81571.0,81276.4,81294.7,40226.6712
11317,2026-05-06 05:00:00,81294.7,81294.8,81115.5,81271.5,43576.1459
11318,2026-05-06 06:00:00,81271.5,81444.3,81183.0,81431.8,46482.0691
11319,2026-05-06 07:00:00,81420.3,81554.0,81280.6,81314.2,57307.1626
11320,2026-05-06 08:00:00,81314.2,82000.0,81307.0,81871.8,71659.1236
11321,2026-05-06 09:00:00,81871.8,81972.3,81695.1,81930.1,62254.6891
11322,2026-05-06 10:00:00,81929.8,82566.8,81927.7,82258.7,59316.8312
11323,2026-05-06 11:00:00,82252.9,82800.0,82243.2,82470.4,58256.2425
11324,2026-05-06 12:00:00,82470.4,82485.3,82237.1,82237.1,74755.3112
11325,2026-05-06 13:00:00,82244.1,82251.8,81600.0,81679.3,100614.5402
11326,2026-05-06 14:00:00,81679.3,81736.2,81198.6,81460.2,81398.0067
11327,2026-05-06 15:00:00,81464.1,81750.7,81371.5,81682.7,61276.3633
11328,2026-05-06 16:00:00,81687.9,81773.6,81464.8,81562.4,71242.7099
11329,2026-05-06 17:00:00,81562.4,81649.0,81111.4,81401.6,59880.2118
11330,2026-05-06 18:00:00,81401.6,81474.4,81293.2,81317.3,52388.1069
11331,2026-05-06 19:00:00,81317.3,81457.5,81175.6,81417.3,54300.1429
11332,2026-05-06 20:00:00,81417.3,81649.0,81273.8,81378.2,67104.5996
11333,2026-05-06 21:00:00,81378.2,81549.4,81273.7,81499.9,48872.8546
11334,2026-05-06 22:00:00,81519.3,81519.3,81239.1,81321.8,48968.4348
11335,2026-05-06 23:00:00,81321.8,81397.5,81100.0,81390.0,58652.57
11336,2026-05-07 00:00:00,81385.4,81416.6,81000.0,81000.1,50076.0582
11337,2026-05-07 01:00:00,81000.1,81206.4,80952.0,81122.0,68508.6392
11338,2026-05-07 02:00:00,81122.0,81136.4,80866.7,81094.0,66068.7424
11339,2026-05-07 03:00:00,81095.9,81095.9,80861.6,80865.1,44789.7965
11340,2026-05-07 04:00:00,80865.1,80935.6,80774.9,80935.6,38964.0413
11341,2026-05-07 05:00:00,80935.6,81105.3,80925.0,81024.2,38461.358
11342,2026-05-07 06:00:00,81024.2,81364.0,80865.7,81364.0,78607.0796
11343,2026-05-07 07:00:00,81364.0,81629.0,81348.6,81435.4,59821.634
11344,2026-05-07 08:00:00,81434.8,81522.0,81168.0,81188.0,64110.4883
11345,2026-05-07 09:00:00,81188.0,81188.1,80850.0,80888.6,46605.9994
11346,2026-05-07 10:00:00,80888.6,80943.3,80668.4,80844.9,60259.8934
11347,2026-05-07 11:00:00,80864.9,80954.3,80796.4,80834.0,65220.0011
11348,2026-05-07 12:00:00,80834.0,81124.5,80811.9,81122.9,57932.6739
11349,2026-05-07 13:00:00,81124.5,81126.8,80277.9,80465.6,75830.856
11350,2026-05-07 14:00:00,80464.9,80576.1,80100.0,80130.1,79903.3341
11351,2026-05-07 15:00:00,80130.1,80378.4,79775.9,79900.0,77836.6277
11352,2026-05-07 16:00:00,79900.0,79988.8,79720.1,79783.7,68644.6509
11353,2026-05-07 17:00:00,79783.8,80013.5,79588.5,80013.5,76858.7985
11354,2026-05-07 18:00:00,80013.5,80197.1,79987.6,80164.9,57648.1587
11355,2026-05-07 19:00:00,80164.9,80165.0,79939.5,80053.9,63337.0273
11356,2026-05-07 20:00:00,80050.2,80165.8,79821.8,79834.8,61371.3661
11357,2026-05-07 21:00:00,79834.8,79875.2,79651.7,79700.1,60515.9107
11358,2026-05-07 22:00:00,79700.1,79908.0,79579.1,79875.3,55735.7923
11359,2026-05-07 23:00:00,79875.3,80018.0,79833.6,79989.0,43857.092
11360,2026-05-08 00:00:00,79989.0,80079.0,79725.3,79728.7,47051.0183
11361,2026-05-08 01:00:00,79728.7,79892.5,79626.0,79694.4,56851.3021
11362,2026-05-08 02:00:00,79694.4,79700.0,79423.4,79454.5,68286.5
11363,2026-05-08 03:00:00,79454.5,79586.9,79252.6,79539.9,46379.444
11364,2026-05-08 04:00:00,79551.7,79702.6,79528.3,79618.9,47226.0228
11365,2026-05-08 05:00:00,79618.9,79741.6,79573.6,79582.3,41851.6329
11366,2026-05-08 06:00:00,79582.3,79634.7,79442.7,79476.6,72440.9843
11367,2026-05-08 07:00:00,79476.6,79644.4,79252.6,79622.8,66388.8309
11368,2026-05-08 08:00:00,79622.8,79938.4,79613.8,79847.0,36132.6725
11369,2026-05-08 09:00:00,79847.0,79979.1,79788.4,79826.2,44808.3477
11370,2026-05-08 10:00:00,79826.2,80179.2,79778.3,80164.2,66180.0038
11371,2026-05-08 11:00:00,80164.2,80250.0,80155.0,80181.9,40953.2106
11372,2026-05-08 12:00:00,80181.9,80264.7,79984.0,80006.4,76489.2273
11373,2026-05-08 13:00:00,80006.4,80096.3,79564.0,79576.7,56585.3065
11374,2026-05-08 14:00:00,79576.7,80359.3,79564.0,80090.9,82739.8874
11375,2026-05-08 15:00:00,80090.9,80154.6,79605.3,80102.1,68527.6902
11376,2026-05-08 16:00:00,80102.1,80139.4,79745.8,79780.0,51729.1786
11377,2026-05-08 17:00:00,79780.0,80154.7,79768.8,79978.8,77736.4246
11378,2026-05-08 18:00:00,79978.8,80242.4,79969.7,80106.2,56541.4843
11379,2026-05-08 19:00:00,80106.2,80106.4,79961.5,80091.0,44045.0066
11380,2026-05-08 20:00:00,80091.0,80226.2,80033.5,80104.0,57171.7714
11381,2026-05-08 21:00:00,80104.2,80187.9,80100.4,80184.8,12784.1775
11382,2026-05-08 22:00:00,80187.9,80359.3,80178.1,80283.2,33102.1581
11383,2026-05-08 23:00:00,80309.8,80309.8,80092.6,80109.7,32418.004
11384,2026-05-09 00:00:00,80109.7,80200.0,80088.7,80194.1,28978.8697
11385,2026-05-09 01:00:00,80194.1,80359.3,80187.1,80285.6,36815.5704
11386,2026-05-09 02:00:00,80285.6,80414.4,80285.5,80385.7,21990.3127
11387,2026-05-09 03:00:00,80385.7,80463.4,80293.4,80324.0,30639.108
11388,2026-05-09 04:00:00,80298.2,80542.0,80298.2,80344.9,46979.0087
11389,2026-05-09 05:00:00,80337.5,80443.3,80319.9,80352.8,37185.6123
11390,2026-05-09 06:00:00,80360.0,80368.8,80164.6,80209.1,41240.7439
11391,2026-05-09 07:00:00,80209.2,80214.9,80112.3,80182.6,41233.3606
11392,2026-05-09 08:00:00,80182.6,80404.0,80182.6,80379.6,41375.1123
11393,2026-05-09 09:00:00,80379.6,80404.0,80182.6,80200.0,47466.9087
11394,2026-05-09 10:00:00,80200.0,80300.1,80124.8,80232.8,54419.2968
11395,2026-05-09 11:00:00,80232.7,80336.4,80219.9,80336.0,4351.9233
11396,2026-05-09 12:00:00,80336.0,80358.3,80251.1,80348.4,34408.8807
11397,2026-05-09 13:00:00,80348.4,80366.3,80298.8,80355.4,2756.4149
11398,2026-05-09 14:00:00,80355.4,80373.6,80214.9,80292.4,52887.1563
11399,2026-05-09 15:00:00,80292.4,80476.9,80193.9,80476.9,45767.218
11400,2026-05-09 16:00:00,80476.9,80689.8,80466.3,80574.3,35099.0406
11401,2026-05-09 17:00:00,80574.9,80856.9,80567.2,80768.4,52665.3326
11402,2026-05-09 18:00:00,80768.2,81011.1,80768.1,80839.6,34207.9349
11403,2026-05-09 19:00:00,80839.6,80896.9,80736.7,80896.0,27532.6118
11404,2026-05-09 20:00:00,80896.0,80896.9,80710.0,80764.6,18792.8426
11405,2026-05-09 21:00:00,80769.8,80834.8,80723.6,80761.2,33812.6973
11406,2026-05-09 22:00:00,80761.2,80787.9,80673.4,80764.7,25445.3953
11407,2026-05-09 23:00:00,80764.7,80790.9,80600.0,80659.3,34305.37
11408,2026-05-10 00:00:00,80659.3,80697.2,80615.0,80625.0,11916.4344
11409,2026-05-10 01:00:00,80625.0,80625.0,80526.6,80620.0,20496.4831
11410,2026-05-10 02:00:00,80620.0,80748.8,80576.5,80744.6,25189.3581
11411,2026-05-10 03:00:00,80744.6,80799.7,80675.0,80780.8,36203.709
11412,2026-05-10 04:00:00,80780.8,80799.5,80715.0,80735.0,28651.3971
11413,2026-05-10 05:00:00,80735.0,80778.3,80684.5,80702.6,24909.3599
11414,2026-05-10 06:00:00,80714.3,80718.5,80619.7,80700.7,31118.6981
11415,2026-05-10 07:00:00,80700.7,80720.1,80700.5,80714.0,1756.4024
11416,2026-05-10 08:00:00,80720.1,80859.1,80699.6,80783.0,24485.8166
11417,2026-05-10 09:00:00,80783.0,80844.8,80718.0,80762.8,31984.8704
11418,2026-05-10 10:00:00,80762.8,80838.3,80667.5,80836.4,55458.7811
11419,2026-05-10 11:00:00,80836.4,80935.3,80753.1,80767.7,40220.5255
11420,2026-05-10 12:00:00,80753.1,80894.2,80753.1,80866.2,23293.6417
11421,2026-05-10 13:00:00,80866.1,80947.1,80836.8,80918.1,15285.073
11422,2026-05-10 14:00:00,80918.1,80922.3,80780.0,80902.5,29900.9602
11423,2026-05-10 15:00:00,80902.5,81389.9,80901.6,81383.5,70909.7301
11424,2026-05-10 16:00:00,81383.5,81445.3,81167.2,81300.0,56737.198
11425,2026-05-10 17:00:00,81300.0,81447.4,81189.9,81441.5,61450.0391
11426,2026-05-10 18:00:00,81441.5,81448.2,81209.5,81231.1,43348.8455
11427,2026-05-10 19:00:00,81231.1,81407.9,81159.5,81397.4,54924.9192
11428,2026-05-10 20:00:00,81397.4,81397.5,80528.3,80759.8,100280.5394
11429,2026-05-10 21:00:00,80759.8,80920.2,80592.8,80735.0,53073.9788
11430,2026-05-10 22:00:00,80735.0,82082.3,80735.0,81996.2,106219.4359
11431,2026-05-10 23:00:00,81996.2,82379.9,81990.3,82175.7,64131.239
11432,2026-05-11 00:00:00,82175.7,82260.3,81270.4,81328.0,80209.3222
11433,2026-05-11 01:00:00,81328.0,81615.8,81281.7,81456.5,60237.0527
11434,2026-05-11 02:00:00,81462.8,81494.0,81085.9,81147.1,47228.558
11435,2026-05-11 03:00:00,81141.8,81168.0,80520.3,80693.6,77488.1728
11436,2026-05-11 04:00:00,80697.0,80831.4,80612.3,80818.4,43602.8342
11437,2026-05-11 05:00:00,80818.4,80999.9,80754.2,80774.9,37981.8891
11438,2026-05-11 06:00:00,80774.9,81000.1,80753.9,80827.6,62049.912
11439,2026-05-11 07:00:00,80827.6,80829.8,80693.1,80701.4,37302.5286
11440,2026-05-11 08:00:00,80695.7,80817.1,80628.1,80728.7,58045.2853
11441,2026-05-11 09:00:00,80728.7,80948.1,80728.7,80928.9,47077.522
11442,2026-05-11 10:00:00,80928.9,81148.5,80923.9,80951.3,60120.3551
11443,2026-05-11 11:00:00,80951.3,81098.6,80889.7,81098.6,31238.7571
11444,2026-05-11 12:00:00,81098.6,81300.0,81019.0,81069.2,79123.8455
11445,2026-05-11 13:00:00,81069.2,81290.3,80828.0,81053.9,73618.2397
11446,2026-05-11 14:00:00,81053.9,81188.0,80622.0,80897.3,77987.7344
11447,2026-05-11 15:00:00,80897.3,81344.4,80806.0,81344.4,69558.8084
11448,2026-05-11 16:00:00,81344.4,81858.4,81315.8,81556.6,75160.0994
11449,2026-05-11 17:00:00,81556.6,81965.4,81364.5,81887.9,64672.411
11450,2026-05-11 18:00:00,81887.9,82081.4,81856.6,81856.6,65081.0677
11451,2026-05-11 19:00:00,81856.6,82009.9,81801.2,81917.1,61662.7999
11452,2026-05-11 20:00:00,81917.8,81989.1,81738.2,81804.6,58053.6408
11453,2026-05-11 21:00:00,81804.6,81814.3,81560.1,81784.7,47247.7268
11454,2026-05-11 22:00:00,81779.7,81887.6,81694.4,81797.2,51267.2935
11455,2026-05-11 23:00:00,81797.2,81826.1,81591.8,81699.0,49230.7806
11456,2026-05-12 00:00:00,81699.0,81722.8,81470.2,81514.6,47328.0727
11457,2026-05-12 01:00:00,81508.7,81540.6,80720.1,81148.0,77284.2184
11458,2026-05-12 02:00:00,81148.0,81288.8,81085.0,81207.3,53076.6614
11459,2026-05-12 03:00:00,81200.1,81235.0,81009.0,81025.0,29581.8585
11460,2026-05-12 04:00:00,81014.0,81235.6,81009.0,81220.8,32932.2568
11461,2026-05-12 05:00:00,81220.8,81236.0,81178.0,81229.8,10728.95
11462,2026-05-12 06:00:00,81229.8,81236.3,81009.0,81033.8,39151.257
11463,2026-05-12 07:00:00,81016.2,81082.1,80800.1,80890.2,72273.1615
11464,2026-05-12 08:00:00,80890.2,80920.0,80789.9,80830.5,52371.6079
11465,2026-05-12 09:00:00,80830.5,80909.9,80671.2,80798.3,60116.6391
11466,2026-05-12 10:00:00,80798.3,80799.4,80620.0,80631.1,39684.3983
11467,2026-05-12 11:00:00,80637.6,80732.8,80496.8,80732.8,61374.8703
11468,2026-05-12 12:00:00,80731.0,80939.0,80673.0,80850.1,51547.4372
11469,2026-05-12 13:00:00,80882.0,80891.1,80573.0,80573.0,62007.6789
11470,2026-05-12 14:00:00,80591.2,80765.3,80489.7,80502.3,75086.2219
11471,2026-05-12 15:00:00,80502.3,80620.0,80193.9,80332.6,78344.9136
11472,2026-05-12 16:00:00,80346.5,80390.0,79985.8,80040.0,96293.0619
11473,2026-05-12 17:00:00,80040.0,80538.4,79983.9,80492.9,55556.832
11474,2026-05-12 18:00:00,80492.9,80682.5,80452.8,80647.4,56766.7331
11475,2026-05-12 19:00:00,80647.4,80795.2,80643.4,80795.2,35412.6682
11476,2026-05-12 20:00:00,80783.7,80796.2,80643.4,80667.0,21400.9462
11477,2026-05-12 21:00:00,80667.0,80693.7,80455.6,80549.9,37994.1537
11478,2026-05-12 22:00:00,80549.9,80700.0,80549.9,80682.2,50222.1308
11479,2026-05-12 23:00:00,80682.2,80685.6,80407.2,80461.0,43244.408
11480,2026-05-13 00:00:00,80482.9,80700.0,80394.2,80671.9,70089.0042
11481,2026-05-13 01:00:00,80671.9,81100.2,80659.8,80945.0,68034.6391
11482,2026-05-13 02:00:00,80945.0,81096.8,80939.9,80999.0,30344.0214
11483,2026-05-13 03:00:00,80999.0,81207.3,80956.1,81172.9,58860.1333
11484,2026-05-13 04:00:00,81207.3,81234.4,81134.0,81191.9,28124.585
11485,2026-05-13 05:00:00,81191.9,81203.3,81000.1,81000.1,31212.8559
11486,2026-05-13 06:00:00,81000.1,81109.4,80960.5,80960.5,33727.5321
11487,2026-05-13 07:00:00,80960.5,81004.8,80892.6,80981.9,33333.9191
11488,2026-05-13 08:00:00,80981.9,81166.1,80943.1,81134.2,62006.7765
11489,2026-05-13 09:00:00,81134.0,81237.5,81101.5,81237.5,48409.7444
11490,2026-05-13 10:00:00,81237.5,81244.0,80782.8,80782.8,72238.3447
11491,2026-05-13 11:00:00,80782.9,80797.2,80473.2,80473.2,48413.575
11492,2026-05-13 12:00:00,80473.2,80548.1,79955.2,80165.5,87156.5863
11493,2026-05-13 13:00:00,80162.9,80298.4,79605.3,79659.6,76157.7201
11494,2026-05-13 14:00:00,79659.6,79834.3,79587.0,79727.4,67680.5848
11495,2026-05-13 15:00:00,79727.4,79799.9,78925.9,78925.9,92940.0717
11496,2026-05-13 16:00:00,79014.9,79171.7,78807.6,79071.8,55456.16
11497,2026-05-13 17:00:00,79071.8,79496.2,79071.8,79495.5,68212.0917
11498,2026-05-13 18:00:00,79495.5,79799.9,79489.0,79624.3,55133.6225
11499,2026-05-13 19:00:00,79624.3,79624.3,79376.9,79573.5,58774.3181
11500,2026-05-13 20:00:00,79561.6,79716.5,79561.6,79650.1,42627.4818
11501,2026-05-13 21:00:00,79650.1,79655.6,79363.6,79380.1,52341.4958
11502,2026-05-13 22:00:00,79380.1,79417.2,79210.7,79406.1,63719.2215
11503,2026-05-13 23:00:00,79406.1,79420.3,79199.9,79288.2,40357.6543
11504,2026-05-14 00:00:00,79288.6,79636.1,79279.5,79561.3,57874.1307
11505,2026-05-14 01:00:00,79561.3,79636.1,79428.0,79565.8,61354.932
11506,2026-05-14 02:00:00,79565.8,79636.1,79239.6,79348.7,58012.0838
11507,2026-05-14 03:00:00,79348.5,79444.4,78935.5,79051.1,67854.9865
11508,2026-05-14 04:00:00,79051.1,79415.6,78963.5,79409.9,53719.2195
11509,2026-05-14 05:00:00,79409.9,79813.8,79352.6,79801.7,77185.3556
11510,2026-05-14 06:00:00,79801.7,79884.0,79751.1,79787.1,39360.9842
11511,2026-05-14 07:00:00,79787.1,79877.7,79698.2,79759.2,62929.3421
11512,2026-05-14 08:00:00,79759.2,79850.8,79679.3,79776.9,64942.2982
11513,2026-05-14 09:00:00,79797.8,79832.5,79534.1,79614.8,47801.5415
11514,2026-05-14 10:00:00,79614.8,79716.8,79390.6,79530.0,61174.4036
11515,2026-05-14 11:00:00,79530.0,79567.3,79211.5,79260.0,57156.0786
11516,2026-05-14 12:00:00,79260.0,79720.8,79260.0,79720.1,53068.1626
11517,2026-05-14 13:00:00,79720.1,79999.0,79696.4,79917.4,75405.7658
11518,2026-05-14 14:00:00,79706.6,80801.0,79577.5,80572.2,86610.39
11519,2026-05-14 15:00:00,80572.2,81146.4,80460.0,81139.1,74079.9166
11520,2026-05-14 16:00:00,81113.0,81548.0,81111.2,81548.0,83790.7746
11521,2026-05-14 17:00:00,81548.0,81915.1,81126.6,81623.0,77177.4307
11522,2026-05-14 18:00:00,81623.0,81859.2,81433.2,81543.8,73433.4821
11523,2026-05-14 19:00:00,81539.8,81700.0,81306.1,81351.6,62041.1925
11524,2026-05-14 20:00:00,81351.6,81538.2,81173.3,81345.5,69901.1387
11525,2026-05-14 21:00:00,81345.5,81452.0,81228.0,81357.0,59946.3004
11526,2026-05-14 22:00:00,81357.0,81485.6,81346.7,81399.3,40444.771
11527,2026-05-14 23:00:00,81399.3,81399.3,81022.7,81025.8,73024.9173
11528,2026-05-15 00:00:00,81025.8,81480.0,81022.7,81438.6,53388.3016
11529,2026-05-15 01:00:00,81438.6,81568.9,81239.8,81239.8,60531.9455
11530,2026-05-15 02:00:00,81239.8,81295.9,80803.6,81261.9,79913.3794
11531,2026-05-15 03:00:00,81261.9,81286.9,80908.6,81022.7,59806.6614
11532,2026-05-15 04:00:00,81022.7,81045.1,80798.7,80798.7,64269.3222
11533,2026-05-15 05:00:00,80798.7,80858.6,80323.4,80380.0,71817.4817
11534,2026-05-15 06:00:00,80382.9,80583.4,80291.1,80545.3,68916.548
11535,2026-05-15 07:00:00,80545.3,80952.1,80541.8,80782.9,60477.7897
11536,2026-05-15 08:00:00,80780.8,80782.9,80473.8,80602.2,65620.2686
11537,2026-05-15 09:00:00,80602.2,80607.9,80381.6,80421.2,62297.8592
11538,2026-05-15 10:00:00,80421.2,80686.3,80386.0,80671.6,56587.4752
11539,2026-05-15 11:00:00,80671.0,80688.9,80559.7,80582.0,37879.6398
11540,2026-05-15 12:00:00,80559.7,80596.3,80315.6,80326.8,66230.1294
11541,2026-05-15 13:00:00,80326.8,80326.9,78738.9,78959.9,115359.4717
11542,2026-05-15 14:00:00,78960.0,79268.1,78820.0,79150.4,75045.9421
11543,2026-05-15 15:00:00,79150.5,79246.5,79057.2,79144.8,57834.0511
11544,2026-05-15 16:00:00,79152.4,79302.4,79123.3,79236.9,58406.6678
11545,2026-05-15 17:00:00,79236.9,79447.9,79204.0,79432.1,51209.7071
11546,2026-05-15 18:00:00,79414.9,79516.1,79186.4,79266.1,67244.9628
11547,2026-05-15 19:00:00,79266.1,79273.7,79071.3,79105.8,47535.9802
11548,2026-05-15 20:00:00,79100.0,79169.6,79028.5,79073.9,60191.4038
11549,2026-05-15 21:00:00,79065.9,79169.6,78963.7,78963.7,44832.9241
11550,2026-05-15 22:00:00,78963.7,79092.2,78963.7,79077.0,34265.1628
11551,2026-05-15 23:00:00,79077.0,79099.8,79070.0,79084.6,11126.027
11552,2026-05-16 00:00:00,79084.7,79141.7,79064.0,79067.7,23192.914
11553,2026-05-16 01:00:00,79069.1,79140.0,78982.0,79128.5,42869.0564
11554,2026-05-16 02:00:00,79128.5,79161.0,79042.1,79042.1,33139.4806
11555,2026-05-16 03:00:00,79042.1,79124.7,79040.9,79053.4,15595.1879
11556,2026-05-16 04:00:00,79053.4,79072.3,78949.4,78999.3,41545.3848
11557,2026-05-16 05:00:00,78999.3,79000.0,78903.8,78955.4,23677.203
11558,2026-05-16 06:00:00,78955.4,78995.0,78595.8,78599.8,56353.5605
11559,2026-05-16 07:00:00,78599.8,78604.4,78111.0,78349.8,75117.2529
11560,2026-05-16 08:00:00,78355.1,78471.4,78325.5,78399.9,39714.184
11561,2026-05-16 09:00:00,78389.6,78404.5,77998.7,78047.9,70205.7881
11562,2026-05-16 10:00:00,78047.9,78067.3,77718.2,77919.2,75527.3801
11563,2026-05-16 11:00:00,77919.2,78149.5,77888.1,78054.1,53647.6399
11564,2026-05-16 12:00:00,78059.7,78073.6,77900.8,77997.2,31777.7002
11565,2026-05-16 13:00:00,77997.2,78000.2,77825.3,77967.9,63859.525
11566,2026-05-16 14:00:00,77967.9,78242.5,77879.9,78093.8,48848.5124
11567,2026-05-16 15:00:00,78093.8,78218.0,78050.1,78204.1,46110.7642
11568,2026-05-16 16:00:00,78204.2,78286.6,78112.3,78160.2,49151.2715
11569,2026-05-16 17:00:00,78160.2,78260.8,78132.3,78173.7,29840.0773
11570,2026-05-16 18:00:00,78173.7,78256.5,78113.0,78199.3,26261.6795
11571,2026-05-16 19:00:00,78200.0,78257.1,78199.3,78236.1,7734.8956
11572,2026-05-16 20:00:00,78242.9,78260.0,78164.0,78233.3,22597.3511
11573,2026-05-16 21:00:00,78222.5,78261.5,78200.0,78247.1,11606.3001
11574,2026-05-16 22:00:00,78247.1,78261.5,78144.3,78144.3,29964.7561
11575,2026-05-16 23:00:00,78144.3,78219.0,78124.0,78150.4,32546.1962
11576,2026-05-17 00:00:00,78150.4,78191.0,77946.1,77996.2,35547.8466
11577,2026-05-17 01:00:00,77946.1,78111.9,77703.0,77703.0,75043.3462
11578,2026-05-17 02:00:00,77703.0,77891.1,77702.9,77863.0,33668.9608
11579,2026-05-17 03:00:00,77863.0,78006.9,77830.3,77986.4,34272.6505
11580,2026-05-17 04:00:00,77986.4,78131.5,77968.7,78117.4,40948.493
11581,2026-05-17 05:00:00,78117.4,78251.7,78067.5,78084.6,39826.1125
11582,2026-05-17 06:00:00,78084.6,78135.9,78000.0,78062.0,50849.6143
11583,2026-05-17 07:00:00,78068.9,78161.7,78061.8,78130.0,24892.7782
11584,2026-05-17 08:00:00,78121.3,78137.2,77995.7,78050.6,27980.6948
11585,2026-05-17 09:00:00,78050.7,78192.0,78040.5,78192.0,20748.9059
11586,2026-05-17 10:00:00,78192.0,78484.1,78154.9,78415.0,60288.2851
11587,2026-05-17 11:00:00,78415.0,78431.1,78281.9,78367.7,37226.5357
11588,2026-05-17 12:00:00,78367.7,78492.4,78303.9,78327.0,38220.6429
11589,2026-05-17 13:00:00,78327.0,78327.9,78149.8,78154.2,56070.0894
11590,2026-05-17 14:00:00,78154.2,78157.3,77917.8,78025.0,56840.3822
11591,2026-05-17 15:00:00,78025.0,78072.9,77921.2,78006.9,36592.7061
11592,2026-05-17 16:00:00,78006.9,78115.4,78004.6,78031.7,32493.7473
11593,2026-05-17 17:00:00,78031.7,78055.6,77900.1,78055.5,67345.8042
11594,2026-05-17 18:00:00,78055.5,78164.0,78027.1,78160.3,48637.637
11595,2026-05-17 19:00:00,78160.3,78430.7,78160.2,78359.9,48060.2167
11596,2026-05-17 20:00:00,78359.9,78393.8,78210.9,78226.2,42129.2317
11597,2026-05-17 21:00:00,78226.1,78431.9,78199.9,78409.5,36273.6954
11598,2026-05-17 22:00:00,78409.5,78415.2,77887.3,77961.6,87863.4256
11599,2026-05-17 23:00:00,77961.6,77989.0,77207.1,77468.6,88626.2851
11600,2026-05-18 00:00:00,77468.6,77494.2,76970.8,77047.1,80124.6954
11601,2026-05-18 01:00:00,77047.1,77177.6,76759.1,77085.7,81675.1517
11602,2026-05-18 02:00:00,77099.8,77130.6,76777.1,76784.8,63669.6753
11603,2026-05-18 03:00:00,76784.8,76980.9,76777.1,76880.5,70046.2597
11604,2026-05-18 04:00:00,76878.3,77004.4,76774.2,77000.2,61003.578
11605,2026-05-18 05:00:00,77002.4,77013.5,76874.6,76890.0,60697.0176
11606,2026-05-18 06:00:00,76890.0,76930.6,76737.9,76880.6,80260.1605
11607,2026-05-18 07:00:00,76880.6,77026.7,76780.8,77026.6,71971.8236
11608,2026-05-18 08:00:00,77024.3,77062.0,76898.2,76999.9,69475.5839
11609,2026-05-18 09:00:00,76999.9,77009.1,76889.4,76901.5,33667.8161
11610,2026-05-18 10:00:00,76901.5,76908.1,76730.4,76782.5,60930.7539
11611,2026-05-18 11:00:00,76782.6,77300.3,76700.0,77252.3,93470.2657
11612,2026-05-18 12:00:00,77252.3,77836.5,77250.0,77584.9,72935.9549
11613,2026-05-18 13:00:00,77584.8,77587.8,76750.9,76942.2,84806.8942
11614,2026-05-18 14:00:00,76939.0,77019.5,76286.3,76376.2,91275.1881
11615,2026-05-18 15:00:00,76376.2,76436.6,76060.6,76393.5,79199.1978
11616,2026-05-18 16:00:00,76393.5,76531.6,76227.8,76399.9,76183.6062
11617,2026-05-18 17:00:00,76399.9,76717.6,76369.5,76714.6,65266.2441
11618,2026-05-18 18:00:00,76714.6,76717.6,76270.7,76315.8,70199.7567
11619,2026-05-18 19:00:00,76315.8,76936.5,76315.8,76854.0,80016.3631
11620,2026-05-18 20:00:00,76859.9,77130.5,76854.0,76933.8,67095.8137
11621,2026-05-18 21:00:00,76933.8,77066.9,76791.8,77063.0,67843.6165
11622,2026-05-18 22:00:00,77063.0,77151.9,76943.0,77073.3,63757.8361
11623,2026-05-18 23:00:00,77073.3,77123.7,76940.1,76963.2,44463.9375
11624,2026-05-19 00:00:00,76963.2,77300.0,76949.9,77125.7,61844.056
11625,2026-05-19 01:00:00,77125.7,77127.2,76663.3,76680.5,86954.452
11626,2026-05-19 02:00:00,76680.5,76964.0,76582.1,76583.8,71172.7082
11627,2026-05-19 03:00:00,76582.3,76816.9,76580.4,76750.0,56416.503
11628,2026-05-19 04:00:00,76775.8,76902.8,76701.5,76879.8,68636.0215
11629,2026-05-19 05:00:00,76879.8,76964.0,76683.1,76876.2,67762.7559
11630,2026-05-19 06:00:00,76876.2,77050.0,76860.2,77023.3,55140.7032
11631,2026-05-19 07:00:00,77023.3,77234.3,76943.3,77181.4,51252.323
11632,2026-05-19 08:00:00,77181.4,77208.7,76935.4,77029.8,77099.5292
11633,2026-05-19 09:00:00,77029.8,77050.4,76752.2,76789.2,54256.0789
11634,2026-05-19 10:00:00,76792.2,76936.9,76735.1,76911.9,73948.332
11635,2026-05-19 11:00:00,76912.0,77016.1,76665.7,76705.3,58700.3166
11636,2026-05-19 12:00:00,76705.5,76942.1,76661.3,76922.4,42117.8644
11637,2026-05-19 13:00:00,76930.6,76942.1,76638.9,76834.3,69880.965
11638,2026-05-19 14:00:00,76834.2,76842.3,76228.7,76364.5,104299.0613
11639,2026-05-19 15:00:00,76485.8,76618.9,76333.5,76471.2,69015.969
11640,2026-05-19 16:00:00,76471.1,76862.2,76393.3,76858.4,72061.8447
11641,2026-05-19 17:00:00,76858.4,76940.0,76780.2,76821.2,62665.8008
11642,2026-05-19 18:00:00,76821.2,76909.8,76774.5,76777.7,48069.7839
11643,2026-05-19 19:00:00,76777.8,76954.2,76764.2,76773.5,75295.2317
11644,2026-05-19 20:00:00,76773.5,76955.0,76773.5,76955.0,47570.4211
11645,2026-05-19 21:00:00,76955.0,77003.1,76929.6,76988.4,21130.9651
11646,2026-05-19 22:00:00,76988.4,77003.1,76651.8,76703.9,63252.1346
11647,2026-05-19 23:00:00,76703.9,76920.3,76650.0,76799.9,61146.7253
11648,2026-05-20 00:00:00,76785.3,76852.3,76519.8,76738.0,68444.5629
11649,2026-05-20 01:00:00,76738.0,76827.9,76531.1,76787.5,75614.1887
11650,2026-05-20 02:00:00,76787.5,76867.9,76580.1,76654.6,75244.4116
11651,2026-05-20 03:00:00,76654.6,76760.8,76584.0,76689.6,43022.1088
11652,2026-05-20 04:00:00,76689.6,76773.0,76666.1,76748.1,38795.2704
11653,2026-05-20 05:00:00,76748.1,77272.9,76740.3,77157.4,69989.5826
11654,2026-05-20 06:00:00,77157.4,77364.2,77148.7,77364.2,35249.7058
11655,2026-05-20 07:00:00,77364.2,77427.2,77228.6,77248.8,65304.8743
11656,2026-05-20 08:00:00,77248.8,77500.4,77222.3,77430.1,42216.0458
11657,2026-05-20 09:00:00,77430.1,77510.9,77346.6,77449.9,33766.6511
11658,2026-05-20 10:00:00,77450.0,77604.0,77449.9,77478.1,53527.1915
11659,2026-05-20 11:00:00,77478.1,77527.6,77302.3,77371.3,53842.7637
11660,2026-05-20 12:00:00,77371.3,77628.4,77349.9,77590.2,57224.0727
11661,2026-05-20 13:00:00,77590.2,77628.4,77067.8,77143.7,88234.4932
11662,2026-05-20 14:00:00,77143.7,77452.0,77026.7,77421.2,68564.9864
11663,2026-05-20 15:00:00,77421.2,77837.9,77283.3,77400.0,85528.207
11664,2026-05-20 16:00:00,77400.0,77481.9,77084.6,77273.3,77786.7828
11665,2026-05-20 17:00:00,77241.6,77675.4,77241.6,77528.0,51803.3118
11666,2026-05-20 18:00:00,77528.0,77581.9,77378.9,77384.0,61180.3172
11667,2026-05-20 19:00:00,77384.0,77646.8,77326.1,77630.6,60799.0979
11668,2026-05-20 20:00:00,77631.3,77725.3,77475.9,77689.0,72746.9001
11669,2026-05-20 21:00:00,77688.9,77705.0,77470.0,77470.0,48422.804
11670,2026-05-20 22:00:00,77470.0,77472.0,77223.5,77457.7,63896.8246
11671,2026-05-20 23:00:00,77440.0,77503.7,77357.9,77503.7,41344.5154
11672,2026-05-21 00:00:00,77503.7,77989.0,77486.6,77989.0,73484.111
11673,2026-05-21 01:00:00,77931.4,78070.2,77688.0,77818.1,65126.7064
11674,2026-05-21 02:00:00,77818.1,78070.2,77797.2,77942.5,41626.5615
11675,2026-05-21 03:00:00,77942.5,78039.1,77876.0,78039.1,44289.1256
11676,2026-05-21 04:00:00,78039.1,78126.1,77925.9,77972.5,32736.3491
11677,2026-05-21 05:00:00,77972.5,78082.4,77755.0,77768.0,57992.3825
11678,2026-05-21 06:00:00,77775.2,77784.7,77554.7,77591.7,45609.0984
11679,2026-05-21 07:00:00,77591.7,77850.3,77506.8,77843.0,61026.0564
11680,2026-05-21 08:00:00,77837.1,78094.1,77701.3,77888.6,53403.1629
11681,2026-05-21 09:00:00,77895.9,77928.0,77600.0,77600.7,37187.7825
11682,2026-05-21 10:00:00,77600.0,77638.7,77208.1,77208.1,71650.2895
11683,2026-05-21 11:00:00,77208.1,77323.8,77202.1,77226.2,44965.4066
11684,2026-05-21 12:00:00,77229.7,77287.1,77082.4,77259.7,69547.3499
11685,2026-05-21 13:00:00,77259.7,77312.6,76798.8,77107.7,80995.7961
11686,2026-05-21 14:00:00,77107.8,77186.6,76824.1,76968.0,70779.8913
11687,2026-05-21 15:00:00,76968.0,77315.1,76877.8,77221.0,71700.7662
11688,2026-05-21 16:00:00,77221.0,77297.9,77021.8,77151.7,67904.9047
11689,2026-05-21 17:00:00,77151.7,77966.1,77145.2,77896.4,88940.4632
11690,2026-05-21 18:00:00,77919.1,77966.1,77254.2,77308.0,65733.6598
11691,2026-05-21 19:00:00,77326.0,77719.9,77299.1,77666.3,59495.5087
11692,2026-05-21 20:00:00,77666.3,77740.7,77638.7,77645.6,37322.6862
11693,2026-05-21 21:00:00,77645.6,77754.8,77626.7,77631.2,31519.4318
11694,2026-05-21 22:00:00,77626.7,77713.4,77576.7,77605.1,38755.3749
11695,2026-05-21 23:00:00,77605.1,77710.4,77547.7,77578.9,47788.1116
11696,2026-05-22 00:00:00,77575.5,77582.3,77344.8,77344.8,62572.4381
11697,2026-05-22 01:00:00,77344.8,77566.5,77317.7,77546.1,53390.901
11698,2026-05-22 02:00:00,77540.6,77684.6,77540.6,77606.7,34725.0797
11699,2026-05-22 03:00:00,77606.7,77765.2,77590.0,77759.7,41821.3198
11700,2026-05-22 04:00:00,77765.2,77843.9,77600.1,77619.9,36134.7183
11701,2026-05-22 05:00:00,77619.9,77661.7,77442.1,77446.5,64090.8376
11702,2026-05-22 06:00:00,77446.4,77560.4,77374.9,77385.9,39031.8025
11703,2026-05-22 07:00:00,77385.9,77498.5,77276.0,77400.0,51860.9882
11704,2026-05-22 08:00:00,77400.0,77498.5,77223.1,77223.5,55804.2234
11705,2026-05-22 09:00:00,77223.4,77317.8,77189.7,77305.4,46899.3657
11706,2026-05-22 10:00:00,77305.4,77324.2,77256.0,77288.0,11224.6835
11707,2026-05-22 11:00:00,77288.0,77393.4,77211.7,77380.0,47233.5539
11708,2026-05-22 12:00:00,77365.3,77501.4,77364.1,77489.4,45886.5321
11709,2026-05-22 13:00:00,77489.4,77502.2,77161.4,77234.7,67992.4693
11710,2026-05-22 14:00:00,77227.2,77234.7,76768.8,76796.5,76073.3243
11711,2026-05-22 15:00:00,76772.2,76917.3,76659.2,76768.1,78712.8586
11712,2026-05-22 16:00:00,76768.1,76919.2,76756.6,76913.8,51089.7111
11713,2026-05-22 17:00:00,76915.4,76973.6,76763.4,76763.4,59892.6314
11714,2026-05-22 18:00:00,76779.1,76859.9,76445.1,76497.4,85336.0318
11715,2026-05-22 19:00:00,76497.4,76542.2,75705.9,75827.0,111746.3817
11716,2026-05-22 20:00:00,75822.9,75964.3,75817.3,75944.5,54686.6055
11717,2026-05-22 21:00:00,75944.5,76044.6,75929.0,75948.6,25501.7506
11718,2026-05-22 22:00:00,75948.6,75965.1,75650.6,75705.0,59595.1825
11719,2026-05-22 23:00:00,75705.0,75830.7,75528.2,75528.2,64759.0623
11720,2026-05-23 00:00:00,75528.2,75582.2,75225.9,75336.3,69433.7858
11721,2026-05-23 01:00:00,75336.3,75457.5,75336.0,75449.7,46749.7184
11722,2026-05-23 02:00:00,75449.7,75550.9,75424.6,75546.7,28998.2369
11723,2026-05-23 03:00:00,75546.7,75621.2,75536.4,75617.9,12978.4282
11724,2026-05-23 04:00:00,75617.9,75621.4,75486.1,75504.0,38091.5607
11725,2026-05-23 05:00:00,75504.0,75515.0,75436.8,75441.6,9040.3084
11726,2026-05-23 06:00:00,75437.0,75450.1,75357.6,75360.3,20987.4303
11727,2026-05-23 07:00:00,75368.0,75379.4,74554.4,74555.0,88477.2809
11728,2026-05-23 08:00:00,74555.0,74980.0,74345.2,74652.2,72899.5702
11729,2026-05-23 09:00:00,74652.2,74712.7,74606.7,74631.3,48945.5981
11730,2026-05-23 10:00:00,74633.8,74751.1,74630.3,74697.6,34998.7633
11731,2026-05-23 11:00:00,74697.6,74980.0,74695.6,74773.5,39902.9147
11732,2026-05-23 12:00:00,74773.5,74799.8,74647.0,74711.9,23493.7971
11733,2026-05-23 13:00:00,74729.8,75310.8,74703.5,75180.7,82484.7974
11734,2026-05-23 14:00:00,75181.5,75454.4,75086.7,75424.8,62006.9654
11735,2026-05-23 15:00:00,75426.2,75606.7,75395.8,75487.0,50789.1092
11736,2026-05-23 16:00:00,75487.0,75576.6,75384.3,75435.8,46112.2841
11737,2026-05-23 17:00:00,75435.8,75479.1,75386.4,75477.2,60034.6343
11738,2026-05-23 18:00:00,75472.2,75861.7,75471.4,75812.7,60982.333
11739,2026-05-23 19:00:00,75812.7,75964.3,75754.9,75949.4,50231.4398
11740,2026-05-23 20:00:00,75952.7,76978.9,75923.7,76700.0,97903.884
11741,2026-05-23 21:00:00,76800.0,77296.2,76580.0,76764.9,75738.9781
11742,2026-05-23 22:00:00,76764.9,76807.4,76409.4,76545.7,61088.2962
11743,2026-05-23 23:00:00,76545.7,76721.1,76521.3,76715.3,49103.6786
11744,2026-05-24 00:00:00,76715.4,76807.4,76608.0,76804.2,55351.7977
11745,2026-05-24 01:00:00,76804.2,76867.3,76749.0,76848.9,40427.9836
11746,2026-05-24 02:00:00,76848.9,76882.0,76700.2,76790.0,49634.4644
11747,2026-05-24 03:00:00,76790.0,76965.6,76735.1,76756.8,53542.0044
11748,2026-05-24 04:00:00,76761.3,76762.5,76735.1,76748.0,6539.3994
11749,2026-05-24 05:00:00,76748.0,76809.3,76625.0,76787.3,34236.4119
11750,2026-05-24 06:00:00,76787.3,76956.1,76684.5,76956.0,49723.7325
11751,2026-05-24 07:00:00,76956.0,76957.8,76770.0,76771.4,33450.5997
11752,2026-05-24 08:00:00,76770.0,76784.9,76696.0,76778.9,26874.2238
11753,2026-05-24 09:00:00,76778.9,76999.7,76753.8,76991.8,49791.8263
11754,2026-05-24 10:00:00,76991.8,77168.5,76895.8,77164.5,63547.2717
11755,2026-05-24 11:00:00,77164.5,77300.3,77159.3,77250.0,40824.3372
11756,2026-05-24 12:00:00,77250.0,77250.0,77035.2,77074.6,35073.7861
11757,2026-05-24 13:00:00,77074.6,77080.0,76699.8,76724.9,65773.7038
11758,2026-05-24 14:00:00,76724.9,76897.2,76299.2,76448.7,94196.4963
11759,2026-05-24 15:00:00,76448.7,76479.4,76360.6,76360.6,36421.1011
11760,2026-05-24 16:00:00,76360.6,76647.0,76360.6,76647.0,81431.5591
11761,2026-05-24 17:00:00,76640.7,76728.0,76550.0,76661.1,60272.9553
11762,2026-05-24 18:00:00,76661.1,76749.6,76576.5,76636.4,52791.9061
11763,2026-05-24 19:00:00,76636.4,76700.0,76589.5,76694.4,44456.5546
11764,2026-05-24 20:00:00,76694.4,76713.0,76589.4,76599.3,50325.1077
11765,2026-05-24 21:00:00,76599.3,76685.0,76106.3,76106.3,92873.3888
11766,2026-05-24 22:00:00,76106.3,76962.7,76106.0,76766.3,71100.1885
11767,2026-05-24 23:00:00,76766.3,77135.4,76763.2,77033.5,63806.3069
11768,2026-05-25 00:00:00,77033.5,77174.6,77030.2,77120.0,60184.2089
11769,2026-05-25 01:00:00,77114.7,77183.2,77015.0,77023.8,78142.1122
11770,2026-05-25 02:00:00,77015.0,77316.6,77015.0,77060.0,69282.707
11771,2026-05-25 03:00:00,77059.8,77111.8,76989.8,76995.3,41528.7979
11772,2026-05-25 04:00:00,76993.6,77316.6,76989.0,77316.6,53404.2616
11773,2026-05-25 05:00:00,77316.6,77454.9,77278.6,77370.0,47073.5997
11774,2026-05-25 06:00:00,77370.0,77495.2,77193.5,77393.1,68957.4428
11775,2026-05-25 07:00:00,77393.1,77475.5,77185.2,77364.4,47226.7784
11776,2026-05-25 08:00:00,77363.6,77386.1,77253.1,77386.1,33435.4835
11777,2026-05-25 09:00:00,77386.1,77617.9,77376.1,77570.1,43569.4658
11778,2026-05-25 10:00:00,77570.1,77645.3,77477.2,77515.5,49164.4278
11779,2026-05-25 11:00:00,77504.8,77515.5,77312.4,77318.2,46635.3777
11780,2026-05-25 12:00:00,77318.2,77388.9,77270.3,77350.0,32642.8801
11781,2026-05-25 13:00:00,77350.0,77400.0,77288.9,77302.1,30257.6913
11782,2026-05-25 14:00:00,77302.0,77693.9,77288.9,77693.8,58446.0208
11783,2026-05-25 15:00:00,77693.8,77760.2,77544.9,77578.7,61962.3306
11784,2026-05-25 16:00:00,77578.7,77709.3,77477.8,77701.5,38394.0545
11785,2026-05-25 17:00:00,77701.5,77728.0,77550.0,77550.0,25163.893
11786,2026-05-25 18:00:00,77550.0,77628.4,77540.0,77540.0,25184.1721
11787,2026-05-25 19:00:00,77540.0,77542.1,77316.1,77408.8,44178.4777
11788,2026-05-25 20:00:00,77403.3,77427.2,77230.1,77243.7,38956.7182
11789,2026-05-25 21:00:00,77243.7,77307.4,77230.1,77300.3,7361.458
11790,2026-05-25 22:00:00,77300.3,77300.3,77300.3,77300.3,0.0
11791,2026-05-25 23:00:00,77300.3,77300.3,77300.3,77300.3,0.0
11792,2026-05-26 00:00:00,77300.3,77300.3,77300.3,77300.3,0.0
11793,2026-05-26 01:00:00,77307.4,77307.4,76627.1,76775.0,88815.9289
11794,2026-05-26 02:00:00,76726.6,76778.5,76564.2,76630.7,64450.215
11795,2026-05-26 03:00:00,76652.0,76652.0,76487.2,76637.6,39440.2122
11796,2026-05-26 04:00:00,76637.6,76754.8,76586.3,76729.4,24263.7079
11797,2026-05-26 05:00:00,76729.4,76937.9,76687.9,76879.1,31367.5876
11798,2026-05-26 06:00:00,76879.1,76977.6,76800.9,76866.5,46629.4269
11799,2026-05-26 07:00:00,76866.2,76871.2,76594.1,76685.0,46546.1254
11800,2026-05-26 08:00:00,76685.3,76787.2,76665.1,76745.0,36105.3191
11801,2026-05-26 09:00:00,76745.0,76757.7,76652.5,76661.2,47223.493
11802,2026-05-26 10:00:00,76661.2,77487.7,76581.2,77455.0,101877.2105
11803,2026-05-26 11:00:00,77486.7,77487.7,77165.1,77226.8,34022.5043
11804,2026-05-26 12:00:00,77194.0,77227.5,77034.1,77099.1,26092.1042
11805,2026-05-26 13:00:00,77099.1,77321.0,76745.7,77174.9,71135.0292
11806,2026-05-26 14:00:00,77174.7,77871.5,76850.7,76987.2,89631.3029
11807,2026-05-26 15:00:00,76987.2,76987.2,76271.6,76499.3,89240.5863
11808,2026-05-26 16:00:00,76499.3,76893.6,76292.0,76499.0,37528.1646
11809,2026-05-26 17:00:00,76499.0,76499.0,76499.0,76499.0,0.0
11810,2026-05-26 18:00:00,76499.0,76499.0,76499.0,76499.0,0.0
11811,2026-05-26 19:00:00,76499.0,76509.0,75922.6,76028.4,54626.0252
11812,2026-05-26 20:00:00,76028.2,76123.4,76012.9,76081.8,41720.3782
11813,2026-05-26 21:00:00,76081.8,76092.2,75862.7,75864.0,50106.916
11814,2026-05-26 22:00:00,75864.0,75942.1,75691.2,75719.8,56581.2664
11815,2026-05-26 23:00:00,75719.8,75939.2,75691.2,75931.2,31137.1311
11816,2026-05-27 00:00:00,75931.5,75951.1,75917.0,75951.1,16520.9056
11817,2026-05-27 01:00:00,75949.0,76015.4,75904.5,75908.9,17956.5981
11818,2026-05-27 02:00:00,75908.9,75912.1,75802.7,75813.4,16664.837
11819,2026-05-27 03:00:00,75813.3,75950.0,75637.1,75659.0,30489.4961
11820,2026-05-27 04:00:00,75659.1,75673.9,75298.4,75565.9,73003.5932
11821,2026-05-27 05:00:00,75559.1,75688.0,75559.1,75682.1,50563.3575
11822,2026-05-27 06:00:00,75682.1,75824.5,75675.8,75799.9,36344.976
11823,2026-05-27 07:00:00,75800.0,75918.2,75733.5,75915.0,48086.8628
11824,2026-05-27 08:00:00,75915.0,76019.4,75835.1,75844.4,36222.5043
11825,2026-05-27 09:00:00,75838.4,75939.9,75681.0,75886.2,62484.0363
11826,2026-05-27 10:00:00,75886.2,76000.2,75847.2,75893.2,34457.0154
11827,2026-05-27 11:00:00,75892.6,75983.6,75723.6,75731.2,56953.5281
11828,2026-05-27 12:00:00,75731.2,75984.5,75576.4,75674.9,88578.6201
11829,2026-05-27 13:00:00,75674.9,75715.8,74882.5,75014.9,83083.515
11830,2026-05-27 14:00:00,75011.4,75400.0,74846.4,75068.5,72887.7435
11831,2026-05-27 15:00:00,75068.5,75439.9,74972.0,75300.0,72081.4215
11832,2026-05-27 16:00:00,75300.0,75367.2,75025.4,75270.0,72629.5394
11833,2026-05-27 17:00:00,75270.0,75303.3,74844.8,74867.4,70237.7235
11834,2026-05-27 18:00:00,74867.4,74994.6,74703.5,74994.6,56513.6315
11835,2026-05-27 19:00:00,74994.6,75036.0,74951.9,75024.7,38980.4002
11836,2026-05-27 20:00:00,75024.7,75318.0,75023.8,75237.6,39172.2462
11837,2026-05-27 21:00:00,75237.6,75258.6,74320.5,74425.7,95920.5337
11838,2026-05-27 22:00:00,74425.7,74946.9,74342.3,74436.7,72398.9958
11839,2026-05-27 23:00:00,74436.7,74509.1,74243.5,74405.9,70847.0618
11840,2026-05-28 00:00:00,74395.0,74543.3,74362.8,74530.8,72129.192
11841,2026-05-28 01:00:00,74530.8,74546.7,74254.5,74313.0,79358.0558
11842,2026-05-28 02:00:00,74313.0,74345.4,74139.9,74249.4,74660.0365
11843,2026-05-28 03:00:00,74249.4,74332.8,73140.0,73253.1,113014.8523
11844,2026-05-28 04:00:00,73253.1,73452.8,72815.1,73134.7,96494.462
11845,2026-05-28 05:00:00,73134.7,73140.5,72920.2,72951.4,63925.5775
11846,2026-05-28 06:00:00,72951.4,73166.6,72800.1,73166.6,85182.0785
11847,2026-05-28 07:00:00,73166.6,73473.3,73120.7,73471.1,49535.6791
11848,2026-05-28 08:00:00,73469.7,73473.3,73195.0,73294.0,45499.6214
11849,2026-05-28 09:00:00,73294.0,73535.1,73240.3,73514.1,52025.4927
11850,2026-05-28 10:00:00,73514.1,73576.5,73355.7,73394.4,64460.1228
11851,2026-05-28 11:00:00,73390.1,73494.5,73308.5,73494.5,64534.3017
11852,2026-05-28 12:00:00,73479.1,73497.4,73245.9,73496.5,57363.0572
11853,2026-05-28 13:00:00,73496.5,73499.9,72806.8,72988.6,87923.864
11854,2026-05-28 14:00:00,72988.5,73345.3,72616.5,73008.0,92596.7406
11855,2026-05-28 15:00:00,73008.0,73022.7,72780.7,72894.6,62449.8407
11856,2026-05-28 16:00:00,72894.8,73388.3,72780.7,73388.3,80291.773
11857,2026-05-28 17:00:00,73388.3,73578.0,73304.3,73518.3,74634.4944
11858,2026-05-28 18:00:00,73518.3,73850.0,73488.7,73626.5,60248.3955
11859,2026-05-28 19:00:00,73626.4,73626.5,73395.0,73432.9,58528.5344
11860,2026-05-28 20:00:00,73432.9,73687.3,73296.7,73557.9,75940.3771
11861,2026-05-28 21:00:00,73557.9,73850.0,73553.1,73805.0,46815.0319
11862,2026-05-28 22:00:00,73805.0,73916.9,73477.7,73477.7,54584.8098
11863,2026-05-28 23:00:00,73477.7,73680.0,73477.7,73577.7,33731.9779
11864,2026-05-29 00:00:00,73577.7,73828.8,73570.0,73691.7,76430.8394
11865,2026-05-29 01:00:00,73691.7,73834.8,73447.3,73575.2,75020.0744
11866,2026-05-29 02:00:00,73575.2,73596.0,73283.0,73283.0,60976.372
11867,2026-05-29 03:00:00,73283.0,73451.4,73228.4,73265.5,46504.5461
11868,2026-05-29 04:00:00,73265.5,73458.5,73190.7,73458.5,73549.5044
11869,2026-05-29 05:00:00,73458.5,73625.4,73451.4,73619.2,63219.6669
11870,2026-05-29 06:00:00,73625.4,73758.0,73619.2,73752.4,48612.8147
11871,2026-05-29 07:00:00,73754.7,73789.4,73370.6,73455.5,54754.4341
11872,2026-05-29 08:00:00,73455.5,73777.0,73448.4,73670.2,61205.5964
11873,2026-05-29 09:00:00,73670.2,73845.5,73670.2,73707.8,56671.7823
11874,2026-05-29 10:00:00,73707.8,73718.2,73557.9,73646.8,51360.5623
11875,2026-05-29 11:00:00,73646.8,73655.1,73328.3,73440.0,55198.589
11876,2026-05-29 12:00:00,73440.0,73441.2,73210.1,73260.1,63548.0049
11877,2026-05-29 13:00:00,73260.1,73304.4,72898.1,73123.3,84214.9945
11878,2026-05-29 14:00:00,73127.7,73184.8,72603.5,73068.0,82398.5535
11879,2026-05-29 15:00:00,73068.0,74167.1,72997.0,73775.3,96182.9041
11880,2026-05-29 16:00:00,73775.3,74167.1,73553.2,74022.0,71273.6099
11881,2026-05-29 17:00:00,74022.0,74270.5,73902.2,73977.9,77147.4153
11882,2026-05-29 18:00:00,73976.8,74017.7,73294.5,73343.1,67332.8881
11883,2026-05-29 19:00:00,73347.2,73739.8,73285.7,73494.2,74478.1469
11884,2026-05-29 20:00:00,73494.2,73724.0,73492.9,73640.9,35146.8214
11885,2026-05-29 21:00:00,73640.9,73789.9,73398.5,73400.9,67435.72
11886,2026-05-29 22:00:00,73400.9,73548.1,73363.3,73416.1,46559.2245
11887,2026-05-29 23:00:00,73416.1,73416.1,73308.9,73404.0,38590.7045
11888,2026-05-30 00:00:00,73403.9,73587.9,73375.4,73503.0,48814.6879
11889,2026-05-30 01:00:00,73503.0,73623.5,73460.7,73623.5,29295.091
11890,2026-05-30 02:00:00,73623.5,73738.9,73575.0,73735.9,35203.2717
11891,2026-05-30 03:00:00,73735.9,73743.3,73492.4,73492.4,38845.6299
11892,2026-05-30 04:00:00,73492.4,73515.5,73225.0,73338.0,63037.6289
11893,2026-05-30 05:00:00,73338.0,73601.9,73330.3,73567.4,37962.8725
11894,2026-05-30 06:00:00,73567.5,73670.8,73498.1,73576.5,50042.2867
11895,2026-05-30 07:00:00,73576.5,73579.0,73498.0,73510.0,10158.0676
11896,2026-05-30 08:00:00,73510.0,73527.7,73490.0,73490.3,22398.9382
11897,2026-05-30 09:00:00,73490.3,73579.6,73473.2,73575.0,13587.1547
11898,2026-05-30 10:00:00,73575.0,73639.0,73559.2,73615.4,7360.7153
11899,2026-05-30 11:00:00,73615.2,73623.0,73543.2,73577.3,22203.5
11900,2026-05-30 12:00:00,73577.3,73643.7,73569.9,73643.7,20524.992
11901,2026-05-30 13:00:00,73643.7,73780.4,73621.2,73757.3,42279.315
11902,2026-05-30 14:00:00,73737.3,74033.7,73737.2,73901.1,53584.4654
11903,2026-05-30 15:00:00,73901.1,74000.0,73833.4,73881.5,43604.3549
11904,2026-05-30 16:00:00,73881.3,73941.4,73847.8,73899.0,29805.408
11905,2026-05-30 17:00:00,73899.0,73944.8,73798.0,73944.8,56801.0745
11906,2026-05-30 18:00:00,73944.8,74067.2,73924.6,74007.6,58854.4551
11907,2026-05-30 19:00:00,74007.6,74035.0,73955.0,74015.4,21090.9892
11908,2026-05-30 20:00:00,74015.4,74035.0,73931.9,73932.8,18197.6492
11909,2026-05-30 21:00:00,73932.8,74016.9,73917.4,73933.2,27281.3494
11910,2026-05-30 22:00:00,73933.2,73933.3,73795.0,73803.1,27742.5928
11911,2026-05-30 23:00:00,73803.1,73948.8,73787.5,73791.7,25034.6218
11912,2026-05-31 00:00:00,73791.7,74010.6,73787.5,74003.8,61024.9432
11913,2026-05-31 01:00:00,74003.8,74238.2,74003.6,74025.6,63695.2419
11914,2026-05-31 02:00:00,74025.6,74190.5,73919.4,74004.8,54039.8051
11915,2026-05-31 03:00:00,74004.8,74192.3,73997.6,74124.1,35644.38
11916,2026-05-31 04:00:00,74123.4,74189.8,74114.7,74172.5,24969.5815
11917,2026-05-31 05:00:00,74156.8,74180.1,74072.8,74072.8,14898.4098
11918,2026-05-31 06:00:00,74072.8,74080.2,73978.9,74058.3,27697.3039
11919,2026-05-31 07:00:00,74058.3,74075.5,73821.0,73833.2,52960.7674
11920,2026-05-31 08:00:00,73833.3,73949.8,73821.0,73921.0,62284.6744
11921,2026-05-31 09:00:00,73921.0,73959.4,73816.9,73817.0,41215.3099
11922,2026-05-31 10:00:00,73817.0,73838.7,73737.2,73838.7,39666.7698
11923,2026-05-31 11:00:00,73838.7,73944.8,73826.8,73943.7,36744.5633
11924,2026-05-31 12:00:00,73944.8,73949.9,73850.1,73892.2,41663.8823
11925,2026-05-31 13:00:00,73892.5,73956.5,73799.6,73809.8,38289.1996
11926,2026-05-31 14:00:00,73809.8,73824.3,73533.6,73577.3,83127.5757
11927,2026-05-31 15:00:00,73574.5,73707.7,73574.4,73613.4,35422.5492
11928,2026-05-31 16:00:00,73620.9,73692.1,73393.2,73497.7,62129.8245
11929,2026-05-31 17:00:00,73497.7,73692.4,73441.2,73656.0,55704.2695
11930,2026-05-31 18:00:00,73656.0,73656.1,73549.4,73592.7,36661.3641
11931,2026-05-31 19:00:00,73596.2,73612.0,73430.7,73534.4,43060.8126
11932,2026-05-31 20:00:00,73534.4,73707.7,73525.4,73671.8,28763.8055
11933,2026-05-31 21:00:00,73671.8,73844.3,73630.1,73844.2,41134.3242
11934,2026-05-31 22:00:00,73844.2,73956.5,73657.5,73948.1,50933.2859
11935,2026-05-31 23:00:00,73954.4,74075.5,73507.3,73662.4,73074.127
11936,2026-06-01 00:00:00,73662.4,73971.0,73660.4,73856.2,77225.0948
11937,2026-06-01 01:00:00,73856.2,73879.9,73317.8,73408.7,57078.9909
11938,2026-06-01 02:00:00,73408.7,73820.6,73222.2,73766.1,64232.6395
11939,2026-06-01 03:00:00,73766.1,73935.0,73739.2,73739.2,61968.1396
11940,2026-06-01 04:00:00,73739.2,73796.3,73351.8,73500.3,64996.3355
11941,2026-06-01 05:00:00,73500.3,73532.7,73306.0,73307.0,48058.4683
11942,2026-06-01 06:00:00,73312.7,73318.4,72983.3,73106.5,61041.6918
11943,2026-06-01 07:00:00,73115.9,73171.7,72724.4,72792.4,73154.8402
11944,2026-06-01 08:00:00,72792.4,72837.1,72605.6,72837.1,67121.7417
11945,2026-06-01 09:00:00,72837.1,73050.0,72811.8,72851.3,46517.4273
11946,2026-06-01 10:00:00,72851.6,72887.4,72603.3,72722.5,61091.941
11947,2026-06-01 11:00:00,72719.0,72742.5,72497.3,72497.3,55391.0246
11948,2026-06-01 12:00:00,72497.3,72655.3,72020.9,72185.3,87876.0014
11949,2026-06-01 13:00:00,72185.3,72199.6,71429.1,71696.8,99438.1076
11950,2026-06-01 14:00:00,71699.8,71923.5,71451.3,71459.5,76923.5966
11951,2026-06-01 15:00:00,71459.5,71621.4,71073.8,71133.3,81229.7899
11952,2026-06-01 16:00:00,71099.4,71424.9,70812.6,71424.9,85852.5321
11953,2026-06-01 17:00:00,71424.9,71714.8,71414.0,71629.3,75251.975
11954,2026-06-01 18:00:00,71629.3,71645.3,71377.2,71470.1,67037.7406
11955,2026-06-01 19:00:00,71470.1,71609.9,71370.1,71537.6,46941.5114
11956,2026-06-01 20:00:00,71537.6,71657.5,71413.3,71419.7,52931.7645
11957,2026-06-01 21:00:00,71419.8,71420.9,70966.6,71007.9,82142.4077
11958,2026-06-01 22:00:00,71001.6,71406.9,70812.6,71398.5,77487.5616
11959,2026-06-01 23:00:00,71398.5,71510.8,71230.6,71375.8,76932.5044
11960,2026-06-02 00:00:00,71375.8,71375.8,71099.5,71259.5,74385.41
11961,2026-06-02 01:00:00,71259.5,71344.3,70809.8,70809.8,85034.1555
11962,2026-06-02 02:00:00,70809.8,70834.2,70208.6,70751.5,112729.7325
11963,2026-06-02 03:00:00,70751.5,70985.1,70732.5,70924.0,35195.5546
11964,2026-06-02 04:00:00,70924.0,70984.1,70729.6,70776.8,76918.5357
11965,2026-06-02 05:00:00,70776.8,70783.0,70317.9,70317.9,78427.1859
11966,2026-06-02 06:00:00,70317.9,70396.2,70013.6,70086.1,88162.8861
11967,2026-06-02 07:00:00,70086.1,70256.2,69842.2,70087.5,86031.3109
11968,2026-06-02 08:00:00,70087.5,70138.3,69734.3,69776.2,78490.8419
11969,2026-06-02 09:00:00,69835.5,69885.1,69367.0,69391.3,73540.3175
11970,2026-06-02 10:00:00,69391.3,69661.7,69367.0,69626.5,80234.6266
11971,2026-06-02 11:00:00,69626.5,69631.1,69395.2,69463.0,56553.6377
11972,2026-06-02 12:00:00,69463.0,69525.0,69061.1,69061.2,102550.2808
11973,2026-06-02 13:00:00,69061.3,69193.5,68783.1,68795.5,87776.6336
11974,2026-06-02 14:00:00,68783.2,68797.5,67895.9,68069.4,142792.5171
11975,2026-06-02 15:00:00,68117.7,68124.0,67152.0,67249.3,126538.2233
11976,2026-06-02 16:00:00,67326.7,68124.0,67223.9,67422.3,88905.1548
11977,2026-06-02 17:00:00,67422.6,67766.4,67385.1,67461.5,80688.5315
11978,2026-06-02 18:00:00,67419.2,67609.9,67152.4,67296.7,89083.425
11979,2026-06-02 19:00:00,67296.7,67303.2,66720.1,67241.1,107736.542
11980,2026-06-02 20:00:00,67241.0,67565.9,66927.4,67559.2,94269.0149
11981,2026-06-02 21:00:00,67559.2,67839.7,67400.1,67532.2,87439.7408
11982,2026-06-02 22:00:00,67532.2,67552.0,66462.5,66771.6,135207.1557
11983,2026-06-02 23:00:00,66771.6,66938.2,66282.1,66739.2,94043.7564
11984,2026-06-03 00:00:00,66739.2,67164.7,66689.6,66999.0,85752.4822
11985,2026-06-03 01:00:00,66999.1,67000.0,66488.9,66898.3,95815.5028
11986,2026-06-03 02:00:00,66898.3,66899.3,66590.0,66590.0,89035.6456
11987,2026-06-03 03:00:00,66590.1,66609.1,65679.0,65784.0,128488.8284
11988,2026-06-03 04:00:00,65817.6,66491.7,65784.0,66449.9,96191.0343
11989,2026-06-03 05:00:00,66449.9,67353.3,66437.9,67305.3,111121.1052
11990,2026-06-03 06:00:00,67326.0,67439.9,67027.4,67027.4,82101.135
11991,2026-06-03 07:00:00,67027.4,67244.6,66861.5,67178.0,87969.7724
11992,2026-06-03 08:00:00,67178.2,67194.0,66999.0,67002.8,67851.5611
11993,2026-06-03 09:00:00,66999.1,67176.2,66700.0,67106.9,87814.7217
11994,2026-06-03 10:00:00,67105.0,67338.8,67058.4,67230.3,81409.4702
11995,2026-06-03 11:00:00,67230.3,67269.6,67170.7,67170.8,7491.1435
11996,2026-06-03 12:00:00,67174.3,67272.5,67051.9,67187.9,11757.9429
11997,2026-06-03 13:00:00,67187.9,67338.8,66890.9,66895.3,7211.2907
11998,2026-06-03 14:00:00,66895.3,67338.8,66769.1,66870.1,5586.5521
11999,2026-06-03 15:00:00,66870.1,67338.8,66068.7,66068.7,83148.6794
12000,2026-06-03 16:00:00,66065.9,66338.2,65596.3,66027.6,97290.7253
12001,2026-06-03 17:00:00,66027.6,66134.0,65746.6,65905.7,92108.2257
12002,2026-06-03 18:00:00,65905.7,66087.9,65771.9,66015.3,85744.9504
12003,2026-06-03 19:00:00,66015.2,66015.2,65301.5,65413.3,112723.9133
12004,2026-06-03 20:00:00,65412.8,65554.6,64786.0,64967.6,96053.3861
12005,2026-06-03 21:00:00,64967.6,65804.8,64954.7,65726.4,104220.0467
12006,2026-06-03 22:00:00,65726.2,65803.1,64807.7,64866.3,106688.4546
12007,2026-06-03 23:00:00,64866.3,64923.1,59000.0,64110.0,93952.5227
12008,2026-06-04 00:00:00,64117.6,64371.4,62000.0,63201.8,104944.5959
12009,2026-06-04 01:00:00,63201.1,63462.3,62000.0,62150.5,106924.3826
12010,2026-06-04 02:00:00,62150.5,63406.3,60223.0,63226.2,123376.7566
12011,2026-06-04 03:00:00,63226.5,64224.4,63196.7,64222.7,47787.3926
12012,2026-06-04 04:00:00,64224.1,64251.0,63645.0,63665.0,4256.4711
12013,2026-06-04 05:00:00,63665.0,64281.0,63562.0,64250.0,6798.4441
12014,2026-06-04 06:00:00,64138.3,64281.0,63562.0,64086.1,1250.3155
12015,2026-06-04 07:00:00,64016.8,64305.4,63227.9,64305.3,3221.5326
12016,2026-06-04 08:00:00,64305.4,64308.4,63333.0,64282.0,3625.4873
12017,2026-06-04 09:00:00,64007.4,64308.4,63192.4,64308.4,5611.0461
12018,2026-06-04 10:00:00,64260.8,64308.4,63192.4,63204.9,2106.5871
12019,2026-06-04 11:00:00,63360.0,63360.0,63185.3,63320.3,2590.933
12020,2026-06-04 12:00:00,63320.3,64100.0,62840.9,63812.4,3611.7735
12021,2026-06-04 13:00:00,63854.0,64322.0,62940.1,64137.4,2886.0186
12022,2026-06-04 14:00:00,64137.4,64322.0,63772.5,63772.5,1691.6588
12023,2026-06-04 15:00:00,63893.8,64374.7,63200.0,64262.2,5143.5818
12024,2026-06-04 16:00:00,64262.2,64270.0,63200.0,63722.0,1214.9587
12025,2026-06-04 17:00:00,63722.0,64376.9,63200.0,63543.4,2416.5949
12026,2026-06-04 18:00:00,63543.4,64536.8,63161.1,63809.1,3731.6424
12027,2026-06-04 19:00:00,63833.1,64000.0,63602.1,63711.4,670.9247
12028,2026-06-04 20:00:00,63711.4,64574.7,63400.0,63893.8,1566.2669
12029,2026-06-04 21:00:00,63893.8,64574.7,63701.0,63900.0,548.7039
12030,2026-06-04 22:00:00,63949.9,64590.0,63160.0,64005.1,1516.1856
12031,2026-06-04 23:00:00,64061.2,64200.0,63400.0,63651.2,353.4477
12032,2026-06-05 00:00:00,63703.1,63819.2,63160.0,63409.5,899.0783
12033,2026-06-05 01:00:00,63400.3,63819.2,62798.7,63289.0,2764.1394
12034,2026-06-05 02:00:00,63327.2,63399.9,62649.2,62655.1,30032.6204
12035,2026-06-05 03:00:00,62655.1,62793.6,62325.6,62695.7,91251.2258
12036,2026-06-05 04:00:00,62695.7,63947.2,62593.3,63579.5,107027.6745
12037,2026-06-05 05:00:00,63579.5,63579.5,62542.9,62542.9,112543.2065
12038,2026-06-05 06:00:00,62542.9,62610.1,61343.5,61904.2,135006.8563
12039,2026-06-05 07:00:00,61904.2,63088.1,61442.5,63088.1,126258.6517
12040,2026-06-05 08:00:00,63088.1,63189.4,62333.3,62333.3,95043.0662
12041,2026-06-05 09:00:00,62333.3,63015.8,62333.3,62832.5,87647.5059
12042,2026-06-05 10:00:00,62832.6,62893.2,62398.1,62512.6,99473.6409
12043,2026-06-05 11:00:00,62512.6,62554.8,61983.2,61983.2,97922.4069
12044,2026-06-05 12:00:00,61983.2,62319.3,61710.5,61929.5,110238.2893
12045,2026-06-05 13:00:00,61929.5,62242.7,60731.4,60731.4,127809.7818
12046,2026-06-05 14:00:00,60748.1,61014.6,60336.0,60812.8,105988.3291
12047,2026-06-05 15:00:00,60812.8,61018.0,60026.5,60441.6,112826.2874
12048,2026-06-05 16:00:00,60441.6,61742.2,59776.0,61364.6,122036.5101
12049,2026-06-05 17:00:00,61379.6,61441.9,60696.0,60773.0,100834.5782
12050,2026-06-05 18:00:00,60773.0,61000.0,56000.0,59394.3,114554.6078
12051,2026-06-05 19:00:00,59394.7,60305.8,59218.9,60189.7,107838.9466
12052,2026-06-05 20:00:00,60249.1,61742.2,59963.1,61610.4,109745.9229
12053,2026-06-05 21:00:00,61610.4,61849.4,61471.5,61651.2,98993.9851
12054,2026-06-05 22:00:00,61651.2,61770.8,61284.2,61657.7,101360.6272
12055,2026-06-05 23:00:00,61657.7,61705.2,60606.0,60981.6,118156.5002
12056,2026-06-06 00:00:00,60981.6,61456.0,60910.7,61238.8,95823.0552
12057,2026-06-06 01:00:00,61238.8,61349.5,60946.2,61118.2,87306.6429
12058,2026-06-06 02:00:00,61065.3,61300.4,60690.5,60991.0,113179.1301
12059,2026-06-06 03:00:00,60991.0,61456.2,60520.1,60662.7,107121.5883
12060,2026-06-06 04:00:00,60662.5,60812.5,59582.4,60056.1,130448.2504
12061,2026-06-06 05:00:00,60056.7,61013.0,59704.4,60918.9,116783.5087
12062,2026-06-06 06:00:00,60918.9,61196.3,60740.4,60740.4,98161.2479
12063,2026-06-06 07:00:00,60741.2,61115.2,60719.6,60965.9,84703.282
12064,2026-06-06 08:00:00,60966.0,61389.6,60862.6,61281.9,108185.0808
12065,2026-06-06 09:00:00,61288.5,61330.0,60938.2,60949.9,81450.858
12066,2026-06-06 10:00:00,60950.7,60982.8,60229.9,60521.2,111717.1369
12067,2026-06-06 11:00:00,60520.7,60887.3,60519.3,60747.0,86589.8035
12068,2026-06-06 12:00:00,60747.0,61082.2,60660.1,61008.1,99203.2628
12069,2026-06-06 13:00:00,61008.1,61060.0,60708.8,60779.5,88009.6732
12070,2026-06-06 14:00:00,60779.5,60960.0,60758.0,60773.6,93739.5069
12071,2026-06-06 15:00:00,60773.8,60952.3,60429.6,60754.1,102855.9397
12072,2026-06-06 16:00:00,60754.1,60883.7,60529.9,60732.8,98706.1559
12073,2026-06-06 17:00:00,60732.8,60818.1,60541.2,60553.2,80625.1683
12074,2026-06-06 18:00:00,60553.2,60732.2,60429.6,60604.2,82330.1485
12075,2026-06-06 19:00:00,60604.2,60737.1,60521.5,60565.3,89129.279
12076,2026-06-06 20:00:00,60565.3,60714.9,60530.6,60681.3,65168.3666
12077,2026-06-06 21:00:00,60681.3,60911.5,60677.1,60764.5,76350.7333
12078,2026-06-06 22:00:00,60764.5,60788.6,60504.7,60586.5,98997.7731
12079,2026-06-06 23:00:00,60588.6,60858.2,60577.7,60849.8,79217.9285
12080,2026-06-07 00:00:00,60855.9,60920.0,60718.7,60756.8,78870.0365
12081,2026-06-07 01:00:00,60756.8,61606.2,60756.7,61434.3,122925.4039
12082,2026-06-07 02:00:00,61434.3,61502.8,61200.0,61480.0,93069.3474
12083,2026-06-07 03:00:00,61480.0,61625.5,61381.5,61625.0,95374.7183
12084,2026-06-07 04:00:00,61625.0,61853.1,61478.0,61853.1,88037.4843
12085,2026-06-07 05:00:00,61852.3,61888.0,61676.8,61741.6,95279.0743
12086,2026-06-07 06:00:00,61741.6,62183.9,61627.3,62114.2,98998.2146
12087,2026-06-07 07:00:00,62114.2,62323.4,61995.2,62323.4,88146.481
12088,2026-06-07 08:00:00,62323.4,62823.8,62235.0,62806.0,84551.605
12089,2026-06-07 09:00:00,62806.0,62839.2,62391.6,62509.9,78597.0055
12090,2026-06-07 10:00:00,62504.5,62519.9,62295.6,62344.7,81183.758
12091,2026-06-07 11:00:00,62344.7,62716.9,62341.0,62598.9,75066.6157
12092,2026-06-07 12:00:00,62593.0,62605.6,61696.7,61862.9,134151.0325
12093,2026-06-07 13:00:00,61862.9,61916.8,61633.6,61680.1,87738.3148
12094,2026-06-07 14:00:00,61680.0,62532.2,61676.2,61868.5,92212.3572
12095,2026-06-07 15:00:00,61874.5,62120.2,61742.0,62047.3,82149.8525
12096,2026-06-07 16:00:00,62047.3,62242.1,61941.9,62065.1,85450.8273
12097,2026-06-07 17:00:00,62054.2,62284.5,62023.6,62135.0,81436.0677
12098,2026-06-07 18:00:00,62135.0,62263.2,62049.5,62049.5,73760.8876
12099,2026-06-07 19:00:00,62049.5,62096.3,61199.9,61303.8,148805.0452
12100,2026-06-07 20:00:00,61297.5,61924.0,61216.2,61843.1,89397.036
12101,2026-06-07 21:00:00,61836.1,61964.3,61631.1,61716.0,91789.898
12102,2026-06-07 22:00:00,61716.0,63193.9,61713.1,62883.9,131271.0787
12103,2026-06-07 23:00:00,62883.9,63274.8,62800.0,63216.6,91472.8262
12104,2026-06-08 00:00:00,63216.6,64000.0,63143.1,63593.6,92822.8062
12105,2026-06-08 01:00:00,63593.6,63593.6,62796.9,63180.1,114946.7292
12106,2026-06-08 02:00:00,63180.1,63180.1,62920.9,63094.7,87757.984
12107,2026-06-08 03:00:00,63094.7,63470.4,62971.1,63101.6,88528.9947
12108,2026-06-08 04:00:00,63108.5,63130.4,62641.5,62767.1,112327.04
12109,2026-06-08 05:00:00,62767.1,62852.7,62430.0,62697.6,97429.5426
12110,2026-06-08 06:00:00,62697.6,63044.1,62676.4,62954.8,72249.9924
12111,2026-06-08 07:00:00,62954.9,63328.0,62836.5,63257.0,92148.4211
12112,2026-06-08 08:00:00,63259.9,63259.9,62971.3,63127.7,90204.0264
12113,2026-06-08 09:00:00,63123.9,63481.1,63115.8,63465.0,95966.0595
12114,2026-06-08 10:00:00,63465.0,63483.2,63079.2,63131.5,68931.571
12115,2026-06-08 11:00:00,63131.4,63741.9,63061.9,63430.8,107883.2888
12116,2026-06-08 12:00:00,63423.4,63691.7,62802.8,63691.7,132480.5856
12117,2026-06-08 13:00:00,63691.7,64300.0,63372.8,63758.5,101360.9954
12118,2026-06-08 14:00:00,63758.5,63950.0,63584.8,63949.8,84377.2927
12119,2026-06-08 15:00:00,63949.8,64590.0,63777.7,63958.5,92602.7889
12120,2026-06-08 16:00:00,63777.7,63958.5,63512.6,63515.6,92457.4306
12121,2026-06-08 17:00:00,63512.6,63575.9,63324.7,63492.8,96891.4594
12122,2026-06-08 18:00:00,63492.8,63614.9,63360.2,63442.6,79306.2906
12123,2026-06-08 19:00:00,63442.6,63528.9,63356.0,63367.9,89310.4374
12124,2026-06-08 20:00:00,63367.9,63432.1,63170.0,63426.4,84296.1065
12125,2026-06-08 21:00:00,63426.4,63782.0,63426.4,63713.2,66204.6832
12126,2026-06-08 22:00:00,63713.2,63736.8,63244.9,63363.9,93246.1361
12127,2026-06-08 23:00:00,63363.9,63521.6,62994.1,63046.0,96373.2678
12128,2026-06-09 00:00:00,63046.0,63159.6,62424.8,62504.1,117899.9792
12129,2026-06-09 01:00:00,62504.1,62821.0,62499.5,62758.9,75823.3695
12130,2026-06-09 02:00:00,62758.9,62805.2,62589.9,62798.1,105571.7013
12131,2026-06-09 03:00:00,62798.1,62939.9,62619.2,62802.5,81714.6304
12132,2026-06-09 04:00:00,62801.0,63483.1,62731.3,63246.1,89631.3676
12133,2026-06-09 05:00:00,63245.0,63395.8,63120.5,63318.5,68340.969
12134,2026-06-09 06:00:00,63319.1,63402.0,63252.2,63260.4,83809.6181
12135,2026-06-09 07:00:00,63260.4,63389.4,63057.0,63170.8,98347.7808
12136,2026-06-09 08:00:00,63170.8,63171.4,62808.8,62816.9,93160.0362
12137,2026-06-09 09:00:00,62808.8,62961.5,62593.7,62682.5,87588.8673
12138,2026-06-09 10:00:00,62682.5,62760.5,62600.8,62760.0,75749.8661
12139,2026-06-09 11:00:00,62760.5,62762.5,62496.0,62700.1,81361.9389
12140,2026-06-09 12:00:00,62699.9,62811.6,62523.4,62542.2,74811.9243
12141,2026-06-09 13:00:00,62557.2,62632.1,62151.0,62308.0,104651.649
12142,2026-06-09 14:00:00,62308.0,62348.0,61186.9,61463.9,118722.8395
12143,2026-06-09 15:00:00,61432.5,61666.2,61142.3,61147.8,91358.695
12144,2026-06-09 16:00:00,61204.9,61367.5,60946.2,61344.5,101024.1324
12145,2026-06-09 17:00:00,61367.4,61824.7,61344.4,61697.4,96622.2559
12146,2026-06-09 18:00:00,61697.2,61831.5,61661.5,61756.9,74252.7707
12147,2026-06-09 19:00:00,61756.8,62189.8,61749.0,62043.6,82795.8032
12148,2026-06-09 20:00:00,62043.6,62123.6,61998.6,62123.6,66250.2295
12149,2026-06-09 21:00:00,62123.6,62132.2,61737.7,61781.1,111790.3868
12150,2026-06-09 22:00:00,61781.1,61849.8,61660.0,61673.5,92974.1386
12151,2026-06-09 23:00:00,61673.5,61809.6,61591.8,61679.5,80657.6937
12152,2026-06-10 00:00:00,61683.0,61827.9,61477.1,61827.9,101380.7675
12153,2026-06-10 01:00:00,61827.9,61854.7,61607.5,61714.6,69814.9379
12154,2026-06-10 02:00:00,61714.6,61745.9,61250.8,61301.0,109408.2904
12155,2026-06-10 03:00:00,61301.0,61536.8,61265.7,61516.4,63185.1134
12156,2026-06-10 04:00:00,61516.4,61521.5,61203.6,61275.4,97658.7941
12157,2026-06-10 05:00:00,61270.0,61304.9,61087.1,61279.1,86053.0856
12158,2026-06-10 06:00:00,61235.9,61439.9,61218.0,61438.7,80352.906
12159,2026-06-10 07:00:00,61436.5,61726.6,61434.3,61659.5,86449.5288
12160,2026-06-10 08:00:00,61659.5,61667.6,61207.9,61227.9,95835.1955
12161,2026-06-10 09:00:00,61258.0,61354.8,60913.9,61315.2,118073.9505
12162,2026-06-10 10:00:00,61340.0,61354.0,61160.0,61353.7,86450.4518
12163,2026-06-10 11:00:00,61353.7,61362.8,60913.9,61004.1,95792.0682
12164,2026-06-10 12:00:00,61004.1,61737.0,60939.5,61617.9,98261.4837
12165,2026-06-10 13:00:00,61618.0,62348.0,61424.9,62108.1,124033.023
12166,2026-06-10 14:00:00,62108.1,62212.5,61815.1,61985.0,96220.4076
12167,2026-06-10 15:00:00,61923.7,62670.7,61827.3,62625.0,115074.4554
12168,2026-06-10 16:00:00,62670.6,62687.3,61928.1,62190.2,84972.2529
12169,2026-06-10 17:00:00,62190.2,62256.0,61722.5,61975.7,103125.5901
12170,2026-06-10 18:00:00,61975.7,62047.2,61650.6,61836.6,97085.2885
12171,2026-06-10 19:00:00,61836.6,61964.8,61660.8,61962.8,89023.3495
12172,2026-06-10 20:00:00,61964.4,61964.8,61731.5,61774.4,86263.0194
12173,2026-06-10 21:00:00,61774.5,61774.8,61201.4,61431.7,103609.8538
12174,2026-06-10 22:00:00,61358.4,61654.0,61154.3,61405.2,83094.3866
12175,2026-06-10 23:00:00,61405.2,61634.8,61192.0,61526.0,89802.4651
12176,2026-06-11 00:00:00,61533.4,61888.0,61502.7,61827.7,104875.8542
12177,2026-06-11 01:00:00,61803.6,62286.2,61803.6,62192.1,92501.2206
12178,2026-06-11 02:00:00,62192.2,62230.0,61968.1,62113.9,85761.4758
12179,2026-06-11 03:00:00,62114.0,62692.5,61983.7,62660.2,116528.8654
12180,2026-06-11 04:00:00,62666.6,62714.5,62479.6,62692.8,69706.3782
12181,2026-06-11 05:00:00,62692.8,62697.5,62558.4,62595.4,83467.5588
12182,2026-06-11 06:00:00,62595.4,62941.9,62548.4,62734.1,92622.9032
12183,2026-06-11 07:00:00,62734.0,62804.3,62608.1,62702.9,79647.9222
12184,2026-06-11 08:00:00,62693.3,62943.4,62691.7,62910.0,75582.1142
12185,2026-06-11 09:00:00,62910.0,62948.3,62765.7,62894.1,78718.2502
12186,2026-06-11 10:00:00,62893.2,63171.4,62792.4,63170.4,74149.4379
12187,2026-06-11 11:00:00,63170.4,63220.2,62999.9,63082.4,76890.6546
12188,2026-06-11 12:00:00,63082.5,63161.1,62602.9,62978.3,123191.2805
12189,2026-06-11 13:00:00,62972.7,63104.7,62687.6,63034.8,86685.9211
12190,2026-06-11 14:00:00,63002.1,63034.9,62734.3,62734.3,99699.0646
12191,2026-06-11 15:00:00,62734.4,62917.3,62602.3,62674.3,94647.3653
12192,2026-06-11 16:00:00,62670.3,62802.8,62591.0,62591.3,72483.5888
12193,2026-06-11 17:00:00,62591.0,63560.6,62343.5,63392.4,147630.9458
12194,2026-06-11 18:00:00,63392.4,63666.5,63210.1,63440.0,93154.8264
12195,2026-06-11 19:00:00,63440.0,63795.5,63416.7,63586.3,85707.5816
12196,2026-06-11 20:00:00,63586.3,63629.4,63243.3,63366.9,80378.7145
12197,2026-06-11 21:00:00,63366.9,63540.4,63366.8,63452.4,80742.0012
12198,2026-06-11 22:00:00,63452.4,63615.0,63426.9,63486.9,68397.6686
12199,2026-06-11 23:00:00,63486.9,63615.0,63333.1,63578.9,88200.8256
12200,2026-06-12 00:00:00,63578.9,63687.1,63520.0,63606.1,85802.6242
12201,2026-06-12 01:00:00,63605.1,63615.6,63293.2,63397.8,61462.5102
12202,2026-06-12 02:00:00,63397.8,63663.9,63386.7,63566.7,78174.8526
12203,2026-06-12 03:00:00,63566.6,63604.9,63362.2,63490.1,70485.7709
12204,2026-06-12 04:00:00,63490.1,63783.7,63424.3,63670.4,84285.101
12205,2026-06-12 05:00:00,63667.2,63680.1,63288.1,63329.2,82385.3957
12206,2026-06-12 06:00:00,63329.3,63374.9,62831.2,62974.8,81317.3808
12207,2026-06-12 07:00:00,62974.8,63137.6,62958.2,63062.3,75924.3053
12208,2026-06-12 08:00:00,63062.1,63542.6,63062.1,63449.6,73742.2691
12209,2026-06-12 09:00:00,63449.7,63883.3,63410.3,63729.9,87189.4174
12210,2026-06-12 10:00:00,63730.0,63807.6,63568.2,63681.8,58072.3014
12211,2026-06-12 11:00:00,63700.1,63815.7,63662.2,63729.5,85973.6371
12212,2026-06-12 12:00:00,63729.5,63729.8,63388.8,63439.9,72473.2376
12213,2026-06-12 13:00:00,63434.6,63498.8,63078.3,63203.8,96566.6307
12214,2026-06-12 14:00:00,63203.8,63820.0,63190.4,63820.0,120695.4291
12215,2026-06-12 15:00:00,63817.0,64288.0,63553.5,63587.4,96285.4874
12216,2026-06-12 16:00:00,63587.4,63944.6,63543.2,63941.1,88138.8805
12217,2026-06-12 17:00:00,63941.1,64019.0,63753.1,63821.9,71601.5223
12218,2026-06-12 18:00:00,63829.0,63874.4,63661.6,63695.8,100681.1335
12219,2026-06-12 19:00:00,63695.8,63741.2,63571.3,63571.4,74850.418
12220,2026-06-12 20:00:00,63571.4,63660.7,63397.9,63416.3,64697.5214
12221,2026-06-12 21:00:00,63398.1,63599.9,63398.0,63482.9,60305.0223
12222,2026-06-12 22:00:00,63440.5,63620.4,63440.4,63501.7,55002.7901
12223,2026-06-12 23:00:00,63501.7,63548.5,63419.7,63548.4,63014.1169
12224,2026-06-13 00:00:00,63547.0,63603.2,63499.9,63603.1,62570.6641
12225,2026-06-13 01:00:00,63601.3,63776.6,63590.0,63776.6,40316.8465
12226,2026-06-13 02:00:00,63769.8,63795.1,63553.1,63612.0,46167.8788
12227,2026-06-13 03:00:00,63612.1,63698.0,63458.7,63518.9,50313.5611
12228,2026-06-13 04:00:00,63519.0,63616.9,63458.6,63476.1,64590.0373
12229,2026-06-13 05:00:00,63476.1,63561.9,63474.2,63524.2,24072.3232
12230,2026-06-13 06:00:00,63518.0,63708.3,63518.0,63708.3,44184.0238
12231,2026-06-13 07:00:00,63700.2,63823.1,63646.2,63823.1,61867.2436
12232,2026-06-13 08:00:00,63804.6,63873.7,63739.2,63807.2,78301.0417
12233,2026-06-13 09:00:00,63807.2,63825.8,63720.2,63720.2,30675.9493
12234,2026-06-13 10:00:00,63720.2,63880.3,63708.5,63880.3,51700.2487
12235,2026-06-13 11:00:00,63801.5,63933.0,63786.7,63916.1,32788.3357
12236,2026-06-13 12:00:00,63889.3,64176.5,63889.2,64120.0,44174.7886
12237,2026-06-13 13:00:00,64120.0,64182.7,64038.0,64040.0,58480.5318
12238,2026-06-13 14:00:00,64039.9,64182.7,64039.9,64182.7,35214.6336
12239,2026-06-13 15:00:00,64138.3,64308.9,64134.3,64279.9,79058.8239
12240,2026-06-13 16:00:00,64276.8,64280.0,63898.7,63987.9,103500.5802
12241,2026-06-13 17:00:00,63989.9,64046.4,63927.1,63947.7,63454.263
12242,2026-06-13 18:00:00,63947.7,64280.0,63939.6,64122.7,68766.7843
12243,2026-06-13 19:00:00,64122.7,64289.1,64108.8,64274.0,44221.3587
12244,2026-06-13 20:00:00,64274.0,64289.1,64201.0,64208.0,17841.6453
12245,2026-06-13 21:00:00,64208.0,64586.0,64200.7,64443.9,79859.7084
12246,2026-06-13 22:00:00,64442.7,64490.0,64364.9,64437.3,44887.8797
12247,2026-06-13 23:00:00,64437.3,64549.8,64373.0,64414.5,41362.0176
12248,2026-06-14 00:00:00,64401.6,64545.3,64367.9,64525.1,52651.2296
12249,2026-06-14 01:00:00,64526.7,64624.6,64466.7,64548.4,66870.7308
12250,2026-06-14 02:00:00,64548.5,64562.0,64443.8,64462.8,29992.4426
12251,2026-06-14 03:00:00,64462.8,64514.9,64431.8,64514.8,26239.163
12252,2026-06-14 04:00:00,64514.8,64518.2,64336.2,64336.2,41071.8903
12253,2026-06-14 05:00:00,64336.2,64353.0,64265.8,64348.1,38200.7684
12254,2026-06-14 06:00:00,64348.1,64426.3,64223.8,64257.9,45887.6065
12255,2026-06-14 07:00:00,64253.8,64411.7,64200.5,64408.5,61165.683
12256,2026-06-14 08:00:00,64411.6,64478.4,64408.3,64423.1,33651.1881
12257,2026-06-14 09:00:00,64425.0,64556.0,64294.3,64556.0,71411.406
12258,2026-06-14 10:00:00,64556.0,64627.4,64467.6,64501.0,69370.8256
12259,2026-06-14 11:00:00,64501.0,64592.8,64467.6,64526.7,37173.3595
12260,2026-06-14 12:00:00,64519.7,64529.3,64291.6,64296.7,56758.3627
12261,2026-06-14 13:00:00,64296.5,64366.1,64260.6,64293.1,73273.3435
12262,2026-06-14 14:00:00,64293.1,64304.0,63872.6,63937.1,76158.3223
12263,2026-06-14 15:00:00,63933.0,64080.0,63931.9,64009.1,56621.4139
12264,2026-06-14 16:00:00,64009.1,64162.4,63983.2,63983.3,66052.3059
12265,2026-06-14 17:00:00,63983.3,63987.0,63678.6,63723.0,81091.7694
12266,2026-06-14 18:00:00,63723.0,63773.7,63671.0,63773.7,35088.8796
12267,2026-06-14 19:00:00,63753.7,63825.3,63702.0,63743.2,52549.3836
12268,2026-06-14 20:00:00,63743.2,64044.8,63719.5,63978.4,85732.3151
12269,2026-06-14 21:00:00,63978.4,65614.1,63978.1,65400.0,111807.8305
12270,2026-06-14 22:00:00,65465.1,65615.2,64982.4,65394.0,27489.0795
12271,2026-06-14 23:00:00,65389.2,65627.4,65238.7,65626.9,10540.9128
12272,2026-06-15 00:00:00,65626.9,65710.8,65504.1,65506.2,6464.6872
12273,2026-06-15 01:00:00,65504.1,65901.5,64845.4,64970.0,9135.789
12274,2026-06-15 02:00:00,64970.0,65900.0,64970.0,65449.7,456.736
12275,2026-06-15 03:00:00,65756.4,65900.0,64970.0,65400.0,504.1596
12276,2026-06-15 04:00:00,65600.0,65900.0,64844.3,65400.0,2532.7735
12277,2026-06-15 05:00:00,65380.0,65900.0,64844.3,64844.8,498.7338
12278,2026-06-15 06:00:00,65000.0,65905.3,64844.3,65783.5,3303.7449
12279,2026-06-15 07:00:00,65905.3,65986.5,65639.5,65642.4,27827.3155
12280,2026-06-15 08:00:00,65645.4,66014.6,65588.0,65655.6,38576.1096
12281,2026-06-15 09:00:00,65655.6,66014.7,65503.1,65554.9,50762.0215
12282,2026-06-15 10:00:00,65554.9,66014.7,65546.0,65884.7,21056.6322
12283,2026-06-15 11:00:00,65890.7,66262.0,65844.2,66167.6,73611.6265
12284,2026-06-15 12:00:00,66167.7,66550.0,66091.7,66528.4,93299.4899
12285,2026-06-15 13:00:00,66528.4,67338.8,66410.2,66410.8,93710.8006
12286,2026-06-15 14:00:00,66415.0,66627.6,66323.5,66558.1,83356.8603
12287,2026-06-15 15:00:00,66558.1,67218.3,66558.1,67218.3,86823.4633
12288,2026-06-15 16:00:00,67218.3,67233.5,67080.0,67130.2,78220.0054
12289,2026-06-15 17:00:00,67130.2,67146.8,66696.1,66824.9,87975.4368
12290,2026-06-15 18:00:00,66824.8,66853.0,66759.0,66800.0,75467.327
12291,2026-06-15 19:00:00,66759.0,66835.5,66432.2,66573.5,92461.7726
12292,2026-06-15 20:00:00,66568.2,66620.4,66487.7,66490.1,72234.5957
12293,2026-06-15 21:00:00,66489.6,66524.7,66336.8,66340.6,71753.9808
12294,2026-06-15 22:00:00,66337.0,66435.9,66144.4,66188.7,79911.1117
12295,2026-06-15 23:00:00,66188.8,66326.6,66127.0,66291.8,72840.5071
12296,2026-06-16 00:00:00,66291.8,66361.4,66210.0,66216.8,70327.6398
12297,2026-06-16 01:00:00,66216.7,66361.4,66214.4,66325.7,19522.495
12298,2026-06-16 02:00:00,66325.7,66333.0,65700.2,65715.6,107496.2169
12299,2026-06-16 03:00:00,65715.7,66235.2,65684.2,66119.9,78662.3609
12300,2026-06-16 04:00:00,66116.0,66327.0,65785.6,65838.3,64477.2055
12301,2026-06-16 05:00:00,65838.3,66080.6,65785.6,66046.4,61195.0259
12302,2026-06-16 06:00:00,66046.4,66496.9,66046.0,66410.0,84183.2636
12303,2026-06-16 07:00:00,66410.0,66476.1,66276.1,66341.8,63381.3866
12304,2026-06-16 08:00:00,66350.0,66920.3,66315.7,66884.6,90880.6207
12305,2026-06-16 09:00:00,66894.4,66920.3,66484.1,66484.1,71789.523
12306,2026-06-16 10:00:00,66484.1,66638.9,66471.6,66488.5,70268.9573
12307,2026-06-16 11:00:00,66488.5,66586.2,66363.3,66444.0,69248.9472
12308,2026-06-16 12:00:00,66440.7,66666.0,66365.0,66390.9,84707.1875
12309,2026-06-16 13:00:00,66390.6,66410.1,65977.4,66023.7,94939.6047
12310,2026-06-16 14:00:00,66023.7,66232.4,65369.1,65622.5,98550.5161
12311,2026-06-16 15:00:00,65622.5,65901.8,65621.0,65860.0,83018.5381
12312,2026-06-16 16:00:00,65860.0,65901.8,65696.5,65734.0,75891.8398
12313,2026-06-16 17:00:00,65734.0,65954.7,65714.7,65946.2,85556.3097
12314,2026-06-16 18:00:00,65954.7,66113.2,65778.0,65809.9,65980.2746
12315,2026-06-16 19:00:00,65809.9,65814.5,65564.6,65587.4,96471.8292
12316,2026-06-16 20:00:00,65587.4,65832.6,65570.2,65819.6,54254.8677
12317,2026-06-16 21:00:00,65819.6,65900.0,65656.2,65741.3,56893.3172
12318,2026-06-16 22:00:00,65741.2,65844.8,65661.6,65746.9,52641.5422
12319,2026-06-16 23:00:00,65746.9,65790.0,65599.7,65607.1,70700.1394
12320,2026-06-17 00:00:00,65607.1,65808.9,65604.1,65682.7,67956.3422
12321,2026-06-17 01:00:00,65682.7,65854.9,65527.3,65854.9,88181.0002
12322,2026-06-17 02:00:00,65854.9,66037.8,65779.0,65862.4,78273.7908
12323,2026-06-17 03:00:00,65862.4,65862.4,65701.1,65794.7,43661.3389
12324,2026-06-17 04:00:00,65794.7,65961.5,65789.7,65858.0,56118.7045
12325,2026-06-17 05:00:00,65857.2,65922.4,65720.2,65810.8,71207.7859
12326,2026-06-17 06:00:00,65810.8,65854.6,65535.0,65614.4,43038.6876
12327,2026-06-17 07:00:00,65614.4,65663.9,65257.3,65400.0,87824.9989
12328,2026-06-17 08:00:00,65436.5,65516.3,64849.8,64889.9,85591.3609
12329,2026-06-17 09:00:00,64889.9,65012.0,64888.4,64888.4,63995.8396
12330,2026-06-17 10:00:00,64888.4,64947.1,64751.1,64752.0,64554.7112
12331,2026-06-17 11:00:00,64752.0,64818.1,64577.8,64790.0,72591.792
12332,2026-06-17 12:00:00,64790.0,65000.0,64672.9,65000.0,97441.32
12333,2026-06-17 13:00:00,65000.0,65313.7,64910.0,65244.0,41541.4855
12334,2026-06-17 14:00:00,65244.0,65334.2,64955.0,65200.0,2527.9137
12335,2026-06-17 15:00:00,65202.1,65353.9,65017.3,65330.0,5396.0676
12336,2026-06-17 16:00:00,65333.0,65357.2,65325.7,65346.6,2431.8907
12337,2026-06-17 17:00:00,65346.6,65357.2,65324.5,65341.9,806.5545
12338,2026-06-17 18:00:00,65341.9,65360.1,65157.9,65360.1,1075.798
12339,2026-06-17 19:00:00,65321.4,65360.1,64882.5,64987.1,4646.8275
12340,2026-06-17 20:00:00,64997.1,65360.1,64882.5,64885.6,425.5015
12341,2026-06-17 21:00:00,64885.7,65360.1,64881.0,65103.2,1200.1208
12342,2026-06-17 22:00:00,65126.7,65360.1,64877.9,65197.1,666.1363
12343,2026-06-17 23:00:00,65197.1,65379.3,64877.9,65156.8,317.1825
12344,2026-06-18 00:00:00,65127.5,65379.3,64900.0,65327.1,211.3292
12345,2026-06-18 01:00:00,65327.2,65379.5,65156.2,65254.3,298.1239
12346,2026-06-18 02:00:00,65243.8,65379.5,65200.0,65200.0,519.2015
12347,2026-06-18 03:00:00,65298.6,65347.0,65200.0,65322.1,344.8179
12348,2026-06-18 04:00:00,65322.1,65339.0,64861.9,65026.7,862.7054
12349,2026-06-18 05:00:00,65034.6,65339.0,64825.0,65220.4,656.4602
12350,2026-06-18 06:00:00,65094.8,65339.0,64820.8,65045.8,1269.4687
12351,2026-06-18 07:00:00,65018.7,65330.0,64881.7,65113.9,340.0148
12352,2026-06-18 08:00:00,65091.8,65330.0,64920.0,65300.0,424.8137
12353,2026-06-18 09:00:00,65249.0,65399.0,64167.6,64172.7,87327.7195
12354,2026-06-18 10:00:00,64172.1,64181.7,63913.8,64062.1,71541.7049
12355,2026-06-18 11:00:00,64062.1,64104.6,63861.4,63954.8,91271.3131
12356,2026-06-18 12:00:00,63944.2,64348.7,63934.3,64348.7,79876.7147
12357,2026-06-18 13:00:00,64348.2,64396.4,63861.4,63952.4,95931.8288
12358,2026-06-18 14:00:00,63952.4,64003.1,63678.0,63861.3,110071.1751
12359,2026-06-18 15:00:00,63858.7,63909.0,62343.5,62389.0,159831.0688
12360,2026-06-18 16:00:00,62389.0,63104.5,62388.0,62650.1,90949.6844
12361,2026-06-18 17:00:00,62650.0,62716.5,62316.4,62579.1,109647.7876
12362,2026-06-18 18:00:00,62579.0,63104.5,62568.3,62688.4,79407.7302
12363,2026-06-18 19:00:00,62688.6,62971.3,62630.6,62933.1,78866.4659
12364,2026-06-18 20:00:00,62936.6,63333.0,62933.1,63063.8,67274.9537
12365,2026-06-18 21:00:00,63063.8,63088.3,62871.4,62939.3,70390.2724
12366,2026-06-18 22:00:00,62941.5,62954.8,62738.5,62853.0,56868.3495
12367,2026-06-18 23:00:00,62853.0,62921.3,62731.5,62908.8,74031.4035
12368,2026-06-19 00:00:00,62908.8,63033.7,62839.2,62965.4,56779.3611
12369,2026-06-19 01:00:00,62962.8,63055.9,62833.3,62995.9,80250.3419
12370,2026-06-19 02:00:00,62995.9,63079.0,62895.9,62974.3,63902.0339
12371,2026-06-19 03:00:00,62974.3,62989.0,62571.6,62745.1,110633.7557
12372,2026-06-19 04:00:00,62745.1,62845.5,62384.6,62510.9,86414.301
12373,2026-06-19 05:00:00,62539.1,62710.5,62419.3,62709.8,61886.4145
12374,2026-06-19 06:00:00,62707.0,62846.7,62690.3,62846.7,85684.8755
12375,2026-06-19 07:00:00,62846.7,62850.4,62503.5,62596.0,71162.4288
12376,2026-06-19 08:00:00,62596.0,62736.6,62544.0,62552.5,69728.2529
12377,2026-06-19 09:00:00,62549.4,62614.3,62348.6,62348.6,38618.5052
12378,2026-06-19 10:00:00,62348.6,62530.6,62348.6,62506.3,45442.2071
12379,2026-06-19 11:00:00,62506.3,62645.0,62436.7,62591.6,79469.0119
12380,2026-06-19 12:00:00,62591.6,62751.0,62391.4,62750.9,86580.1436
12381,2026-06-19 13:00:00,62751.1,63234.1,62652.3,63178.4,89974.5645
12382,2026-06-19 14:00:00,63178.4,63376.2,63017.6,63180.0,84568.3193
12383,2026-06-19 15:00:00,63187.6,63213.5,63026.7,63177.6,36207.4689
12384,2026-06-19 16:00:00,63177.6,63384.3,63011.6,63015.6,53825.468
12385,2026-06-19 17:00:00,63015.6,63389.7,62822.3,63189.8,33140.0465
12386,2026-06-19 18:00:00,63180.0,63189.8,62982.6,63094.1,9852.5779
12387,2026-06-19 19:00:00,63079.3,63166.5,62822.3,63002.3,13514.3747
12388,2026-06-19 20:00:00,63002.3,63245.8,62821.5,63236.1,12567.4929
12389,2026-06-19 21:00:00,63236.1,63245.9,63029.1,63048.0,741.8303
12390,2026-06-19 22:00:00,63076.8,63391.4,63026.8,63290.0,29674.7293
12391,2026-06-19 23:00:00,63290.0,63340.8,63235.5,63261.2,27712.7321
12392,2026-06-20 00:00:00,63236.0,63261.2,63235.1,63261.2,392.0087
12393,2026-06-20 01:00:00,63235.3,63285.5,63230.0,63230.0,16065.0803
12394,2026-06-20 02:00:00,63230.0,63285.5,62820.6,63056.4,353.7627
12395,2026-06-20 03:00:00,63135.6,63302.2,62820.6,63298.0,16076.3407
12396,2026-06-20 04:00:00,63285.1,63302.2,62820.6,63291.7,319.5356
12397,2026-06-20 05:00:00,63259.2,63648.2,62820.3,63600.0,48567.3801
12398,2026-06-20 06:00:00,63600.0,63670.8,62820.2,63363.6,552.6174
12399,2026-06-20 07:00:00,63363.6,63756.3,62820.2,63685.4,17613.6283
12400,2026-06-20 08:00:00,63624.9,63979.5,62820.1,63390.8,8705.2052
12401,2026-06-20 09:00:00,63300.0,63979.5,63188.0,63717.6,656.8189
12402,2026-06-20 10:00:00,63717.6,64326.5,62900.0,64200.0,6006.4588
12403,2026-06-20 11:00:00,64198.0,64326.5,63800.0,63961.0,796.8776
12404,2026-06-20 12:00:00,63954.7,64326.5,63526.7,63624.1,43472.7463
12405,2026-06-20 13:00:00,63624.1,63624.1,63276.5,63459.7,25591.7232
12406,2026-06-20 14:00:00,63414.9,64296.0,63236.3,63954.7,25358.3524
12407,2026-06-20 15:00:00,63954.7,64337.5,62819.4,64080.0,9393.6174
12408,2026-06-20 16:00:00,64200.0,64337.5,62818.3,63780.0,1703.0259
12409,2026-06-20 17:00:00,63780.0,64279.0,62984.5,63867.2,771.9286
12410,2026-06-20 18:00:00,63887.5,64337.5,63000.0,63858.7,749.3063
12411,2026-06-20 19:00:00,63887.2,64337.5,62818.1,63848.9,637.3775
12412,2026-06-20 20:00:00,63800.1,64337.5,63463.9,63880.7,3968.3769
12413,2026-06-20 21:00:00,63880.7,63980.8,63000.0,63880.0,5303.9811
12414,2026-06-20 22:00:00,63894.4,64317.6,63000.0,64276.4,36624.9135
12415,2026-06-20 23:00:00,64268.9,64280.2,64246.6,64280.2,1994.0008
12416,2026-06-21 00:00:00,64270.3,64337.5,64246.6,64337.5,941.5844
12417,2026-06-21 01:00:00,64304.9,64337.5,64240.5,64240.5,1841.4154
12418,2026-06-21 02:00:00,64240.5,64337.6,64207.1,64237.3,3685.4686
12419,2026-06-21 03:00:00,64235.3,64432.7,64211.3,64407.9,11661.8833
12420,2026-06-21 04:00:00,64407.9,64432.7,64265.0,64313.5,2044.9082
12421,2026-06-21 05:00:00,64265.0,64432.7,64062.0,64276.5,974.2323
12422,2026-06-21 06:00:00,64276.4,64429.0,64061.1,64067.1,693.1761
12423,2026-06-21 07:00:00,64079.2,64209.0,64054.5,64142.1,3017.0981
12424,2026-06-21 08:00:00,64142.0,64186.3,63111.0,63899.0,18575.932
12425,2026-06-21 09:00:00,63843.0,63899.2,63200.0,63200.0,603.5916
12426,2026-06-21 10:00:00,63349.8,63906.0,63200.0,63711.1,1932.3568
12427,2026-06-21 11:00:00,63676.4,63906.0,63354.9,63759.4,968.0672
12428,2026-06-21 12:00:00,63788.9,63906.0,63000.0,63789.9,686.1893
12429,2026-06-21 13:00:00,63789.8,63936.0,62817.9,63600.1,16552.0551
12430,2026-06-21 14:00:00,63802.6,64209.0,63001.0,64123.1,13454.7652
12431,2026-06-21 15:00:00,64199.0,64432.7,64106.2,64222.0,2808.0002
12432,2026-06-21 16:00:00,64222.0,64432.8,63118.5,64117.9,1325.2981
12433,2026-06-21 17:00:00,64117.9,64432.8,63200.0,64114.6,985.7694
12434,2026-06-21 18:00:00,64069.5,64200.0,63155.0,63768.5,773.0148
12435,2026-06-21 19:00:00,63768.7,64200.0,63210.0,63938.2,578.3138
12436,2026-06-21 20:00:00,63938.2,64200.0,63210.0,63810.2,1553.88
12437,2026-06-21 21:00:00,63737.1,63950.0,62815.4,63700.0,31764.2043
12438,2026-06-21 22:00:00,63778.2,64150.0,62815.4,63677.7,438.2762
12439,2026-06-21 23:00:00,63800.0,64185.0,62812.6,63126.6,1135.2416
12440,2026-06-22 00:00:00,63119.7,64432.8,63000.0,63681.3,1074.6932
12441,2026-06-22 01:00:00,63681.4,64442.1,63001.0,64094.5,1184.6584
12442,2026-06-22 02:00:00,64094.6,64441.9,63377.0,64093.6,412.3057
12443,2026-06-22 03:00:00,64115.0,64441.9,63583.9,63939.4,36568.7461
12444,2026-06-22 04:00:00,64020.0,64430.0,63897.0,64184.4,34103.0676
12445,2026-06-22 05:00:00,64184.4,64334.9,63932.9,64334.9,504.385
12446,2026-06-22 06:00:00,64311.8,64398.0,63929.6,63929.6,1694.4787
12447,2026-06-22 07:00:00,63955.2,65518.8,63929.6,64022.9,2277.0292
12448,2026-06-22 08:00:00,64199.0,64400.0,64000.0,64131.2,5548.6467
12449,2026-06-22 09:00:00,64122.3,64400.0,64055.0,64161.1,29688.2931
12450,2026-06-22 10:00:00,64119.2,64400.0,64054.1,64202.0,13253.6203
12451,2026-06-22 11:00:00,64219.3,65372.3,64000.0,64633.5,62295.4571
12452,2026-06-22 12:00:00,64624.3,65400.0,64599.1,65087.3,73153.1209
12453,2026-06-22 13:00:00,65099.3,65518.9,65002.2,65494.9,80579.0385
12454,2026-06-22 14:00:00,65494.9,65523.2,64870.5,64949.0,97945.381
12455,2026-06-22 15:00:00,64949.0,65055.4,64834.0,64834.1,73036.6255
12456,2026-06-22 16:00:00,64834.1,64841.7,64507.6,64723.9,86633.1272
12457,2026-06-22 17:00:00,64723.9,64746.9,64406.6,64609.9,76746.2586
12458,2026-06-22 18:00:00,64609.9,64687.9,64369.7,64369.7,65587.2046
12459,2026-06-22 19:00:00,64369.7,64457.5,64288.1,64457.5,83067.5468
12460,2026-06-22 20:00:00,64455.8,64599.9,64345.4,64409.8,59680.2359
12461,2026-06-22 21:00:00,64409.8,64435.4,64161.3,64272.7,79443.5545
12462,2026-06-22 22:00:00,64269.1,64293.2,63844.2,63965.9,76417.8604
12463,2026-06-22 23:00:00,63965.8,64003.2,63886.5,63990.2,56976.7063
12464,2026-06-23 00:00:00,63990.2,64102.9,63844.0,64102.9,86439.2869
12465,2026-06-23 01:00:00,64102.9,64214.7,63978.7,64096.8,81187.938
12466,2026-06-23 02:00:00,64096.2,64216.4,64031.3,64199.9,43147.1015
12467,2026-06-23 03:00:00,64199.9,64216.4,63943.9,64041.8,73555.7413
12468,2026-06-23 04:00:00,64037.2,64062.0,63639.4,63639.4,81829.0136
12469,2026-06-23 05:00:00,63639.4,63683.3,63335.2,63361.3,81017.7173
12470,2026-06-23 06:00:00,63359.6,63411.1,62589.7,62905.5,92183.9389
12471,2026-06-23 07:00:00,62903.6,63027.6,62888.8,62900.0,76119.7091
12472,2026-06-23 08:00:00,62900.0,62943.6,62056.5,62370.2,111723.3941
12473,2026-06-23 09:00:00,62370.2,62476.2,62340.1,62343.7,68900.9414
12474,2026-06-23 10:00:00,62350.3,62459.7,62237.0,62281.0,82896.6214
12475,2026-06-23 11:00:00,62290.1,62700.0,62281.0,62540.8,80575.3834
12476,2026-06-23 12:00:00,62507.0,62540.8,62214.9,62302.4,82431.7156
12477,2026-06-23 13:00:00,62302.4,62454.0,61994.6,62453.9,98751.0931
12478,2026-06-23 14:00:00,62453.9,62759.7,62430.0,62490.5,102430.1177
12479,2026-06-23 15:00:00,62490.8,62503.3,62200.4,62424.9,97389.8267
12480,2026-06-23 16:00:00,62411.1,62748.1,62405.5,62547.0,84408.6509
12481,2026-06-23 17:00:00,62547.1,62597.9,62340.3,62456.5,97830.2238
12482,2026-06-23 18:00:00,62365.9,62465.7,62175.1,62219.4,70126.4617
12483,2026-06-23 19:00:00,62219.4,62373.8,62210.5,62373.2,76273.0995
12484,2026-06-23 20:00:00,62373.8,62474.3,62369.3,62432.6,53871.231
12485,2026-06-23 21:00:00,62432.6,62593.8,62423.1,62550.2,70380.7965
12486,2026-06-23 22:00:00,62550.2,62717.3,62500.0,62532.1,78197.9876
12487,2026-06-23 23:00:00,62531.9,62716.9,62496.1,62702.7,68540.5121
12488,2026-06-24 00:00:00,62702.7,62958.9,62702.7,62958.8,67909.6006
12489,2026-06-24 01:00:00,62958.8,62977.7,62843.0,62916.5,82957.4586
12490,2026-06-24 02:00:00,62916.5,62970.3,62612.6,62661.9,95204.7701
12491,2026-06-24 03:00:00,62624.0,62786.3,62527.4,62726.1,71026.4568
12492,2026-06-24 04:00:00,62726.1,62733.0,62534.8,62731.7,71655.389
12493,2026-06-24 05:00:00,62731.7,62941.1,62725.7,62840.3,74761.1132
12494,2026-06-24 06:00:00,62850.1,62853.0,62758.6,62758.9,71880.0921
12495,2026-06-24 07:00:00,62758.6,62786.8,62611.8,62621.6,84822.7167
12496,2026-06-24 08:00:00,62615.2,62773.1,62590.1,62739.0,54138.2566
12497,2026-06-24 09:00:00,62739.0,62773.1,62624.0,62680.4,70752.0072
12498,2026-06-24 10:00:00,62680.4,62684.8,62425.3,62425.3,85303.4474
12499,2026-06-24 11:00:00,62425.3,62915.7,62313.2,62879.8,101960.3241
12500,2026-06-24 12:00:00,62879.8,62918.5,62584.6,62584.7,78595.0635
12501,2026-06-24 13:00:00,62584.6,62594.2,61267.8,61308.2,175505.2636
12502,2026-06-24 14:00:00,61308.1,61588.0,60958.0,61059.0,117184.0023
12503,2026-06-24 15:00:00,61059.0,61069.8,60337.8,60338.0,147930.5331
12504,2026-06-24 16:00:00,60338.3,60597.9,59760.8,59800.0,129848.1302
12505,2026-06-24 17:00:00,59800.0,60055.0,59065.8,59491.2,122247.9446
12506,2026-06-24 18:00:00,59463.0,59808.0,59368.8,59554.7,96462.5809
12507,2026-06-24 19:00:00,59554.7,59830.1,59513.0,59830.1,87805.467
12508,2026-06-24 20:00:00,59830.1,61082.0,59809.5,60954.2,105137.4902
12509,2026-06-24 21:00:00,60954.2,61082.0,60659.9,61070.1,96550.258
12510,2026-06-24 22:00:00,61070.1,61099.9,60817.1,60849.5,81522.7642
12511,2026-06-24 23:00:00,60854.8,61054.0,60826.4,61051.1,88509.3345
12512,2026-06-25 00:00:00,61054.0,61113.4,60801.1,60801.1,83717.3489
12513,2026-06-25 01:00:00,60801.1,60933.6,60723.3,60868.1,85348.2029
12514,2026-06-25 02:00:00,60868.1,60912.6,60698.9,60757.2,81008.4874
12515,2026-06-25 03:00:00,60757.1,60833.8,60716.7,60833.8,74545.2457
12516,2026-06-25 04:00:00,60833.7,61335.3,60765.0,61331.7,94571.86
12517,2026-06-25 05:00:00,61335.2,61684.9,61286.7,61560.1,76676.4587
12518,2026-06-25 06:00:00,61560.1,61785.3,61549.8,61700.1,75635.5826
12519,2026-06-25 07:00:00,61700.2,61900.0,61659.0,61876.1,74477.1958
12520,2026-06-25 08:00:00,61876.1,61886.3,61697.2,61697.2,65725.8043
12521,2026-06-25 09:00:00,61697.2,61749.9,61639.2,61711.1,52789.6923
12522,2026-06-25 10:00:00,61711.1,61725.5,61271.4,61271.4,77974.2029
12523,2026-06-25 11:00:00,61271.4,61349.5,61067.3,61290.0,88978.3367
12524,2026-06-25 12:00:00,61290.0,61413.3,61140.1,61215.6,94202.7894
12525,2026-06-25 13:00:00,61234.9,61316.9,59511.2,59513.0,145321.0735
12526,2026-06-25 14:00:00,59869.7,61102.5,58655.9,59489.2,133080.0556
12527,2026-06-25 15:00:00,59500.0,59701.9,58927.9,59663.4,124147.9418
12528,2026-06-25 16:00:00,59700.0,59783.3,59211.3,59288.9,100391.6774
12529,2026-06-25 17:00:00,59288.8,59737.1,59163.5,59577.4,95296.7487
12530,2026-06-25 18:00:00,59577.3,59652.8,59355.0,59508.8,111536.238
12531,2026-06-25 19:00:00,59508.7,59508.8,59176.3,59308.3,88648.2717
12532,2026-06-25 20:00:00,59300.0,59658.3,59294.7,59415.2,105351.4293
12533,2026-06-25 21:00:00,59415.1,60358.9,59414.7,60005.4,97957.5616
12534,2026-06-25 22:00:00,60103.7,60103.7,59730.7,59840.2,84853.3793
12535,2026-06-25 23:00:00,59840.3,60139.0,59776.2,59782.2,98191.9607
12536,2026-06-26 00:00:00,59778.9,59877.3,59631.8,59632.1,95728.7615
12537,2026-06-26 01:00:00,59632.1,59762.9,59250.0,59362.1,92362.8933
12538,2026-06-26 02:00:00,59362.9,59405.0,58383.2,58548.2,137190.2127
12539,2026-06-26 03:00:00,58550.6,59903.2,58360.1,59848.8,116226.7709
12540,2026-06-26 04:00:00,59858.7,60068.4,59771.5,59884.4,80136.3631
12541,2026-06-26 05:00:00,59884.4,59986.8,59818.3,59888.1,103570.7678
12542,2026-06-26 06:00:00,59888.1,60351.9,59730.9,60293.8,94745.1394
12543,2026-06-26 07:00:00,60298.5,61285.2,60265.1,60534.6,86547.4075
12544,2026-06-26 08:00:00,60534.6,60548.0,60134.8,60215.3,99755.8316
12545,2026-06-26 09:00:00,60219.9,60219.9,59604.9,59760.1,110375.0603
12546,2026-06-26 10:00:00,59760.1,59994.6,59330.0,59337.6,118788.4632
12547,2026-06-26 11:00:00,59330.2,59670.6,59300.0,59396.5,79002.3292
12548,2026-06-26 12:00:00,59396.5,59766.3,59212.0,59212.0,120919.3384
12549,2026-06-26 13:00:00,59212.0,59786.4,58786.1,59786.4,118701.5384
12550,2026-06-26 14:00:00,59786.4,60155.7,59488.5,59567.2,107988.4125
12551,2026-06-26 15:00:00,59565.6,60537.7,59546.0,60283.3,129081.424
12552,2026-06-26 16:00:00,60283.3,60502.4,60017.8,60026.9,94565.3713
12553,2026-06-26 17:00:00,60049.5,60221.0,59983.7,60006.2,91589.1454
12554,2026-06-26 18:00:00,60006.2,60100.0,59570.0,59652.1,107670.3622
12555,2026-06-26 19:00:00,59648.9,60001.5,59648.7,59835.0,87154.2224
12556,2026-06-26 20:00:00,59835.0,59859.0,59607.6,59711.4,84045.8962
12557,2026-06-26 21:00:00,59711.4,59989.4,59658.6,59929.2,88135.4763
12558,2026-06-26 22:00:00,59929.2,60004.6,59743.0,60004.6,65755.7126
12559,2026-06-26 23:00:00,60000.0,60050.2,59931.7,60034.0,65975.1967
12560,2026-06-27 00:00:00,60034.0,60129.8,59887.2,60017.3,94066.3514
12561,2026-06-27 01:00:00,60017.3,60017.3,59916.6,59928.8,26363.9834
12562,2026-06-27 02:00:00,59928.8,60322.0,59928.8,60256.6,79539.7073
12563,2026-06-27 03:00:00,60256.6,60381.7,60158.0,60279.4,70113.5078
12564,2026-06-27 04:00:00,60279.4,60446.3,60234.2,60234.2,84595.7303
12565,2026-06-27 05:00:00,60234.2,60280.1,60144.8,60238.0,52255.8158
12566,2026-06-27 06:00:00,60238.0,60394.6,60092.8,60345.2,69081.7504
12567,2026-06-27 07:00:00,60345.3,60493.2,60281.8,60493.2,54728.0319
12568,2026-06-27 08:00:00,60493.2,60495.6,60373.2,60432.6,38084.5645
12569,2026-06-27 09:00:00,60432.6,60479.9,60303.6,60391.3,60619.3263
12570,2026-06-27 10:00:00,60391.3,60461.9,60376.3,60383.5,34542.7952
12571,2026-06-27 11:00:00,60383.5,60388.5,60169.7,60318.4,66403.6588
12572,2026-06-27 12:00:00,60318.4,60390.1,60222.6,60384.9,62445.7409
12573,2026-06-27 13:00:00,60384.9,60556.7,60368.4,60554.6,82515.2018
12574,2026-06-27 14:00:00,60550.0,60627.5,60501.9,60616.0,58498.0935
12575,2026-06-27 15:00:00,60588.9,61285.2,60541.1,60803.3,91174.8546
12576,2026-06-27 16:00:00,60803.3,60805.1,60675.8,60757.5,52258.3783
12577,2026-06-27 17:00:00,60757.5,60763.9,60495.0,60531.6,86176.8769
12578,2026-06-27 18:00:00,60531.6,60589.5,60443.3,60541.0,41728.078
12579,2026-06-27 19:00:00,60538.7,60573.7,60134.3,60149.9,80742.2437
12580,2026-06-27 20:00:00,60149.9,60429.5,60145.5,60225.7,26944.4739
12581,2026-06-27 21:00:00,60242.7,60438.0,60142.8,60166.0,91467.6986
12582,2026-06-27 22:00:00,60166.0,60214.7,60000.1,60204.3,81751.4202
12583,2026-06-27 23:00:00,60204.3,60266.8,59950.0,60000.3,84729.1605
12584,2026-06-28 00:00:00,60000.4,60163.0,59998.5,60108.8,33691.0272
12585,2026-06-28 01:00:00,60120.9,60231.2,60043.2,60196.7,71364.6148
12586,2026-06-28 02:00:00,60196.7,60269.6,60094.8,60138.2,32538.1475
12587,2026-06-28 03:00:00,60138.2,60236.6,60136.8,60178.6,48494.0541
12588,2026-06-28 04:00:00,60178.6,60202.9,60123.3,60124.0,48166.6094
12589,2026-06-28 05:00:00,60124.0,60151.5,59780.2,59928.0,94273.0041
12590,2026-06-28 06:00:00,59928.0,59999.7,59802.6,59970.1,71595.8213
12591,2026-06-28 07:00:00,59970.1,60203.2,59963.1,60188.0,48013.6926
12592,2026-06-28 08:00:00,60188.0,60435.6,60117.6,60372.0,76917.4922
12593,2026-06-28 09:00:00,60372.0,60390.1,60234.6,60236.0,79231.9993
12594,2026-06-28 10:00:00,60236.0,60251.9,60073.8,60138.4,56218.3417
12595,2026-06-28 11:00:00,60138.4,60330.7,60100.5,60298.0,84124.1955
12596,2026-06-28 12:00:00,60311.5,60354.0,60199.0,60275.7,61245.4661
12597,2026-06-28 13:00:00,60279.7,60279.7,59991.5,60046.9,89587.4575
12598,2026-06-28 14:00:00,60044.5,60153.7,60003.7,60059.7,81087.641
12599,2026-06-28 15:00:00,60018.0,60059.9,59804.7,59848.5,87010.4883
12600,2026-06-28 16:00:00,59846.6,59919.4,59586.6,59656.3,104275.0075
12601,2026-06-28 17:00:00,59656.3,59793.0,59407.2,59560.4,100019.2014
12602,2026-06-28 18:00:00,59560.4,59646.9,59487.8,59580.7,63176.1024
12603,2026-06-28 19:00:00,59572.8,59611.5,59290.0,59458.8,102174.1945
12604,2026-06-28 20:00:00,59497.7,59712.3,59458.7,59634.1,51388.7899
12605,2026-06-28 21:00:00,59634.2,59710.3,59344.9,59383.3,58948.1778
12606,2026-06-28 22:00:00,59383.3,59729.0,58980.4,59046.7,126980.7482
12607,2026-06-28 23:00:00,59046.7,59747.3,59007.4,59570.2,94262.4113
12608,2026-06-29 00:00:00,59648.4,59676.7,59067.1,59591.4,127829.4804
12609,2026-06-29 01:00:00,59562.0,59592.8,59244.3,59436.0,91248.4309
12610,2026-06-29 02:00:00,59436.0,59739.6,59020.0,59726.7,112243.5648
12611,2026-06-29 03:00:00,59726.7,60064.4,59694.0,59994.3,97948.1281
12612,2026-06-29 04:00:00,59994.3,60004.9,59730.6,59870.0,94419.6413
12613,2026-06-29 05:00:00,59870.0,59959.0,59482.4,59959.0,104380.8034
12614,2026-06-29 06:00:00,59959.0,60284.8,59941.3,60060.0,91121.8765
12615,2026-06-29 07:00:00,60051.7,60104.8,59921.5,60027.7,87246.3687
12616,2026-06-29 08:00:00,60027.7,60069.6,59798.1,59820.1,90465.1416
12617,2026-06-29 09:00:00,59819.1,60037.8,59806.8,60031.4,92082.7405
12618,2026-06-29 10:00:00,60031.2,60251.7,60031.0,60062.4,57633.9478
12619,2026-06-29 11:00:00,60062.4,60079.6,59812.2,59863.0,83830.5452
12620,2026-06-29 12:00:00,59863.0,60576.9,59778.7,59914.8,152169.5286
12621,2026-06-29 13:00:00,59914.8,60299.0,59390.5,59550.0,142465.1765
12622,2026-06-29 14:00:00,59603.6,59800.0,59083.3,59394.5,121574.9429
12623,2026-06-29 15:00:00,59394.5,59901.6,59101.3,59807.5,114344.5791
12624,2026-06-29 16:00:00,59807.5,59901.6,59589.4,59877.3,82395.2628
12625,2026-06-29 17:00:00,59877.3,60591.1,59877.1,60402.1,105130.6636
12626,2026-06-29 18:00:00,60402.1,60499.0,60208.3,60252.5,69099.9664
12627,2026-06-29 19:00:00,60209.4,60491.2,60184.9,60442.5,80394.5442
12628,2026-06-29 20:00:00,60442.5,60495.0,60442.2,60494.9,8425.6909
12629,2026-06-29 21:00:00,60453.3,60495.0,60453.3,60455.1,448.0401
12630,2026-06-29 22:00:00,60473.3,60495.0,60443.8,60443.8,3752.2493
12631,2026-06-29 23:00:00,60474.7,60495.0,60298.6,60299.0,13066.6773
12632,2026-06-30 00:00:00,60390.9,60474.9,60170.7,60474.6,16489.882
12633,2026-06-30 01:00:00,60474.6,60495.0,59806.1,59898.3,53653.2912
12634,2026-06-30 02:00:00,59887.5,60015.7,59730.8,59957.8,80088.7259
12635,2026-06-30 03:00:00,59958.0,59996.0,59607.4,59607.4,79628.036
12636,2026-06-30 04:00:00,59607.5,59662.6,59437.3,59473.9,87893.1732
12637,2026-06-30 05:00:00,59470.1,59611.5,59347.3,59611.5,89786.2632
12638,2026-06-30 06:00:00,59611.5,59644.0,59520.0,59550.2,50684.264
12639,2026-06-30 07:00:00,59550.2,59601.5,59450.7,59497.7,83754.5676
12640,2026-06-30 08:00:00,59500.0,59516.2,59191.0,59294.5,90746.0516
12641,2026-06-30 09:00:00,59294.5,59388.2,59266.0,59348.6,71527.4691
12642,2026-06-30 10:00:00,59348.7,59383.5,59273.6,59340.0,67787.9294
12643,2026-06-30 11:00:00,59343.6,59382.9,59182.8,59182.8,77554.1973
12644,2026-06-30 12:00:00,59182.8,59195.0,58406.5,58410.0,116660.1305
12645,2026-06-30 13:00:00,58461.4,58695.2,58240.0,58692.8,116186.2931
12646,2026-06-30 14:00:00,58695.2,59065.1,58449.9,58491.0,118924.0197
12647,2026-06-30 15:00:00,58491.0,58684.9,58216.4,58395.6,109366.2276
12648,2026-06-30 16:00:00,58414.0,58576.9,58270.7,58479.3,101496.5119
12649,2026-06-30 17:00:00,58479.3,58539.0,58300.0,58380.0,84223.9027
12650,2026-06-30 18:00:00,58363.8,58642.5,58363.8,58632.9,99680.7268
12651,2026-06-30 19:00:00,58632.9,58781.3,58580.9,58765.5,86715.9002
12652,2026-06-30 20:00:00,58779.8,58837.8,58641.6,58728.3,74573.4777
12653,2026-06-30 21:00:00,58734.9,58737.8,58567.1,58597.1,63872.5532
12654,2026-06-30 22:00:00,58597.1,58714.5,58499.9,58549.7,90699.6437
12655,2026-06-30 23:00:00,58549.7,58631.5,58537.3,58625.7,30220.9817
12656,2026-07-01 00:00:00,58625.7,58713.6,58353.6,58549.9,100614.8605
12657,2026-07-01 01:00:00,58549.9,58850.1,57895.2,58752.0,147387.7094
12658,2026-07-01 02:00:00,58755.9,59146.4,58656.1,59087.5,88461.9822
12659,2026-07-01 03:00:00,59083.9,59196.8,58849.9,59169.6,103051.2468
12660,2026-07-01 04:00:00,59169.6,59333.1,59040.1,59311.7,67205.6251
12661,2026-07-01 05:00:00,59311.7,59341.7,59106.6,59109.0,77297.5226
12662,2026-07-01 06:00:00,59109.0,59109.3,58540.4,58726.0,118996.0295
12663,2026-07-01 07:00:00,58723.8,58756.6,58600.7,58729.7,84634.0778
12664,2026-07-01 08:00:00,58744.6,58881.2,58563.2,58881.2,103544.8223
12665,2026-07-01 09:00:00,58881.2,59038.3,58849.6,58923.2,77251.2748
12666,2026-07-01 10:00:00,58923.2,58924.1,58626.0,58654.4,89856.9216
12667,2026-07-01 11:00:00,58654.6,58712.7,58562.3,58592.8,71760.3857
12668,2026-07-01 12:00:00,58592.9,58599.8,58322.0,58465.1,114305.4911
12669,2026-07-01 13:00:00,58458.6,59366.1,58456.4,59366.1,126430.5697
12670,2026-07-01 14:00:00,59366.1,59891.9,59282.7,59511.2,149598.3691
12671,2026-07-01 15:00:00,59511.2,60398.2,59506.3,60140.0,102936.616
12672,2026-07-01 16:00:00,60141.2,60160.5,59857.6,59969.5,93411.4177
12673,2026-07-01 17:00:00,59908.8,60205.6,59837.0,60166.5,73708.1252
12674,2026-07-01 18:00:00,60166.5,60234.9,60000.0,60119.7,78351.2361
12675,2026-07-01 19:00:00,60113.9,60269.9,60085.8,60085.8,92522.3258
12676,2026-07-01 20:00:00,60085.8,60146.3,59892.3,60096.2,86149.5235
12677,2026-07-01 21:00:00,60096.3,60800.1,60092.8,60799.0,119213.6989
12678,2026-07-01 22:00:00,60799.0,61196.9,60396.5,60454.8,77101.0932
12679,2026-07-01 23:00:00,60454.8,60460.0,60005.0,60005.0,88675.879
12680,2026-07-02 00:00:00,60005.0,60048.2,59570.9,59734.3,107166.2925
12681,2026-07-02 01:00:00,59734.3,60250.0,59694.7,60133.6,87231.9183
12682,2026-07-02 02:00:00,60133.7,60416.5,60063.0,60404.2,77739.4206
12683,2026-07-02 03:00:00,60404.2,61000.0,60331.3,60994.3,95579.2371
12684,2026-07-02 04:00:00,60994.9,60997.7,60728.5,60766.3,83835.0227
12685,2026-07-02 05:00:00,60765.3,60812.8,60481.4,60481.4,89928.0108
12686,2026-07-02 06:00:00,60481.4,60573.2,60248.8,60263.0,89738.6167
12687,2026-07-02 07:00:00,60248.8,60269.5,60097.3,60128.0,63350.8029
12688,2026-07-02 08:00:00,60128.0,60505.2,60110.8,60481.6,69661.2708
12689,2026-07-02 09:00:00,60481.6,61285.9,60363.0,61192.1,110615.8657
12690,2026-07-02 10:00:00,61200.0,61272.7,61042.8,61235.9,79543.7818
12691,2026-07-02 11:00:00,61236.2,61304.3,61178.0,61262.1,81519.1902
12692,2026-07-02 12:00:00,61260.0,61501.2,61175.4,61501.2,104227.1874
12693,2026-07-02 13:00:00,61501.2,61984.3,61464.9,61860.5,104044.566
12694,2026-07-02 14:00:00,61860.5,62139.5,61417.7,61582.2,106141.3587
12695,2026-07-02 15:00:00,61582.2,61787.9,61469.3,61555.4,86164.7612
12696,2026-07-02 16:00:00,61559.5,61642.8,61173.4,61602.5,111234.5428
12697,2026-07-02 17:00:00,61602.5,61658.2,61601.0,61636.0,13951.4896
12698,2026-07-02 18:00:00,61601.0,61715.2,61600.4,61715.2,5672.9528
12699,2026-07-02 19:00:00,61660.4,62073.9,61599.9,61599.9,5491.8517
12700,2026-07-02 20:00:00,61599.9,61605.9,61468.7,61490.2,7432.6424
12701,2026-07-02 21:00:00,61468.7,61509.5,61468.0,61468.4,332.8514
12702,2026-07-02 22:00:00,61468.0,61468.4,61467.6,61468.2,171.0484
12703,2026-07-02 23:00:00,61467.6,61468.4,61367.7,61370.0,3143.7156
12704,2026-07-03 00:00:00,61435.0,61468.4,61269.7,61320.4,33010.2615
12705,2026-07-03 01:00:00,61320.4,61666.9,61280.1,61588.5,81027.4615
12706,2026-07-03 02:00:00,61588.5,61600.1,61305.0,61371.0,81936.7076
12707,2026-07-03 03:00:00,61393.2,61550.0,61319.9,61407.5,64543.9222
12708,2026-07-03 04:00:00,61407.7,61496.2,61339.7,61420.6,68692.3542
12709,2026-07-03 05:00:00,61421.3,61693.7,61408.8,61693.4,69793.2768
12710,2026-07-03 06:00:00,61693.4,61755.0,61632.4,61704.4,84922.6441
12711,2026-07-03 07:00:00,61704.4,62073.9,61650.1,61785.0,61427.555
12712,2026-07-03 08:00:00,61785.0,61791.6,61611.6,61611.6,94433.4649
12713,2026-07-03 09:00:00,61611.7,61721.7,61562.0,61706.2,67331.7021
12714,2026-07-03 10:00:00,61706.2,61973.7,61646.1,61886.1,82797.331
12715,2026-07-03 11:00:00,61886.1,62010.8,61852.0,61992.8,90161.5333
12716,2026-07-03 12:00:00,61992.7,62131.0,61877.3,61954.4,63324.973
12717,2026-07-03 13:00:00,61954.4,62130.3,61927.7,62096.4,86751.765
12718,2026-07-03 14:00:00,62096.4,62131.9,61704.9,62131.9,103738.8038
12719,2026-07-03 15:00:00,62131.1,62306.8,61827.9,61896.4,101852.1204
12720,2026-07-03 16:00:00,61896.4,62100.0,61896.4,62081.6,56458.7305
12721,2026-07-03 17:00:00,62085.1,62303.4,62081.6,62168.3,59118.6353
12722,2026-07-03 18:00:00,62168.3,62185.3,62124.5,62180.3,29876.3188
12723,2026-07-03 19:00:00,62176.5,62249.8,62162.4,62180.2,54579.9905
12724,2026-07-03 20:00:00,62180.9,62792.0,62160.2,62754.0,107509.0846
12725,2026-07-03 21:00:00,62719.4,62826.7,62516.6,62800.0,91914.9909
12726,2026-07-03 22:00:00,62800.0,62826.7,62530.3,62560.9,54068.4006
12727,2026-07-03 23:00:00,62560.9,62655.2,62526.3,62577.0,67954.3426
12728,2026-07-04 00:00:00,62577.0,62853.5,62575.6,62738.7,81002.5053
12729,2026-07-04 01:00:00,62738.7,62750.9,62438.3,62446.0,62282.7162
12730,2026-07-04 02:00:00,62446.0,62515.8,62431.3,62473.6,58036.9084
12731,2026-07-04 03:00:00,62473.5,62678.6,62469.6,62622.7,64962.6744
12732,2026-07-04 04:00:00,62622.5,62684.4,62606.3,62625.0,40263.4149
12733,2026-07-04 05:00:00,62625.0,62625.0,62477.2,62519.3,77940.5133
12734,2026-07-04 06:00:00,62500.0,62527.8,62392.0,62473.2,54829.0065
12735,2026-07-04 07:00:00,62473.2,62533.0,62460.2,62529.9,26063.7381
12736,2026-07-04 08:00:00,62533.0,62533.0,62500.0,62530.0,305.2355
12737,2026-07-04 09:00:00,62533.0,62533.0,62453.8,62483.4,8795.9441
12738,2026-07-04 10:00:00,62483.4,62505.5,62453.8,62500.0,422.6243
12739,2026-07-04 11:00:00,62500.0,62509.2,62453.2,62459.8,549.4603
12740,2026-07-04 12:00:00,62459.8,62533.0,62453.2,62533.0,2225.7034
12741,2026-07-04 13:00:00,62490.8,62561.3,62453.2,62496.8,4040.481
12742,2026-07-04 14:00:00,62553.8,62592.5,62450.2,62534.6,11815.5004
12743,2026-07-04 15:00:00,62576.1,62859.0,62450.2,62839.9,27010.289
12744,2026-07-04 16:00:00,62840.5,62873.5,62450.1,62740.3,3876.3422
12745,2026-07-04 17:00:00,62798.9,62881.9,62651.0,62800.0,4501.5868
12746,2026-07-04 18:00:00,62792.2,62881.9,62652.0,62869.6,796.1768
12747,2026-07-04 19:00:00,62731.6,62881.9,62600.0,62780.4,1399.9046
12748,2026-07-04 20:00:00,62825.1,62870.0,62678.0,62734.3,553.0395
12749,2026-07-04 21:00:00,62795.9,62869.0,62702.6,62828.0,423.8863
12750,2026-07-04 22:00:00,62814.2,62849.0,62703.0,62711.5,150.3427
12751,2026-07-04 23:00:00,62723.8,62882.1,62703.0,62744.4,507.5713
12752,2026-07-05 00:00:00,62782.5,62882.4,62702.6,62732.8,389.8862
12753,2026-07-05 01:00:00,62732.8,62880.2,62702.6,62703.0,645.753
12754,2026-07-05 02:00:00,62755.9,62870.0,62600.0,62605.0,451.1676
12755,2026-07-05 03:00:00,62600.0,62780.0,62500.0,62773.0,234.6706
12756,2026-07-05 04:00:00,62773.0,62883.2,62500.0,62753.0,2740.7748
12757,2026-07-05 05:00:00,62793.8,62882.0,62643.0,62668.9,529.6703
12758,2026-07-05 06:00:00,62656.0,62924.5,62643.0,62835.0,8655.2671
12759,2026-07-05 07:00:00,62835.0,62929.1,62520.0,62876.9,4737.8729
12760,2026-07-05 08:00:00,62876.9,62936.8,62772.0,62874.8,5062.8257
12761,2026-07-05 09:00:00,62888.3,62935.0,62480.4,62608.1,26630.7678
12762,2026-07-05 10:00:00,62600.9,62936.9,62570.0,62737.5,2427.955
12763,2026-07-05 11:00:00,62809.8,62938.3,62603.4,62646.9,5790.1944
12764,2026-07-05 12:00:00,62646.9,62936.9,62450.0,62716.9,2409.0612
12765,2026-07-05 13:00:00,62718.3,62808.0,62450.0,62777.5,423.012
12766,2026-07-05 14:00:00,62777.5,62808.0,62601.0,62720.0,724.6543
12767,2026-07-05 15:00:00,62720.0,62860.0,62601.0,62713.4,39986.8125
12768,2026-07-05 16:00:00,62728.9,62728.9,62586.5,62617.6,35109.606
12769,2026-07-05 17:00:00,62617.6,62737.8,62588.9,62601.5,61335.8813
12770,2026-07-05 18:00:00,62601.5,62824.2,62591.7,62800.0,45002.9484
12771,2026-07-05 19:00:00,62787.5,62839.6,62706.3,62750.2,60388.1062
12772,2026-07-05 20:00:00,62750.1,62793.1,62688.4,62698.6,25695.0462
12773,2026-07-05 21:00:00,62698.6,63230.6,62591.7,63103.7,107471.2959
12774,2026-07-05 22:00:00,63103.7,63727.3,63000.0,63690.0,105687.3512
12775,2026-07-05 23:00:00,63678.1,63888.9,63579.5,63623.1,78496.7047
12776,2026-07-06 00:00:00,63628.2,63675.6,63407.8,63663.3,81285.2501
12777,2026-07-06 01:00:00,63675.6,63889.2,63553.1,63553.1,92902.0385
12778,2026-07-06 02:00:00,63553.1,63633.5,63390.7,63432.0,80145.6875
12779,2026-07-06 03:00:00,63425.1,63458.0,63140.4,63264.4,84211.3877
12780,2026-07-06 04:00:00,63264.4,63320.1,63192.3,63236.0,70915.3988
12781,2026-07-06 05:00:00,63236.0,63236.0,62950.4,63090.1,71002.7071
12782,2026-07-06 06:00:00,63133.4,63140.3,62953.8,62966.2,65675.1859
12783,2026-07-06 07:00:00,62966.2,63079.4,62892.5,63071.5,81985.1995
12784,2026-07-06 08:00:00,63079.4,63143.1,62888.1,62890.0,65197.5403
12785,2026-07-06 09:00:00,62890.0,62890.2,62619.8,62657.1,56804.7382
12786,2026-07-06 10:00:00,62657.1,62980.1,62649.3,62797.8,78762.1773
12787,2026-07-06 11:00:00,62797.7,62966.7,62642.8,62642.8,95959.4695
12788,2026-07-06 12:00:00,62755.0,62919.9,61670.1,61739.1,172992.8647
12789,2026-07-06 13:00:00,61739.1,61974.7,61339.6,61788.9,117157.1363
12790,2026-07-06 14:00:00,61788.9,62300.0,61776.7,61977.6,85841.059
12791,2026-07-06 15:00:00,61977.6,63322.3,61973.1,63108.5,126899.8292
12792,2026-07-06 16:00:00,63222.0,63729.3,62865.0,63662.9,95324.227
12793,2026-07-06 17:00:00,63669.8,63900.6,63560.0,63587.2,98615.6616
12794,2026-07-06 18:00:00,63587.1,63787.4,63556.2,63672.9,62753.8737
12795,2026-07-06 19:00:00,63674.1,63824.6,63653.0,63734.8,71906.0187
12796,2026-07-06 20:00:00,63734.8,63824.7,63567.9,63798.0,64627.0678
12797,2026-07-06 21:00:00,63798.1,64436.4,63768.0,64436.4,112535.3893
12798,2026-07-06 22:00:00,64418.0,64437.5,64153.8,64221.9,77143.596
12799,2026-07-06 23:00:00,64221.9,64273.4,64010.3,64014.4,74917.8006
12800,2026-07-07 00:00:00,64014.4,64232.6,64003.5,64175.1,79335.3428
12801,2026-07-07 01:00:00,64175.1,64175.1,63841.8,63841.8,100499.9349
12802,2026-07-07 02:00:00,63906.3,63944.7,63276.0,63298.2,92711.9582
12803,2026-07-07 03:00:00,63276.0,63368.0,63140.8,63165.0,66664.0041
12804,2026-07-07 04:00:00,63165.0,63249.6,63040.3,63068.1,59199.4528
12805,2026-07-07 05:00:00,63068.1,63223.9,62846.6,63146.3,83173.695
12806,2026-07-07 06:00:00,63146.3,63323.4,62979.7,63320.3,71576.7818
12807,2026-07-07 07:00:00,63320.3,63357.4,63096.5,63096.5,66932.6917
12808,2026-07-07 08:00:00,63096.5,63136.5,63023.5,63090.5,63059.7846
12809,2026-07-07 09:00:00,63090.5,63277.7,63032.7,63215.1,69387.6364
12810,2026-07-07 10:00:00,63215.1,63410.8,63206.3,63216.7,67459.0718
12811,2026-07-07 11:00:00,63216.7,63374.8,63104.2,63374.8,92833.9356
12812,2026-07-07 12:00:00,63374.8,63721.6,63373.7,63467.9,64091.1799
12813,2026-07-07 13:00:00,63467.9,63468.0,63023.5,63054.1,106454.673
12814,2026-07-07 14:00:00,63054.1,63498.9,62871.5,63236.2,131515.1517
12815,2026-07-07 15:00:00,63236.2,64048.5,63236.2,63901.9,95063.3286
12816,2026-07-07 16:00:00,63901.9,64168.3,63811.1,63997.7,89923.1768
12817,2026-07-07 17:00:00,63997.7,64177.7,63878.8,64156.0,76875.4018
12818,2026-07-07 18:00:00,64156.0,64165.0,63716.6,63733.5,102239.4255
12819,2026-07-07 19:00:00,63716.6,63831.3,63469.5,63769.2,83185.9144
12820,2026-07-07 20:00:00,63769.2,63840.0,63596.9,63668.4,69208.8616
12821,2026-07-07 21:00:00,63668.2,63769.0,63321.5,63391.5,95695.0591
12822,2026-07-07 22:00:00,63391.5,63589.4,63318.9,63546.4,67083.1447
12823,2026-07-07 23:00:00,63552.9,63669.2,63318.7,63321.4,79566.4971
12824,2026-07-08 00:00:00,63318.7,63676.0,63318.7,63586.1,66247.7687
12825,2026-07-08 01:00:00,63586.1,63608.0,62988.4,63039.3,110514.5088
12826,2026-07-08 02:00:00,63039.3,63155.0,62616.8,62922.6,81982.4378
12827,2026-07-08 03:00:00,62922.6,62988.2,62770.6,62770.6,28089.4675
12828,2026-07-08 04:00:00,62770.6,62858.6,62689.7,62758.5,75653.499
12829,2026-07-08 05:00:00,62758.5,62810.1,62560.0,62610.0,69781.7764
12830,2026-07-08 06:00:00,62610.0,62630.3,62479.5,62623.2,75367.6113
12831,2026-07-08 07:00:00,62627.3,62858.9,62533.8,62858.5,69004.4133
12832,2026-07-08 08:00:00,62858.9,62888.2,61894.5,61999.5,127000.6161
12833,2026-07-08 09:00:00,61999.5,62192.8,61731.2,62028.8,83160.1726
12834,2026-07-08 10:00:00,62028.8,62126.5,61881.5,62109.5,69400.0858
12835,2026-07-08 11:00:00,62109.5,62338.5,62049.8,62269.4,80471.8726
12836,2026-07-08 12:00:00,62255.8,62320.1,62043.8,62043.8,82230.0771
12837,2026-07-08 13:00:00,62043.8,62100.0,61688.0,61947.8,112257.6795
12838,2026-07-08 14:00:00,61947.8,62106.0,61727.2,61926.2,102249.9531
12839,2026-07-08 15:00:00,61926.2,61926.2,61542.5,61670.0,95868.7575
12840,2026-07-08 16:00:00,61670.0,62118.1,61647.7,62094.0,78472.7383
12841,2026-07-08 17:00:00,62094.0,62353.4,62020.0,62086.5,74696.4944
12842,2026-07-08 18:00:00,62075.1,62289.0,62065.4,62151.7,78582.8897
12843,2026-07-08 19:00:00,62158.8,62240.1,62066.1,62213.6,69134.7028
12844,2026-07-08 20:00:00,62213.6,62258.6,62110.8,62110.8,74727.8201
12845,2026-07-08 21:00:00,62110.8,62159.7,62013.1,62159.7,80292.3217
12846,2026-07-08 22:00:00,62159.7,62293.3,62150.0,62293.3,65316.0594
12847,2026-07-08 23:00:00,62293.3,62296.6,62172.2,62262.4,57282.2989
12848,2026-07-09 00:00:00,62262.4,62290.7,62055.8,62086.5,94834.6673
12849,2026-07-09 01:00:00,62086.5,62817.5,61858.9,61872.6,122694.5265
12850,2026-07-09 02:00:00,61872.6,62267.0,61750.4,61761.0,83682.2537
12851,2026-07-09 03:00:00,61761.0,61994.1,61730.1,61964.7,77305.4384
12852,2026-07-09 04:00:00,61954.2,62423.9,61952.0,62377.1,73564.1306
12853,2026-07-09 05:00:00,62377.1,62516.4,62214.9,62516.4,91837.5333
12854,2026-07-09 06:00:00,62516.4,62872.3,62480.5,62872.3,81516.6419
12855,2026-07-09 07:00:00,62872.3,63155.0,62790.6,62964.4,91080.4848
12856,2026-07-09 08:00:00,62961.5,63024.8,62867.4,62889.9,84557.536
12857,2026-07-09 09:00:00,62889.9,62952.1,62818.1,62920.9,59729.9601
12858,2026-07-09 10:00:00,62921.1,62989.9,62774.5,62774.5,94148.9433
12859,2026-07-09 11:00:00,62774.5,62817.0,62599.9,62709.2,58695.17
12860,2026-07-09 12:00:00,62709.2,62860.5,62650.0,62726.5,50483.4021
12861,2026-07-09 13:00:00,62726.5,63008.2,62599.9,63006.2,97743.537
12862,2026-07-09 14:00:00,63006.2,63032.9,62657.5,62944.1,91808.52
12863,2026-07-09 15:00:00,62899.9,63131.5,62819.4,62916.2,92456.0305
12864,2026-07-09 16:00:00,62916.2,62931.6,62654.4,62672.4,67315.2579
12865,2026-07-09 17:00:00,62672.4,63113.9,62672.4,63113.6,99492.6308
12866,2026-07-09 18:00:00,63113.6,63401.0,63075.5,63204.0,94746.092
12867,2026-07-09 19:00:00,63204.0,63321.4,63131.5,63215.5,65119.4777
12868,2026-07-09 20:00:00,63217.4,63294.6,63179.7,63235.4,38609.3964
12869,2026-07-09 21:00:00,63235.4,63333.0,63217.6,63235.3,37590.7913
12870,2026-07-09 22:00:00,63235.3,63340.0,63216.0,63223.2,74821.2614
12871,2026-07-09 23:00:00,63223.2,63287.9,63131.5,63251.7,57464.1513
12872,2026-07-10 00:00:00,63251.7,63260.3,62938.0,63048.0,88391.8749
12873,2026-07-10 01:00:00,63048.0,63854.5,62952.2,63726.7,113989.5853
12874,2026-07-10 02:00:00,63717.7,63958.6,63693.6,63939.9,67499.0519
12875,2026-07-10 03:00:00,63939.9,63983.0,63820.1,63890.0,69881.6498
12876,2026-07-10 04:00:00,63890.0,64101.5,63853.1,64054.2,66060.2028
12877,2026-07-10 05:00:00,64054.2,64127.0,63943.6,64079.5,66960.55
12878,2026-07-10 06:00:00,64079.5,64108.8,63828.2,63830.3,68003.2693
12879,2026-07-10 07:00:00,63830.3,63976.8,63821.0,63947.1,32515.3642
12880,2026-07-10 08:00:00,63947.1,64309.3,63939.9,64220.8,107246.1765
12881,2026-07-10 09:00:00,64220.8,64426.5,64129.8,64365.5,67398.582
12882,2026-07-10 10:00:00,64361.7,64428.0,64260.0,64405.6,64892.0724
12883,2026-07-10 11:00:00,64405.6,64428.0,64342.6,64394.1,43947.5058
12884,2026-07-10 12:00:00,64394.1,64461.0,64314.2,64314.2,81163.9772
12885,2026-07-10 13:00:00,64314.2,64481.0,64143.9,64454.1,81782.6611
12886,2026-07-10 14:00:00,64454.1,64481.4,63903.9,63903.9,111204.1469
12887,2026-07-10 15:00:00,63909.0,64333.0,63903.9,64000.0,66705.1666
12888,2026-07-10 16:00:00,63985.0,64124.8,63841.3,64095.4,91521.2982
12889,2026-07-10 17:00:00,64095.4,64124.8,63837.7,63837.7,75952.0378
12890,2026-07-10 18:00:00,63875.8,63915.6,63813.9,63819.3,61604.28
12891,2026-07-10 19:00:00,63813.9,63985.3,63787.0,63929.0,85184.6576
12892,2026-07-10 20:00:00,63905.2,63947.6,63692.4,63820.0,48177.2844
12893,2026-07-10 21:00:00,63820.0,64014.2,63815.2,63994.8,44755.7626
12894,2026-07-10 22:00:00,63994.8,64122.9,63969.6,64100.0,31549.0318
12895,2026-07-10 23:00:00,64100.0,64173.8,64008.9,64109.2,70193.4807
12896,2026-07-11 00:00:00,64109.2,64109.2,64019.1,64064.1,52935.1076
12897,2026-07-11 01:00:00,64064.1,64226.1,63982.6,63982.6,85568.459
12898,2026-07-11 02:00:00,63982.6,64126.0,63969.6,64126.0,46051.9957
12899,2026-07-11 03:00:00,64126.0,64164.7,64085.9,64146.7,54063.4397
12900,2026-07-11 04:00:00,64146.7,64169.1,64089.6,64099.6,47157.8405
12901,2026-07-11 05:00:00,64099.6,64190.0,64088.0,64141.6,47862.6379
12902,2026-07-11 06:00:00,64141.6,64226.1,64130.0,64224.7,14036.4539
12903,2026-07-11 07:00:00,64224.7,64226.1,64130.0,64134.8,26653.1188
12904,2026-07-11 08:00:00,64132.6,64232.1,64130.0,64231.6,22150.8189
12905,2026-07-11 09:00:00,64231.6,64272.5,64135.0,64143.1,46249.1221
12906,2026-07-11 10:00:00,64143.0,64167.5,64130.8,64160.8,6842.8719
12907,2026-07-11 11:00:00,64160.8,64178.6,64147.3,64178.5,9131.2536
12908,2026-07-11 12:00:00,64178.6,64183.0,64118.2,64125.3,29586.5508
12909,2026-07-11 13:00:00,64125.3,64213.7,64117.7,64213.6,23499.6211
12910,2026-07-11 14:00:00,64213.6,64452.2,64204.9,64331.7,75371.1108
12911,2026-07-11 15:00:00,64326.6,64429.6,64084.1,64139.0,91445.7855
12912,2026-07-11 16:00:00,64139.0,64392.7,64083.0,64140.5,65096.4621
12913,2026-07-11 17:00:00,64133.8,64392.7,64133.8,64302.6,45126.4908
12914,2026-07-11 18:00:00,64302.6,64344.8,64266.8,64268.2,24926.4926
12915,2026-07-11 19:00:00,64268.2,64269.1,64206.6,64214.3,22587.7806
12916,2026-07-11 20:00:00,64214.3,64403.8,64206.6,64378.6,37428.3083
12917,2026-07-11 21:00:00,64378.6,64401.6,64318.7,64325.5,41737.1127
12918,2026-07-11 22:00:00,64325.4,64395.2,64169.1,64178.4,60556.5317
12919,2026-07-11 23:00:00,64169.1,64210.2,63817.5,63878.3,94378.1128
12920,2026-07-12 00:00:00,63892.1,63953.2,63701.1,63809.8,82449.2213
12921,2026-07-12 01:00:00,63809.8,64124.3,63796.8,64104.0,55097.4965
12922,2026-07-12 02:00:00,64104.0,64104.0,64014.9,64054.3,63246.2581
12923,2026-07-12 03:00:00,64054.3,64180.0,64045.4,64154.9,47701.9235
12924,2026-07-12 04:00:00,64154.9,64200.0,63958.0,63981.6,65871.1688
12925,2026-07-12 05:00:00,63981.5,64007.1,63881.1,63955.3,50812.6005
12926,2026-07-12 06:00:00,63955.3,63959.8,63681.5,63728.6,61487.7992
12927,2026-07-12 07:00:00,63728.6,63872.7,63727.7,63870.0,23790.0295
12928,2026-07-12 08:00:00,63870.0,64013.0,63869.5,63951.6,46364.1026
12929,2026-07-12 09:00:00,63951.6,63959.8,63740.2,63932.1,56335.5349
12930,2026-07-12 10:00:00,63932.1,63959.4,63828.7,63849.6,34352.5309
12931,2026-07-12 11:00:00,63849.6,63966.0,63819.4,63966.0,33637.3506
12932,2026-07-12 12:00:00,63966.0,64112.0,63953.2,64004.6,45182.0611
12933,2026-07-12 13:00:00,64004.6,64053.2,63973.5,64005.8,23102.0463
12934,2026-07-12 14:00:00,64005.8,64189.9,63946.0,64185.9,58867.7466
12935,2026-07-12 15:00:00,64185.9,64220.0,64126.6,64129.2,49182.9118
12936,2026-07-12 16:00:00,64126.6,64149.9,64037.2,64146.8,64349.2528
12937,2026-07-12 17:00:00,64146.8,64149.9,64025.9,64050.3,44399.4081
12938,2026-07-12 18:00:00,64050.3,64120.0,64002.2,64120.0,34813.8205
12939,2026-07-12 19:00:00,64120.0,64201.2,64103.0,64201.2,45595.4716
12940,2026-07-12 20:00:00,64201.2,64220.0,64152.5,64197.3,46136.751
12941,2026-07-12 21:00:00,64197.3,64203.5,63913.6,63913.6,72322.3384
12942,2026-07-12 22:00:00,63913.6,63919.5,63674.4,63837.8,90652.028
12943,2026-07-12 23:00:00,63825.3,63880.0,63693.9,63750.0,50255.8294
12944,2026-07-13 00:00:00,63775.1,64261.1,63676.8,64021.9,119967.9944
12945,2026-07-13 01:00:00,64021.9,64021.9,63475.2,63475.2,90822.1203
12946,2026-07-13 02:00:00,63475.2,63566.4,63307.0,63360.0,84967.9444
12947,2026-07-13 03:00:00,63360.0,63378.3,62733.7,62791.0,111726.6403
12948,2026-07-13 04:00:00,62791.0,62866.6,62680.1,62700.1,78180.8709
12949,2026-07-13 05:00:00,62699.3,62849.1,62638.3,62764.1,77453.2272
12950,2026-07-13 06:00:00,62772.1,62826.1,62700.1,62758.4,83753.733
12951,2026-07-13 07:00:00,62758.3,63020.0,62757.1,62984.2,74058.8665
12952,2026-07-13 08:00:00,62984.2,63168.1,62936.6,63168.1,70153.4657
12953,2026-07-13 09:00:00,63168.1,63168.3,63064.5,63065.0,36241.673
12954,2026-07-13 10:00:00,63065.0,63096.7,62920.7,62920.7,44797.3391
12955,2026-07-13 11:00:00,62920.7,63059.8,62877.6,62881.2,71467.4673
12956,2026-07-13 12:00:00,62881.2,62888.0,62562.1,62573.7,96138.2942
12957,2026-07-13 13:00:00,62573.7,62616.3,62262.1,62300.1,87267.6664
12958,2026-07-13 14:00:00,62300.1,62665.4,62272.5,62665.4,93621.0632
12959,2026-07-13 15:00:00,62665.4,62870.8,62572.3,62589.1,70151.4982
12960,2026-07-13 16:00:00,62589.1,62594.0,62212.9,62250.6,86039.8268
12961,2026-07-13 17:00:00,62250.6,62315.2,61963.1,61963.1,95648.3478
12962,2026-07-13 18:00:00,61963.1,62025.8,61865.3,62002.7,61151.5908
12963,2026-07-13 19:00:00,62002.8,62225.8,61987.7,62225.8,67340.7174
12964,2026-07-13 20:00:00,62225.8,62247.3,62069.5,62173.3,79621.6671
12965,2026-07-13 21:00:00,62128.0,62189.7,61902.6,62033.7,72920.058
12966,2026-07-13 22:00:00,62033.1,62180.9,61928.3,61928.4,86982.0882
12967,2026-07-13 23:00:00,61928.4,62255.1,61928.3,62255.1,91024.685
12968,2026-07-14 00:00:00,62252.4,62561.9,62190.5,62561.9,76805.4677
12969,2026-07-14 01:00:00,62561.9,62561.9,62447.0,62507.4,41646.8897
12970,2026-07-14 02:00:00,62507.4,62577.4,62324.9,62518.7,86944.0311
12971,2026-07-14 03:00:00,62519.5,62577.4,62348.0,62544.8,67253.2832
12972,2026-07-14 04:00:00,62545.4,62708.1,62520.0,62707.3,67727.2663
12973,2026-07-14 05:00:00,62707.3,62841.1,62667.6,62696.5,71036.6164
12974,2026-07-14 06:00:00,62696.5,62715.7,62569.0,62586.1,62154.8491
12975,2026-07-14 07:00:00,62586.1,62625.8,62530.0,62530.0,53195.9866
12976,2026-07-14 08:00:00,62535.8,62720.3,62496.0,62684.6,77103.2778
12977,2026-07-14 09:00:00,62689.2,62697.0,62550.1,62604.2,51062.4101
12978,2026-07-14 10:00:00,62604.2,62841.2,62583.0,62792.3,74905.3373
12979,2026-07-14 11:00:00,62792.3,62851.6,62707.4,62829.8,52032.9776
12980,2026-07-14 12:00:00,62851.6,63913.6,62780.0,63903.6,118032.3323
12981,2026-07-14 13:00:00,63897.0,64001.6,63699.0,63802.8,98653.3175
12982,2026-07-14 14:00:00,63802.7,64066.6,63699.0,64066.6,83827.0059
12983,2026-07-14 15:00:00,64066.6,64754.6,64012.6,64646.4,132102.3817
12984,2026-07-14 16:00:00,64646.4,64864.0,64588.1,64759.9,79951.8814
12985,2026-07-14 17:00:00,64759.9,64759.9,64411.4,64631.8,81434.3631
12986,2026-07-14 18:00:00,64631.8,64634.9,64472.9,64544.0,52112.1101
12987,2026-07-14 19:00:00,64543.7,64635.5,64472.9,64575.8,77220.3642
12988,2026-07-14 20:00:00,64575.8,64617.2,64417.3,64541.4,70570.7731
12989,2026-07-14 21:00:00,64541.4,64746.6,64519.9,64648.8,50382.843
12990,2026-07-14 22:00:00,64648.8,64969.0,64523.9,64886.6,83143.4711
12991,2026-07-14 23:00:00,64886.6,65016.4,64769.9,65001.3,70029.7788
12992,2026-07-15 00:00:00,65001.3,65010.6,64769.9,64785.0,52265.0899
12993,2026-07-15 01:00:00,64785.0,64792.8,64624.0,64624.0,80032.1251
12994,2026-07-15 02:00:00,64629.9,64723.1,64468.2,64477.0,55383.9898
12995,2026-07-15 03:00:00,64477.0,64796.5,64477.0,64760.9,65518.4751
12996,2026-07-15 04:00:00,64760.9,64815.0,64704.5,64721.8,68537.7646
12997,2026-07-15 05:00:00,64721.7,64902.3,64651.7,64900.2,56079.5076
12998,2026-07-15 06:00:00,64900.1,65165.0,64791.2,64791.2,84130.7573
12999,2026-07-15 07:00:00,64791.2,64849.9,64499.9,64557.0,82644.8808
13000,2026-07-15 08:00:00,64557.0,64724.7,64556.4,64716.7,49908.1602
13001,2026-07-15 09:00:00,64716.7,64802.9,64630.6,64635.3,76872.0303
13002,2026-07-15 10:00:00,64635.3,64803.7,64600.7,64633.0,51403.9542
13003,2026-07-15 11:00:00,64633.0,64694.0,64596.5,64693.9,47193.7021
13004,2026-07-15 12:00:00,64693.9,65165.0,64601.7,65140.1,88529.8397
13005,2026-07-15 13:00:00,65141.2,65524.4,64888.1,65085.3,102323.3181
13006,2026-07-15 14:00:00,65085.3,65450.2,65064.0,65364.8,78488.3532
13007,2026-07-15 15:00:00,65369.9,65487.5,65300.3,65392.3,82860.9284
13008,2026-07-15 16:00:00,65392.3,65406.1,64785.6,65088.1,101899.3128
13009,2026-07-15 17:00:00,65088.1,65101.6,64960.0,65023.3,68657.1919
13010,2026-07-15 18:00:00,65023.3,65044.0,64896.4,64896.4,67751.5078
13011,2026-07-15 19:00:00,64896.4,64949.3,64785.1,64944.5,66304.5358
13012,2026-07-15 20:00:00,64944.5,65021.4,64889.9,64946.7,34243.937
13013,2026-07-15 21:00:00,64946.7,64979.2,64780.2,64797.6,48379.5889
13014,2026-07-15 22:00:00,64797.6,64929.9,64775.1,64841.1,66558.3346
13015,2026-07-15 23:00:00,64841.1,64906.6,64737.1,64737.2,61534.4737
13016,2026-07-16 00:00:00,64737.2,64803.0,64473.9,64556.1,93071.5093
13017,2026-07-16 01:00:00,64556.1,64786.8,64473.1,64739.9,72024.7909
13018,2026-07-16 02:00:00,64705.6,64739.9,64586.3,64605.4,45905.1181
13019,2026-07-16 03:00:00,64605.4,64684.0,64575.6,64581.2,66212.7474
13020,2026-07-16 04:00:00,64581.2,64621.3,64521.7,64600.1,47630.3534
13021,2026-07-16 05:00:00,64600.1,64906.6,64599.0,64897.2,78486.1241
13022,2026-07-16 06:00:00,64897.3,64909.3,64639.1,64750.0,60543.0305
13023,2026-07-16 07:00:00,64757.3,64757.4,64169.7,64203.5,108388.609
13024,2026-07-16 08:00:00,64207.2,64224.9,63920.4,64079.9,88191.6389
13025,2026-07-16 09:00:00,64079.9,64143.0,64022.0,64059.5,44267.455
13026,2026-07-16 10:00:00,64058.5,64199.9,64047.8,64172.6,39898.7048
13027,2026-07-16 11:00:00,64172.6,64190.0,64082.8,64190.0,71672.9525
13028,2026-07-16 12:00:00,64190.0,64192.9,63904.2,63957.8,97485.2057
13029,2026-07-16 13:00:00,64000.0,64334.5,63950.4,64294.2,88426.7526
13030,2026-07-16 14:00:00,64294.2,64758.2,64230.3,64499.9,92437.9554
13031,2026-07-16 15:00:00,64499.9,64771.2,64387.3,64689.7,79338.6621
13032,2026-07-16 16:00:00,64694.3,64694.3,64338.9,64453.8,90987.6697
13033,2026-07-16 17:00:00,64451.6,64453.9,63974.6,64031.8,95359.4605
13034,2026-07-16 18:00:00,64034.7,64248.8,64033.4,64231.5,76579.4209
13035,2026-07-16 19:00:00,64231.5,64247.2,64135.5,64235.3,63694.9759
13036,2026-07-16 20:00:00,64235.3,64235.4,64105.2,64105.2,38239.3219
13037,2026-07-16 21:00:00,64105.2,64207.2,64091.9,64183.9,57598.681
13038,2026-07-16 22:00:00,64170.6,64207.2,63950.0,63997.5,71512.1906
13039,2026-07-16 23:00:00,63997.0,64028.8,63726.8,63802.7,61801.5111
13040,2026-07-17 00:00:00,63802.7,63837.8,63691.2,63837.8,82592.0608
13041,2026-07-17 01:00:00,63837.8,63984.9,63491.4,63532.7,83391.5251
13042,2026-07-17 02:00:00,63532.7,63689.8,63380.1,63459.8,78943.7422
13043,2026-07-17 03:00:00,63458.1,63669.5,63458.0,63538.1,56401.9251
13044,2026-07-17 04:00:00,63537.9,63553.8,63320.0,63466.1,64321.6108
13045,2026-07-17 05:00:00,63466.1,63472.1,62783.0,62810.0,92584.4482
13046,2026-07-17 06:00:00,62810.0,62935.1,62756.7,62877.5,66883.3777
13047,2026-07-17 07:00:00,62877.5,62933.0,62778.5,62793.1,71371.2339
13048,2026-07-17 08:00:00,62792.9,62897.6,62659.4,62891.5,83524.5209
13049,2026-07-17 09:00:00,62884.4,63164.9,62850.0,62961.2,57717.2405
13050,2026-07-17 10:00:00,62961.2,63141.8,62961.1,63141.8,49518.3895
13051,2026-07-17 11:00:00,63141.8,63319.5,63034.4,63310.5,80943.4078
13052,2026-07-17 12:00:00,63298.7,63310.5,63082.7,63102.1,57560.2429
13053,2026-07-17 13:00:00,63102.1,63117.5,62535.6,62933.0,138943.9422
13054,2026-07-17 14:00:00,62933.0,63411.3,62805.6,63200.0,89566.7519
13055,2026-07-17 15:00:00,63200.0,63395.8,62904.0,63395.8,98569.7768
13056,2026-07-17 16:00:00,63395.8,63612.1,63311.7,63564.8,92687.6269
13057,2026-07-17 17:00:00,63564.8,64058.7,63564.8,64016.7,94273.8818
13058,2026-07-17 18:00:00,64016.7,64258.7,63911.4,64223.5,98659.3365
13059,2026-07-17 19:00:00,64223.6,64258.7,63993.4,64126.0,52601.8303
13060,2026-07-17 20:00:00,64126.0,64143.2,63930.3,64121.4,64988.9615
13061,2026-07-17 21:00:00,64121.4,64148.7,64077.2,64077.2,25134.2365
13062,2026-07-17 22:00:00,64077.2,64098.4,63916.2,63927.6,63555.0915
13063,2026-07-17 23:00:00,63927.6,63982.6,63860.8,63925.8,33833.3778
13064,2026-07-18 00:00:00,63925.8,63970.6,63871.4,63872.8,44539.2524
13065,2026-07-18 01:00:00,63872.8,63964.3,63862.1,63943.4,33368.1176
13066,2026-07-18 02:00:00,63943.4,63976.2,63929.2,63942.4,7645.5909
13067,2026-07-18 03:00:00,63942.4,63989.2,63921.8,63989.2,32631.1471
13068,2026-07-18 04:00:00,63989.2,63989.2,63921.8,63940.2,8845.4884
13069,2026-07-18 05:00:00,63940.2,63956.8,63921.8,63940.1,7657.0673
13070,2026-07-18 06:00:00,63940.1,63978.9,63928.1,63928.1,7370.0986
13071,2026-07-18 07:00:00,63940.5,63990.4,63928.1,63980.1,16113.7001
13072,2026-07-18 08:00:00,63980.1,63996.7,63950.9,63995.8,27916.2898
13073,2026-07-18 09:00:00,63995.8,63996.7,63925.5,63925.6,10495.6805
13074,2026-07-18 10:00:00,63926.4,63984.2,63925.5,63982.7,3729.4331
13075,2026-07-18 11:00:00,63984.2,63996.7,63982.7,63996.6,3543.962
13076,2026-07-18 12:00:00,63996.6,64172.0,63995.1,64172.0,70248.957
13077,2026-07-18 13:00:00,64171.9,64172.0,63995.0,64072.9,59253.8636
13078,2026-07-18 14:00:00,64072.9,64166.4,64072.7,64098.1,37508.375
13079,2026-07-18 15:00:00,64098.1,64105.5,64016.0,64082.5,35774.3867
13080,2026-07-18 16:00:00,64084.9,64267.1,64077.5,64265.2,35683.6597
13081,2026-07-18 17:00:00,64265.2,64441.8,64258.9,64441.8,59368.7671
13082,2026-07-18 18:00:00,64441.8,64503.8,64431.9,64451.0,29186.7743
13083,2026-07-18 19:00:00,64451.0,64556.1,64443.6,64539.5,44061.2813
13084,2026-07-18 20:00:00,64529.5,64700.3,64502.4,64623.3,69645.4784
13085,2026-07-18 21:00:00,64616.1,64744.9,64586.5,64718.4,60829.1493
13086,2026-07-18 22:00:00,64718.4,64795.8,64693.1,64781.1,48670.2974
13087,2026-07-18 23:00:00,64781.1,64800.8,64693.1,64795.7,33286.2674
13088,2026-07-19 00:00:00,64795.7,64856.3,64750.0,64763.5,44526.9179
13089,2026-07-19 01:00:00,64763.5,64771.0,64753.7,64753.7,1587.6482
13090,2026-07-19 02:00:00,64771.0,64882.6,64739.5,64810.5,46328.0172
13091,2026-07-19 03:00:00,64812.9,64812.9,64638.9,64659.7,51678.871
13092,2026-07-19 04:00:00,64659.7,64749.9,64619.2,64683.0,44789.0124
13093,2026-07-19 05:00:00,64682.7,64776.1,64682.7,64695.1,22604.7761
13094,2026-07-19 06:00:00,64695.1,64729.5,64684.9,64702.5,1309.8868
13095,2026-07-19 07:00:00,64702.5,64737.6,64662.4,64667.5,36010.8862
13096,2026-07-19 08:00:00,64667.5,64700.7,64606.7,64699.0,32809.6014
13097,2026-07-19 09:00:00,64699.0,64700.7,64485.4,64495.1,43943.4161
13098,2026-07-19 10:00:00,64491.6,64642.3,64485.4,64565.4,60353.3334
13099,2026-07-19 11:00:00,64565.4,64567.7,64432.9,64441.7,33242.0983
13100,2026-07-19 12:00:00,64441.7,64442.4,64278.6,64413.5,73343.1218
13101,2026-07-19 13:00:00,64413.5,64442.4,64280.0,64439.0,55343.3766
13102,2026-07-19 14:00:00,64439.0,64570.5,64402.4,64565.2,57522.8281
13103,2026-07-19 15:00:00,64565.2,64572.3,64500.1,64525.5,23478.2678
13104,2026-07-19 16:00:00,64525.5,64590.9,64495.8,64505.8,77068.9649
13105,2026-07-19 17:00:00,64505.8,64673.6,64484.4,64520.8,77913.1645
13106,2026-07-19 18:00:00,64520.8,64532.8,64336.6,64379.2,43826.0573
13107,2026-07-19 19:00:00,64380.9,64435.5,64333.3,64426.8,35311.9172
13108,2026-07-19 20:00:00,64426.8,64502.3,64399.1,64473.9,17385.5503
13109,2026-07-19 21:00:00,64502.3,64531.3,64333.3,64385.7,53391.3371
13110,2026-07-19 22:00:00,64385.7,64750.7,64367.9,64674.4,86837.6055
13111,2026-07-19 23:00:00,64674.4,64722.1,64566.1,64660.5,67824.2549
13112,2026-07-20 00:00:00,64659.9,64931.9,64540.0,64541.5,121913.7384
13113,2026-07-20 01:00:00,64541.5,64931.9,64502.4,64606.4,93970.0281
13114,2026-07-20 02:00:00,64606.4,64871.8,64598.2,64800.2,79431.4619
13115,2026-07-20 03:00:00,64800.2,64844.6,64642.6,64835.1,61758.3476
13116,2026-07-20 04:00:00,64829.7,64835.1,64642.6,64642.6,10321.4695
13117,2026-07-20 05:00:00,64674.3,64835.1,64629.3,64835.1,1447.8305
13118,2026-07-20 06:00:00,64644.4,64835.3,64626.8,64810.0,1099.3081
13119,2026-07-20 07:00:00,64675.2,64835.0,64626.8,64788.0,442.9423
13120,2026-07-20 08:00:00,64696.6,64788.0,63944.4,64000.3,100766.0497
13121,2026-07-20 09:00:00,64012.6,64241.9,63988.6,64190.0,61167.9655
13122,2026-07-20 10:00:00,64190.0,64333.1,64160.0,64282.5,52196.4266
13123,2026-07-20 11:00:00,64282.5,64934.7,64268.2,64933.6,77837.034
13124,2026-07-20 12:00:00,64933.6,64953.3,64617.8,64624.0,92858.4869
13125,2026-07-20 13:00:00,64624.0,64700.8,64253.7,64295.7,89795.6387
13126,2026-07-20 14:00:00,64295.7,64700.8,64231.6,64364.2,84179.6816
13127,2026-07-20 15:00:00,64339.7,65509.5,64333.0,65500.0,140399.5042
13128,2026-07-20 16:00:00,65492.6,65549.9,65314.4,65474.9,80748.0615
13129,2026-07-20 17:00:00,65466.0,65516.7,65360.7,65516.7,64152.3939
13130,2026-07-20 18:00:00,65516.7,65737.8,65205.6,65206.7,88849.7497
13131,2026-07-20 19:00:00,65206.7,65208.0,65037.6,65127.7,71947.1366
13132,2026-07-20 20:00:00,65127.7,65366.1,65067.1,65341.2,64094.0597
13133,2026-07-20 21:00:00,65336.9,65409.2,65269.6,65269.6,63719.6481
13134,2026-07-20 22:00:00,65269.6,65273.1,65083.2,65118.7,55504.6556
13135,2026-07-20 23:00:00,65118.8,65241.9,65108.0,65219.2,45963.5166
13136,2026-07-21 00:00:00,65206.9,65506.8,65134.2,65506.8,73801.6872
13137,2026-07-21 01:00:00,65506.8,65604.3,65245.2,65245.2,77638.0407
13138,2026-07-21 02:00:00,65245.2,65368.1,65231.9,65368.1,71731.6729
13139,2026-07-21 03:00:00,65368.1,65506.7,65360.8,65506.7,65042.9231
13140,2026-07-21 04:00:00,65506.7,65627.9,65475.8,65494.2,64761.307
13141,2026-07-21 05:00:00,65494.3,65738.3,65473.3,65699.1,55941.0059
13142,2026-07-21 06:00:00,65699.1,65926.0,65628.1,65886.4,71021.3584
13143,2026-07-21 07:00:00,65865.2,66186.6,65857.0,66182.3,58676.9979
13144,2026-07-21 08:00:00,66182.3,66400.2,66119.0,66199.9,68890.671
13145,2026-07-21 09:00:00,66190.5,66316.5,66149.8,66251.8,47080.5098
13146,2026-07-21 10:00:00,66251.8,66349.0,66166.8,66184.5,45779.9245
13147,2026-07-21 11:00:00,66179.2,66309.5,66125.0,66301.4,44136.2986
13148,2026-07-21 12:00:00,66309.1,66501.5,66240.6,66501.5,62916.089
13149,2026-07-21 13:00:00,66501.4,66755.5,66321.1,66755.4,92617.1869
13150,2026-07-21 14:00:00,66755.4,66897.8,66630.5,66804.4,78320.4256
13151,2026-07-21 15:00:00,66797.2,66810.9,66508.9,66669.1,79652.5659
13152,2026-07-21 16:00:00,66666.2,66719.9,66453.5,66533.4,80562.8508
13153,2026-07-21 17:00:00,66533.4,66539.4,66123.0,66128.3,65016.3554
13154,2026-07-21 18:00:00,66128.3,66437.8,66122.7,66287.6,57163.3586
13155,2026-07-21 19:00:00,66294.7,66458.2,66238.4,66393.6,61825.7777
13156,2026-07-21 20:00:00,66394.2,66434.5,66330.3,66408.5,31298.7067
13157,2026-07-21 21:00:00,66408.5,66427.3,66265.6,66342.0,68127.5132
13158,2026-07-21 22:00:00,66342.0,66342.0,66206.7,66265.8,46745.2116
13159,2026-07-21 23:00:00,66235.7,66517.4,66230.0,66517.4,76657.39
13160,2026-07-22 00:00:00,66517.4,66690.9,66515.3,66631.3,58806.5133
13161,2026-07-22 01:00:00,66631.3,66631.4,66274.9,66398.8,74369.4611
13162,2026-07-22 02:00:00,66398.9,66479.3,66272.9,66276.0,81056.464
13163,2026-07-22 03:00:00,66272.9,66345.0,66190.2,66195.7,83141.6281
13164,2026-07-22 04:00:00,66195.7,66425.4,66195.7,66351.6,44653.776
13165,2026-07-22 05:00:00,66350.0,66352.1,65932.5,65993.0,80508.5311
13166,2026-07-22 06:00:00,65955.3,65993.1,65814.7,65906.8,65459.3004
13167,2026-07-22 07:00:00,65906.8,65916.9,65729.1,65813.3,44117.3304
13168,2026-07-22 08:00:00,65813.3,66092.5,65783.1,65957.2,77074.7061
13169,2026-07-22 09:00:00,65957.2,66030.3,65848.3,65910.0,69366.3428
13170,2026-07-22 10:00:00,65915.3,66058.7,65896.3,66011.3,31679.1354
13171,2026-07-22 11:00:00,66011.3,66037.9,65884.8,65988.1,48720.1288
13172,2026-07-22 12:00:00,65981.4,66001.3,65607.5,65626.3,81754.0234
13173,2026-07-22 13:00:00,65610.0,65912.0,65551.0,65871.2,70082.5284
13174,2026-07-22 14:00:00,65900.0,66038.7,65633.6,65743.5,93430.933
13175,2026-07-22 15:00:00,65743.5,66082.8,65684.6,65975.9,67084.0322
13176,2026-07-22 16:00:00,65975.9,66257.0,65928.7,66192.5,83357.8113
13177,2026-07-22 17:00:00,66185.9,66192.5,65928.7,65998.4,75643.3268
13178,2026-07-22 18:00:00,65996.7,66042.0,65722.7,65865.8,77998.7306
13179,2026-07-22 19:00:00,65865.8,65909.5,65722.7,65906.9,56748.8569
13180,2026-07-22 20:00:00,65906.9,65923.9,65798.5,65887.8,28603.1736
13181,2026-07-22 21:00:00,65887.8,66097.0,65879.6,66021.5,38860.8367
13182,2026-07-22 22:00:00,66021.5,66024.9,65907.1,66011.5,61332.5969
13183,2026-07-22 23:00:00,66011.5,66091.0,65836.5,66089.7,51588.036
13184,2026-07-23 00:00:00,66089.7,66260.6,66050.0,66066.7,63242.5693
13185,2026-07-23 01:00:00,66065.0,66168.6,65752.4,65796.5,68070.3048
13186,2026-07-23 02:00:00,65796.4,65825.3,65672.8,65782.6,56078.8267
13187,2026-07-23 03:00:00,65788.7,65788.7,65563.0,65657.1,66008.6185
13188,2026-07-23 04:00:00,65657.1,65706.6,65573.3,65582.4,60054.7919
13189,2026-07-23 05:00:00,65581.9,65751.1,65573.3,65650.0,56746.2087
13190,2026-07-23 06:00:00,65650.0,65759.6,65593.9,65759.6,63344.2983
13191,2026-07-23 07:00:00,65759.6,65759.7,65352.6,65421.3,88384.8247
13192,2026-07-23 08:00:00,65421.3,65664.3,65420.6,65581.0,41068.0463
13193,2026-07-23 09:00:00,65581.0,65709.0,65574.3,65600.5,52867.7585
13194,2026-07-23 10:00:00,65600.6,65759.7,65575.9,65693.9,40818.0212
13195,2026-07-23 11:00:00,65693.6,65704.1,65528.0,65555.6,39123.0841
13196,2026-07-23 12:00:00,65555.6,65559.2,65083.1,65119.3,109491.0164
13197,2026-07-23 13:00:00,65119.3,65190.3,64967.1,65005.1,95801.2994
13198,2026-07-23 14:00:00,64967.2,65147.9,64885.6,64887.0,80576.9712
13199,2026-07-23 15:00:00,64886.0,64961.9,64784.7,64938.2,82523.1449
13200,2026-07-23 16:00:00,64938.2,64938.3,64710.0,64774.0,62179.8107
13201,2026-07-23 17:00:00,64782.8,64862.4,64705.0,64705.0,76495.1927
13202,2026-07-23 18:00:00,64705.0,64887.0,64700.3,64837.5,57559.9155
13203,2026-07-23 19:00:00,64837.5,64907.9,64699.2,64824.5,78633.8879
13204,2026-07-23 20:00:00,64764.4,65148.5,64764.4,65116.9,32034.6807
13205,2026-07-23 21:00:00,65116.9,65160.1,64989.5,65127.1,66347.3348
13206,2026-07-23 22:00:00,65127.1,65174.2,64998.0,65158.3,44620.709
13207,2026-07-23 23:00:00,65158.2,65174.2,65040.5,65061.9,28765.137
13208,2026-07-24 00:00:00,65040.5,65061.9,64764.4,64912.0,68951.7078
13209,2026-07-24 01:00:00,64912.0,65098.1,64908.8,65055.4,58141.1683
13210,2026-07-24 02:00:00,65055.4,65159.4,64912.6,65022.9,81179.9596
13211,2026-07-24 03:00:00,65000.0,65485.0,64996.8,65427.2,78807.6083
13212,2026-07-24 04:00:00,65425.5,65427.3,65263.0,65281.9,42239.716
13213,2026-07-24 05:00:00,65282.0,65358.6,65259.4,65269.4,35879.6877
13214,2026-07-24 06:00:00,65269.3,65452.0,65258.0,65437.6,57216.3859
13215,2026-07-24 07:00:00,65437.6,65716.9,65350.2,65474.7,100818.221
13216,2026-07-24 08:00:00,65470.0,65475.0,65339.9,65350.8,66089.0005
13217,2026-07-24 09:00:00,65350.8,65350.8,64942.6,65076.3,78606.8723
13218,2026-07-24 10:00:00,65076.3,65119.0,64905.3,64960.2,68263.3107
13219,2026-07-24 11:00:00,64960.2,65040.0,64837.9,64982.0,67943.7757
13220,2026-07-24 12:00:00,64972.2,65068.9,64837.9,64920.4,55259.8694
13221,2026-07-24 13:00:00,64887.2,64920.4,64828.1,64828.1,10687.6408
13222,2026-07-24 14:00:00,64828.1,64921.7,63760.0,64210.7,165524.9817
13223,2026-07-24 15:00:00,64210.7,64400.0,63899.4,64119.7,85175.859
13224,2026-07-24 16:00:00,64140.1,64173.9,63870.8,63983.3,87783.6034
13225,2026-07-24 17:00:00,63979.3,64165.0,63927.5,64159.2,51872.3488
13226,2026-07-24 18:00:00,64159.2,64256.9,64110.0,64238.0,56858.8569
13227,2026-07-24 19:00:00,64242.8,64256.9,64131.9,64196.0,21839.6971
13228,2026-07-24 20:00:00,64196.0,64248.4,64115.4,64122.1,33455.3967
13229,2026-07-24 21:00:00,64122.1,64190.5,64116.2,64125.1,15310.843
13230,2026-07-24 22:00:00,64125.1,64185.9,64125.1,64137.6,781.6992
13231,2026-07-24 23:00:00,64137.6,64185.9,64116.2,64125.8,4419.9429
13232,2026-07-25 00:00:00,64125.8,64146.8,64069.1,64069.1,20633.9197
13233,2026-07-25 01:00:00,64069.1,64135.0,63983.4,64035.7,86342.2079
13234,2026-07-25 02:00:00,64035.7,64044.7,64009.6,64043.9,1126.9064
13235,2026-07-25 03:00:00,64044.7,64067.5,64009.6,64057.5,4430.9058
13236,2026-07-25 04:00:00,64058.1,64171.2,64057.5,64158.2,26785.4351
13237,2026-07-25 05:00:00,64158.2,64171.4,63990.4,63991.6,26747.8508
13238,2026-07-25 06:00:00,63991.6,64014.8,63933.4,63935.2,16226.3385
13239,2026-07-25 07:00:00,63935.2,64004.2,63933.4,63997.7,13764.5837
13240,2026-07-25 08:00:00,63998.0,63998.1,63782.2,63937.5,42492.9893
13241,2026-07-25 09:00:00,63865.0,63937.6,63852.8,63937.6,20831.7968
13242,2026-07-25 10:00:00,63937.6,64014.8,63937.0,64014.8,24621.8776
13243,2026-07-25 11:00:00,64014.8,64077.7,64011.0,64049.8,11387.2693
13244,2026-07-25 12:00:00,64049.8,64078.4,64009.4,64078.4,20860.4498
13245,2026-07-25 13:00:00,64078.4,64165.6,64076.1,64155.5,21374.0965
13246,2026-07-25 14:00:00,64155.5,64176.0,64093.8,64176.0,34391.5528
13247,2026-07-25 15:00:00,64176.0,64235.7,64150.0,64150.0,22661.545
13248,2026-07-25 16:00:00,64150.0,64196.8,64095.9,64180.9,26258.5536
13249,2026-07-25 17:00:00,64180.9,64272.1,64176.3,64264.6,20033.8678
13250,2026-07-25 18:00:00,64264.6,64379.1,64264.6,64379.0,22686.5597
13251,2026-07-25 19:00:00,64379.0,64395.2,64351.6,64360.1,6407.3582
13252,2026-07-25 20:00:00,64360.1,64395.1,64295.0,64304.4,21386.5444
13253,2026-07-25 21:00:00,64304.4,64392.4,64243.1,64316.0,32868.4204
13254,2026-07-25 22:00:00,64316.0,64392.9,64310.6,64392.0,27997.2708
13255,2026-07-25 23:00:00,64392.9,64393.4,64360.1,64360.2,16040.4863
13256,2026-07-26 00:00:00,64360.2,64700.0,64360.1,64516.8,52645.8252
13257,2026-07-26 01:00:00,64522.6,64700.0,64463.3,64463.3,3541.1447
13258,2026-07-26 02:00:00,64463.3,64650.0,64400.4,64500.0,40626.1611
13259,2026-07-26 03:00:00,64500.0,64708.0,64494.1,64503.6,4976.7836
13260,2026-07-26 04:00:00,64503.6,64536.8,64462.9,64536.7,16361.7944
13261,2026-07-26 05:00:00,64536.7,64536.8,64400.3,64400.3,24103.5766
13262,2026-07-26 06:00:00,64400.3,64406.8,64260.1,64406.8,63907.3796
13263,2026-07-26 07:00:00,64406.8,64415.0,64340.0,64341.2,18377.3167
13264,2026-07-26 08:00:00,64341.2,64463.4,64340.0,64459.4,20772.3758
13265,2026-07-26 09:00:00,64459.4,64521.6,64445.8,64512.2,22934.9068
13266,2026-07-26 10:00:00,64512.3,64521.6,64474.4,64503.1,8718.0298
13267,2026-07-26 11:00:00,64503.1,64514.4,64471.9,64481.5,5279.7421
13268,2026-07-26 12:00:00,64486.9,64622.2,64416.4,64436.0,58170.134
13269,2026-07-26 13:00:00,64436.0,64542.0,64389.9,64496.6,36867.6564
13270,2026-07-26 14:00:00,64496.6,64724.7,64496.6,64687.3,66829.1115
13271,2026-07-26 15:00:00,64687.2,64788.4,64684.3,64743.0,27675.2897
13272,2026-07-26 16:00:00,64743.0,64805.1,64687.1,64709.1,76344.3986
13273,2026-07-26 17:00:00,64709.1,64760.0,64649.9,64650.0,46618.0403
13274,2026-07-26 18:00:00,64656.6,64732.0,64649.4,64706.8,21889.3381
13275,2026-07-26 19:00:00,64706.9,64732.0,64653.7,64725.1,28559.9051
13276,2026-07-26 20:00:00,64692.9,64725.1,64661.8,64661.8,17596.2652
13277,2026-07-26 21:00:00,64661.8,64819.1,64661.8,64819.0,43238.7204
13278,2026-07-26 22:00:00,64819.0,65418.9,64809.2,65369.1,79124.412
13279,2026-07-26 23:00:00,65368.1,65449.2,65280.0,65332.6,86777.9748
13280,2026-07-27 00:00:00,65332.6,65345.7,65075.2,65083.2,70415.6951
13281,2026-07-27 01:00:00,65083.2,65161.5,64918.3,65161.5,84419.8876
13282,2026-07-27 02:00:00,65161.5,65235.9,65103.7,65151.4,55942.2252
13283,2026-07-27 03:00:00,65151.4,65313.3,65132.7,65261.5,44219.0099
13284,2026-07-27 04:00:00,65261.5,65389.2,65230.0,65290.3,77010.5982
13285,2026-07-27 05:00:00,65295.9,65443.6,65290.3,65442.2,30906.8004
13286,2026-07-27 06:00:00,65443.4,65585.7,65389.1,65389.1,71034.6232
13287,2026-07-27 07:00:00,65389.1,65394.5,65222.1,65222.1,62699.5439
13288,2026-07-27 08:00:00,65226.5,65228.1,65103.0,65160.4,47965.6806
13289,2026-07-27 09:00:00,65165.4,65299.6,65091.1,65250.6,49930.3003
13290,2026-07-27 10:00:00,65250.6,65345.3,65205.0,65334.8,33347.2031
13291,2026-07-27 11:00:00,65334.8,65340.8,65090.2,65097.7,58565.5233
13292,2026-07-27 12:00:00,65097.8,65222.1,64856.6,65097.7,77334.2811
13293,2026-07-27 13:00:00,65100.7,65595.0,64897.7,65289.0,108799.807
13294,2026-07-27 14:00:00,65348.7,65595.0,64537.2,64679.0,131649.6928
13295,2026-07-27 15:00:00,64690.2,64900.0,64491.8,64521.6,86963.6976
13296,2026-07-27 16:00:00,64523.2,64900.0,64515.9,64871.1,85104.6752
13297,2026-07-27 17:00:00,64884.8,65043.3,64797.6,64970.7,57141.8113
13298,2026-07-27 18:00:00,64970.7,65029.8,64780.0,64831.9,68910.5561
13299,2026-07-27 19:00:00,64831.9,65030.4,64803.3,64946.8,71654.8405
13300,2026-07-27 20:00:00,64947.0,64995.5,64893.3,64938.7,50874.6969
13301,2026-07-27 21:00:00,64938.7,64938.8,64788.1,64806.3,25683.8046
13302,2026-07-27 22:00:00,64806.3,64818.9,63919.1,63974.3,120063.554
13303,2026-07-27 23:00:00,63974.3,64003.6,63652.4,63728.0,91877.2473
13304,2026-07-28 00:00:00,63728.0,63753.0,63482.7,63482.7,88881.6939
13305,2026-07-28 01:00:00,63495.2,63511.5,63128.0,63244.0,91190.2286
13306,2026-07-28 02:00:00,63247.6,63254.3,63119.3,63159.1,66341.1384
13307,2026-07-28 03:00:00,63159.1,63335.0,63148.2,63297.2,48380.3513
13308,2026-07-28 04:00:00,63285.8,63329.0,63222.0,63319.9,63517.9339
13309,2026-07-28 05:00:00,63319.9,63522.7,63299.8,63446.9,80973.2015
13310,2026-07-28 06:00:00,63453.0,63588.5,63374.3,63588.5,57481.3932
13311,2026-07-28 07:00:00,63588.5,63588.5,63476.0,63476.8,35941.5004
13312,2026-07-28 08:00:00,63476.8,63479.7,63406.1,63406.1,51100.337
13313,2026-07-28 09:00:00,63406.1,63535.0,63368.1,63368.1,68925.4217
13314,2026-07-28 10:00:00,63368.7,63524.8,63302.0,63445.1,75019.0833
13315,2026-07-28 11:00:00,63445.1,63523.1,63360.2,63438.8,72657.2953
13316,2026-07-28 12:00:00,63438.8,63531.6,63407.5,63531.5,79348.9751
13317,2026-07-28 13:00:00,63531.6,63537.0,62936.9,63058.0,118055.0046
13318,2026-07-28 14:00:00,63058.0,63450.0,62993.4,63399.9,77228.0366
13319,2026-07-28 15:00:00,63399.9,63960.2,63307.4,63898.6,116365.3716
13320,2026-07-28 16:00:00,63899.4,64029.1,63765.1,63950.7,82159.5707
13321,2026-07-28 17:00:00,63950.6,64015.9,63509.9,63646.3,75978.5593
13322,2026-07-28 18:00:00,63646.3,63769.9,63588.3,63708.5,49783.5181
13323,2026-07-28 19:00:00,63708.5,63827.3,63687.6,63827.3,77083.4897
13324,2026-07-28 20:00:00,63827.3,63963.2,63814.5,63877.7,42742.232
13325,2026-07-28 21:00:00,63877.7,64022.4,63861.4,63989.2,55014.9885
13326,2026-07-28 22:00:00,63989.2,63992.6,63797.3,63797.3,75650.7149
13327,2026-07-28 23:00:00,63797.3,63910.9,63558.9,63909.7,82042.596
13328,2026-07-29 00:00:00,63910.9,64087.4,63905.8,63967.7,79181.341
13329,2026-07-29 01:00:00,63969.0,63977.3,63680.3,63682.5,66029.1201
13330,2026-07-29 02:00:00,63710.0,63945.9,63671.4,63945.2,55089.5993
13331,2026-07-29 03:00:00,63945.2,63972.1,63705.0,63710.0,72549.0165
13332,2026-07-29 04:00:00,63710.0,63925.0,63598.0,63925.0,77933.4208
13333,2026-07-29 05:00:00,63925.0,64057.0,63894.4,64045.4,57586.6082
13334,2026-07-29 06:00:00,64045.4,64512.8,64026.0,64400.0,37416.899
13335,2026-07-29 07:00:00,64390.0,64527.5,64382.8,64527.5,57268.4492
13336,2026-07-29 08:00:00,64527.5,64527.9,64264.5,64389.4,57866.4038
13337,2026-07-29 09:00:00,64389.4,64610.3,64360.3,64609.5,60533.7587
13338,2026-07-29 10:00:00,64609.5,64642.2,64438.1,64440.0,45030.4565
13339,2026-07-29 11:00:00,64440.0,64520.5,64390.5,64462.8,56296.9075
13340,2026-07-29 12:00:00,64463.2,64468.9,64252.1,64252.1,67373.6956
13341,2026-07-29 13:00:00,64308.2,64520.6,64146.5,64450.8,77504.2399
13342,2026-07-29 14:00:00,64450.8,64569.7,64098.2,64108.0,92818.5872
13343,2026-07-29 15:00:00,64108.0,64143.2,63930.6,63954.6,82876.4981
13344,2026-07-29 16:00:00,63967.8,64008.1,63666.1,63781.3,105352.6246
13345,2026-07-29 17:00:00,63790.9,64188.9,63723.9,64188.9,83157.7707
13346,2026-07-29 18:00:00,64188.9,64471.8,63943.9,64466.5,105817.8013
13347,2026-07-29 19:00:00,64466.5,64529.2,63561.1,63627.0,112540.8471
13348,2026-07-29 20:00:00,63627.1,63890.5,63388.0,63484.6,96045.0004
13349,2026-07-29 21:00:00,63484.6,63811.8,63349.5,63811.8,92999.4997
13350,2026-07-29 22:00:00,63808.4,64078.2,63805.9,63928.8,56749.8184
13351,2026-07-29 23:00:00,63928.8,64078.2,63872.8,63993.9,59428.4686
13352,2026-07-30 00:00:00,64001.1,64071.1,63591.9,63626.0,84993.6297
13353,2026-07-30 01:00:00,63626.0,64298.6,63591.9,64244.6,87102.2437
13354,2026-07-30 02:00:00,64245.2,64353.7,64151.7,64159.9,77716.5609
13355,2026-07-30 03:00:00,64159.9,64261.4,64125.2,64138.0,56050.3143
13356,2026-07-30 04:00:00,64138.0,64190.0,63988.0,63994.7,40237.7917
13357,2026-07-30 05:00:00,63994.7,64119.4,63902.1,64004.8,65277.668
13358,2026-07-30 06:00:00,64004.8,64040.1,63959.4,63974.6,43508.4171
13359,2026-07-30 07:00:00,63972.3,64090.1,63961.1,63979.4,63869.7136
13360,2026-07-30 08:00:00,63979.4,64321.4,63961.1,64280.3,62063.7507
13361,2026-07-30 09:00:00,64280.4,64577.8,64260.9,64550.5,58132.1271
13362,2026-07-30 10:00:00,64550.5,64590.7,64550.1,64587.2,5344.8738
13363,2026-07-30 11:00:00,64587.2,64824.9,64525.1,64770.1,71939.8449
13364,2026-07-30 12:00:00,64779.0,64938.8,64766.4,64878.8,55906.0181
13365,2026-07-30 13:00:00,64878.4,65032.1,64747.3,64999.0,80899.3091
13366,2026-07-30 14:00:00,64999.7,65025.3,64651.4,64655.8,88749.512
13367,2026-07-30 15:00:00,64655.8,64829.5,64608.1,64694.2,79870.0091
13368,2026-07-30 16:00:00,64694.2,64897.1,64676.3,64786.5,60029.7982
13369,2026-07-30 17:00:00,64786.5,64947.2,64743.8,64882.8,59826.9604
13370,2026-07-30 18:00:00,64882.8,64882.8,64672.8,64672.8,30950.796
13371,2026-07-30 19:00:00,64672.8,64865.1,64672.8,64818.8,48513.3155
13372,2026-07-30 20:00:00,64791.9,64862.9,64737.2,64757.1,78922.576
13373,2026-07-30 21:00:00,64757.4,64779.0,64695.3,64706.5,26349.3663
13374,2026-07-30 22:00:00,64706.5,64950.0,64688.4,64837.9,59571.3459
13375,2026-07-30 23:00:00,64837.9,64971.1,64758.2,64758.2,60303.3252
13376,2026-07-31 00:00:00,64764.4,64910.2,64677.7,64687.7,67307.1393
13377,2026-07-31 01:00:00,64687.7,65273.7,64548.3,64615.9,119350.9615
13378,2026-07-31 02:00:00,64548.3,64836.1,64248.3,64261.6,74678.5708
13379,2026-07-31 03:00:00,64261.6,64403.1,64188.6,64360.0,79900.2775
13380,2026-07-31 04:00:00,64360.0,64399.9,64230.0,64281.6,43646.2808
13381,2026-07-31 05:00:00,64281.6,64354.1,64262.5,64334.1,32481.8097
13382,2026-07-31 06:00:00,64332.2,64435.8,64226.7,64230.1,59551.3733
13383,2026-07-31 07:00:00,64230.1,64235.3,63890.0,63946.7,68091.1775
13384,2026-07-31 08:00:00,63924.6,63947.2,63796.7,63812.6,99150.9206
13385,2026-07-31 09:00:00,63812.6,63820.1,63663.3,63675.4,49141.8708
13386,2026-07-31 10:00:00,63675.4,63865.3,63661.2,63865.3,18579.4322
13387,2026-07-31 11:00:00,63863.6,63873.2,63668.7,63872.9,1487.9937
13388,2026-07-31 12:00:00,63872.9,63875.3,63661.2,63670.4,2326.1795
13389,2026-07-31 13:00:00,63668.0,63718.1,63293.5,63574.4,27421.4802
13390,2026-07-31 14:00:00,63574.4,63642.4,62565.6,62746.2,110782.8901
13391,2026-07-31 15:00:00,62705.4,62746.5,62539.7,62730.0,83116.5299
13392,2026-07-31 16:00:00,62727.8,62940.5,62708.0,62843.2,65432.8302
13393,2026-07-31 17:00:00,62849.5,63250.0,62809.9,63244.0,65391.757
13394,2026-07-31 18:00:00,63215.6,63249.0,63086.7,63086.7,8635.2189
13395,2026-07-31 19:00:00,63130.1,63130.1,63015.0,63016.0,5529.8019
13396,2026-07-31 20:00:00,63044.6,63130.1,62944.0,62944.1,2149.735
13397,2026-07-31 21:00:00,62945.0,62950.2,62943.5,62950.2,331.9642
13398,2026-07-31 22:00:00,62950.2,62950.2,62943.5,62943.5,267.2805
13399,2026-07-31 23:00:00,62950.0,62950.7,62943.5,62943.5,217.7232
13400,2026-08-01 00:00:00,62950.7,62950.9,62943.5,62943.5,266.817
13401,2026-08-01 01:00:00,62950.9,62950.9,62941.9,62941.9,1707.947
13402,2026-08-01 02:00:00,62943.6,63074.4,62941.3,63058.6,55685.8526
13403,2026-08-01 03:00:00,63058.6,63074.4,62958.4,62970.8,59099.0249
13404,2026-08-01 04:00:00,62970.8,63073.9,62970.5,63073.9,15182.0692
13405,2026-08-01 05:00:00,63073.9,63088.4,62973.9,63010.6,46246.5209
13406,2026-08-01 06:00:00,63010.6,63052.6,62970.5,63050.7,25924.7656
13407,2026-08-01 07:00:00,63050.7,63052.6,63050.7,63050.7,533.4989
13408,2026-08-01 08:00:00,63050.7,63117.7,63050.7,63116.4,15433.6373
13409,2026-08-01 09:00:00,63116.4,63117.7,63039.1,63039.4,21438.5275
13410,2026-08-01 10:00:00,63039.4,63057.5,62969.0,63027.4,53780.0983
13411,2026-08-01 11:00:00,63029.1,63050.0,63013.5,63044.5,18340.4256
13412,2026-08-01 12:00:00,63044.5,63044.6,63038.4,63044.6,593.1034
13413,2026-08-01 13:00:00,63044.6,63044.8,63036.0,63040.4,5017.9972
13414,2026-08-01 14:00:00,63040.4,63045.7,63036.0,63045.4,1110.9637
13415,2026-08-01 15:00:00,63045.4,63050.5,62989.3,62989.3,22828.3017
13416,2026-08-01 16:00:00,62989.3,62990.0,62859.9,62885.9,48772.507
13417,2026-08-01 17:00:00,62887.0,62963.9,62652.7,62666.7,75587.1648
13418,2026-08-01 18:00:00,62652.7,62707.9,62333.9,62535.7,119267.4079
13419,2026-08-01 19:00:00,62535.7,62574.8,62438.2,62502.1,56771.3339
13420,2026-08-01 20:00:00,62502.1,62631.9,62502.0,62631.8,47348.0195
13421,2026-08-01 21:00:00,62631.8,62790.0,62631.8,62789.4,41748.2265
13422,2026-08-01 22:00:00,62789.1,62826.8,62787.5,62807.3,4636.9526
13423,2026-08-01 23:00:00,62807.3,62827.8,62743.2,62792.2,32790.1598
13424,2026-08-02 00:00:00,62766.7,62940.6,62766.7,62807.5,39360.6238
13425,2026-08-02 01:00:00,62807.5,63042.1,62783.3,62970.7,34517.5763
13426,2026-08-02 02:00:00,62970.7,63642.4,62953.9,63418.0,95853.1626
13427,2026-08-02 03:00:00,63418.0,63468.7,63357.0,63425.0,51743.6658
13428,2026-08-02 04:00:00,63415.4,63581.1,63414.1,63579.3,29181.4838
13429,2026-08-02 05:00:00,63581.1,63591.2,63414.1,63429.9,23876.963
13430,2026-08-02 06:00:00,63429.9,63469.7,63414.1,63460.0,2895.9074
13431,2026-08-02 07:00:00,63460.0,63487.4,63457.0,63476.2,14578.3789
13432,2026-08-02 08:00:00,63476.2,63487.5,63184.0,63186.0,48493.525
13433,2026-08-02 09:00:00,63186.0,63274.1,63107.7,63249.7,39571.1741
13434,2026-08-02 10:00:00,63249.6,63249.8,63107.4,63173.8,53782.5761
13435,2026-08-02 11:00:00,63176.6,63184.0,63025.1,63033.8,61420.2578
13436,2026-08-02 12:00:00,63025.1,63148.8,63025.1,63097.3,40371.6721
13437,2026-08-02 13:00:00,63087.1,63097.3,63083.8,63083.8,443.4319
13438,2026-08-02 14:00:00,63083.8,63094.3,63083.8,63085.0,536.1682
13439,2026-08-02 15:00:00,63094.0,63097.4,63083.8,63087.9,342.1709
13440,2026-08-02 16:00:00,63087.9,63099.0,63083.8,63099.0,774.6918
13441,2026-08-02 17:00:00,63099.0,63120.4,63083.8,63091.7,12230.869
13442,2026-08-02 18:00:00,63120.4,63121.4,63072.1,63116.4,1961.2329
13443,2026-08-02 19:00:00,63116.4,63121.6,63073.0,63121.4,306.4596
13444,2026-08-02 20:00:00,63121.4,63121.7,63121.4,63121.4,167.9901
13445,2026-08-02 21:00:00,63121.7,63122.3,63074.0,63082.3,249.2091
13446,2026-08-02 22:00:00,63083.6,63122.3,63072.0,63122.3,248.6789
13447,2026-08-02 23:00:00,63085.2,63134.5,63071.7,63134.5,4618.2135
13448,2026-08-03 00:00:00,63122.6,63135.1,63063.6,63109.0,547.414
13449,2026-08-03 01:00:00,63135.1,63213.5,63063.6,63162.9,33897.483
13450,2026-08-03 02:00:00,63162.9,63246.4,63105.0,63118.3,61514.0039
13451,2026-08-03 03:00:00,63119.0,63119.0,62828.8,62867.8,54504.0053
13452,2026-08-03 04:00:00,62866.7,63029.5,62818.2,62818.2,61146.2689
13453,2026-08-03 05:00:00,62818.2,62900.2,62760.5,62822.7,45199.5777
13454,2026-08-03 06:00:00,62822.7,62832.0,62631.4,62647.3,49019.651
13455,2026-08-03 07:00:00,62635.8,62650.2,62573.8,62591.0,22499.0479
13456,2026-08-03 08:00:00,62579.8,62595.1,62324.9,62504.9,73758.509
13457,2026-08-03 09:00:00,62509.1,62818.3,62490.7,62811.8,58904.0537
13458,2026-08-03 10:00:00,62811.8,62813.3,62616.8,62700.0,34990.0062
13459,2026-08-03 11:00:00,62700.0,62736.7,62553.1,62553.1,86098.0462
13460,2026-08-03 12:00:00,62553.1,62741.4,62455.1,62668.9,69650.2554
13461,2026-08-03 13:00:00,62668.9,63251.7,62623.6,63251.3,106871.9524
13462,2026-08-03 14:00:00,63251.7,63930.0,63157.7,63865.1,112663.262
13463,2026-08-03 15:00:00,63885.5,63900.2,63623.6,63628.5,90630.0215
13464,2026-08-03 16:00:00,63628.5,63869.5,63623.6,63737.9,81865.4962
13465,2026-08-03 17:00:00,63737.9,63930.0,63722.2,63851.2,63595.4991
13466,2026-08-03 18:00:00,63857.8,63932.1,63784.5,63850.4,62406.5301
13467,2026-08-03 19:00:00,63850.4,63978.4,63835.5,63863.8,78442.9487
13468,2026-08-03 20:00:00,63863.8,63967.6,63778.2,63778.2,58651.8073
13469,2026-08-03 21:00:00,63778.2,63779.4,63605.1,63605.1,62333.2858
13470,2026-08-03 22:00:00,63605.1,63631.2,63470.4,63587.6,62365.6853
13471,2026-08-03 23:00:00,63587.6,63603.3,63444.8,63493.8,57790.374
13472,2026-08-04 00:00:00,63493.2,63544.6,63330.1,63331.1,69706.9713
13473,2026-08-04 01:00:00,63343.3,63842.5,63331.1,63816.1,85529.2815
13474,2026-08-04 02:00:00,63816.1,63882.1,63665.1,63804.6,60146.9405
13475,2026-08-04 03:00:00,63804.6,63815.8,63662.4,63780.1,49198.0936
13476,2026-08-04 04:00:00,63780.1,64154.5,63745.1,64082.6,85443.9656
13477,2026-08-04 05:00:00,64082.6,64084.1,63772.4,63773.0,29603.1163
13478,2026-08-04 06:00:00,63773.0,63827.6,63640.3,63648.9,80043.688
13479,2026-08-04 07:00:00,63648.9,63711.0,63490.2,63694.1,61972.3687
13480,2026-08-04 08:00:00,63694.1,63711.0,63543.0,63556.5,44745.0538
13481,2026-08-04 09:00:00,63556.5,63577.8,63512.2,63576.4,14099.4551
13482,2026-08-04 10:00:00,63576.4,63776.9,63441.6,63735.6,82962.6877
13483,2026-08-04 11:00:00,63735.6,63918.9,63703.1,63901.3,68885.7539
13484,2026-08-04 12:00:00,63901.3,63941.1,63770.5,63888.8,42706.7415
13485,2026-08-04 13:00:00,63888.8,64059.8,63765.9,63765.9,97677.1208
13486,2026-08-04 14:00:00,63765.9,64126.1,63638.6,64099.9,87089.1721
13487,2026-08-04 15:00:00,64099.9,64198.2,63828.6,64128.4,82812.809
13488,2026-08-04 16:00:00,64128.4,64129.7,63920.0,63920.3,61583.2324
13489,2026-08-04 17:00:00,63920.3,64131.8,63920.0,63949.1,91974.1388
13490,2026-08-04 18:00:00,63948.3,64351.0,63936.2,64274.8,70880.6545
13491,2026-08-04 19:00:00,64275.8,64327.3,64230.1,64256.9,54285.2476
13492,2026-08-04 20:00:00,64256.9,64333.8,63984.0,64309.9,84148.7055
13493,2026-08-04 21:00:00,64309.9,64311.3,64171.6,64179.3,41676.1109
13494,2026-08-04 22:00:00,64179.3,64243.1,64129.9,64237.7,52283.755
13495,2026-08-04 23:00:00,64237.7,64393.2,64090.0,64090.0,83438.0175
13496,2026-08-05 00:00:00,64090.0,64145.5,63958.9,63965.9,65739.2899
13497,2026-08-05 01:00:00,63965.9,64300.9,63936.1,64289.1,70978.6112
13498,2026-08-05 02:00:00,64288.1,64425.0,64264.1,64340.4,61356.8885
13499,2026-08-05 03:00:00,64340.4,64409.7,64032.5,64145.3,63078.0599
13500,2026-08-05 04:00:00,64144.8,64155.0,64069.0,64096.3,27004.902
13501,2026-08-05 05:00:00,64141.5,64412.1,64096.3,64326.4,50245.9524
13502,2026-08-05 06:00:00,64325.4,64341.6,64205.6,64223.4,49968.6114
13503,2026-08-05 07:00:00,64218.8,64226.9,63980.1,64120.1,71467.9672
13504,2026-08-05 08:00:00,64120.1,64227.2,64118.4,64118.4,56563.6753
13505,2026-08-05 09:00:00,64118.4,64150.0,64083.4,64139.7,14273.3021
13506,2026-08-05 10:00:00,64139.7,64198.6,64035.3,64035.3,67162.2228
13507,2026-08-05 11:00:00,64035.3,64111.1,64024.0,64044.6,26259.3554
13508,2026-08-05 12:00:00,64044.6,64503.9,64044.6,64304.4,103353.9371
13509,2026-08-05 13:00:00,64304.4,64346.7,63932.0,64317.1,99976.4854
13510,2026-08-05 14:00:00,64317.1,64477.1,64177.8,64382.2,85200.908
13511,2026-08-05 15:00:00,64407.0,64653.2,64382.1,64382.1,84448.8893
13512,2026-08-05 16:00:00,64382.1,64724.6,64379.3,64604.3,63819.5805
13513,2026-08-05 17:00:00,64604.3,64757.9,64520.8,64756.6,81404.6678
13514,2026-08-05 18:00:00,64756.6,64776.1,64653.0,64762.7,56547.987
13515,2026-08-05 19:00:00,64762.7,64852.4,64745.3,64831.9,25288.3924
13516,2026-08-05 20:00:00,64836.2,64952.3,64779.9,64808.7,78070.4137
13517,2026-08-05 21:00:00,64809.7,64812.0,64650.5,64713.2,56892.0235
13518,2026-08-05 22:00:00,64719.4,64730.0,64648.2,64683.8,21245.2344
13519,2026-08-05 23:00:00,64693.7,64693.9,64646.8,64693.8,2568.3599
13520,2026-08-06 00:00:00,64691.1,64693.9,64645.7,64683.9,4744.4997
13521,2026-08-06 01:00:00,64679.0,64684.7,64486.3,64591.7,50678.1164
13522,2026-08-06 02:00:00,64591.7,64603.3,64472.5,64511.8,54066.351
13523,2026-08-06 03:00:00,64510.6,64518.8,64490.6,64507.0,3077.1733
13524,2026-08-06 04:00:00,64507.0,64689.7,64490.6,64677.7,48544.3579
13525,2026-08-06 05:00:00,64677.7,64949.4,64673.0,64833.4,54000.4546
13526,2026-08-06 06:00:00,64853.7,64853.7,64725.8,64813.9,35269.4735
13527,2026-08-06 07:00:00,64812.0,64918.7,64763.1,64763.1,53468.8332
13528,2026-08-06 08:00:00,64789.3,64918.7,64763.1,64912.5,45344.9778
13529,2026-08-06 09:00:00,64912.5,64912.5,64640.9,64651.8,50285.838
13530,2026-08-06 10:00:00,64649.1,64658.2,64564.3,64580.8,25997.9528
13531,2026-08-06 11:00:00,64583.6,64597.4,64474.1,64596.2,28851.1564
13532,2026-08-06 12:00:00,64597.3,64597.4,64393.3,64408.4,59374.5711
13533,2026-08-06 13:00:00,64394.2,64468.1,64176.3,64409.3,81308.6293
13534,2026-08-06 14:00:00,64407.7,64708.3,64389.5,64708.2,92736.4544
13535,2026-08-06 15:00:00,64706.2,64952.6,64663.3,64664.2,95513.4055
13536,2026-08-06 16:00:00,64663.3,64735.8,64587.3,64724.9,61845.3665
13537,2026-08-06 17:00:00,64723.3,64789.9,64563.1,64603.4,64186.5673
13538,2026-08-06 18:00:00,64603.4,64606.6,64362.1,64373.7,61507.309
13539,2026-08-06 19:00:00,64373.7,64430.1,64362.2,64414.0,22721.178
13540,2026-08-06 20:00:00,64414.0,64496.3,64407.5,64407.5,35584.3829
13541,2026-08-06 21:00:00,64407.5,64444.6,64375.0,64444.3,27098.4204
13542,2026-08-06 22:00:00,64436.1,64444.3,64310.3,64320.8,42182.0891
13543,2026-08-06 23:00:00,64320.9,64346.1,64176.8,64295.1,50682.0829
13544,2026-08-07 00:00:00,64294.7,64357.0,64207.1,64271.2,67854.9202
13545,2026-08-07 01:00:00,64271.2,64437.1,64271.1,64392.4,57384.801
13546,2026-08-07 02:00:00,64392.4,64421.7,64271.1,64369.5,63352.0496
13547,2026-08-07 03:00:00,64369.5,64372.1,64263.2,64264.0,44986.2359
13548,2026-08-07 04:00:00,64264.0,64326.8,64197.1,64225.8,51613.2741
13549,2026-08-07 05:00:00,64225.8,64350.2,64170.0,64326.6,63367.9582
13550,2026-08-07 06:00:00,64326.6,64437.1,64263.4,64280.2,49803.901
13551,2026-08-07 07:00:00,64280.0,64386.9,64244.8,64302.7,55956.951
13552,2026-08-07 08:00:00,64302.1,64606.6,64295.1,64559.5,55178.3822
13553,2026-08-07 09:00:00,64559.5,64952.6,64550.4,64809.0,76338.2447
13554,2026-08-07 10:00:00,64809.0,64864.7,64798.6,64864.0,20520.8942
13555,2026-08-07 11:00:00,64864.0,65094.5,64827.6,64990.0,68982.738
13556,2026-08-07 12:00:00,64996.5,65331.4,64971.7,65275.0,80388.5295
13557,2026-08-07 13:00:00,65275.0,65331.4,65091.3,65097.4,79745.5861
13558,2026-08-07 14:00:00,65132.3,65211.5,64795.6,64990.5,92026.4955
13559,2026-08-07 15:00:00,64993.8,65015.2,64905.8,64915.9,61506.3983
13560,2026-08-07 16:00:00,64914.3,65033.6,64805.3,64832.8,72953.676
13561,2026-08-07 17:00:00,64832.8,64832.8,64550.0,64733.3,73505.3603
13562,2026-08-07 18:00:00,64733.3,64854.9,64655.2,64693.9,49824.3277
13563,2026-08-07 19:00:00,64693.9,64988.7,64693.7,64923.3,73768.9613
13564,2026-08-07 20:00:00,64949.2,64953.1,64916.6,64931.6,12990.5861
13565,2026-08-07 21:00:00,64931.6,65037.0,64907.5,64912.1,53444.8331
13566,2026-08-07 22:00:00,64912.1,64919.5,64827.8,64854.7,17361.3399
13567,2026-08-07 23:00:00,64854.7,64885.9,64827.8,64885.4,16976.2616
13568,2026-08-08 00:00:00,64885.4,64885.4,64790.0,64880.9,41531.0999
13569,2026-08-08 01:00:00,64884.9,64918.7,64880.9,64889.5,7655.1463
13570,2026-08-08 02:00:00,64889.5,64919.3,64880.9,64896.2,5289.863
13571,2026-08-08 03:00:00,64896.2,65041.3,64896.2,64986.1,26960.0089
13572,2026-08-08 04:00:00,64986.1,65032.6,64948.4,64976.5,30205.002
13573,2026-08-08 05:00:00,64973.0,64976.5,64948.4,64948.5,1260.9057
13574,2026-08-08 06:00:00,64948.5,64949.1,64932.5,64949.1,12022.1878
13575,2026-08-08 07:00:00,64949.1,64950.6,64919.5,64936.2,12333.5479
13576,2026-08-08 08:00:00,64936.3,64936.5,64925.4,64935.5,382.0026
13577,2026-08-08 09:00:00,64935.5,65026.9,64925.4,64961.1,38832.6806
13578,2026-08-08 10:00:00,64961.1,64996.3,64960.0,64985.9,9246.2103
13579,2026-08-08 11:00:00,64996.3,64996.3,64930.0,64937.0,10734.6463
13580,2026-08-08 12:00:00,64937.0,65017.0,64925.3,64995.0,21139.6307
13581,2026-08-08 13:00:00,64995.0,65017.0,64967.4,64976.6,609.0872
13582,2026-08-08 14:00:00,64976.6,65149.9,64967.4,65143.8,53572.5345
13583,2026-08-08 15:00:00,65143.8,65149.9,65070.5,65070.5,19676.3755
13584,2026-08-08 16:00:00,65070.5,65084.9,65025.8,65056.0,7835.2166
13585,2026-08-08 17:00:00,65056.0,65109.5,65045.6,65094.9,13983.1804
13586,2026-08-08 18:00:00,65097.3,65109.5,65025.8,65025.8,16480.5203
13587,2026-08-08 19:00:00,65032.0,65056.0,65008.3,65047.9,23623.8567
13588,2026-08-08 20:00:00,65047.9,65058.8,65040.4,65052.6,10375.9649
13589,2026-08-08 21:00:00,65052.6,65058.8,65002.1,65024.9,25485.4227
13590,2026-08-08 22:00:00,65025.6,65033.3,64949.1,64968.0,10021.3458
13591,2026-08-08 23:00:00,64974.6,64974.6,64907.9,64936.7,21493.1208
13592,2026-08-09 00:00:00,64936.7,64956.8,64934.0,64952.9,6279.2864
13593,2026-08-09 01:00:00,64953.0,64957.0,64849.4,64861.6,30614.6548
13594,2026-08-09 02:00:00,64849.5,64865.8,64755.0,64795.5,24437.1681
13595,2026-08-09 03:00:00,64795.5,64795.5,64702.0,64754.1,25775.2457
13596,2026-08-09 04:00:00,64754.1,64770.1,64749.3,64752.1,235.0848
13597,2026-08-09 05:00:00,64752.1,64766.3,64749.3,64766.3,615.2445
13598,2026-08-09 06:00:00,64766.3,64797.5,64766.1,64797.5,6649.0115
13599,2026-08-09 07:00:00,64797.5,64823.9,64786.6,64794.9,22407.8251
13600,2026-08-09 08:00:00,64794.9,64911.0,64782.8,64789.2,22788.1979
13601,2026-08-09 09:00:00,64782.8,64839.5,64780.9,64833.8,13255.599
13602,2026-08-09 10:00:00,64833.8,64948.2,64792.8,64937.4,29071.1215
13603,2026-08-09 11:00:00,64937.4,64957.6,64933.1,64933.1,10485.7355
13604,2026-08-09 12:00:00,64933.4,64933.4,64891.3,64928.5,18755.2437
13605,2026-08-09 13:00:00,64928.5,65195.0,64908.8,65190.4,78174.6453
13606,2026-08-09 14:00:00,65171.6,65256.4,65135.8,65252.1,40678.1691
13607,2026-08-09 15:00:00,65252.1,65252.5,65193.5,65209.0,15671.2055
13608,2026-08-09 16:00:00,65209.0,65237.1,65153.1,65223.0,38606.8096
13609,2026-08-09 17:00:00,65234.7,65236.8,65166.3,65170.0,14055.8739
13610,2026-08-09 18:00:00,65169.9,65196.0,65161.2,65167.5,17248.1515
13611,2026-08-09 19:00:00,65167.1,65185.5,65166.0,65167.2,1020.545
13612,2026-08-09 20:00:00,65167.2,65171.7,65071.4,65114.0,30996.4665
13613,2026-08-09 21:00:00,65114.0,65173.8,65091.3,65173.6,9123.0782
13614,2026-08-09 22:00:00,65173.6,65345.3,64985.7,65065.0,88021.1856
13615,2026-08-09 23:00:00,65065.0,65070.6,64833.0,64852.1,53239.3346
13616,2026-08-10 00:00:00,64852.1,65205.5,64820.1,64935.8,89547.1742
13617,2026-08-10 01:00:00,64937.8,65207.3,64915.9,65172.9,76980.0074
13618,2026-08-10 02:00:00,65172.9,65174.3,64909.4,65074.5,67840.6157
13619,2026-08-10 03:00:00,65074.5,65117.5,64912.4,64934.8,66009.3629
13620,2026-08-10 04:00:00,64934.8,65052.6,64934.1,64965.0,42308.9542
13621,2026-08-10 05:00:00,64965.0,65119.8,64955.7,65117.1,48215.6496
13622,2026-08-10 06:00:00,65119.8,65248.0,65114.2,65243.5,37005.5903
13623,2026-08-10 07:00:00,65248.0,65315.5,65174.7,65201.7,41175.4389
13624,2026-08-10 08:00:00,65199.4,65312.4,65182.7,65189.0,50213.1455
13625,2026-08-10 09:00:00,65184.1,65189.7,64934.1,64941.0,51510.7694
13626,2026-08-10 10:00:00,64941.1,65038.8,64940.9,65027.2,31346.34
13627,2026-08-10 11:00:00,65027.2,65090.8,64967.4,65045.9,43219.6923
13628,2026-08-10 12:00:00,65063.7,65148.6,64902.2,64902.2,63544.5355
13629,2026-08-10 13:00:00,64902.2,64930.9,64550.0,64550.0,83085.4369
13630,2026-08-10 14:00:00,64550.0,64829.4,64550.0,64635.0,75106.7837
13631,2026-08-10 15:00:00,64635.0,64691.3,64233.0,64329.9,94115.9169
13632,2026-08-10 16:00:00,64313.2,64329.9,63891.6,63966.0,99557.7407
13633,2026-08-10 17:00:00,63949.2,64059.4,63835.2,63922.9,65336.3536
13634,2026-08-10 18:00:00,63893.2,63984.5,63828.8,63872.5,78274.9902
13635,2026-08-10 19:00:00,63872.5,63998.8,63867.5,63997.9,67186.9515
13636,2026-08-10 20:00:00,63997.9,64147.4,63990.3,64143.9,31921.1257
13637,2026-08-10 21:00:00,64143.9,64146.7,63963.1,63963.1,51004.5696
13638,2026-08-10 22:00:00,63963.1,64027.1,63942.3,63977.6,35500.9399
13639,2026-08-10 23:00:00,63977.7,63987.4,63906.9,63924.3,20833.8789
13640,2026-08-11 00:00:00,63924.3,64022.7,63904.8,64013.2,26851.286
13641,2026-08-11 01:00:00,64013.2,64027.2,63950.0,64017.3,55597.4038
13642,2026-08-11 02:00:00,64019.3,64023.7,64017.2,64020.0,1478.7236
13643,2026-08-11 03:00:00,64020.0,64141.9,64017.7,64104.3,30204.9459
13644,2026-08-11 04:00:00,64104.3,64107.9,64017.0,64017.0,7817.3542
13645,2026-08-11 05:00:00,64017.0,64023.3,63941.6,64012.5,32582.2393
13646,2026-08-11 06:00:00,64006.3,64016.6,63875.5,63935.3,63224.2992
13647,2026-08-11 07:00:00,63935.3,64066.8,63881.4,64043.2,45974.015
13648,2026-08-11 08:00:00,64065.4,64108.0,64035.9,64108.0,15608.5946
13649,2026-08-11 09:00:00,64108.0,64240.1,64106.0,64240.1,41604.6418
13650,2026-08-11 10:00:00,64240.1,64283.0,64199.9,64205.9,42621.0239
13651,2026-08-11 11:00:00,64205.9,64379.0,64205.9,64372.5,39332.4606
13652,2026-08-11 12:00:00,64372.5,64453.8,64273.3,64303.1,52668.6521
13653,2026-08-11 13:00:00,64303.1,64339.0,64056.3,64170.4,74065.9432
13654,2026-08-11 14:00:00,64170.4,64200.0,63731.6,63753.1,119045.9978
13655,2026-08-11 15:00:00,63747.0,63952.7,63471.0,63591.8,96559.3377
13656,2026-08-11 16:00:00,63591.8,63820.3,63471.0,63495.0,61290.2172
13657,2026-08-11 17:00:00,63495.0,63557.3,63450.5,63557.3,29073.1963
13658,2026-08-11 18:00:00,63557.3,63557.3,63286.3,63355.0,56067.312
13659,2026-08-11 19:00:00,63355.0,63499.4,63280.3,63499.3,64127.8899
13660,2026-08-11 20:00:00,63499.3,63715.4,63415.4,63715.3,52846.4614
13661,2026-08-11 21:00:00,63715.3,63715.4,63590.8,63650.0,31043.8152
13662,2026-08-11 22:00:00,63650.0,63738.7,63630.3,63638.9,37955.1259
13663,2026-08-11 23:00:00,63638.9,63638.9,63564.7,63577.2,21967.6536
13664,2026-08-12 00:00:00,63577.2,63691.5,63552.9,63691.5,46673.2906
13665,2026-08-12 01:00:00,63691.5,63822.9,63687.4,63791.0,58883.6896
13666,2026-08-12 02:00:00,63791.0,63839.9,63743.6,63743.6,39404.45
13667,2026-08-12 03:00:00,63743.6,63768.0,63691.8,63768.0,26632.6251
13668,2026-08-12 04:00:00,63768.0,63840.1,63713.0,63769.4,49534.9327
13669,2026-08-12 05:00:00,63769.4,63834.9,63713.6,63820.4,21766.4462
13670,2026-08-12 06:00:00,63825.4,63834.0,63616.8,63628.4,51453.9351
13671,2026-08-12 07:00:00,63628.4,63767.7,63616.8,63767.7,46273.3625
13672,2026-08-12 08:00:00,63767.7,63812.6,63741.4,63779.4,17330.5279
13673,2026-08-12 09:00:00,63779.4,64072.4,63764.8,64070.3,57125.5921
13674,2026-08-12 10:00:00,64072.4,64138.7,64020.0,64116.7,49266.253
13675,2026-08-12 11:00:00,64116.7,64202.0,64091.4,64202.0,46977.2472
13676,2026-08-12 12:00:00,64201.8,64315.7,64040.5,64087.2,74226.215
13677,2026-08-12 13:00:00,64087.2,64096.0,63874.8,63940.5,77480.0117
13678,2026-08-12 14:00:00,63874.8,63940.5,63372.3,63372.3,107661.0423
13679,2026-08-12 15:00:00,63372.3,63571.2,63328.9,63418.1,73742.8447
13680,2026-08-12 16:00:00,63418.1,63528.3,63375.1,63462.4,61930.7743
13681,2026-08-12 17:00:00,63462.3,63508.0,63408.4,63455.0,38647.5553
13682,2026-08-12 18:00:00,63455.0,63508.0,63356.6,63364.2,61785.3172
13683,2026-08-12 19:00:00,63364.2,63422.0,63313.7,63396.1,61300.6954
13684,2026-08-12 20:00:00,63396.1,63565.0,63391.7,63565.0,57648.8881
13685,2026-08-12 21:00:00,63564.6,63576.3,63438.0,63441.4,35871.9089
13686,2026-08-12 22:00:00,63441.6,63503.4,63376.6,63403.7,41883.9928
13687,2026-08-12 23:00:00,63403.7,63442.1,63366.5,63442.1,34045.4081
13688,2026-08-13 00:00:00,63422.3,63623.8,63399.5,63558.3,64109.3694
13689,2026-08-13 01:00:00,63558.3,63590.0,63394.1,63450.0,51002.5361
13690,2026-08-13 02:00:00,63450.0,63550.4,63366.5,63522.8,48408.4545
13691,2026-08-13 03:00:00,63522.8,63649.2,63492.7,63627.7,37940.6891
13692,2026-08-13 04:00:00,63627.7,63729.9,63585.7,63680.8,27963.7017
13693,2026-08-13 05:00:00,63702.8,63940.5,63664.6,63888.0,35733.6278
13694,2026-08-13 06:00:00,63888.0,63906.5,63741.9,63906.4,43837.714
13695,2026-08-13 07:00:00,63906.5,63906.5,63824.4,63829.0,33450.7263
13696,2026-08-13 08:00:00,63829.0,63878.3,63824.4,63860.6,5240.6801
13697,2026-08-13 09:00:00,63856.2,63878.4,63824.4,63824.4,781.8016
13698,2026-08-13 10:00:00,63871.0,63878.4,63609.6,63624.9,16769.7127
13699,2026-08-13 11:00:00,63624.7,63625.2,63366.5,63456.5,76035.9917
13700,2026-08-13 12:00:00,63456.5,63626.9,63445.9,63626.9,48605.6545
13701,2026-08-13 13:00:00,63615.1,63820.0,63555.5,63695.9,71414.6315
13702,2026-08-13 14:00:00,63696.8,63923.1,63693.0,63858.2,65221.2146
13703,2026-08-13 15:00:00,63859.8,63914.7,63532.2,63532.2,92125.7441
13704,2026-08-13 16:00:00,63532.2,63579.9,63048.1,63083.3,107735.5723
13705,2026-08-13 17:00:00,63083.3,63253.7,63064.0,63177.0,61186.8931
13706,2026-08-13 18:00:00,63180.3,63323.0,63104.0,63303.8,72932.7419
13707,2026-08-13 19:00:00,63323.0,63403.5,63294.6,63379.3,29359.3055
13708,2026-08-13 20:00:00,63382.0,63403.9,63371.6,63403.9,2115.9355
13709,2026-08-13 21:00:00,63385.6,63452.9,63373.7,63441.1,16662.3864
13710,2026-08-13 22:00:00,63441.1,63598.5,63415.3,63504.9,52078.726
13711,2026-08-13 23:00:00,63500.0,63504.9,63390.1,63455.3,48506.3904
13712,2026-08-14 00:00:00,63455.3,63517.6,63409.0,63517.6,54625.1897
13713,2026-08-14 01:00:00,63517.7,63520.2,63441.4,63520.2,43921.3829
13714,2026-08-14 02:00:00,63520.2,63584.5,63455.4,63455.4,53370.5716
13715,2026-08-14 03:00:00,63455.4,63533.4,63293.1,63293.4,86808.4369
13716,2026-08-14 04:00:00,63293.1,63433.8,63268.3,63384.3,19885.5199
13717,2026-08-14 05:00:00,63384.3,63386.5,63273.3,63357.5,35621.7264
13718,2026-08-14 06:00:00,63354.3,63357.6,62947.1,62947.1,77249.931
13719,2026-08-14 07:00:00,62947.6,63128.3,62891.1,62891.1,44664.0429
13720,2026-08-14 08:00:00,62904.0,62944.8,62739.9,62858.4,68306.2544
13721,2026-08-14 09:00:00,62860.3,62878.6,62722.8,62787.1,45333.1111
13722,2026-08-14 10:00:00,62788.0,62880.4,62733.7,62787.4,42489.4656
13723,2026-08-14 11:00:00,62783.8,62889.9,62782.3,62828.1,46814.8348
13724,2026-08-14 12:00:00,62828.1,62868.6,62738.7,62756.9,61900.2099
13725,2026-08-14 13:00:00,62756.9,62761.7,62602.7,62625.1,81122.1335
13726,2026-08-14 14:00:00,62625.1,62753.9,62584.0,62592.9,80260.6533
13727,2026-08-14 15:00:00,62591.5,63013.1,62584.0,63013.1,85771.3194
13728,2026-08-14 16:00:00,63012.5,63174.3,62944.9,63122.4,46040.7786
13729,2026-08-14 17:00:00,63133.6,63180.2,63047.0,63047.0,74071.18
13730,2026-08-14 18:00:00,63050.4,63050.4,62868.0,62883.2,53881.3513
13731,2026-08-14 19:00:00,62868.1,62949.4,62820.5,62940.6,32207.1527
13732,2026-08-14 20:00:00,62940.6,62980.4,62885.2,62885.2,31275.2631
13733,2026-08-14 21:00:00,62885.2,62888.2,62872.7,62888.2,9193.3378
13734,2026-08-14 22:00:00,62888.2,62893.8,62810.1,62833.8,23658.1529
13735,2026-08-14 23:00:00,62833.8,62990.8,62810.1,62990.8,50490.1818
13736,2026-08-15 00:00:00,62973.7,63015.7,62973.6,62975.1,7491.6551
13737,2026-08-15 01:00:00,62982.2,62982.2,62966.7,62974.3,8050.5203
13738,2026-08-15 02:00:00,62974.3,63113.2,62966.7,63113.2,29453.1147
13739,2026-08-15 03:00:00,63113.2,63159.0,63024.8,63024.9,23734.2043
13740,2026-08-15 04:00:00,63024.9,63127.4,63024.8,63100.7,22012.3802
13741,2026-08-15 05:00:00,63100.8,63127.4,63041.8,63055.4,18275.6978
13742,2026-08-15 06:00:00,63055.3,63108.2,63035.7,63103.1,10653.9013
13743,2026-08-15 07:00:00,63103.0,63108.2,63042.6,63062.6,12735.2643
13744,2026-08-15 08:00:00,63049.9,63062.7,62924.1,62924.1,37008.1375
13745,2026-08-15 09:00:00,62924.1,63010.6,62894.6,63010.0,24300.5829
13746,2026-08-15 10:00:00,63010.1,63024.6,62996.1,63021.5,5705.5657
13747,2026-08-15 11:00:00,63021.5,63024.6,62995.9,63014.6,3523.1863
13748,2026-08-15 12:00:00,63014.6,63021.7,62922.6,62982.2,48098.5415
13749,2026-08-15 13:00:00,62982.2,63049.3,62922.6,63019.8,16168.8057
13750,2026-08-15 14:00:00,63016.9,63020.9,62999.5,63011.7,552.5069
13751,2026-08-15 15:00:00,63016.1,63091.4,63007.2,63068.1,23662.1952
13752,2026-08-15 16:00:00,63068.0,63084.3,63042.8,63066.3,18970.2853
13753,2026-08-15 17:00:00,63066.3,63084.4,63042.8,63056.8,655.0485
13754,2026-08-15 18:00:00,63043.5,63084.4,63013.5,63018.2,12659.4692
13755,2026-08-15 19:00:00,63018.2,63084.8,63013.5,63080.0,8040.132
13756,2026-08-15 20:00:00,63080.0,63084.8,63069.6,63077.2,178.9267
13757,2026-08-15 21:00:00,63077.2,63090.0,63077.0,63090.0,3467.3799
13758,2026-08-15 22:00:00,63089.9,63127.2,63077.7,63121.8,23108.1515
13759,2026-08-15 23:00:00,63121.8,63127.2,63054.4,63054.4,20721.7121
13760,2026-08-16 00:00:00,63054.4,63054.6,63032.9,63033.0,13236.5658
13761,2026-08-16 01:00:00,63033.0,63034.2,63019.0,63032.2,6238.1786
13762,2026-08-16 02:00:00,63034.2,63122.5,63007.2,63092.4,21462.6041
13763,2026-08-16 03:00:00,63092.3,63122.5,63085.6,63093.8,4315.3919
13764,2026-08-16 04:00:00,63093.7,63122.7,63056.6,63056.6,21258.7435
13765,2026-08-16 05:00:00,63056.6,63061.1,63056.6,63056.6,181.9926
13766,2026-08-16 06:00:00,63056.6,63065.8,63036.6,63036.6,3040.4588
13767,2026-08-16 07:00:00,63036.6,63048.1,63025.0,63034.4,4292.2388
13768,2026-08-16 08:00:00,63034.3,63045.1,63029.3,63039.7,421.6419
13769,2026-08-16 09:00:00,63039.7,63045.1,62957.9,62957.9,32738.3015
13770,2026-08-16 10:00:00,62958.0,62974.0,62956.8,62970.5,1097.4798
13771,2026-08-16 11:00:00,62970.5,62974.0,62956.8,62956.9,297.8607
13772,2026-08-16 12:00:00,62956.9,62981.5,62956.8,62971.2,6640.9577
13773,2026-08-16 13:00:00,62972.9,63040.2,62962.4,63040.0,14667.2886
13774,2026-08-16 14:00:00,63040.0,63075.0,63031.9,63075.0,8152.1597
13775,2026-08-16 15:00:00,63075.0,63111.6,63074.8,63111.6,8295.1344
13776,2026-08-16 16:00:00,63111.6,63345.3,63098.7,63238.0,72303.6078
13777,2026-08-16 17:00:00,63238.0,63241.1,63113.8,63136.0,35761.2
13778,2026-08-16 18:00:00,63136.0,63146.7,63130.6,63130.6,1872.9264
13779,2026-08-16 19:00:00,63130.7,63191.0,63074.9,63082.2,28618.8919
13780,2026-08-16 20:00:00,63080.1,63088.2,63032.2,63040.9,18603.1603
13781,2026-08-16 21:00:00,63040.9,63054.4,62877.3,62936.3,48020.1904
13782,2026-08-16 22:00:00,62936.3,62939.5,62707.3,62867.9,86515.8321
13783,2026-08-16 23:00:00,62867.8,62930.0,62806.7,62886.6,50715.081
13784,2026-08-17 00:00:00,62887.2,62887.3,62744.9,62884.3,48221.4323
13785,2026-08-17 01:00:00,62884.3,63198.3,62870.6,63087.9,75361.15
13786,2026-08-17 02:00:00,63087.9,63398.0,63016.9,63300.0,84072.8422
13787,2026-08-17 03:00:00,63300.0,63401.3,63245.0,63401.3,41476.5128
13788,2026-08-17 04:00:00,63401.3,63545.0,63399.7,63503.4,45454.2818
13789,2026-08-17 05:00:00,63503.4,63545.2,63437.1,63488.1,44494.9179
13790,2026-08-17 06:00:00,63488.1,63677.0,63488.0,63618.4,52448.9477
13791,2026-08-17 07:00:00,63618.4,63618.4,63499.4,63499.4,45144.9148
13792,2026-08-17 08:00:00,63500.0,63500.0,63323.9,63376.5,66264.8724
13793,2026-08-17 09:00:00,63376.5,63393.7,63261.8,63288.4,55894.2281
13794,2026-08-17 10:00:00,63288.4,63603.1,63281.7,63590.0,58737.9562
13795,2026-08-17 11:00:00,63580.6,63716.9,63572.2,63577.3,48127.0584
13796,2026-08-17 12:00:00,63577.1,63646.2,63530.6,63531.4,54059.6956
13797,2026-08-17 13:00:00,63531.5,63711.8,63459.9,63642.5,79679.5079
13798,2026-08-17 14:00:00,63642.3,63840.0,63580.0,63840.0,80547.7009
13799,2026-08-17 15:00:00,63829.5,64146.1,63783.7,64144.9,80468.0097
13800,2026-08-17 16:00:00,64144.3,64161.9,64038.2,64082.2,47365.9718
13801,2026-08-17 17:00:00,64082.2,64339.0,64014.4,64264.8,87634.7817
13802,2026-08-17 18:00:00,64264.7,64452.9,64263.9,64405.2,58329.0196
13803,2026-08-17 19:00:00,64405.3,64436.1,64266.2,64280.4,71405.1467
13804,2026-08-17 20:00:00,64280.5,64375.0,64244.9,64365.2,35849.4088
13805,2026-08-17 21:00:00,64365.2,64381.4,64281.1,64337.3,38046.616
13806,2026-08-17 22:00:00,64337.3,64337.3,64321.0,64321.1,368.785
13807,2026-08-17 23:00:00,64322.9,64352.4,64321.0,64321.2,4562.4274
13808,2026-08-18 00:00:00,64337.9,64352.4,64321.1,64336.2,89.3589
13809,2026-08-18 01:00:00,64341.4,64352.3,64237.1,64345.2,10372.9466
13810,2026-08-18 02:00:00,64333.4,64352.3,64237.1,64268.6,753.3023
13811,2026-08-18 03:00:00,64286.9,64352.3,64137.0,64144.3,6122.8739
13812,2026-08-18 04:00:00,64142.4,64199.1,64065.9,64179.4,42353.9828
13813,2026-08-18 05:00:00,64179.4,64231.5,64144.1,64173.8,46795.5308
13814,2026-08-18 06:00:00,64177.6,64408.9,64143.9,64259.8,70645.5896
13815,2026-08-18 07:00:00,64259.8,64326.4,64150.7,64166.0,46693.2518
13816,2026-08-18 08:00:00,64166.0,64288.9,64093.7,64221.6,65999.9522
13817,2026-08-18 09:00:00,64222.1,64223.1,64130.0,64152.0,30167.4666
13818,2026-08-18 10:00:00,64152.0,64170.2,64125.7,64160.7,15345.1471
13819,2026-08-18 11:00:00,64170.2,64351.7,64159.1,64319.0,58889.8341
13820,2026-08-18 12:00:00,64314.8,64319.0,64204.3,64204.3,29596.2145
13821,2026-08-18 13:00:00,64204.7,64231.8,64060.0,64184.5,79284.3518
13822,2026-08-18 14:00:00,64184.5,64959.8,64184.2,64715.9,109311.5724
13823,2026-08-18 15:00:00,64716.2,64839.9,64695.5,64815.5,51829.9049
13824,2026-08-18 16:00:00,64817.9,64839.9,64657.2,64786.9,45018.1719
13825,2026-08-18 17:00:00,64786.8,64799.9,64657.2,64657.2,57125.3663
13826,2026-08-18 18:00:00,64657.3,64776.3,64641.9,64744.6,41804.9408
13827,2026-08-18 19:00:00,64743.9,64744.6,64642.1,64643.8,34393.9745
13828,2026-08-18 20:00:00,64643.9,64649.9,64555.4,64555.4,32243.2128
13829,2026-08-18 21:00:00,64555.7,64603.9,64550.5,64587.0,18865.4381
13830,2026-08-18 22:00:00,64587.4,64614.5,64533.9,64599.8,28216.8672
13831,2026-08-18 23:00:00,64595.5,64706.4,64593.5,64696.0,28278.8009
13832,2026-08-19 00:00:00,64696.0,64703.2,64481.8,64481.8,82348.875
13833,2026-08-19 01:00:00,64481.8,64507.2,64368.2,64369.5,44518.8656
13834,2026-08-19 02:00:00,64368.9,64369.7,64322.2,64332.8,13621.8257
13835,2026-08-19 03:00:00,64332.8,64386.2,64263.7,64300.2,45761.3957
13836,2026-08-19 04:00:00,64300.8,64355.1,64266.2,64274.6,41759.8355
13837,2026-08-19 05:00:00,64285.3,64344.1,64228.9,64228.9,32819.735
13838,2026-08-19 06:00:00,64229.0,64300.1,64149.0,64300.1,50783.1313
13839,2026-08-19 07:00:00,64298.0,64348.9,64272.3,64272.3,37677.3265
13840,2026-08-19 08:00:00,64272.3,64436.1,64244.1,64422.0,43952.4428
13841,2026-08-19 09:00:00,64422.0,64430.3,64339.2,64384.4,36994.7282
13842,2026-08-19 10:00:00,64384.4,64395.3,64342.6,64375.5,18132.5926
13843,2026-08-19 11:00:00,64375.5,64496.3,64364.8,64479.1,36482.824
13844,2026-08-19 12:00:00,64479.0,64840.0,64444.1,64823.5,72959.4841
13845,2026-08-19 13:00:00,64827.5,65113.9,64769.5,64990.6,101856.879
13846,2026-08-19 14:00:00,64990.6,65855.1,64990.6,65850.4,121353.2603
13847,2026-08-19 15:00:00,65848.2,68519.0,65823.6,68512.8,161344.7355
13848,2026-08-19 16:00:00,68512.8,68881.2,68512.7,68515.4,90471.5167
13849,2026-08-19 17:00:00,68515.4,68628.5,67804.9,68201.3,85077.2384
13850,2026-08-19 18:00:00,68200.0,68377.8,68105.0,68369.8,65880.851
13851,2026-08-19 19:00:00,68370.2,68427.5,68119.0,68421.0,85420.2583
13852,2026-08-19 20:00:00,68421.0,69134.3,68387.3,69042.1,78435.5252
13853,2026-08-19 21:00:00,69042.1,69784.1,69003.7,69700.0,96860.3183
13854,2026-08-19 22:00:00,69700.0,69778.4,69020.5,69175.1,87044.1876
13855,2026-08-19 23:00:00,69175.2,69395.7,69175.1,69264.9,76042.8137
13856,2026-08-20 00:00:00,69264.8,69718.1,69262.3,69425.2,88604.1995
13857,2026-08-20 01:00:00,69425.2,69722.3,69280.1,69675.3,74078.0642
13858,2026-08-20 02:00:00,69687.6,69759.6,69294.5,69298.5,69288.0457
13859,2026-08-20 03:00:00,69298.5,69300.0,68925.2,69169.9,93768.3034
13860,2026-08-20 04:00:00,69169.9,69498.9,69158.6,69496.6,71639.9549
13861,2026-08-20 05:00:00,69497.0,69638.6,69378.7,69378.7,65917.9343
13862,2026-08-20 06:00:00,69378.8,69859.8,69368.5,69838.8,66345.3468
13863,2026-08-20 07:00:00,69838.9,69924.2,69566.6,69689.0,79257.7051
13864,2026-08-20 08:00:00,69689.0,71729.9,69640.0,71636.6,154986.846
13865,2026-08-20 09:00:00,71636.6,71997.1,71504.7,71783.9,77101.6587
13866,2026-08-20 10:00:00,71795.4,72292.1,71701.5,71920.1,100274.7408
13867,2026-08-20 11:00:00,71912.6,72283.1,71861.5,71871.8,78180.7353
13868,2026-08-20 12:00:00,71865.5,71939.1,71586.5,71881.0,91271.9222
13869,2026-08-20 13:00:00,71880.9,72009.1,71277.7,71663.2,90475.2874
13870,2026-08-20 14:00:00,71685.2,71890.8,71447.2,71739.1,82264.088
13871,2026-08-20 15:00:00,71739.0,72489.7,71642.2,72423.6,93437.6973
13872,2026-08-20 16:00:00,72422.1,72666.0,72263.6,72666.0,72460.1607
13873,2026-08-20 17:00:00,72665.9,72846.9,72550.9,72811.3,74068.0989
13874,2026-08-20 18:00:00,72811.3,72843.8,72405.9,72443.9,75969.6983
13875,2026-08-20 19:00:00,72443.9,72689.4,72341.7,72615.1,63105.3029
13876,2026-08-20 20:00:00,72618.6,72877.5,72612.5,72642.0,75085.3952
13877,2026-08-20 21:00:00,72648.6,72777.1,72578.4,72704.0,59409.7236
13878,2026-08-20 22:00:00,72703.9,72803.6,72544.6,72678.5,74652.7586
13879,2026-08-20 23:00:00,72678.6,73187.4,72674.2,73006.7,79752.4004
13880,2026-08-21 00:00:00,73020.9,73824.9,72999.1,73684.5,91605.9884
13881,2026-08-21 01:00:00,73684.6,75436.6,73662.9,75100.0,134041.2089
13882,2026-08-21 02:00:00,75082.7,75107.9,74377.3,74380.0,78814.3507
13883,2026-08-21 03:00:00,74379.9,74795.0,74296.1,74613.4,68806.6853
13884,2026-08-21 04:00:00,74613.3,74988.3,74564.6,74986.4,61881.341
13885,2026-08-21 05:00:00,74986.4,75390.9,74899.1,75387.0,75663.955
13886,2026-08-21 06:00:00,75390.8,75655.0,75172.8,75548.0,82464.9221
13887,2026-08-21 07:00:00,75557.3,76525.0,75548.0,76319.0,89075.7125
13888,2026-08-21 08:00:00,76314.4,78446.8,76295.5,78446.8,117855.0115
13889,2026-08-21 09:00:00,78446.7,78502.8,77474.1,77762.7,96117.5966
13890,2026-08-21 10:00:00,77759.5,78195.1,77568.8,77854.9,73495.3624
13891,2026-08-21 11:00:00,77819.9,77854.9,76647.1,76847.2,98061.6632
13892,2026-08-21 12:00:00,76838.8,77516.2,76688.8,77177.4,74603.3519
13893,2026-08-21 13:00:00,77177.4,77421.6,76362.3,77298.4,99016.908
13894,2026-08-21 14:00:00,77298.5,77415.9,76555.0,77412.9,79764.7489
13895,2026-08-21 15:00:00,77414.5,77693.9,77289.1,77291.2,77145.7847
13896,2026-08-21 16:00:00,77289.1,77500.8,76871.8,77485.0,62932.7433
13897,2026-08-21 17:00:00,77492.8,77619.9,77254.5,77397.9,65966.3855
13898,2026-08-21 18:00:00,77394.2,77480.5,76710.0,77090.4,93267.4204
13899,2026-08-21 19:00:00,77139.5,77286.8,76854.7,77024.9,66371.8446
13900,2026-08-21 20:00:00,77024.9,77481.3,76942.5,77459.0,66904.1058
13901,2026-08-21 21:00:00,77457.3,78505.9,77401.4,78484.5,87201.421
13902,2026-08-21 22:00:00,78467.7,78698.4,78229.1,78462.6,82166.9848
13903,2026-08-21 23:00:00,78462.7,78659.4,78229.1,78305.1,65319.4484
13904,2026-08-22 00:00:00,78305.9,78374.8,77756.1,77928.8,81800.0218
13905,2026-08-22 01:00:00,77929.9,78129.7,77815.2,77975.9,67724.4275
13906,2026-08-22 02:00:00,77975.9,78453.0,77813.9,78434.5,69334.3415
13907,2026-08-22 03:00:00,78434.5,78747.3,78404.9,78514.2,72832.6645
13908,2026-08-22 04:00:00,78514.2,78744.1,78257.3,78482.4,66639.0996
13909,2026-08-22 05:00:00,78482.5,78542.4,76934.9,77368.2,111055.9429
13910,2026-08-22 06:00:00,77371.5,77515.0,77084.3,77432.5,74828.393
13911,2026-08-22 07:00:00,77432.5,77628.7,77243.3,77310.5,66431.0901
13912,2026-08-22 08:00:00,77310.5,77408.7,77079.1,77155.8,66057.5099
13913,2026-08-22 09:00:00,77178.2,77347.4,76932.8,77047.6,70521.8039
13914,2026-08-22 10:00:00,77052.5,77164.6,76621.0,76938.9,77396.0877
13915,2026-08-22 11:00:00,76938.9,77178.1,76836.6,77139.5,57935.0655
13916,2026-08-22 12:00:00,77139.5,77346.1,77113.8,77314.7,52840.0282
13917,2026-08-22 13:00:00,77313.8,77330.0,77113.8,77261.6,52976.8766
13918,2026-08-22 14:00:00,77261.5,77284.8,76992.3,77018.6,51483.0651
13919,2026-08-22 15:00:00,77018.9,77104.9,76962.5,76995.5,53287.3057
13920,2026-08-22 16:00:00,76995.6,77482.2,76995.4,77331.6,56663.0003
13921,2026-08-22 17:00:00,77331.7,77338.1,77163.9,77337.5,39884.5519
13922,2026-08-22 18:00:00,77337.6,77344.9,77195.0,77215.4,32971.6034
13923,2026-08-22 19:00:00,77239.8,77453.9,77215.4,77453.8,45927.9224
13924,2026-08-22 20:00:00,77453.8,77454.6,77285.1,77306.8,39416.7237
13925,2026-08-22 21:00:00,77307.0,77312.9,76897.6,76897.6,74772.0205
13926,2026-08-22 22:00:00,76897.7,77152.0,76895.4,77000.5,52332.9298
13927,2026-08-22 23:00:00,77000.4,77110.1,76924.2,77110.0,49808.9442
13928,2026-08-23 00:00:00,77109.1,77355.7,77070.0,77337.0,47130.9221
13929,2026-08-23 01:00:00,77341.8,77381.5,77204.5,77204.6,55913.064
13930,2026-08-23 02:00:00,77204.5,77212.1,77054.0,77077.2,49931.9588
13931,2026-08-23 03:00:00,77077.2,77124.5,76853.2,76959.9,45028.7662
13932,2026-08-23 04:00:00,76959.9,76970.9,76611.1,76611.3,69523.1769
13933,2026-08-23 05:00:00,76611.3,76677.9,75777.2,76111.5,74781.6455
13934,2026-08-23 06:00:00,76111.6,76349.0,75953.1,76115.2,69489.8604
13935,2026-08-23 07:00:00,76110.8,76346.9,76037.9,76057.1,76334.7445
13936,2026-08-23 08:00:00,76037.9,76577.3,75991.0,76483.5,57511.6463
13937,2026-08-23 09:00:00,76483.5,76626.8,76473.7,76625.9,46467.9029
13938,2026-08-23 10:00:00,76625.9,76910.9,76546.4,76784.4,66505.9498
13939,2026-08-23 11:00:00,76783.6,77358.1,76740.5,77296.0,94179.386
13940,2026-08-23 12:00:00,77296.0,77296.0,77023.5,77206.4,49353.4618
13941,2026-08-23 13:00:00,77206.8,77605.1,77203.0,77458.7,70008.9398
13942,2026-08-23 14:00:00,77458.6,77552.9,77062.9,77189.2,67553.2511
13943,2026-08-23 15:00:00,77173.2,77294.1,77062.9,77136.4,65885.1609
13944,2026-08-23 16:00:00,77136.5,77403.3,77136.3,77390.7,30078.5717
13945,2026-08-23 17:00:00,77390.7,77408.1,77192.4,77192.4,55215.7905
13946,2026-08-23 18:00:00,77192.4,77352.2,77156.3,77309.2,41593.0703
13947,2026-08-23 19:00:00,77309.1,77408.1,77233.0,77310.5,58541.9403
13948,2026-08-23 20:00:00,77310.5,77400.0,77195.8,77376.7,33684.921
13949,2026-08-23 21:00:00,77376.7,78545.5,77371.7,77790.4,86208.0295
13950,2026-08-23 22:00:00,77790.4,77815.3,77572.1,77578.6,63621.2499
13951,2026-08-23 23:00:00,77578.6,77685.3,77389.7,77685.3,60257.6321
13952,2026-08-24 00:00:00,77685.2,77709.1,77212.5,77540.0,83601.7008
13953,2026-08-24 01:00:00,77563.1,77647.2,77016.0,77016.0,71359.3572
13954,2026-08-24 02:00:00,77016.0,77512.0,76989.2,77368.2,70637.7172
13955,2026-08-24 03:00:00,77368.2,77405.8,76981.1,76981.2,57631.1804
13956,2026-08-24 04:00:00,76981.2,77236.7,76790.0,76889.9,67513.2734
13957,2026-08-24 05:00:00,76892.6,77150.3,76837.7,77145.6,75609.5522
13958,2026-08-24 06:00:00,77145.6,77502.7,77080.0,77430.2,62266.9483
13959,2026-08-24 07:00:00,77430.3,77653.5,77292.1,77300.7,58783.6883
13960,2026-08-24 08:00:00,77300.6,77359.8,76866.9,77009.7,65473.4757
13961,2026-08-24 09:00:00,77009.7,77576.0,77001.6,77546.2,64458.2722
13962,2026-08-24 10:00:00,77546.2,78004.8,77538.0,77572.3,70876.5183
13963,2026-08-24 11:00:00,77572.3,78546.1,77538.1,78265.7,77023.2378
13964,2026-08-24 12:00:00,78265.7,79154.9,78098.7,79129.0,91161.8759
13965,2026-08-24 13:00:00,79128.9,79297.7,78099.6,78565.3,88782.6388
13966,2026-08-24 14:00:00,78567.8,79702.3,78195.8,79418.1,92732.7867
13967,2026-08-24 15:00:00,79418.0,79931.6,78879.1,79037.9,84027.7922
13968,2026-08-24 16:00:00,79037.9,79753.3,79006.5,79060.8,78138.5708
13969,2026-08-24 17:00:00,79058.9,79138.5,78518.2,78707.9,76650.523
13970,2026-08-24 18:00:00,78701.9,79032.0,78701.7,78903.9,64752.4662
13971,2026-08-24 19:00:00,78904.0,79036.0,78622.6,78703.0,79669.0648
13972,2026-08-24 20:00:00,78703.0,78926.5,78540.1,78891.6,68970.7221
13973,2026-08-24 21:00:00,78891.7,78999.8,78833.5,78899.5,52016.9194
13974,2026-08-24 22:00:00,78899.4,78944.2,78700.0,78703.9,58653.2588
13975,2026-08-24 23:00:00,78706.2,78935.6,78650.1,78935.6,60041.6065
13976,2026-08-25 00:00:00,78935.5,79716.0,78729.1,79703.2,81386.2614
13977,2026-08-25 01:00:00,79703.2,79920.7,79551.0,79785.6,72959.758
13978,2026-08-25 02:00:00,79785.6,80979.0,79745.2,80610.3,94865.7421
13979,2026-08-25 03:00:00,80608.6,80922.7,80414.6,80420.6,74363.0243
13980,2026-08-25 04:00:00,80415.0,80536.5,80207.6,80325.6,66557.8067
13981,2026-08-25 05:00:00,80325.6,80765.7,80290.9,80717.9,54446.4181
13982,2026-08-25 06:00:00,80719.0,80812.4,80421.8,80480.2,55904.1805
13983,2026-08-25 07:00:00,80480.2,80742.3,79640.2,79724.9,62037.0757
13984,2026-08-25 08:00:00,79708.2,80221.0,79627.8,79880.1,70015.3559
13985,2026-08-25 09:00:00,79891.1,79893.4,79041.6,79050.6,85959.516
13986,2026-08-25 10:00:00,79057.8,79433.1,79007.3,79342.6,58439.1426
13987,2026-08-25 11:00:00,79292.0,79360.9,79035.9,79126.0,67244.0116
13988,2026-08-25 12:00:00,79124.9,79133.1,78729.1,78958.0,72874.4727
13989,2026-08-25 13:00:00,78958.0,79060.9,78222.5,78553.1,96499.2938
13990,2026-08-25 14:00:00,78553.0,79319.1,78550.8,79289.0,75896.5009
13991,2026-08-25 15:00:00,79289.0,79444.1,79065.3,79444.1,69215.6319
13992,2026-08-25 16:00:00,79444.1,79449.2,79085.8,79141.5,67654.1118
13993,2026-08-25 17:00:00,79141.5,79199.4,78777.4,79199.4,60933.371
13994,2026-08-25 18:00:00,79199.4,79276.9,79036.7,79079.7,49410.7152
13995,2026-08-25 19:00:00,79079.7,79194.5,78720.8,78889.8,69977.6754
13996,2026-08-25 20:00:00,78889.8,78908.0,78191.3,78220.0,78477.9471
13997,2026-08-25 21:00:00,78220.1,78623.7,78089.5,78566.9,71949.2633
13998,2026-08-25 22:00:00,78566.9,78886.0,78559.0,78858.8,43486.2047
13999,2026-08-25 23:00:00,78858.8,78925.5,78442.2,78508.2,72927.4298
14000,2026-08-26 00:00:00,78528.5,78649.9,78325.5,78624.8,65671.5751
14001,2026-08-26 01:00:00,78624.8,78898.8,78607.1,78758.4,61108.9866
14002,2026-08-26 02:00:00,78758.3,79184.9,78713.7,79090.9,62950.1699
14003,2026-08-26 03:00:00,79090.9,79093.7,78920.1,79037.0,49691.9534
14004,2026-08-26 04:00:00,79037.0,79083.9,78792.8,78792.8,67405.721
14005,2026-08-26 05:00:00,78792.9,79069.6,78663.5,79008.9,68942.8396
14006,2026-08-26 06:00:00,79000.6,79149.9,78829.1,78917.1,56409.2274
14007,2026-08-26 07:00:00,78917.1,79008.6,78835.1,78889.8,53611.8513
14008,2026-08-26 08:00:00,78889.8,79011.0,78624.0,78638.4,78560.681
14009,2026-08-26 09:00:00,78638.3,78891.7,78374.4,78417.2,54138.0706
14010,2026-08-26 10:00:00,78417.2,78794.4,78323.4,78676.6,63547.5452
14011,2026-08-26 11:00:00,78676.6,78718.8,78347.9,78444.5,50536.8953
14012,2026-08-26 12:00:00,78444.6,78623.0,78194.1,78317.6,79534.352
14013,2026-08-26 13:00:00,78306.0,78440.0,77984.2,78286.1,74382.1131
14014,2026-08-26 14:00:00,78286.1,78528.4,77800.2,77800.2,65778.5654
14015,2026-08-26 15:00:00,77800.2,78168.0,77697.0,78020.0,68347.9334
14016,2026-08-26 16:00:00,78001.8,78114.6,77935.6,77959.8,62006.1504
14017,2026-08-26 17:00:00,77959.9,78569.4,77959.8,78383.0,59833.1477
14018,2026-08-26 18:00:00,78404.0,78564.9,78274.7,78440.1,60126.3032
14019,2026-08-26 19:00:00,78440.1,78478.1,78271.2,78415.5,54592.8298
14020,2026-08-26 20:00:00,78421.2,78468.5,78230.1,78418.1,46261.6719
14021,2026-08-26 21:00:00,78418.1,78780.5,78411.7,78717.7,63031.7782
14022,2026-08-26 22:00:00,78726.9,78843.5,78535.4,78697.4,69015.0446
14023,2026-08-26 23:00:00,78697.4,79069.0,78630.3,78974.8,65336.2234
14024,2026-08-27 00:00:00,78967.8,78974.8,78647.7,78669.0,49307.17
14025,2026-08-27 01:00:00,78669.0,78922.0,78624.7,78899.8,65783.9904
14026,2026-08-27 02:00:00,78899.9,78932.5,78701.0,78719.9,34427.2066
14027,2026-08-27 03:00:00,78725.3,78867.6,78647.6,78785.8,45569.2641
14028,2026-08-27 04:00:00,78785.7,78856.2,78676.9,78728.6,38150.5685
14029,2026-08-27 05:00:00,78718.1,78866.8,78632.0,78781.5,49318.8444
14030,2026-08-27 06:00:00,78781.5,78801.9,78646.3,78785.1,51423.945
14031,2026-08-27 07:00:00,78785.1,78938.8,78744.0,78931.4,31458.4227
14032,2026-08-27 08:00:00,78938.7,79900.1,78928.7,79716.9,91412.2293
14033,2026-08-27 09:00:00,79716.9,80455.0,79699.9,79950.2,77570.6793
14034,2026-08-27 10:00:00,79950.3,80116.8,79461.2,79539.3,75616.5909
14035,2026-08-27 11:00:00,79539.3,79720.1,79243.7,79435.3,67732.9995
14036,2026-08-27 12:00:00,79426.2,79485.0,79250.0,79285.3,51663.8589
14037,2026-08-27 13:00:00,79268.1,79385.7,79090.2,79385.7,62886.0044
14038,2026-08-27 14:00:00,79385.6,80278.5,79264.2,80090.6,79847.1917
14039,2026-08-27 15:00:00,80090.6,80637.3,80058.1,80310.1,73254.4338
14040,2026-08-27 16:00:00,80310.1,80530.1,80273.7,80341.4,78959.8422
14041,2026-08-27 17:00:00,80341.5,80751.6,80305.6,80440.1,54503.3372
14042,2026-08-27 18:00:00,80440.1,80495.0,79794.9,80075.5,96325.827
14043,2026-08-27 19:00:00,80075.5,80275.0,79914.1,79914.1,54510.3918
14044,2026-08-27 20:00:00,79914.2,80054.2,79856.4,80053.3,35819.0306
14045,2026-08-27 21:00:00,80053.3,80143.7,79971.2,80143.7,60994.602
14046,2026-08-27 22:00:00,80143.7,80363.3,80143.4,80224.1,45012.4574
14047,2026-08-27 23:00:00,80224.1,80335.1,80165.1,80210.2,45596.6409
14048,2026-08-28 00:00:00,80217.5,80506.2,80148.1,80488.6,91061.6408
14049,2026-08-28 01:00:00,80488.6,81085.5,80383.0,80468.1,83553.6814
14050,2026-08-28 02:00:00,80468.4,80469.0,79836.9,79892.3,70688.4331
14051,2026-08-28 03:00:00,79894.4,80005.1,79773.8,79792.3,52014.0824
14052,2026-08-28 04:00:00,79792.4,79926.8,79607.8,79616.3,67985.193
14053,2026-08-28 05:00:00,79616.1,79808.4,79559.7,79656.8,59350.0367
14054,2026-08-28 06:00:00,79656.7,79943.5,79647.8,79865.5,36094.3141
14055,2026-08-28 07:00:00,79867.4,79867.4,79622.1,79641.8,57770.5902
14056,2026-08-28 08:00:00,79641.8,79796.9,79503.3,79510.8,59954.9152
14057,2026-08-28 09:00:00,79675.3,79721.6,79255.7,79261.0,42621.1134
14058,2026-08-28 10:00:00,79261.0,79392.0,79144.8,79392.0,58584.5846
14059,2026-08-28 11:00:00,79391.1,79721.6,79361.1,79563.2,40534.3751
14060,2026-08-28 12:00:00,79593.9,79628.9,79305.7,79377.2,55280.55
14061,2026-08-28 13:00:00,79377.2,79434.5,79094.9,79370.0,84436.7811
14062,2026-08-28 14:00:00,79370.1,79620.2,78629.7,79481.4,99764.015
14063,2026-08-28 15:00:00,79481.4,79623.1,78392.1,78392.1,102697.465
14064,2026-08-28 16:00:00,78392.2,78695.0,77485.2,77802.5,103004.5713
14065,2026-08-28 17:00:00,77802.5,77979.1,77683.0,77877.0,73437.7164
14066,2026-08-28 18:00:00,77877.0,77885.2,77295.5,77500.9,72325.2535
14067,2026-08-28 19:00:00,77500.8,77714.7,77428.9,77542.0,66574.1738
14068,2026-08-28 20:00:00,77542.4,77603.7,77296.9,77377.0,45487.775
14069,2026-08-28 21:00:00,77382.3,77482.6,77303.4,77315.7,63796.9499
14070,2026-08-28 22:00:00,77306.5,77728.2,77303.4,77723.9,45077.2872
14071,2026-08-28 23:00:00,77723.9,77733.0,77643.5,77722.8,35486.9357
14072,2026-08-29 00:00:00,77733.0,77863.7,77699.5,77702.5,40794.3994
14073,2026-08-29 01:00:00,77702.5,77799.8,77611.0,77786.4,35322.6485
14074,2026-08-29 02:00:00,77786.5,77799.9,77553.7,77631.7,21154.3
14075,2026-08-29 03:00:00,77631.6,77694.4,77493.3,77493.3,56591.7923
14076,2026-08-29 04:00:00,77493.6,77641.1,77489.4,77619.6,19308.3865
14077,2026-08-29 05:00:00,77641.0,77652.2,77611.8,77611.8,11037.3289
14078,2026-08-29 06:00:00,77611.8,77615.2,77377.7,77395.2,37966.7936
14079,2026-08-29 07:00:00,77436.8,77615.2,77395.2,77587.0,30426.3107
14080,2026-08-29 08:00:00,77587.0,77587.3,77469.4,77587.3,37776.4175
14081,2026-08-29 09:00:00,77587.2,77694.9,77572.9,77642.7,30263.0746
14082,2026-08-29 10:00:00,77642.8,77694.9,77525.8,77638.2,46454.0225
14083,2026-08-29 11:00:00,77638.2,77661.6,77542.9,77555.1,13081.2822
14084,2026-08-29 12:00:00,77555.0,77632.0,77512.1,77559.1,28609.2037
14085,2026-08-29 13:00:00,77559.1,77688.7,77559.0,77677.2,24308.3984
14086,2026-08-29 14:00:00,77677.2,77992.3,77635.2,77979.1,40855.0354
14087,2026-08-29 15:00:00,77979.2,77992.3,77798.6,77820.7,54625.4094
14088,2026-08-29 16:00:00,77820.7,78005.1,77817.6,77989.1,55420.0407
14089,2026-08-29 17:00:00,77989.1,78064.5,77910.0,78064.2,49858.0146
14090,2026-08-29 18:00:00,78064.2,78209.9,77984.4,78124.9,43924.9819
14091,2026-08-29 19:00:00,78125.0,78302.5,78121.9,78150.0,30774.2312
14092,2026-08-29 20:00:00,78149.9,78234.5,78106.4,78106.5,37266.6233
14093,2026-08-29 21:00:00,78106.5,78157.2,78029.5,78131.7,50954.8936
14094,2026-08-29 22:00:00,78131.7,78169.1,78065.6,78158.0,30140.8553
14095,2026-08-29 23:00:00,78158.1,78232.9,78158.0,78208.6,18015.6632
14096,2026-08-30 00:00:00,78208.6,78268.8,78124.8,78174.5,36595.911
14097,2026-08-30 01:00:00,78174.5,78194.2,77990.9,78083.0,32924.805
14098,2026-08-30 02:00:00,78083.0,78097.6,77999.7,78097.4,31638.3468
14099,2026-08-30 03:00:00,78097.4,78204.7,78056.9,78109.8,40312.2013
14100,2026-08-30 04:00:00,78121.4,78179.2,77982.5,78062.0,60842.5446
14101,2026-08-30 05:00:00,78062.0,78180.8,78058.3,78108.8,31566.1677
14102,2026-08-30 06:00:00,78108.8,78262.4,78088.3,78252.7,42161.2508
14103,2026-08-30 07:00:00,78252.5,78252.7,78088.3,78100.0,19678.7074
14104,2026-08-30 08:00:00,78100.1,78169.6,78000.0,78036.9,35188.8968
14105,2026-08-30 09:00:00,78036.9,78087.7,77982.1,77982.1,13558.0317
14106,2026-08-30 10:00:00,77982.1,78122.1,77935.9,78119.2,31738.8033
14107,2026-08-30 11:00:00,78119.2,78203.4,78095.7,78100.0,24002.077
14108,2026-08-30 12:00:00,78100.0,78695.0,78095.7,78660.6,85565.9335
14109,2026-08-30 13:00:00,78660.6,78874.2,78589.3,78843.5,52455.9451
14110,2026-08-30 14:00:00,78843.6,78893.7,78710.3,78745.9,66024.5349
14111,2026-08-30 15:00:00,78746.0,78851.9,78661.5,78777.9,53497.3412
14112,2026-08-30 16:00:00,78777.9,79313.8,78762.8,79310.7,67229.4325
14113,2026-08-30 17:00:00,79313.7,79313.8,78775.9,78972.4,62926.837
14114,2026-08-30 18:00:00,78972.4,79129.0,78799.9,78988.0,48842.6872
14115,2026-08-30 19:00:00,78988.5,79005.3,78759.6,78810.9,60177.7433
14116,2026-08-30 20:00:00,78810.9,78876.7,78571.2,78571.2,67809.7481
14117,2026-08-30 21:00:00,78571.3,78659.9,78409.5,78623.7,67230.6473
14118,2026-08-30 22:00:00,78625.4,78664.0,78299.6,78393.0,62747.2599
14119,2026-08-30 23:00:00,78393.0,78393.1,77286.5,77634.6,109598.1174
14120,2026-08-31 00:00:00,77634.5,78069.5,77548.0,77902.3,72344.011
14121,2026-08-31 01:00:00,77903.7,77910.2,77590.0,77617.7,73892.086
14122,2026-08-31 02:00:00,77696.0,77871.0,77423.6,77438.3,69385.1573
14123,2026-08-31 03:00:00,77438.3,77800.6,77422.9,77746.9,46558.1885
14124,2026-08-31 04:00:00,77746.9,77764.0,77444.9,77586.4,75893.7588
14125,2026-08-31 05:00:00,77586.4,78069.5,77523.8,77981.6,71038.5544
14126,2026-08-31 06:00:00,77975.7,78076.8,77860.9,78010.5,59042.9176
14127,2026-08-31 07:00:00,78010.5,78341.9,78010.3,78172.3,61629.5771
14128,2026-08-31 08:00:00,78172.3,78401.3,77968.9,78401.3,78224.2836
14129,2026-08-31 09:00:00,78401.3,78738.5,78366.7,78490.0,75998.0879
14130,2026-08-31 10:00:00,78490.0,78664.1,78297.4,78650.5,43658.1112
14131,2026-08-31 11:00:00,78650.5,78655.8,78315.1,78330.6,54069.0002
14132,2026-08-31 12:00:00,78330.6,78507.1,77803.8,77803.8,96409.306
14133,2026-08-31 13:00:00,77862.0,78313.9,77803.6,77834.8,63898.6258
14134,2026-08-31 14:00:00,77889.2,78516.8,77809.3,78516.8,79198.6563
14135,2026-08-31 15:00:00,78454.0,78623.5,78224.0,78543.0,63831.8069
14136,2026-08-31 16:00:00,78543.0,78722.5,78535.6,78623.5,68756.7987
14137,2026-08-31 17:00:00,78623.6,78883.5,78520.6,78871.2,72867.2459
14138,2026-08-31 18:00:00,78883.4,79124.3,78750.9,78982.1,62236.9801
14139,2026-08-31 19:00:00,79005.1,79195.2,78853.2,78879.1,60784.6306
14140,2026-08-31 20:00:00,78879.2,79055.8,78797.2,78834.6,57291.3877
14141,2026-08-31 21:00:00,78834.6,79033.8,78789.9,78980.8,37382.2153
14142,2026-08-31 22:00:00,78980.8,78987.8,78552.9,78561.7,66179.8179
14143,2026-08-31 23:00:00,78561.7,78561.7,78410.4,78546.3,44339.528
14144,2026-09-01 00:00:00,78544.7,78856.4,78544.6,78617.6,64849.06
14145,2026-09-01 01:00:00,78636.4,78758.9,78403.4,78403.4,71044.2198
14146,2026-09-01 02:00:00,78403.4,78405.6,78212.3,78405.6,43509.2608
14147,2026-09-01 03:00:00,78405.6,78841.0,78372.7,78665.2,64406.7793
14148,2026-09-01 04:00:00,78665.2,78841.4,78644.2,78696.0,46627.8246
14149,2026-09-01 05:00:00,78687.9,79127.2,78687.9,79127.2,55837.8308
14150,2026-09-01 06:00:00,79067.4,79127.2,78715.1,78717.0,64342.7301
14151,2026-09-01 07:00:00,78715.1,78792.8,78521.8,78681.1,40434.8563
14152,2026-09-01 08:00:00,78518.5,78709.6,77854.4,77917.1,53154.9303
14153,2026-09-01 09:00:00,77917.1,78721.3,77809.0,78000.0,26926.6861
14154,2026-09-01 10:00:00,77937.3,78723.2,77852.6,77998.0,26687.0666
14155,2026-09-01 11:00:00,78207.6,78723.2,77880.1,78058.3,22238.4829
14156,2026-09-01 12:00:00,78262.4,78733.2,77805.2,77983.4,35745.8362
14157,2026-09-01 13:00:00,77994.8,78733.2,77755.1,78037.7,45761.5425
14158,2026-09-01 14:00:00,78037.7,78733.2,78033.9,78233.4,20564.7318
14159,2026-09-01 15:00:00,78369.4,78409.9,77755.0,77982.4,30625.5865
14160,2026-09-01 16:00:00,78130.9,78758.4,77433.6,77589.1,64266.543
14161,2026-09-01 17:00:00,77581.8,77995.5,77382.1,77382.1,46533.8335
14162,2026-09-01 18:00:00,77383.6,77700.0,76546.4,77123.5,48381.0064
14163,2026-09-01 19:00:00,77134.3,77800.0,77104.7,77277.6,22593.45
14164,2026-09-01 20:00:00,77277.5,77799.0,77226.3,77419.9,16781.6143
14165,2026-09-01 21:00:00,77419.9,77799.9,76939.1,77240.0,37509.0514
14166,2026-09-01 22:00:00,77239.1,78010.0,77037.4,77331.3,23850.7144
14167,2026-09-01 23:00:00,77275.4,78007.1,77249.7,77413.0,6073.9285
14168,2026-09-02 00:00:00,77413.0,77820.0,77137.6,77212.8,32503.9491
14169,2026-09-02 01:00:00,77200.0,77543.0,76736.3,77008.0,36927.5121
14170,2026-09-02 02:00:00,77008.0,77543.0,76963.4,77279.9,17208.2204
14171,2026-09-02 03:00:00,77279.9,78010.0,77279.6,77487.2,76637.9313
14172,2026-09-02 04:00:00,77487.2,77561.2,77278.8,77518.0,58717.1863
14173,2026-09-02 05:00:00,77517.9,77685.5,77431.2,77595.0,53431.1602
14174,2026-09-02 06:00:00,77595.0,77671.8,77467.1,77503.7,60363.7911
14175,2026-09-02 07:00:00,77521.7,77673.1,77478.4,77478.5,50160.2137
14176,2026-09-02 08:00:00,77478.5,77485.0,76844.6,76855.3,63075.4599
14177,2026-09-02 09:00:00,76855.3,77019.9,76543.0,76694.7,75639.8656
14178,2026-09-02 10:00:00,76694.7,76694.9,76333.3,76613.8,69613.7258
14179,2026-09-02 11:00:00,76614.7,76714.2,76349.0,76714.2,79391.9448
14180,2026-09-02 12:00:00,76714.2,76980.0,76623.1,76623.2,62955.4475
14181,2026-09-02 13:00:00,76623.2,77302.5,76612.7,77016.3,75981.3508
14182,2026-09-02 14:00:00,77016.3,77398.6,77016.3,77182.3,68358.9113
14183,2026-09-02 15:00:00,77076.9,77309.7,76779.1,77246.1,68486.2363
14184,2026-09-02 16:00:00,77246.1,77494.1,77157.0,77157.4,72481.1291
14185,2026-09-02 17:00:00,77157.1,77319.0,76972.3,77319.0,57485.23
14186,2026-09-02 18:00:00,77319.0,77417.3,77290.1,77350.0,46165.496
14187,2026-09-02 19:00:00,77350.0,77369.0,77110.5,77233.3,59250.4389
14188,2026-09-02 20:00:00,77233.2,77428.9,77157.3,77403.3,60366.065
14189,2026-09-02 21:00:00,77403.4,77409.8,77219.0,77257.5,52130.8151
14190,2026-09-02 22:00:00,77257.6,77296.7,77019.4,77019.5,60251.617
14191,2026-09-02 23:00:00,77019.5,77279.1,77019.4,77279.1,53473.8596
14192,2026-09-03 00:00:00,77279.1,77343.9,77006.6,77026.3,62510.0531
14193,2026-09-03 01:00:00,77026.2,77432.7,77006.3,77331.2,60377.776
14194,2026-09-03 02:00:00,77331.2,77832.9,77275.4,77768.7,77094.8029
14195,2026-09-03 03:00:00,77779.9,77832.0,77602.8,77668.5,69768.1787
14196,2026-09-03 04:00:00,77668.6,77768.3,77550.5,77696.1,51373.4146
14197,2026-09-03 05:00:00,77696.1,77762.0,77138.3,77700.0,85652.8436
14198,2026-09-03 06:00:00,77700.0,77760.3,77671.0,77760.3,21757.3061
14199,2026-09-03 07:00:00,77760.2,78068.8,77648.1,77657.4,89168.5068
14200,2026-09-03 08:00:00,77648.1,77973.8,77648.1,77807.7,52333.5683
14201,2026-09-03 09:00:00,77807.6,77907.5,77627.4,77628.0,63270.4412
14202,2026-09-03 10:00:00,77628.0,77723.0,77455.0,77700.2,66594.5016
14203,2026-09-03 11:00:00,77695.2,77945.4,77679.9,77945.4,54659.1543
14204,2026-09-03 12:00:00,77940.7,78758.4,77859.5,78612.8,68673.7304
14205,2026-09-03 13:00:00,78731.2,78919.7,78350.0,78806.2,67428.0767
14206,2026-09-03 14:00:00,78848.5,80399.2,78685.0,80366.4,112435.7925
14207,2026-09-03 15:00:00,80366.4,81233.8,80086.0,81231.2,90398.9058
14208,2026-09-03 16:00:00,81231.2,81241.6,80713.5,80919.0,69782.7055
14209,2026-09-03 17:00:00,80920.8,81127.0,80881.8,81042.1,54554.0193
14210,2026-09-03 18:00:00,81042.1,81231.5,80938.4,81093.6,65156.1097
14211,2026-09-03 19:00:00,81099.8,81639.9,81083.5,81634.0,71322.8683
14212,2026-09-03 20:00:00,81634.0,81639.9,81364.8,81431.3,63869.2564
14213,2026-09-03 21:00:00,81420.1,81981.8,81357.6,81584.3,78281.7704
14214,2026-09-03 22:00:00,81584.3,81600.0,80900.6,81091.3,70412.6827
14215,2026-09-03 23:00:00,81109.1,81279.8,81061.4,81236.9,58533.0198
14216,2026-09-04 00:00:00,81236.9,81281.5,80931.4,80931.4,78121.2241
14217,2026-09-04 01:00:00,80936.9,81090.5,80764.1,80935.5,72126.758
14218,2026-09-04 02:00:00,80935.5,80935.7,80660.0,80769.6,53743.114
14219,2026-09-04 03:00:00,80769.5,80936.1,80744.9,80848.1,44807.5657
14220,2026-09-04 04:00:00,80848.2,81146.3,80799.2,81040.5,62035.7295
14221,2026-09-04 05:00:00,81033.8,81094.6,80826.0,80973.4,73426.6238
14222,2026-09-04 06:00:00,80973.3,81036.9,80680.0,80741.8,66731.7521
14223,2026-09-04 07:00:00,80741.8,80919.3,80673.8,80673.8,53309.7601
14224,2026-09-04 08:00:00,80673.8,81119.4,80638.0,81113.6,57582.1929
14225,2026-09-04 09:00:00,81113.6,81257.5,80979.4,81018.0,75177.5262
14226,2026-09-04 10:00:00,81018.0,81128.7,80809.6,81128.7,55667.1252
14227,2026-09-04 11:00:00,81128.7,81287.9,81057.9,81197.8,61010.7037
14228,2026-09-04 12:00:00,81197.9,81279.6,79410.0,79424.3,112127.0774
14229,2026-09-04 13:00:00,79423.9,79640.2,79087.1,79314.6,92805.7167
14230,2026-09-04 14:00:00,79314.5,79640.4,78711.1,78877.6,87436.3448
14231,2026-09-04 15:00:00,78878.6,79499.3,78821.0,79378.3,56161.6819
14232,2026-09-04 16:00:00,79378.3,79780.2,79375.4,79714.9,47823.3401
14233,2026-09-04 17:00:00,79714.9,79715.1,79371.0,79466.5,75910.6539
14234,2026-09-04 18:00:00,79469.2,79591.7,79454.3,79561.0,20485.3791
14235,2026-09-04 19:00:00,79576.3,79766.1,79561.0,79754.6,64049.5774
14236,2026-09-04 20:00:00,79749.2,79775.9,79643.8,79653.4,22395.1661
14237,2026-09-04 21:00:00,79643.9,79765.1,79607.1,79607.1,37389.834
14238,2026-09-04 22:00:00,79607.1,79645.0,79607.1,79617.8,8235.5276
14239,2026-09-04 23:00:00,79622.4,79660.7,79560.6,79616.1,28576.452
14240,2026-09-05 00:00:00,79574.2,79674.1,79553.6,79553.6,31477.5423
14241,2026-09-05 01:00:00,79553.7,79647.7,79551.9,79555.3,28884.0388
14242,2026-09-05 02:00:00,79555.3,79561.5,79530.4,79530.4,19025.2115
14243,2026-09-05 03:00:00,79530.4,79555.5,79522.9,79553.2,10069.8297
14244,2026-09-05 04:00:00,79553.2,79555.5,79475.4,79477.9,14440.1477
14245,2026-09-05 05:00:00,79508.5,79555.5,79414.8,79540.0,40934.543
14246,2026-09-05 06:00:00,79540.0,79647.8,79538.2,79647.8,22748.2775
14247,2026-09-05 07:00:00,79636.1,79721.7,79627.5,79686.0,18616.7041
14248,2026-09-05 08:00:00,79686.1,79721.7,79529.5,79620.6,46235.9832
14249,2026-09-05 09:00:00,79620.6,79691.7,79614.1,79614.1,23224.1399
14250,2026-09-05 10:00:00,79614.2,79627.6,79553.4,79590.0,11288.1029
14251,2026-09-05 11:00:00,79590.0,79639.2,79553.4,79601.0,17594.7916
14252,2026-09-05 12:00:00,79601.0,79719.9,79595.9,79700.0,9325.3965
14253,2026-09-05 13:00:00,79700.3,79719.8,79578.4,79591.0,47696.5202
14254,2026-09-05 14:00:00,79579.8,79708.6,79578.4,79708.5,6738.2647
14255,2026-09-05 15:00:00,79707.5,79722.7,79685.4,79695.1,13378.7773
14256,2026-09-05 16:00:00,79722.6,80077.5,79695.0,80065.0,54496.4795
14257,2026-09-05 17:00:00,80065.0,80078.7,79954.2,80030.1,44755.1166
14258,2026-09-05 18:00:00,80027.4,80039.5,79930.8,79959.2,35591.1201
14259,2026-09-05 19:00:00,79959.2,79959.2,79713.2,79719.9,45108.1588
14260,2026-09-05 20:00:00,79719.9,79793.1,79695.0,79702.1,25876.3937
14261,2026-09-05 21:00:00,79695.0,79887.8,79690.0,79887.7,33450.5574
14262,2026-09-05 22:00:00,79887.7,79887.8,79723.8,79736.0,36376.7848
14263,2026-09-05 23:00:00,79736.0,79800.4,79693.0,79800.0,34266.485
14264,2026-09-06 00:00:00,79797.7,79894.3,79763.1,79870.9,17613.4691
14265,2026-09-06 01:00:00,79870.9,79962.6,79870.9,79957.0,34300.7133
14266,2026-09-06 02:00:00,79957.0,79962.6,79858.9,79872.1,39444.2668
14267,2026-09-06 03:00:00,79872.0,79970.9,79858.9,79970.7,20996.4032
14268,2026-09-06 04:00:00,79970.7,79970.9,79881.4,79881.4,10111.1727
14269,2026-09-06 05:00:00,79881.4,79982.8,79777.0,79915.6,48746.7441
14270,2026-09-06 06:00:00,79915.6,79943.2,79724.3,79732.0,50980.2818
14271,2026-09-06 07:00:00,79732.0,79769.0,79685.4,79740.8,16030.6063
14272,2026-09-06 08:00:00,79740.8,79842.0,79740.6,79817.8,32725.0091
14273,2026-09-06 09:00:00,79817.8,79950.0,79817.8,79846.7,37118.354
14274,2026-09-06 10:00:00,79846.7,79980.4,79823.1,79966.8,24986.6946
14275,2026-09-06 11:00:00,79966.8,79980.5,79875.0,79922.0,26235.3264
14276,2026-09-06 12:00:00,79922.0,79965.1,79823.1,79936.0,31275.0578
14277,2026-09-06 13:00:00,79954.0,79955.0,79744.8,79761.4,44014.6281
14278,2026-09-06 14:00:00,79806.2,79806.2,79517.2,79517.2,69877.3471
14279,2026-09-06 15:00:00,79517.2,79680.1,79472.0,79680.0,34087.9801
14280,2026-09-06 16:00:00,79680.1,79683.9,79571.1,79673.7,43626.906
14281,2026-09-06 17:00:00,79671.1,79704.0,79574.7,79704.0,35125.5581
14282,2026-09-06 18:00:00,79704.0,79929.5,79695.2,79913.8,42388.333
14283,2026-09-06 19:00:00,79913.8,79929.5,79772.5,79794.6,17897.3918
14284,2026-09-06 20:00:00,79794.6,79907.1,79747.6,79860.0,24556.1284
14285,2026-09-06 21:00:00,79860.0,79983.8,79855.0,79937.6,47895.0768
14286,2026-09-06 22:00:00,79937.6,79983.9,79655.0,79983.9,61784.676
14287,2026-09-06 23:00:00,79983.9,81279.7,79982.6,80301.0,80130.0283
14288,2026-09-07 00:00:00,80304.3,80383.6,80083.0,80087.9,42655.4872
14289,2026-09-07 01:00:00,80087.8,80178.9,79813.2,79891.4,59644.3107
14290,2026-09-07 02:00:00,79891.4,80302.5,79785.6,79870.2,79227.7358
14291,2026-09-07 03:00:00,79870.2,79930.7,79572.5,79572.5,50483.5778
14292,2026-09-07 04:00:00,79572.5,79659.8,79565.7,79659.8,47055.1239
14293,2026-09-07 05:00:00,79659.8,79835.7,79644.6,79734.7,43906.0395
14294,2026-09-07 06:00:00,79734.8,79745.6,79651.1,79690.2,14785.056
14295,2026-09-07 07:00:00,79690.2,79690.2,79109.6,79357.2,100164.4008
14296,2026-09-07 08:00:00,79358.5,79452.9,79357.2,79417.6,18722.8792
14297,2026-09-07 09:00:00,79439.6,79503.7,79324.3,79324.3,51006.6808
14298,2026-09-07 10:00:00,79324.6,79410.4,79314.0,79325.6,17327.1988
14299,2026-09-07 11:00:00,79325.6,79425.7,79260.5,79376.7,34459.6471
14300,2026-09-07 12:00:00,79376.7,79522.8,79350.1,79522.8,31244.4115
14301,2026-09-07 13:00:00,79522.8,79601.3,79314.5,79314.5,51797.7474
14302,2026-09-07 14:00:00,79334.8,79334.8,78963.4,79084.3,56584.11
14303,2026-09-07 15:00:00,79084.3,79141.3,78709.0,78734.0,71673.9734
14304,2026-09-07 16:00:00,78775.8,79049.5,78734.0,78984.4,41351.762
14305,2026-09-07 17:00:00,78984.4,79139.0,78947.3,79138.0,21633.9666
14306,2026-09-07 18:00:00,79137.7,79155.8,79063.1,79155.8,20252.9254
14307,2026-09-07 19:00:00,79155.8,79334.8,79145.7,79307.4,22166.5359
14308,2026-09-07 20:00:00,79307.4,79307.4,79149.8,79211.9,29867.0496
14309,2026-09-07 21:00:00,79217.9,79229.7,79149.8,79153.0,17378.2795
14310,2026-09-07 22:00:00,79154.9,79159.4,78785.9,78896.8,68103.1566
14311,2026-09-07 23:00:00,78928.0,79126.8,78865.0,79086.1,54004.5147
14312,2026-09-08 00:00:00,79086.1,79274.5,78947.6,79268.9,69093.1843
14313,2026-09-08 01:00:00,79268.9,79377.1,79228.7,79377.1,25691.2287
14314,2026-09-08 02:00:00,79377.1,79411.5,78951.0,78960.1,76459.411
14315,2026-09-08 03:00:00,78960.1,78961.6,78771.4,78884.5,51111.0127
14316,2026-09-08 04:00:00,78884.5,78912.1,78678.0,78681.6,55678.7064
14317,2026-09-08 05:00:00,78681.6,78828.0,78586.2,78586.2,60098.3579
14318,2026-09-08 06:00:00,78587.0,78591.1,78324.1,78324.1,55193.7975
14319,2026-09-08 07:00:00,78352.7,78498.5,78239.3,78426.3,70175.3937
14320,2026-09-08 08:00:00,78426.3,78529.5,78290.8,78395.9,48675.0979
14321,2026-09-08 09:00:00,78429.2,78728.0,78342.3,78711.9,56882.4704
14322,2026-09-08 10:00:00,78711.9,78912.1,78548.3,78603.7,50649.523
14323,2026-09-08 11:00:00,78603.7,78603.8,78287.2,78432.3,55543.9609
14324,2026-09-08 12:00:00,78434.4,78434.5,78239.3,78368.7,57813.0536
14325,2026-09-08 13:00:00,78368.7,78484.3,77676.7,77936.4,97753.9394
14326,2026-09-08 14:00:00,77936.4,78546.8,77906.7,78546.7,53827.3584
14327,2026-09-08 15:00:00,78546.7,78825.0,78422.9,78824.9,64088.1076
14328,2026-09-08 16:00:00,78824.9,78825.1,78560.6,78700.6,60540.5626
14329,2026-09-08 17:00:00,78700.6,78817.2,78479.2,78479.2,68000.0246
14330,2026-09-08 18:00:00,78479.2,78715.7,78335.7,78433.8,72461.6058
14331,2026-09-08 19:00:00,78433.8,78503.3,78315.5,78343.6,56176.2036
14332,2026-09-08 20:00:00,78343.6,78574.9,78330.7,78478.0,50516.0733
14333,2026-09-08 21:00:00,78478.1,78541.9,78396.6,78421.7,51688.4576
14334,2026-09-08 22:00:00,78421.7,78556.6,78396.6,78526.2,34443.1205
14335,2026-09-08 23:00:00,78526.1,78535.5,78437.0,78437.0,18716.2519
14336,2026-09-09 00:00:00,78437.0,78713.1,78437.0,78713.0,58954.8218
14337,2026-09-09 01:00:00,78713.0,78834.6,78608.2,78834.6,47486.949
14338,2026-09-09 02:00:00,78834.6,78881.5,78686.6,78711.1,45802.224
14339,2026-09-09 03:00:00,78711.1,78715.2,78551.4,78606.8,33186.8353
14340,2026-09-09 04:00:00,78606.8,79146.1,78606.7,79146.1,77068.8594
14341,2026-09-09 05:00:00,79146.0,79257.1,78848.0,78900.6,60247.3117
14342,2026-09-09 06:00:00,78900.9,79196.9,78848.0,79121.8,48696.5144
14343,2026-09-09 07:00:00,79121.7,79259.9,79113.9,79219.5,30455.3284
14344,2026-09-09 08:00:00,79219.5,79663.5,79193.5,79663.5,65995.3048
14345,2026-09-09 09:00:00,79663.5,79663.5,78891.3,78913.1,65993.4262
14346,2026-09-09 10:00:00,78913.1,79325.0,78900.1,78910.0,61662.8349
14347,2026-09-09 11:00:00,78910.0,79325.0,78823.4,79273.2,68650.6303
14348,2026-09-09 12:00:00,79273.2,79595.6,79270.1,79563.2,50255.0143
14349,2026-09-09 13:00:00,79563.2,79595.0,79158.6,79158.6,88952.4987
14350,2026-09-09 14:00:00,79158.6,79373.9,78890.0,78896.0,91387.5679
14351,2026-09-09 15:00:00,78916.5,79051.5,78380.5,78580.1,102345.3136
14352,2026-09-09 16:00:00,78580.1,79036.0,78529.8,78769.1,50431.973
14353,2026-09-09 17:00:00,78763.4,78857.0,78667.1,78756.1,56420.7437
14354,2026-09-09 18:00:00,78756.1,78772.9,78444.3,78454.6,50963.2984
14355,2026-09-09 19:00:00,78454.6,78534.8,78190.5,78191.0,78716.3687
14356,2026-09-09 20:00:00,78191.0,78295.1,78044.1,78285.8,68384.4039
14357,2026-09-09 21:00:00,78285.8,78295.1,78025.7,78125.8,60561.198
14358,2026-09-09 22:00:00,78125.8,78127.7,77812.8,77905.9,68088.4122
14359,2026-09-09 23:00:00,77905.0,78261.7,77905.0,78261.7,48250.809
14360,2026-09-10 00:00:00,78261.7,78306.2,78134.7,78137.5,53565.4244
14361,2026-09-10 01:00:00,78137.5,78397.3,77966.3,78105.3,78970.9698
14362,2026-09-10 02:00:00,78167.8,78319.3,77966.3,78312.8,47657.7859
14363,2026-09-10 03:00:00,78312.8,78411.9,78307.1,78311.4,51208.1097
14364,2026-09-10 04:00:00,78307.4,78388.1,78307.0,78388.1,21420.3974
14365,2026-09-10 05:00:00,78384.3,78475.0,78298.0,78475.0,54905.4085
14366,2026-09-10 06:00:00,78475.0,78478.5,78132.1,78388.7,63381.9717
14367,2026-09-10 07:00:00,78388.7,78388.7,77936.0,78094.5,60985.3164
14368,2026-09-10 08:00:00,78094.5,78128.9,78014.8,78072.8,41333.5422
14369,2026-09-10 09:00:00,78072.8,78174.2,77967.6,77967.6,44182.3812
14370,2026-09-10 10:00:00,77968.8,78001.3,77857.5,77883.3,53478.6171
14371,2026-09-10 11:00:00,77883.3,78006.3,77765.9,77848.9,54204.9953
14372,2026-09-10 12:00:00,77851.4,77851.6,76815.7,76838.5,118542.6331
14373,2026-09-10 13:00:00,76838.5,77758.5,76760.0,77000.0,85469.5046
14374,2026-09-10 14:00:00,77033.8,77367.4,76898.3,77367.4,64998.2309
14375,2026-09-10 15:00:00,77367.8,77368.0,77086.5,77196.1,68667.0459
14376,2026-09-10 16:00:00,77196.1,77221.3,76872.5,77168.9,76303.2773
14377,2026-09-10 17:00:00,77131.8,77393.9,77096.5,77315.7,57000.6756
14378,2026-09-10 18:00:00,77315.7,77321.8,76978.5,77234.1,52003.9032
14379,2026-09-10 19:00:00,77234.1,77236.6,77081.2,77144.6,53653.5598
14380,2026-09-10 20:00:00,77140.9,77292.8,77120.1,77254.0,37037.9272
14381,2026-09-10 21:00:00,77254.0,77263.8,77094.9,77098.9,29843.0869
14382,2026-09-10 22:00:00,77098.9,77171.8,76837.2,76837.2,61235.0669
14383,2026-09-10 23:00:00,76837.2,76837.5,76624.3,76624.3,55465.0682
14384,2026-09-11 00:00:00,76624.3,76837.8,76607.0,76829.9,57784.3265
14385,2026-09-11 01:00:00,76817.0,76950.0,76747.7,76922.9,65325.8251
14386,2026-09-11 02:00:00,76922.9,76953.2,76779.0,76859.4,37258.4462
14387,2026-09-11 03:00:00,76859.4,76862.6,76724.3,76850.0,65005.5533
14388,2026-09-11 04:00:00,76845.4,77157.1,76839.2,77086.9,42225.677
14389,2026-09-11 05:00:00,77086.9,77179.1,77038.3,77179.1,34266.2469
14390,2026-09-11 06:00:00,77179.1,77354.2,77151.4,77237.0,57806.0419
14391,2026-09-11 07:00:00,77237.0,77338.1,77176.7,77188.1,31454.83
14392,2026-09-11 08:00:00,77188.1,77366.2,77113.6,77333.0,40335.0876
14393,2026-09-11 09:00:00,77333.0,77366.2,76921.6,77012.7,63015.6752
14394,2026-09-11 10:00:00,77017.0,77097.9,76956.2,76978.8,35426.096
14395,2026-09-11 11:00:00,76986.5,77000.0,76755.0,76941.0,64103.3856
14396,2026-09-11 12:00:00,76941.0,77996.9,76857.4,77932.7,92169.4549
14397,2026-09-11 13:00:00,77932.0,78484.6,77379.8,78400.0,105108.391
14398,2026-09-11 14:00:00,78400.0,79148.2,77723.0,78757.7,99507.6611
14399,2026-09-11 15:00:00,78757.7,78757.8,77602.4,77690.6,76956.5408
14400,2026-09-11 16:00:00,77690.6,78120.0,77437.4,77881.7,63702.5894
14401,2026-09-11 17:00:00,77880.0,77899.9,77478.0,77512.9,66124.5427
14402,2026-09-11 18:00:00,77494.0,77533.9,76989.4,77001.0,77011.1075
14403,2026-09-11 19:00:00,77001.0,77325.4,76976.2,77295.5,64203.8067
14404,2026-09-11 20:00:00,77295.5,77436.6,77244.3,77269.5,59262.787
14405,2026-09-11 21:00:00,77269.5,77386.1,77091.8,77164.5,72351.9533
14406,2026-09-11 22:00:00,77164.5,77251.2,76976.7,77110.0,55313.0414
14407,2026-09-11 23:00:00,77106.1,77179.9,77099.3,77179.9,13128.4081
14408,2026-09-12 00:00:00,77179.9,77262.1,77152.9,77251.8,17840.0072
14409,2026-09-12 01:00:00,77251.7,77290.7,77210.1,77290.4,7753.0634
14410,2026-09-12 02:00:00,77290.4,77290.7,77196.3,77226.8,19569.8793
14411,2026-09-12 03:00:00,77226.8,77287.9,77195.6,77202.5,27398.1295
14412,2026-09-12 04:00:00,77195.6,77284.0,77195.6,77196.1,19267.3972
14413,2026-09-12 05:00:00,77196.1,77219.7,77194.2,77194.2,5218.9003
14414,2026-09-12 06:00:00,77194.2,77287.9,77194.2,77280.6,16218.1905
14415,2026-09-12 07:00:00,77280.6,77290.7,77272.1,77272.1,2156.2772
14416,2026-09-12 08:00:00,77272.1,77290.7,77264.6,77276.3,7053.5537
14417,2026-09-12 09:00:00,77276.3,77349.9,77264.6,77320.0,12731.3207
14418,2026-09-12 10:00:00,77320.0,77358.8,77296.0,77346.6,6618.4801
14419,2026-09-12 11:00:00,77346.6,77358.8,77264.6,77279.7,9045.6789
14420,2026-09-12 12:00:00,77279.7,77280.3,77264.6,77280.3,360.7204
14421,2026-09-12 13:00:00,77280.3,77355.2,77264.6,77279.2,18232.946
14422,2026-09-12 14:00:00,77279.2,77440.9,77275.0,77426.7,34119.1593
14423,2026-09-12 15:00:00,77430.5,77433.9,77346.4,77381.6,22776.2222
14424,2026-09-12 16:00:00,77381.6,77381.7,77332.0,77336.9,6504.0193
14425,2026-09-12 17:00:00,77336.9,77353.5,77152.9,77173.6,46388.9097
14426,2026-09-12 18:00:00,77173.5,77173.6,77090.0,77115.2,28706.3637
14427,2026-09-12 19:00:00,77105.7,77140.2,77042.3,77076.2,31829.52
14428,2026-09-12 20:00:00,77076.2,77147.3,77072.8,77141.4,7243.6415
14429,2026-09-12 21:00:00,77141.4,77224.6,77123.3,77213.5,24728.5168
14430,2026-09-12 22:00:00,77213.5,77260.8,77178.0,77182.2,14825.2549
14431,2026-09-12 23:00:00,77182.2,77260.8,77178.0,77251.1,3703.0359
14432,2026-09-13 00:00:00,77251.1,77260.8,77178.0,77179.4,6034.6879
14433,2026-09-13 01:00:00,77179.4,77270.2,77178.0,77270.2,13003.2143
14434,2026-09-13 02:00:00,77270.2,77273.0,77262.6,77263.9,6380.5213
14435,2026-09-13 03:00:00,77263.9,77282.2,77178.0,77178.0,16856.6167
14436,2026-09-13 04:00:00,77178.0,77188.5,77176.2,77179.0,2682.3416
14437,2026-09-13 05:00:00,77179.0,77282.2,77179.0,77281.2,17564.1857
14438,2026-09-13 06:00:00,77281.2,77287.9,77157.2,77180.0,44261.9274
14439,2026-09-13 07:00:00,77180.0,77205.5,77078.7,77123.3,8575.8681
14440,2026-09-13 08:00:00,77123.3,77135.5,76766.2,76771.6,68141.0962
14441,2026-09-13 09:00:00,76771.6,76841.5,76690.1,76743.3,51571.1483
14442,2026-09-13 10:00:00,76743.3,76774.8,76669.7,76677.1,41649.2846
14443,2026-09-13 11:00:00,76677.1,76754.2,76579.2,76752.8,54300.368
14444,2026-09-13 12:00:00,76752.8,76818.5,76668.9,76702.1,30804.5167
14445,2026-09-13 13:00:00,76702.1,76818.8,76598.2,76814.3,55533.5802
14446,2026-09-13 14:00:00,76814.3,77200.0,76814.3,77189.6,45699.4882
14447,2026-09-13 15:00:00,77189.6,77200.0,77002.1,77100.8,51365.3545
14448,2026-09-13 16:00:00,77100.8,77290.2,77083.1,77271.0,51483.2058
14449,2026-09-13 17:00:00,77290.2,77369.7,77252.6,77307.3,39209.5096
14450,2026-09-13 18:00:00,77303.9,77342.4,77279.8,77317.9,8859.488
14451,2026-09-13 19:00:00,77317.9,77323.9,77247.7,77252.9,10842.8678
14452,2026-09-13 20:00:00,77252.9,77336.1,77244.7,77323.5,30669.8689
14453,2026-09-13 21:00:00,77323.5,77385.6,77287.1,77287.1,42556.323
14454,2026-09-13 22:00:00,77287.1,77287.5,76638.8,76665.1,79931.1197
14455,2026-09-13 23:00:00,76665.1,76832.8,76608.4,76827.4,45143.9558
14456,2026-09-14 00:00:00,76827.4,76946.8,76538.0,76784.1,81614.1151
14457,2026-09-14 01:00:00,76784.1,77079.9,76699.9,77079.9,79326.1689
14458,2026-09-14 02:00:00,77079.9,77566.0,77011.9,77566.0,66640.619
14459,2026-09-14 03:00:00,77566.0,77835.1,77471.2,77572.0,69939.6962
14460,2026-09-14 04:00:00,77572.0,77652.1,77520.9,77619.8,55646.7553
14461,2026-09-14 05:00:00,77619.8,77623.6,77457.9,77553.7,69786.0781
14462,2026-09-14 06:00:00,77537.0,77783.1,77415.6,77554.3,61284.2352
14463,2026-09-14 07:00:00,77555.2,77844.0,77521.9,77844.0,54163.1397
14464,2026-09-14 08:00:00,77839.3,77848.0,77650.0,77654.4,49986.0095
14465,2026-09-14 09:00:00,77654.4,78400.0,77649.1,77789.3,85018.1388
14466,2026-09-14 10:00:00,78065.6,78200.0,77788.6,77870.3,57356.7003
14467,2026-09-14 11:00:00,77870.3,77901.4,77687.4,77739.3,53114.7329
14468,2026-09-14 12:00:00,77727.8,77920.0,77690.8,77690.8,75814.317
14469,2026-09-14 13:00:00,77690.9,78313.7,77606.6,78112.2,96360.4735
14470,2026-09-14 14:00:00,78091.9,78576.4,78091.1,78503.8,67253.0123
14471,2026-09-14 15:00:00,78499.9,78616.8,78321.4,78535.6,72890.4377
14472,2026-09-14 16:00:00,78535.6,78799.6,78405.7,78759.2,58099.7349
14473,2026-09-14 17:00:00,78759.2,78947.3,78710.9,78880.4,67012.527
14474,2026-09-14 18:00:00,78896.8,79247.4,78868.0,79184.9,65592.6397
14475,2026-09-14 19:00:00,79184.9,79184.9,79003.3,79004.6,60745.5247
14476,2026-09-14 20:00:00,79004.6,79542.0,78981.6,79104.1,88001.6854
14477,2026-09-14 21:00:00,79104.2,79116.0,78776.2,78776.2,54058.4953
14478,2026-09-14 22:00:00,78776.2,78784.6,78530.1,78530.1,68861.5201
14479,2026-09-14 23:00:00,78530.1,78535.4,78130.3,78137.1,57301.0599
14480,2026-09-15 00:00:00,78135.0,78192.1,77922.0,77968.8,46465.5599
14481,2026-09-15 01:00:00,77968.8,77997.8,77758.3,77888.5,61736.1966
14482,2026-09-15 02:00:00,77888.5,77970.1,77816.5,77878.4,41845.5574
14483,2026-09-15 03:00:00,77882.4,77882.4,77647.0,77647.0,36798.9912
14484,2026-09-15 04:00:00,77651.2,77702.3,77552.7,77602.5,31870.6088
14485,2026-09-15 05:00:00,77602.4,77602.5,77322.4,77596.5,77983.4531
14486,2026-09-15 06:00:00,77596.5,77618.3,77164.0,77218.6,81385.9821
14487,2026-09-15 07:00:00,77218.5,77272.9,76860.2,76884.4,65007.013
14488,2026-09-15 08:00:00,76884.4,76942.3,76695.9,76942.3,53343.4258
14489,2026-09-15 09:00:00,76942.3,76996.4,76868.1,76960.8,45546.3989
14490,2026-09-15 10:00:00,76962.6,77046.0,76854.0,77016.1,63943.3468
14491,2026-09-15 11:00:00,77016.1,77145.8,76845.9,76899.9,60219.8266
14492,2026-09-15 12:00:00,76908.0,76976.3,76842.0,76921.4,56362.9176
14493,2026-09-15 13:00:00,76921.4,77014.5,76231.5,76655.1,103786.5627
14494,2026-09-15 14:00:00,76655.1,76911.4,75691.7,75912.8,88246.2625
14495,2026-09-15 15:00:00,75912.8,76563.3,75880.6,76538.0,62952.6042
14496,2026-09-15 16:00:00,76538.1,76563.3,76252.1,76396.0,63744.8259
14497,2026-09-15 17:00:00,76396.1,77039.4,76176.1,76931.1,87486.5436
14498,2026-09-15 18:00:00,76931.0,76932.6,75369.6,75984.4,105961.7016
14499,2026-09-15 19:00:00,75983.1,76798.0,75886.5,76000.0,67807.5524
14500,2026-09-15 20:00:00,75999.9,76197.0,75661.0,75962.1,76132.2216
14501,2026-09-15 21:00:00,75908.8,75962.2,75447.5,75447.5,77072.9708
14502,2026-09-15 22:00:00,75447.6,75688.5,75187.6,75660.0,63270.9839
14503,2026-09-15 23:00:00,75688.5,75846.6,75554.9,75610.2,48519.5596
14504,2026-09-16 00:00:00,75610.3,75839.5,75572.0,75760.6,55954.4927
14505,2026-09-16 01:00:00,75760.6,75839.5,75440.5,75448.6,83304.9063
14506,2026-09-16 02:00:00,75440.5,76026.6,75440.0,75863.9,84038.2028
14507,2026-09-16 03:00:00,75864.0,76019.8,75758.4,75775.2,53807.6586
14508,2026-09-16 04:00:00,75775.2,75986.3,75773.8,75792.5,65983.7931
14509,2026-09-16 05:00:00,75792.4,75925.1,75675.7,75925.1,46352.08
14510,2026-09-16 06:00:00,75925.0,75989.1,75804.6,75989.1,71833.3186
14511,2026-09-16 07:00:00,75989.1,75993.7,75740.2,75772.5,72382.8592
14512,2026-09-16 08:00:00,75772.5,75820.8,75345.6,75672.1,62940.3281
14513,2026-09-16 09:00:00,75672.1,75916.8,75653.7,75915.9,45039.7881
14514,2026-09-16 10:00:00,75915.9,75996.3,75893.2,75893.3,51181.0342
14515,2026-09-16 11:00:00,75893.3,76240.6,75880.0,76222.5,64215.5649
14516,2026-09-16 12:00:00,76210.6,76256.0,75867.2,75933.5,60313.2428
14517,2026-09-16 13:00:00,75933.6,75988.6,75641.0,75683.5,81160.7032
14518,2026-09-16 14:00:00,75687.1,75741.5,75452.6,75613.0,76625.994
14519,2026-09-16 15:00:00,75613.0,75794.6,75550.9,75779.7,68384.1079
14520,2026-09-16 16:00:00,75779.8,75841.7,75637.9,75740.7,64461.727
